move_id,original_gs_korean,latest_korean,final_korean,name_changed,change_category,verification_status,source_agreement,pkhex_source,pkhex_commit,pokeapi_source,pokeapi_commit,source_accessed_date,original_encoded_length_bytes,latest_encoded_length_bytes,record_byte_delta_with_terminator,latest_encoded_hex,bank_hex,cpu_address_hex,file_offset_hex,original_raw_hex,original_gs_korean_description,description_cpu_address_hex,description_next_count
1,막치기,막치기,막치기,False,UNCHANGED,CURRENT_LOCALIZATION_DATA_CONSENSUS,PKHEX_EQUALS_POKEAPI,https://github.com/kwsch/PKHeX/blob/master/PKHeX.Core/Resources/text/other/ko/text_Moves_ko.txt,556e2c142cdee41dbd092c2f9e7efc17e9456938,https://github.com/PokeAPI/pokeapi/blob/master/data/v2/csv/move_names.csv,8fe210b21c9abbe73de93670f3d5a346c80a3625,2026-09-10,6,6,0,04 47 09 01 01 b2,0x6C,0x564A,0x1B164A,04 47 09 01 01 b2,손과 꼬리 등을 사용해서<NEXT>적을 때리는 공격,0x4202,1
2,태권당수,태권당수,태권당수,False,UNCHANGED,CURRENT_LOCALIZATION_DATA_CONSENSUS,PKHEX_EQUALS_POKEAPI,https://github.com/kwsch/PKHeX/blob/master/PKHeX.Core/Resources/text/other/ko/text_Moves_ko.txt,556e2c142cdee41dbd092c2f9e7efc17e9456938,https://github.com/PokeAPI/pokeapi/blob/master/data/v2/csv/move_names.csv,8fe210b21c9abbe73de93670f3d5a346c80a3625,2026-09-10,8,8,0,09 92 01 97 02 e7 06 26,0x6C,0x5651,0x1B1651,09 92 01 97 02 e7 06 26,당수로 적을 공격<NEXT>급소를 맞추기 쉽다,0x422B,1
3,연속 뺨치기,연속뺨치기,연속뺨치기,True,SPACING_NORMALIZATION,CURRENT_LOCALIZATION_DATA_CONSENSUS,PKHEX_EQUALS_POKEAPI,https://github.com/kwsch/PKHeX/blob/master/PKHeX.Core/Resources/text/other/ko/text_Moves_ko.txt,556e2c142cdee41dbd092c2f9e7efc17e9456938,https://github.com/PokeAPI/pokeapi/blob/master/data/v2/csv/move_names.csv,8fe210b21c9abbe73de93670f3d5a346c80a3625,2026-09-10,11,10,-1,07 0c 06 03 05 84 09 01 01 b2,0x6C,0x565A,0x1B165A,07 0c 06 03 7f 05 84 09 01 01 b2,적을 연속 뺨때리기로<NEXT>2-5회 연속으로 공격,0x424F,1
4,연속펀치,연속펀치,연속펀치,False,UNCHANGED,CURRENT_LOCALIZATION_DATA_CONSENSUS,PKHEX_EQUALS_POKEAPI,https://github.com/kwsch/PKHeX/blob/master/PKHeX.Core/Resources/text/other/ko/text_Moves_ko.txt,556e2c142cdee41dbd092c2f9e7efc17e9456938,https://github.com/PokeAPI/pokeapi/blob/master/data/v2/csv/move_names.csv,8fe210b21c9abbe73de93670f3d5a346c80a3625,2026-09-10,8,8,0,07 0c 06 03 0a 0d 09 01,0x6C,0x5666,0x1B1666,07 0c 06 03 0a 0d 09 01,적을 연속으로 두들겨 패서<NEXT>2-5회 연속으로 공격,0x4279,1
5,메가톤펀치,메가톤펀치,메가톤펀치,False,UNCHANGED,CURRENT_LOCALIZATION_DATA_CONSENSUS,PKHEX_EQUALS_POKEAPI,https://github.com/kwsch/PKHeX/blob/master/PKHeX.Core/Resources/text/other/ko/text_Moves_ko.txt,556e2c142cdee41dbd092c2f9e7efc17e9456938,https://github.com/PokeAPI/pokeapi/blob/master/data/v2/csv/move_names.csv,8fe210b21c9abbe73de93670f3d5a346c80a3625,2026-09-10,10,10,0,04 7e 01 01 09 b6 0a 0d 09 01,0x6C,0x566F,0x1B166F,04 7e 01 01 09 b6 0a 0d 09 01,엄청난 힘이 실린 펀치로<NEXT>적을 때려서 공격,0x42A8,1
6,고양이돈받기,고양이돈받기,고양이돈받기,False,UNCHANGED,CURRENT_LOCALIZATION_DATA_CONSENSUS,PKHEX_EQUALS_POKEAPI,https://github.com/kwsch/PKHeX/blob/master/PKHeX.Core/Resources/text/other/ko/text_Moves_ko.txt,556e2c142cdee41dbd092c2f9e7efc17e9456938,https://github.com/PokeAPI/pokeapi/blob/master/data/v2/csv/move_names.csv,8fe210b21c9abbe73de93670f3d5a346c80a3625,2026-09-10,12,12,0,01 4d 06 e7 07 9c 03 17 04 de 01 b2,0x6C,0x567A,0x1B167A,01 4d 06 e7 07 9c 03 17 04 de 01 b2,금화를 던져서 적을 공격<NEXT>전투 후에 돈이 손에 들어온다,0x42D1,1
7,불꽃펀치,불꽃펀치,불꽃펀치,False,UNCHANGED,CURRENT_LOCALIZATION_DATA_CONSENSUS,PKHEX_EQUALS_POKEAPI,https://github.com/kwsch/PKHeX/blob/master/PKHeX.Core/Resources/text/other/ko/text_Moves_ko.txt,556e2c142cdee41dbd092c2f9e7efc17e9456938,https://github.com/PokeAPI/pokeapi/blob/master/data/v2/csv/move_names.csv,8fe210b21c9abbe73de93670f3d5a346c80a3625,2026-09-10,8,8,0,05 32 01 f9 0a 0d 09 01,0x6C,0x5687,0x1B1687,05 32 01 f9 0a 0d 09 01,화염이 이글거리는 펀치로 공격<NEXT>적에게 화상을 입히기도 한다,0x4306,1
8,냉동펀치,냉동펀치,냉동펀치,False,UNCHANGED,CURRENT_LOCALIZATION_DATA_CONSENSUS,PKHEX_EQUALS_POKEAPI,https://github.com/kwsch/PKHeX/blob/master/PKHeX.Core/Resources/text/other/ko/text_Moves_ko.txt,556e2c142cdee41dbd092c2f9e7efc17e9456938,https://github.com/PokeAPI/pokeapi/blob/master/data/v2/csv/move_names.csv,8fe210b21c9abbe73de93670f3d5a346c80a3625,2026-09-10,8,8,0,02 63 03 1f 0a 0d 09 01,0x6C,0x5690,0x1B1690,02 63 03 1f 0a 0d 09 01,냉기를 실은 펀치로 공격<NEXT>적을 얼리기도 한다,0x4340,1
9,번개펀치,번개펀치,번개펀치,False,UNCHANGED,CURRENT_LOCALIZATION_DATA_CONSENSUS,PKHEX_EQUALS_POKEAPI,https://github.com/kwsch/PKHeX/blob/master/PKHeX.Core/Resources/text/other/ko/text_Moves_ko.txt,556e2c142cdee41dbd092c2f9e7efc17e9456938,https://github.com/PokeAPI/pokeapi/blob/master/data/v2/csv/move_names.csv,8fe210b21c9abbe73de93670f3d5a346c80a3625,2026-09-10,8,8,0,04 f8 01 13 0a 0d 09 01,0x6C,0x5699,0x1B1699,04 f8 01 13 0a 0d 09 01,전기를 실은 펀치로 공격<NEXT>적을 감전시키기도 한다,0x436B,1
10,할퀴기,할퀴기,할퀴기,False,UNCHANGED,CURRENT_LOCALIZATION_DATA_CONSENSUS,PKHEX_EQUALS_POKEAPI,https://github.com/kwsch/PKHeX/blob/master/PKHeX.Core/Resources/text/other/ko/text_Moves_ko.txt,556e2c142cdee41dbd092c2f9e7efc17e9456938,https://github.com/PokeAPI/pokeapi/blob/master/data/v2/csv/move_names.csv,8fe210b21c9abbe73de93670f3d5a346c80a3625,2026-09-10,6,6,0,0a 72 09 6b 01 b2,0x6C,0x56A2,0x1B16A2,0a 72 09 6b 01 b2,날카로운 손톱을 사용해서<NEXT>적을 할퀴며 공격,0x439A,1
11,찝기,찝기,찝기,False,UNCHANGED,CURRENT_LOCALIZATION_DATA_CONSENSUS,PKHEX_EQUALS_POKEAPI,https://github.com/kwsch/PKHeX/blob/master/PKHeX.Core/Resources/text/other/ko/text_Moves_ko.txt,556e2c142cdee41dbd092c2f9e7efc17e9456938,https://github.com/PokeAPI/pokeapi/blob/master/data/v2/csv/move_names.csv,8fe210b21c9abbe73de93670f3d5a346c80a3625,2026-09-10,4,4,0,08 93 01 b2,0x6C,0x56A9,0x1B16A9,08 93 01 b2,커다란 집게가위를 사용<NEXT>적을 찝어서 공격,0x43C4,1
12,가위자르기,가위자르기,가위자르기,False,UNCHANGED,CURRENT_LOCALIZATION_DATA_CONSENSUS,PKHEX_EQUALS_POKEAPI,https://github.com/kwsch/PKHeX/blob/master/PKHeX.Core/Resources/text/other/ko/text_Moves_ko.txt,556e2c142cdee41dbd092c2f9e7efc17e9456938,https://github.com/PokeAPI/pokeapi/blob/master/data/v2/csv/move_names.csv,8fe210b21c9abbe73de93670f3d5a346c80a3625,2026-09-10,10,10,0,01 01 07 77 07 aa 04 33 01 b2,0x6C,0x56AE,0x1B16AE,01 01 07 77 07 aa 04 33 01 b2,커다란 집게가위를 사용하여<NEXT>집어올려 전투불능으로 만든다,0x43EC,1
13,칼바람,칼바람,칼바람,False,UNCHANGED,CURRENT_LOCALIZATION_DATA_CONSENSUS,PKHEX_EQUALS_POKEAPI,https://github.com/kwsch/PKHeX/blob/master/PKHeX.Core/Resources/text/other/ko/text_Moves_ko.txt,556e2c142cdee41dbd092c2f9e7efc17e9456938,https://github.com/PokeAPI/pokeapi/blob/master/data/v2/csv/move_names.csv,8fe210b21c9abbe73de93670f3d5a346c80a3625,2026-09-10,6,6,0,09 0e 04 d9 03 c7,0x6C,0x56B9,0x1B16B9,09 0e 04 d9 03 c7,1턴째에서 바람의 칼날을 만들어<NEXT>다음 턴에서 적을 공격,0x4424,1
14,칼춤,칼춤,칼춤,False,UNCHANGED,CURRENT_LOCALIZATION_DATA_CONSENSUS,PKHEX_EQUALS_POKEAPI,https://github.com/kwsch/PKHeX/blob/master/PKHeX.Core/Resources/text/other/ko/text_Moves_ko.txt,556e2c142cdee41dbd092c2f9e7efc17e9456938,https://github.com/PokeAPI/pokeapi/blob/master/data/v2/csv/move_names.csv,8fe210b21c9abbe73de93670f3d5a346c80a3625,2026-09-10,4,4,0,09 0e 08 e3,0x6C,0x56C0,0x1B16C0,09 0e 08 e3,싸움의 춤을 춰서<NEXT>공격력을 팍 올린다,0x4459,1
15,풀베기,풀베기,풀베기,False,UNCHANGED,CURRENT_LOCALIZATION_DATA_CONSENSUS,PKHEX_EQUALS_POKEAPI,https://github.com/kwsch/PKHeX/blob/master/PKHeX.Core/Resources/text/other/ko/text_Moves_ko.txt,556e2c142cdee41dbd092c2f9e7efc17e9456938,https://github.com/PokeAPI/pokeapi/blob/master/data/v2/csv/move_names.csv,8fe210b21c9abbe73de93670f3d5a346c80a3625,2026-09-10,6,6,0,0a 3e 05 03 01 b2,0x6C,0x56C5,0x1B16C5,0a 3e 05 03 01 b2,날카로운 낫과 손톱을 사용하여<NEXT>적을 가르고 베며 공격,0x447D,1
16,바람일으키기,바람일으키기,바람일으키기,False,UNCHANGED,CURRENT_LOCALIZATION_DATA_CONSENSUS,PKHEX_EQUALS_POKEAPI,https://github.com/kwsch/PKHeX/blob/master/PKHeX.Core/Resources/text/other/ko/text_Moves_ko.txt,556e2c142cdee41dbd092c2f9e7efc17e9456938,https://github.com/PokeAPI/pokeapi/blob/master/data/v2/csv/move_names.csv,8fe210b21c9abbe73de93670f3d5a346c80a3625,2026-09-10,12,12,0,04 d9 03 c7 07 9f 07 88 09 80 01 b2,0x6C,0x56CC,0x1B16CC,04 d9 03 c7 07 9f 07 88 09 80 01 b2,날개로 강한 바람을 일으켜<NEXT>적에게 타격을 주는 공격,0x44B1,1
17,날개치기,날개치기,날개치기,False,UNCHANGED,CURRENT_LOCALIZATION_DATA_CONSENSUS,PKHEX_EQUALS_POKEAPI,https://github.com/kwsch/PKHeX/blob/master/PKHeX.Core/Resources/text/other/ko/text_Moves_ko.txt,556e2c142cdee41dbd092c2f9e7efc17e9456938,https://github.com/PokeAPI/pokeapi/blob/master/data/v2/csv/move_names.csv,8fe210b21c9abbe73de93670f3d5a346c80a3625,2026-09-10,8,8,0,02 3f 01 13 09 01 01 b2,0x6C,0x56D9,0x1B16D9,02 3f 01 13 09 01 01 b2,날개를 크게 펼쳐서<NEXT>그대로 적에게 몸통박치기를 한다,0x44E3,1
18,날려버리기,날려버리기,날려버리기,False,UNCHANGED,CURRENT_LOCALIZATION_DATA_CONSENSUS,PKHEX_EQUALS_POKEAPI,https://github.com/kwsch/PKHeX/blob/master/PKHeX.Core/Resources/text/other/ko/text_Moves_ko.txt,556e2c142cdee41dbd092c2f9e7efc17e9456938,https://github.com/PokeAPI/pokeapi/blob/master/data/v2/csv/move_names.csv,8fe210b21c9abbe73de93670f3d5a346c80a3625,2026-09-10,10,10,0,02 3f 03 f1 04 f6 04 3e 01 b2,0x6C,0x56E2,0x1B16E2,02 3f 03 f1 04 f6 04 3e 01 b2,강한 바람으로 적을 날려버림<NEXT>날려버리면 전투는 끝난다,0x4516,1
19,공중날기,공중날기,공중날기,False,UNCHANGED,CURRENT_LOCALIZATION_DATA_CONSENSUS,PKHEX_EQUALS_POKEAPI,https://github.com/kwsch/PKHeX/blob/master/PKHeX.Core/Resources/text/other/ko/text_Moves_ko.txt,556e2c142cdee41dbd092c2f9e7efc17e9456938,https://github.com/PokeAPI/pokeapi/blob/master/data/v2/csv/move_names.csv,8fe210b21c9abbe73de93670f3d5a346c80a3625,2026-09-10,8,8,0,01 68 08 0f 02 3f 01 b2,0x6C,0x56ED,0x1B16ED,01 68 08 0f 02 3f 01 b2,1턴째 하늘로 날아올라<NEXT>다음 턴에 적을 공격,0x454B,1
20,조이기,조이기,조이기,False,UNCHANGED,CURRENT_LOCALIZATION_DATA_CONSENSUS,PKHEX_EQUALS_POKEAPI,https://github.com/kwsch/PKHeX/blob/master/PKHeX.Core/Resources/text/other/ko/text_Moves_ko.txt,556e2c142cdee41dbd092c2f9e7efc17e9456938,https://github.com/PokeAPI/pokeapi/blob/master/data/v2/csv/move_names.csv,8fe210b21c9abbe73de93670f3d5a346c80a3625,2026-09-10,6,6,0,07 e6 07 9c 01 b2,0x6C,0x56F6,0x1B16F6,07 e6 07 9c 01 b2,2-5턴 동안에 긴 몸이나<NEXT>넝쿨을 사용하여 적을 힘껏 조른다,0x4575,1
21,힘껏치기,힘껏치기,힘껏치기,False,UNCHANGED,CURRENT_LOCALIZATION_DATA_CONSENSUS,PKHEX_EQUALS_POKEAPI,https://github.com/kwsch/PKHeX/blob/master/PKHeX.Core/Resources/text/other/ko/text_Moves_ko.txt,556e2c142cdee41dbd092c2f9e7efc17e9456938,https://github.com/PokeAPI/pokeapi/blob/master/data/v2/csv/move_names.csv,8fe210b21c9abbe73de93670f3d5a346c80a3625,2026-09-10,8,8,0,0a fb 01 df 09 01 01 b2,0x6C,0x56FD,0x1B16FD,0a fb 01 df 09 01 01 b2,긴 꼬리랑 넝쿨 등을<NEXT>적에게 휘둘러 공격,0x45AE,1
22,덩쿨채찍,덩굴채찍,덩굴채찍,True,RENAMED_OR_SPELLING,CURRENT_LOCALIZATION_DATA_CONSENSUS,PKHEX_EQUALS_POKEAPI,https://github.com/kwsch/PKHeX/blob/master/PKHeX.Core/Resources/text/other/ko/text_Moves_ko.txt,556e2c142cdee41dbd092c2f9e7efc17e9456938,https://github.com/PokeAPI/pokeapi/blob/master/data/v2/csv/move_names.csv,8fe210b21c9abbe73de93670f3d5a346c80a3625,2026-09-10,8,8,0,03 02 01 8c 08 a4 08 8f,0x6C,0x5706,0x1B1706,03 02 09 60 08 a4 08 8f,채찍 같은 가늘고 긴 덩쿨을<NEXT>적에게 휘둘러 공격,0x45D5,1
23,짓밟기,짓밟기,짓밟기,False,UNCHANGED,CURRENT_LOCALIZATION_DATA_CONSENSUS,PKHEX_EQUALS_POKEAPI,https://github.com/kwsch/PKHeX/blob/master/PKHeX.Core/Resources/text/other/ko/text_Moves_ko.txt,556e2c142cdee41dbd092c2f9e7efc17e9456938,https://github.com/PokeAPI/pokeapi/blob/master/data/v2/csv/move_names.csv,8fe210b21c9abbe73de93670f3d5a346c80a3625,2026-09-10,6,6,0,08 2e 04 e2 01 b2,0x6C,0x570F,0x1B170F,08 2e 04 e2 01 b2,커다란 다리로 밟아서 공격<NEXT>적의 기세가 꺾이는 일도 있다,0x4603,1
24,두번치기,두번차기,두번차기,True,RENAMED_OR_SPELLING,CURRENT_LOCALIZATION_DATA_CONSENSUS,PKHEX_EQUALS_POKEAPI,https://github.com/kwsch/PKHeX/blob/master/PKHeX.Core/Resources/text/other/ko/text_Moves_ko.txt,556e2c142cdee41dbd092c2f9e7efc17e9456938,https://github.com/PokeAPI/pokeapi/blob/master/data/v2/csv/move_names.csv,8fe210b21c9abbe73de93670f3d5a346c80a3625,2026-09-10,8,8,0,03 2e 04 f8 08 97 01 b2,0x6C,0x5716,0x1B1716,03 2e 04 f8 09 01 01 b2,2개의 다리를 이용하여 적을<NEXT>2회 연속으로 공격,0x463A,1
25,메가톤킥,메가톤킥,메가톤킥,False,UNCHANGED,CURRENT_LOCALIZATION_DATA_CONSENSUS,PKHEX_EQUALS_POKEAPI,https://github.com/kwsch/PKHeX/blob/master/PKHeX.Core/Resources/text/other/ko/text_Moves_ko.txt,556e2c142cdee41dbd092c2f9e7efc17e9456938,https://github.com/PokeAPI/pokeapi/blob/master/data/v2/csv/move_names.csv,8fe210b21c9abbe73de93670f3d5a346c80a3625,2026-09-10,8,8,0,04 7e 01 01 09 b6 09 81,0x6C,0x571F,0x1B171F,04 7e 01 01 09 b6 09 81,엄청낭 힘이 담긴 킥으로<NEXT>적을 걷어차서 공격,0x4667,1
26,점프킥,점프킥,점프킥,False,UNCHANGED,CURRENT_LOCALIZATION_DATA_CONSENSUS,PKHEX_EQUALS_POKEAPI,https://github.com/kwsch/PKHeX/blob/master/PKHeX.Core/Resources/text/other/ko/text_Moves_ko.txt,556e2c142cdee41dbd092c2f9e7efc17e9456938,https://github.com/PokeAPI/pokeapi/blob/master/data/v2/csv/move_names.csv,8fe210b21c9abbe73de93670f3d5a346c80a3625,2026-09-10,6,6,0,07 d1 0a 61 09 81,0x6C,0x5728,0x1B1728,07 d1 0a 61 09 81,힘차게 점프해서 연속 킥 공격<NEXT>실패하면 데미지를 입는다,0x4692,1
27,돌려차기,돌려차기,돌려차기,False,UNCHANGED,CURRENT_LOCALIZATION_DATA_CONSENSUS,PKHEX_EQUALS_POKEAPI,https://github.com/kwsch/PKHeX/blob/master/PKHeX.Core/Resources/text/other/ko/text_Moves_ko.txt,556e2c142cdee41dbd092c2f9e7efc17e9456938,https://github.com/PokeAPI/pokeapi/blob/master/data/v2/csv/move_names.csv,8fe210b21c9abbe73de93670f3d5a346c80a3625,2026-09-10,8,8,0,03 19 03 f1 08 97 01 b2,0x6C,0x572F,0x1B172F,03 19 03 f1 08 97 01 b2,몸을 재빠르게 한번 회전시켜서<NEXT>그 힘으로 연속킥 공격을 한다,0x46C8,1
28,모래뿌리기,모래뿌리기,모래뿌리기,False,UNCHANGED,CURRENT_LOCALIZATION_DATA_CONSENSUS,PKHEX_EQUALS_POKEAPI,https://github.com/kwsch/PKHeX/blob/master/PKHeX.Core/Resources/text/other/ko/text_Moves_ko.txt,556e2c142cdee41dbd092c2f9e7efc17e9456938,https://github.com/PokeAPI/pokeapi/blob/master/data/v2/csv/move_names.csv,8fe210b21c9abbe73de93670f3d5a346c80a3625,2026-09-10,10,10,0,04 90 03 d1 05 a1 04 3e 01 b2,0x6C,0x5738,0x1B1738,04 90 03 d1 05 a1 04 3e 01 b2,적의 얼굴 등에 모래를 뿌려서<NEXT>명중률을 낮게 만든다,0x4703,1
29,박치기,박치기,박치기,False,UNCHANGED,CURRENT_LOCALIZATION_DATA_CONSENSUS,PKHEX_EQUALS_POKEAPI,https://github.com/kwsch/PKHeX/blob/master/PKHeX.Core/Resources/text/other/ko/text_Moves_ko.txt,556e2c142cdee41dbd092c2f9e7efc17e9456938,https://github.com/PokeAPI/pokeapi/blob/master/data/v2/csv/move_names.csv,8fe210b21c9abbe73de93670f3d5a346c80a3625,2026-09-10,6,6,0,04 da 09 01 01 b2,0x6C,0x5743,0x1B1743,04 da 09 01 01 b2,머리로 들이박는 공격으로<NEXT>적의 기세를 꺾기도 한다,0x4735,1
30,뿔찌르기,뿔찌르기,뿔찌르기,False,UNCHANGED,CURRENT_LOCALIZATION_DATA_CONSENSUS,PKHEX_EQUALS_POKEAPI,https://github.com/kwsch/PKHeX/blob/master/PKHeX.Core/Resources/text/other/ko/text_Moves_ko.txt,556e2c142cdee41dbd092c2f9e7efc17e9456938,https://github.com/PokeAPI/pokeapi/blob/master/data/v2/csv/move_names.csv,8fe210b21c9abbe73de93670f3d5a346c80a3625,2026-09-10,8,8,0,05 a4 08 8e 04 33 01 b2,0x6C,0x574A,0x1B174A,05 a4 08 8e 04 33 01 b2,끝이 뾰족한 뿔을 사용해서<NEXT>적을 찔러 공격한다,0x4766,1
31,마구찌르기,마구찌르기,마구찌르기,False,UNCHANGED,CURRENT_LOCALIZATION_DATA_CONSENSUS,PKHEX_EQUALS_POKEAPI,https://github.com/kwsch/PKHeX/blob/master/PKHeX.Core/Resources/text/other/ko/text_Moves_ko.txt,556e2c142cdee41dbd092c2f9e7efc17e9456938,https://github.com/PokeAPI/pokeapi/blob/master/data/v2/csv/move_names.csv,8fe210b21c9abbe73de93670f3d5a346c80a3625,2026-09-10,10,10,0,04 46 01 88 08 8e 04 33 01 b2,0x6C,0x5753,0x1B1753,04 46 01 88 08 8e 04 33 01 b2,끝이 뾰족한 뿔을 사용해서<NEXT>2-5회 연속으로 공격,0x4793,1
32,뿔드릴,뿔드릴,뿔드릴,False,UNCHANGED,CURRENT_LOCALIZATION_DATA_CONSENSUS,PKHEX_EQUALS_POKEAPI,https://github.com/kwsch/PKHeX/blob/master/PKHeX.Core/Resources/text/other/ko/text_Moves_ko.txt,556e2c142cdee41dbd092c2f9e7efc17e9456938,https://github.com/PokeAPI/pokeapi/blob/master/data/v2/csv/move_names.csv,8fe210b21c9abbe73de93670f3d5a346c80a3625,2026-09-10,6,6,0,05 a4 03 45 04 41,0x6C,0x575E,0x1B175E,05 a4 03 45 04 41,뿔을 드릴처럼 회전시켜서<NEXT>적을 찔러 전투불능으로 만든다,0x47C2,1
33,몸통박치기,몸통박치기,몸통박치기,False,UNCHANGED,CURRENT_LOCALIZATION_DATA_CONSENSUS,PKHEX_EQUALS_POKEAPI,https://github.com/kwsch/PKHeX/blob/master/PKHeX.Core/Resources/text/other/ko/text_Moves_ko.txt,556e2c142cdee41dbd092c2f9e7efc17e9456938,https://github.com/PokeAPI/pokeapi/blob/master/data/v2/csv/move_names.csv,8fe210b21c9abbe73de93670f3d5a346c80a3625,2026-09-10,10,10,0,04 96 09 bb 04 da 09 01 01 b2,0x6C,0x5765,0x1B1765,04 96 09 bb 04 da 09 01 01 b2,몸 전체를 사용해<NEXT>적에게 부딪쳐서 공격한다,0x47F9,1
34,누르기,누르기,누르기,False,UNCHANGED,CURRENT_LOCALIZATION_DATA_CONSENSUS,PKHEX_EQUALS_POKEAPI,https://github.com/kwsch/PKHeX/blob/master/PKHeX.Core/Resources/text/other/ko/text_Moves_ko.txt,556e2c142cdee41dbd092c2f9e7efc17e9456938,https://github.com/PokeAPI/pokeapi/blob/master/data/v2/csv/move_names.csv,8fe210b21c9abbe73de93670f3d5a346c80a3625,2026-09-10,6,6,0,02 a9 04 33 01 b2,0x6C,0x5770,0x1B1770,02 a9 04 33 01 b2,몸 전체로 쓰러지며 공격<NEXT>적을 마비시키기도 한다,0x4823,1
35,김밥말이,김밥말이,김밥말이,False,UNCHANGED,CURRENT_LOCALIZATION_DATA_CONSENSUS,PKHEX_EQUALS_POKEAPI,https://github.com/kwsch/PKHeX/blob/master/PKHeX.Core/Resources/text/other/ko/text_Moves_ko.txt,556e2c142cdee41dbd092c2f9e7efc17e9456938,https://github.com/PokeAPI/pokeapi/blob/master/data/v2/csv/move_names.csv,8fe210b21c9abbe73de93670f3d5a346c80a3625,2026-09-10,8,8,0,01 b8 04 e4 04 4b 07 9c,0x6C,0x5777,0x1B1777,01 b8 04 e4 04 4b 07 9c,2-5턴 동안에 긴 몸이랑 덩쿨을<NEXT>사용하여 적을 꼼짝 못하게 만든다,0x4852,1
36,돌진,돌진,돌진,False,UNCHANGED,CURRENT_LOCALIZATION_DATA_CONSENSUS,PKHEX_EQUALS_POKEAPI,https://github.com/kwsch/PKHeX/blob/master/PKHeX.Core/Resources/text/other/ko/text_Moves_ko.txt,556e2c142cdee41dbd092c2f9e7efc17e9456938,https://github.com/PokeAPI/pokeapi/blob/master/data/v2/csv/move_names.csv,8fe210b21c9abbe73de93670f3d5a346c80a3625,2026-09-10,4,4,0,03 19 08 28,0x6C,0x5780,0x1B1780,03 19 08 28,탄력을 이용하여 적에게 부딪친다<NEXT>자신도 약간은 데미지를 입는다,0x4892,1
37,난동부리기,난동부리기,난동부리기,False,UNCHANGED,CURRENT_LOCALIZATION_DATA_CONSENSUS,PKHEX_EQUALS_POKEAPI,https://github.com/kwsch/PKHeX/blob/master/PKHeX.Core/Resources/text/other/ko/text_Moves_ko.txt,556e2c142cdee41dbd092c2f9e7efc17e9456938,https://github.com/PokeAPI/pokeapi/blob/master/data/v2/csv/move_names.csv,8fe210b21c9abbe73de93670f3d5a346c80a3625,2026-09-10,10,10,0,02 3d 03 1f 05 2e 04 3e 01 b2,0x6C,0x5785,0x1B1785,02 3d 03 1f 05 2e 04 3e 01 b2,2-3턴 동안에 난동을 부린다<NEXT>난동부린 뒤에는 혼란상태가 된다,0x48D0,1
38,이판사판태클,이판사판태클,이판사판태클,False,UNCHANGED,CURRENT_LOCALIZATION_DATA_CONSENSUS,PKHEX_EQUALS_POKEAPI,https://github.com/kwsch/PKHeX/blob/master/PKHeX.Core/Resources/text/other/ko/text_Moves_ko.txt,556e2c142cdee41dbd092c2f9e7efc17e9456938,https://github.com/PokeAPI/pokeapi/blob/master/data/v2/csv/move_names.csv,8fe210b21c9abbe73de93670f3d5a346c80a3625,2026-09-10,12,12,0,07 9c 09 f7 05 b7 09 f7 09 92 09 7c,0x6C,0x5790,0x1B1790,07 9c 09 f7 05 b7 09 f7 09 92 09 7c,목숨을 걸고 적에게 몸통박치기<NEXT>자신도 약간은 데미지를 입는다,0x490C,1
39,꼬리흔들기,꼬리흔들기,꼬리흔들기,False,UNCHANGED,CURRENT_LOCALIZATION_DATA_CONSENSUS,PKHEX_EQUALS_POKEAPI,https://github.com/kwsch/PKHeX/blob/master/PKHeX.Core/Resources/text/other/ko/text_Moves_ko.txt,556e2c142cdee41dbd092c2f9e7efc17e9456938,https://github.com/PokeAPI/pokeapi/blob/master/data/v2/csv/move_names.csv,8fe210b21c9abbe73de93670f3d5a346c80a3625,2026-09-10,10,10,0,01 ef 04 3e 0a e7 03 49 01 b2,0x6C,0x579D,0x1B179D,01 ef 04 3e 0a e7 03 49 01 b2,적에게 꼬리를 흔들어 방심하게<NEXT>만들어서 방어력을 낮춘다,0x4948,1
40,독침,독침,독침,False,UNCHANGED,CURRENT_LOCALIZATION_DATA_CONSENSUS,PKHEX_EQUALS_POKEAPI,https://github.com/kwsch/PKHeX/blob/master/PKHeX.Core/Resources/text/other/ko/text_Moves_ko.txt,556e2c142cdee41dbd092c2f9e7efc17e9456938,https://github.com/PokeAPI/pokeapi/blob/master/data/v2/csv/move_names.csv,8fe210b21c9abbe73de93670f3d5a346c80a3625,2026-09-10,4,4,0,03 16 09 07,0x6C,0x57A8,0x1B17A8,03 16 09 07,독이 있는 바늘과 뿔로 공격<NEXT>적을 독에 중독시키기도 한다,0x497F,1
41,더블니들,더블니들,더블니들,False,UNCHANGED,CURRENT_LOCALIZATION_DATA_CONSENSUS,PKHEX_EQUALS_POKEAPI,https://github.com/kwsch/PKHeX/blob/master/PKHeX.Core/Resources/text/other/ko/text_Moves_ko.txt,556e2c142cdee41dbd092c2f9e7efc17e9456938,https://github.com/PokeAPI/pokeapi/blob/master/data/v2/csv/move_names.csv,8fe210b21c9abbe73de93670f3d5a346c80a3625,2026-09-10,8,8,0,02 f5 05 4d 02 cf 03 49,0x6C,0x57AD,0x1B17AD,02 f5 05 4d 02 cf 03 49,양손의 바늘을 사용해서<NEXT>적을 두번 연속으로 공격,0x49B6,1
42,바늘미사일,바늘미사일,바늘미사일,False,UNCHANGED,CURRENT_LOCALIZATION_DATA_CONSENSUS,PKHEX_EQUALS_POKEAPI,https://github.com/kwsch/PKHeX/blob/master/PKHeX.Core/Resources/text/other/ko/text_Moves_ko.txt,556e2c142cdee41dbd092c2f9e7efc17e9456938,https://github.com/PokeAPI/pokeapi/blob/master/data/v2/csv/move_names.csv,8fe210b21c9abbe73de93670f3d5a346c80a3625,2026-09-10,10,10,0,04 d9 02 c3 04 cc 05 b7 07 9f,0x6C,0x57B6,0x1B17B6,04 d9 02 c3 04 cc 05 b7 07 9f,날카로운 바늘을 적에게 발사해서<NEXT>2-5회 연속으로 공격,0x49E5,1
43,째려보기,째려보기,째려보기,False,UNCHANGED,CURRENT_LOCALIZATION_DATA_CONSENSUS,PKHEX_EQUALS_POKEAPI,https://github.com/kwsch/PKHeX/blob/master/PKHeX.Core/Resources/text/other/ko/text_Moves_ko.txt,556e2c142cdee41dbd092c2f9e7efc17e9456938,https://github.com/PokeAPI/pokeapi/blob/master/data/v2/csv/move_names.csv,8fe210b21c9abbe73de93670f3d5a346c80a3625,2026-09-10,8,8,0,08 40 03 f1 05 18 01 b2,0x6C,0x57C1,0x1B17C1,08 40 03 f1 05 18 01 b2,적을 노려봐서 겁을 내게 만들어<NEXT>방어력을 떨어뜨리게 한다,0x4A1A,1
44,물기,물기,물기,False,UNCHANGED,CURRENT_LOCALIZATION_DATA_CONSENSUS,PKHEX_EQUALS_POKEAPI,https://github.com/kwsch/PKHeX/blob/master/PKHeX.Core/Resources/text/other/ko/text_Moves_ko.txt,556e2c142cdee41dbd092c2f9e7efc17e9456938,https://github.com/PokeAPI/pokeapi/blob/master/data/v2/csv/move_names.csv,8fe210b21c9abbe73de93670f3d5a346c80a3625,2026-09-10,4,4,0,04 b0 01 b2,0x6C,0x57CA,0x1B17CA,04 b0 01 b2,날카로운 이빨로 물어뜯어 공격<NEXT>적의 기세를 꺾기도 한다,0x4A52,1
45,울음소리,울음소리,울음소리,False,UNCHANGED,CURRENT_LOCALIZATION_DATA_CONSENSUS,PKHEX_EQUALS_POKEAPI,https://github.com/kwsch/PKHeX/blob/master/PKHeX.Core/Resources/text/other/ko/text_Moves_ko.txt,556e2c142cdee41dbd092c2f9e7efc17e9456938,https://github.com/PokeAPI/pokeapi/blob/master/data/v2/csv/move_names.csv,8fe210b21c9abbe73de93670f3d5a346c80a3625,2026-09-10,8,8,0,07 4f 07 8d 06 02 04 3e,0x6C,0x57CF,0x1B17CF,07 4f 07 8d 06 02 04 3e,귀여운 울음소리로 적을 방심시켜<NEXT>공격력을 떨어뜨린다,0x4A88,1
46,울부짖기,울부짖기,울부짖기,False,UNCHANGED,CURRENT_LOCALIZATION_DATA_CONSENSUS,PKHEX_EQUALS_POKEAPI,https://github.com/kwsch/PKHeX/blob/master/PKHeX.Core/Resources/text/other/ko/text_Moves_ko.txt,556e2c142cdee41dbd092c2f9e7efc17e9456938,https://github.com/PokeAPI/pokeapi/blob/master/data/v2/csv/move_names.csv,8fe210b21c9abbe73de93670f3d5a346c80a3625,2026-09-10,8,8,0,07 4f 05 2e 08 32 01 b2,0x6C,0x57D8,0x1B17D8,07 4f 05 2e 08 32 01 b2,짖어서 적을 도망치게 만든다<NEXT>적이 도망치면 전투는 끝난다,0x4ABC,1
47,노래하기,노래하기,노래하기,False,UNCHANGED,CURRENT_LOCALIZATION_DATA_CONSENSUS,PKHEX_EQUALS_POKEAPI,https://github.com/kwsch/PKHeX/blob/master/PKHeX.Core/Resources/text/other/ko/text_Moves_ko.txt,556e2c142cdee41dbd092c2f9e7efc17e9456938,https://github.com/PokeAPI/pokeapi/blob/master/data/v2/csv/move_names.csv,8fe210b21c9abbe73de93670f3d5a346c80a3625,2026-09-10,8,8,0,02 8b 03 d1 0a 6f 01 b2,0x6C,0x57E1,0x1B17E1,02 8b 03 d1 0a 6f 01 b2,기분 좋은 노랫소리로<NEXT>적을 깊은 잠에 빠뜨린다,0x4AF4,1
48,초음파,초음파,초음파,False,UNCHANGED,CURRENT_LOCALIZATION_DATA_CONSENSUS,PKHEX_EQUALS_POKEAPI,https://github.com/kwsch/PKHeX/blob/master/PKHeX.Core/Resources/text/other/ko/text_Moves_ko.txt,556e2c142cdee41dbd092c2f9e7efc17e9456938,https://github.com/PokeAPI/pokeapi/blob/master/data/v2/csv/move_names.csv,8fe210b21c9abbe73de93670f3d5a346c80a3625,2026-09-10,6,6,0,08 ca 07 8d 09 f4,0x6C,0x57EA,0x1B17EA,08 ca 07 8d 09 f4,몸에서 괴음파를 발생시켜<NEXT>적을 혼란하게 만들기도 한다,0x4B21,1
49,소닉붐,소닉붐,소닉붐,False,UNCHANGED,CURRENT_LOCALIZATION_DATA_CONSENSUS,PKHEX_EQUALS_POKEAPI,https://github.com/kwsch/PKHeX/blob/master/PKHeX.Core/Resources/text/other/ko/text_Moves_ko.txt,556e2c142cdee41dbd092c2f9e7efc17e9456938,https://github.com/PokeAPI/pokeapi/blob/master/data/v2/csv/move_names.csv,8fe210b21c9abbe73de93670f3d5a346c80a3625,2026-09-10,6,6,0,06 02 02 d0 05 35,0x6C,0x57F1,0x1B17F1,06 02 02 d0 05 35,충격파로 적을 공격<NEXT>20으로 정해진 데미지를 준다,0x4B56,1
50,사슬묶기,사슬묶기,사슬묶기,False,UNCHANGED,CURRENT_LOCALIZATION_DATA_CONSENSUS,PKHEX_EQUALS_POKEAPI,https://github.com/kwsch/PKHeX/blob/master/PKHeX.Core/Resources/text/other/ko/text_Moves_ko.txt,556e2c142cdee41dbd092c2f9e7efc17e9456938,https://github.com/PokeAPI/pokeapi/blob/master/data/v2/csv/move_names.csv,8fe210b21c9abbe73de93670f3d5a346c80a3625,2026-09-10,8,8,0,05 b7 06 4d 04 ad 01 b2,0x6C,0x57F8,0x1B17F8,05 b7 06 4d 04 ad 01 b2,초능력으로 적의 움직임을 봉쇄해서<NEXT>기술1개를 사용하지 못하게 만든다,0x4B85,1
51,용해액,용해액,용해액,False,UNCHANGED,CURRENT_LOCALIZATION_DATA_CONSENSUS,PKHEX_EQUALS_POKEAPI,https://github.com/kwsch/PKHeX/blob/master/PKHeX.Core/Resources/text/other/ko/text_Moves_ko.txt,556e2c142cdee41dbd092c2f9e7efc17e9456938,https://github.com/PokeAPI/pokeapi/blob/master/data/v2/csv/move_names.csv,8fe210b21c9abbe73de93670f3d5a346c80a3625,2026-09-10,6,6,0,07 4b 0a 78 06 d7,0x6C,0x5801,0x1B1801,07 4b 0a 78 06 d7,강한 산으로 적의 피부를 녹인다<NEXT>방어력을 떨어뜨린다,0x4BC8,1
52,불꽃세례,불꽃세례,불꽃세례,False,UNCHANGED,CURRENT_LOCALIZATION_DATA_CONSENSUS,PKHEX_EQUALS_POKEAPI,https://github.com/kwsch/PKHeX/blob/master/PKHeX.Core/Resources/text/other/ko/text_Moves_ko.txt,556e2c142cdee41dbd092c2f9e7efc17e9456938,https://github.com/PokeAPI/pokeapi/blob/master/data/v2/csv/move_names.csv,8fe210b21c9abbe73de93670f3d5a346c80a3625,2026-09-10,8,8,0,05 32 01 f9 05 ec 03 fa,0x6C,0x5808,0x1B1808,05 32 01 f9 05 ec 03 fa,작은 화염으로 공격<NEXT>적에게 화상을 입히기도 한다,0x4BFB,1
53,화염방사,화염방사,화염방사,False,UNCHANGED,CURRENT_LOCALIZATION_DATA_CONSENSUS,PKHEX_EQUALS_POKEAPI,https://github.com/kwsch/PKHeX/blob/master/PKHeX.Core/Resources/text/other/ko/text_Moves_ko.txt,556e2c142cdee41dbd092c2f9e7efc17e9456938,https://github.com/PokeAPI/pokeapi/blob/master/data/v2/csv/move_names.csv,8fe210b21c9abbe73de93670f3d5a346c80a3625,2026-09-10,8,8,0,0a ad 07 10 04 e6 05 b7,0x6C,0x5811,0x1B1811,0a ad 07 10 04 e6 05 b7,엄청난 화염으로 공격<NEXT>적에게 화상을 입히기도 한다,0x4C2A,1
54,흰안개,흰안개,흰안개,False,UNCHANGED,CURRENT_LOCALIZATION_DATA_CONSENSUS,PKHEX_EQUALS_POKEAPI,https://github.com/kwsch/PKHeX/blob/master/PKHeX.Core/Resources/text/other/ko/text_Moves_ko.txt,556e2c142cdee41dbd092c2f9e7efc17e9456938,https://github.com/PokeAPI/pokeapi/blob/master/data/v2/csv/move_names.csv,8fe210b21c9abbe73de93670f3d5a346c80a3625,2026-09-10,6,6,0,0a f2 06 c8 01 13,0x6C,0x581A,0x1B181A,0a f2 06 c8 01 13,하얀 안개로 몸을 감싸서<NEXT>능력이 낮아지지 않도록 만든다,0x4C5B,1
55,물대포,물대포,물대포,False,UNCHANGED,CURRENT_LOCALIZATION_DATA_CONSENSUS,PKHEX_EQUALS_POKEAPI,https://github.com/kwsch/PKHeX/blob/master/PKHeX.Core/Resources/text/other/ko/text_Moves_ko.txt,556e2c142cdee41dbd092c2f9e7efc17e9456938,https://github.com/PokeAPI/pokeapi/blob/master/data/v2/csv/move_names.csv,8fe210b21c9abbe73de93670f3d5a346c80a3625,2026-09-10,6,6,0,04 b0 02 eb 0a 27,0x6C,0x5821,0x1B1821,04 b0 02 eb 0a 27,물을 발사해서<NEXT>적을 공격한다,0x4C91,1
56,하이드로펌프,하이드로펌프,하이드로펌프,False,UNCHANGED,CURRENT_LOCALIZATION_DATA_CONSENSUS,PKHEX_EQUALS_POKEAPI,https://github.com/kwsch/PKHeX/blob/master/PKHeX.Core/Resources/text/other/ko/text_Moves_ko.txt,556e2c142cdee41dbd092c2f9e7efc17e9456938,https://github.com/PokeAPI/pokeapi/blob/master/data/v2/csv/move_names.csv,8fe210b21c9abbe73de93670f3d5a346c80a3625,2026-09-10,12,12,0,0a 6f 07 9c 03 45 03 fe 0a 0f 0a 61,0x6C,0x5828,0x1B1828,0a 6f 07 9c 03 45 03 fe 0a 0f 0a 61,물을 굉장한 기세로<NEXT>발사해서 적을 공격한다,0x4CAD,1
57,파도타기,파도타기,파도타기,False,UNCHANGED,CURRENT_LOCALIZATION_DATA_CONSENSUS,PKHEX_EQUALS_POKEAPI,https://github.com/kwsch/PKHeX/blob/master/PKHeX.Core/Resources/text/other/ko/text_Moves_ko.txt,556e2c142cdee41dbd092c2f9e7efc17e9456938,https://github.com/PokeAPI/pokeapi/blob/master/data/v2/csv/move_names.csv,8fe210b21c9abbe73de93670f3d5a346c80a3625,2026-09-10,8,8,0,09 f4 03 15 09 88 01 b2,0x6C,0x5835,0x1B1835,09 f4 03 15 09 88 01 b2,물에 파도를 일으켜 그것을<NEXT>엄청난 힘으로 때려서 공격한다,0x4CD7,1
58,냉동빔,냉동빔,냉동빔,False,UNCHANGED,CURRENT_LOCALIZATION_DATA_CONSENSUS,PKHEX_EQUALS_POKEAPI,https://github.com/kwsch/PKHeX/blob/master/PKHeX.Core/Resources/text/other/ko/text_Moves_ko.txt,556e2c142cdee41dbd092c2f9e7efc17e9456938,https://github.com/PokeAPI/pokeapi/blob/master/data/v2/csv/move_names.csv,8fe210b21c9abbe73de93670f3d5a346c80a3625,2026-09-10,6,6,0,02 63 03 1f 05 66,0x6C,0x583E,0x1B183E,02 63 03 1f 05 66,냉기를 발산해서 공격<NEXT>적을 얼게 만들기도 한다,0x4D0F,1
59,눈보라,눈보라,눈보라,False,UNCHANGED,CURRENT_LOCALIZATION_DATA_CONSENSUS,PKHEX_EQUALS_POKEAPI,https://github.com/kwsch/PKHeX/blob/master/PKHeX.Core/Resources/text/other/ko/text_Moves_ko.txt,556e2c142cdee41dbd092c2f9e7efc17e9456938,https://github.com/PokeAPI/pokeapi/blob/master/data/v2/csv/move_names.csv,8fe210b21c9abbe73de93670f3d5a346c80a3625,2026-09-10,6,6,0,02 ab 05 18 03 c3,0x6C,0x5845,0x1B1845,02 ab 05 18 03 c3,눈을 강한 바람에 실어서 공격<NEXT>적을 얼게 만들기도 한다,0x4D3C,1
60,환상빔,환상빔,환상빔,False,UNCHANGED,CURRENT_LOCALIZATION_DATA_CONSENSUS,PKHEX_EQUALS_POKEAPI,https://github.com/kwsch/PKHeX/blob/master/PKHeX.Core/Resources/text/other/ko/text_Moves_ko.txt,556e2c142cdee41dbd092c2f9e7efc17e9456938,https://github.com/PokeAPI/pokeapi/blob/master/data/v2/csv/move_names.csv,8fe210b21c9abbe73de93670f3d5a346c80a3625,2026-09-10,6,6,0,0a af 05 c3 05 66,0x6C,0x584C,0x1B184C,0a af 05 c3 05 66,이상한 빛을 발사한다<NEXT>적을 혼란하게 만들기도 한다,0x4D71,1
61,거품광선,거품광선,거품광선,False,UNCHANGED,CURRENT_LOCALIZATION_DATA_CONSENSUS,PKHEX_EQUALS_POKEAPI,https://github.com/kwsch/PKHeX/blob/master/PKHeX.Core/Resources/text/other/ko/text_Moves_ko.txt,556e2c142cdee41dbd092c2f9e7efc17e9456938,https://github.com/PokeAPI/pokeapi/blob/master/data/v2/csv/move_names.csv,8fe210b21c9abbe73de93670f3d5a346c80a3625,2026-09-10,8,8,0,01 25 0a 40 01 74 05 e1,0x6C,0x5853,0x1B1853,01 25 0a 40 01 74 05 e1,거품을 단숨에 발사한다<NEXT>적의 빠르기를 낮추게 하기도 한다,0x4DA2,1
62,오로라 빔,오로라빔,오로라빔,True,SPACING_NORMALIZATION,CURRENT_LOCALIZATION_DATA_CONSENSUS,PKHEX_EQUALS_POKEAPI,https://github.com/kwsch/PKHeX/blob/master/PKHeX.Core/Resources/text/other/ko/text_Moves_ko.txt,556e2c142cdee41dbd092c2f9e7efc17e9456938,https://github.com/PokeAPI/pokeapi/blob/master/data/v2/csv/move_names.csv,8fe210b21c9abbe73de93670f3d5a346c80a3625,2026-09-10,9,8,-1,07 20 03 fe 03 c3 05 66,0x6C,0x585C,0x1B185C,07 20 03 fe 03 c3 7f 05 66,무지개 빛을 발사한다<NEXT>공격력을 저하시키기도 한다,0x4DDA,1
63,파괴광선,파괴광선,파괴광선,False,UNCHANGED,CURRENT_LOCALIZATION_DATA_CONSENSUS,PKHEX_EQUALS_POKEAPI,https://github.com/kwsch/PKHeX/blob/master/PKHeX.Core/Resources/text/other/ko/text_Moves_ko.txt,556e2c142cdee41dbd092c2f9e7efc17e9456938,https://github.com/PokeAPI/pokeapi/blob/master/data/v2/csv/move_names.csv,8fe210b21c9abbe73de93670f3d5a346c80a3625,2026-09-10,8,8,0,09 f4 01 7b 01 74 05 e1,0x6C,0x5866,0x1B1866,09 f4 01 7b 01 74 05 e1,데미지는 크지만 사용하면<NEXT>다음 턴에서 움직이지 못하게 된다,0x4E0A,1
64,쪼기,쪼기,쪼기,False,UNCHANGED,CURRENT_LOCALIZATION_DATA_CONSENSUS,PKHEX_EQUALS_POKEAPI,https://github.com/kwsch/PKHeX/blob/master/PKHeX.Core/Resources/text/other/ko/text_Moves_ko.txt,556e2c142cdee41dbd092c2f9e7efc17e9456938,https://github.com/PokeAPI/pokeapi/blob/master/data/v2/csv/move_names.csv,8fe210b21c9abbe73de93670f3d5a346c80a3625,2026-09-10,4,4,0,08 69 01 b2,0x6C,0x586F,0x1B186F,08 69 01 b2,부리 등을 사용하여<NEXT>적을 쪼아서 공격한다,0x4E44,1
65,회전부리,회전부리,회전부리,False,UNCHANGED,CURRENT_LOCALIZATION_DATA_CONSENSUS,PKHEX_EQUALS_POKEAPI,https://github.com/kwsch/PKHeX/blob/master/PKHeX.Core/Resources/text/other/ko/text_Moves_ko.txt,556e2c142cdee41dbd092c2f9e7efc17e9456938,https://github.com/PokeAPI/pokeapi/blob/master/data/v2/csv/move_names.csv,8fe210b21c9abbe73de93670f3d5a346c80a3625,2026-09-10,8,8,0,0a b8 07 cc 05 2e 04 3e,0x6C,0x5874,0x1B1874,0a b8 07 cc 05 2e 04 3e,부리를 중심으로 몸을<NEXT>회전시켜서 적에게 돌진한다,0x4E6C,1
66,지옥의바퀴,지옥의바퀴,지옥의바퀴,False,UNCHANGED,CURRENT_LOCALIZATION_DATA_CONSENSUS,PKHEX_EQUALS_POKEAPI,https://github.com/kwsch/PKHeX/blob/master/PKHeX.Core/Resources/text/other/ko/text_Moves_ko.txt,556e2c142cdee41dbd092c2f9e7efc17e9456938,https://github.com/PokeAPI/pokeapi/blob/master/data/v2/csv/move_names.csv,8fe210b21c9abbe73de93670f3d5a346c80a3625,2026-09-10,10,10,0,08 26 07 21 07 97 04 d9 09 6b,0x6C,0x587D,0x1B187D,08 26 07 21 07 97 04 d9 09 6b,자신 역시 상대방과 함께 뒹군다<NEXT>자신도 약간의 데미지를 입는다,0x4E9C,1
67,잡치기,안다리걸기,안다리걸기,True,RENAMED_OR_SPELLING,CURRENT_LOCALIZATION_DATA_CONSENSUS,PKHEX_EQUALS_POKEAPI,https://github.com/kwsch/PKHeX/blob/master/PKHeX.Core/Resources/text/other/ko/text_Moves_ko.txt,556e2c142cdee41dbd092c2f9e7efc17e9456938,https://github.com/PokeAPI/pokeapi/blob/master/data/v2/csv/move_names.csv,8fe210b21c9abbe73de93670f3d5a346c80a3625,2026-09-10,6,10,4,06 c8 02 d9 04 3e 01 29 01 b2,0x6C,0x5888,0x1B1888,07 b2 09 01 01 b2,타이밍 좋게 다리를 걸어서<NEXT>적을 넘어뜨린다,0x4ED9,1
68,카운터,카운터,카운터,False,UNCHANGED,CURRENT_LOCALIZATION_DATA_CONSENSUS,PKHEX_EQUALS_POKEAPI,https://github.com/kwsch/PKHeX/blob/master/PKHeX.Core/Resources/text/other/ko/text_Moves_ko.txt,556e2c142cdee41dbd092c2f9e7efc17e9456938,https://github.com/PokeAPI/pokeapi/blob/master/data/v2/csv/move_names.csv,8fe210b21c9abbe73de93670f3d5a346c80a3625,2026-09-10,6,6,0,09 0b 07 4e 09 9d,0x6C,0x588F,0x1B188F,09 0b 07 4e 09 9d,적에게 받은 물리적인 공격의<NEXT>데미지를 배로해서 되돌려준다,0x4F03,1
69,지구던지기,지구던지기,지구던지기,False,UNCHANGED,CURRENT_LOCALIZATION_DATA_CONSENSUS,PKHEX_EQUALS_POKEAPI,https://github.com/kwsch/PKHeX/blob/master/PKHeX.Core/Resources/text/other/ko/text_Moves_ko.txt,556e2c142cdee41dbd092c2f9e7efc17e9456938,https://github.com/PokeAPI/pokeapi/blob/master/data/v2/csv/move_names.csv,8fe210b21c9abbe73de93670f3d5a346c80a3625,2026-09-10,10,10,0,08 26 01 88 02 f8 08 26 01 b2,0x6C,0x5896,0x1B1896,08 26 01 88 02 f8 08 26 01 b2,인력을 이용해서 던진다<NEXT>레벨 분의 데미지를 준다,0x4F3C,1
70,괴력,괴력,괴력,False,UNCHANGED,CURRENT_LOCALIZATION_DATA_CONSENSUS,PKHEX_EQUALS_POKEAPI,https://github.com/kwsch/PKHeX/blob/master/PKHeX.Core/Resources/text/other/ko/text_Moves_ko.txt,556e2c142cdee41dbd092c2f9e7efc17e9456938,https://github.com/PokeAPI/pokeapi/blob/master/data/v2/csv/move_names.csv,8fe210b21c9abbe73de93670f3d5a346c80a3625,2026-09-10,4,4,0,01 7b 03 f2,0x6C,0x58A1,0x1B18A1,01 7b 03 f2,전신에 엄청난 힘을 모아서<NEXT>적을 공격한다,0x4F6B,1
71,흡수,흡수,흡수,False,UNCHANGED,CURRENT_LOCALIZATION_DATA_CONSENSUS,PKHEX_EQUALS_POKEAPI,https://github.com/kwsch/PKHeX/blob/master/PKHeX.Core/Resources/text/other/ko/text_Moves_ko.txt,556e2c142cdee41dbd092c2f9e7efc17e9456938,https://github.com/PokeAPI/pokeapi/blob/master/data/v2/csv/move_names.csv,8fe210b21c9abbe73de93670f3d5a346c80a3625,2026-09-10,4,4,0,0a ed 06 26,0x6C,0x58A6,0x1B18A6,0a ed 06 26,적에게 입힌 데미지의<NEXT>반정도를 체력으로 회복한다,0x4F93,1
72,메가드레인,메가드레인,메가드레인,False,UNCHANGED,CURRENT_LOCALIZATION_DATA_CONSENSUS,PKHEX_EQUALS_POKEAPI,https://github.com/kwsch/PKHeX/blob/master/PKHeX.Core/Resources/text/other/ko/text_Moves_ko.txt,556e2c142cdee41dbd092c2f9e7efc17e9456938,https://github.com/PokeAPI/pokeapi/blob/master/data/v2/csv/move_names.csv,8fe210b21c9abbe73de93670f3d5a346c80a3625,2026-09-10,10,10,0,04 7e 01 01 03 45 03 e9 07 9e,0x6C,0x58AB,0x1B18AB,04 7e 01 01 03 45 03 e9 07 9e,적에게 입힌 데미지의<NEXT>반정도를 체력으로 회복한다,0x4FC3,1
73,씨뿌리기,씨뿌리기,씨뿌리기,False,UNCHANGED,CURRENT_LOCALIZATION_DATA_CONSENSUS,PKHEX_EQUALS_POKEAPI,https://github.com/kwsch/PKHeX/blob/master/PKHeX.Core/Resources/text/other/ko/text_Moves_ko.txt,556e2c142cdee41dbd092c2f9e7efc17e9456938,https://github.com/PokeAPI/pokeapi/blob/master/data/v2/csv/move_names.csv,8fe210b21c9abbe73de93670f3d5a346c80a3625,2026-09-10,8,8,0,06 be 05 a1 04 3e 01 b2,0x6C,0x58B6,0x1B18B6,06 be 05 a1 04 3e 01 b2,적의 몸에 싹을 틔워서<NEXT>매 턴마다 체력을 흡수한다,0x4FF3,1
74,성장,성장,성장,False,UNCHANGED,CURRENT_LOCALIZATION_DATA_CONSENSUS,PKHEX_EQUALS_POKEAPI,https://github.com/kwsch/PKHeX/blob/master/PKHeX.Core/Resources/text/other/ko/text_Moves_ko.txt,556e2c142cdee41dbd092c2f9e7efc17e9456938,https://github.com/PokeAPI/pokeapi/blob/master/data/v2/csv/move_names.csv,8fe210b21c9abbe73de93670f3d5a346c80a3625,2026-09-10,4,4,0,05 ea 07 b5,0x6C,0x58BF,0x1B18BF,05 ea 07 b5,단숨에 몸을 성장시켜서<NEXT>특수공격력을 높인다,0x5023,1
75,잎날가르기,잎날가르기,잎날가르기,False,UNCHANGED,CURRENT_LOCALIZATION_DATA_CONSENSUS,PKHEX_EQUALS_POKEAPI,https://github.com/kwsch/PKHeX/blob/master/PKHeX.Core/Resources/text/other/ko/text_Moves_ko.txt,556e2c142cdee41dbd092c2f9e7efc17e9456938,https://github.com/PokeAPI/pokeapi/blob/master/data/v2/csv/move_names.csv,8fe210b21c9abbe73de93670f3d5a346c80a3625,2026-09-10,10,10,0,07 a9 02 3f 01 01 04 33 01 b2,0x6C,0x58C4,0x1B18C4,07 a9 02 3f 01 01 04 33 01 b2,잎사귀로 적을 벤다<NEXT>급소에 명중시키기 쉽다,0x504E,1
76,솔라빔,솔라빔,솔라빔,False,UNCHANGED,CURRENT_LOCALIZATION_DATA_CONSENSUS,PKHEX_EQUALS_POKEAPI,https://github.com/kwsch/PKHeX/blob/master/PKHeX.Core/Resources/text/other/ko/text_Moves_ko.txt,556e2c142cdee41dbd092c2f9e7efc17e9456938,https://github.com/PokeAPI/pokeapi/blob/master/data/v2/csv/move_names.csv,8fe210b21c9abbe73de93670f3d5a346c80a3625,2026-09-10,6,6,0,06 06 03 c3 05 66,0x6C,0x58CF,0x1B18CF,06 06 03 c3 05 66,1턴째에서 빛을 흡수해서<NEXT>다음턴에서 적을 공격한다,0x5078,1
77,독가루,독가루,독가루,False,UNCHANGED,CURRENT_LOCALIZATION_DATA_CONSENSUS,PKHEX_EQUALS_POKEAPI,https://github.com/kwsch/PKHeX/blob/master/PKHeX.Core/Resources/text/other/ko/text_Moves_ko.txt,556e2c142cdee41dbd092c2f9e7efc17e9456938,https://github.com/PokeAPI/pokeapi/blob/master/data/v2/csv/move_names.csv,8fe210b21c9abbe73de93670f3d5a346c80a3625,2026-09-10,6,6,0,03 16 01 01 04 17,0x6C,0x58D6,0x1B18D6,03 16 01 01 04 17,독소를 지닌 가루를 뿌려서<NEXT>적을 중독시킨다,0x50A9,1
78,저리가루,저리가루,저리가루,False,UNCHANGED,CURRENT_LOCALIZATION_DATA_CONSENSUS,PKHEX_EQUALS_POKEAPI,https://github.com/kwsch/PKHeX/blob/master/PKHeX.Core/Resources/text/other/ko/text_Moves_ko.txt,556e2c142cdee41dbd092c2f9e7efc17e9456938,https://github.com/PokeAPI/pokeapi/blob/master/data/v2/csv/move_names.csv,8fe210b21c9abbe73de93670f3d5a346c80a3625,2026-09-10,8,8,0,07 ca 04 3e 01 01 04 17,0x6C,0x58DD,0x1B18DD,07 ca 04 3e 01 01 04 17,저리가루를 뿌러서<NEXT>적을 마비시켜 버린다,0x50D3,1
79,수면가루,수면가루,수면가루,False,UNCHANGED,CURRENT_LOCALIZATION_DATA_CONSENSUS,PKHEX_EQUALS_POKEAPI,https://github.com/kwsch/PKHeX/blob/master/PKHeX.Core/Resources/text/other/ko/text_Moves_ko.txt,556e2c142cdee41dbd092c2f9e7efc17e9456938,https://github.com/PokeAPI/pokeapi/blob/master/data/v2/csv/move_names.csv,8fe210b21c9abbe73de93670f3d5a346c80a3625,2026-09-10,8,8,0,06 26 04 89 01 01 04 17,0x6C,0x58E6,0x1B18E6,06 26 04 89 01 01 04 17,잠이 오는 가루를 뿌려서<NEXT>적을 잠들게 만들어 버린다,0x50FA,1
80,꽃잎댄스,꽃잎댄스,꽃잎댄스,False,UNCHANGED,CURRENT_LOCALIZATION_DATA_CONSENSUS,PKHEX_EQUALS_POKEAPI,https://github.com/kwsch/PKHeX/blob/master/PKHeX.Core/Resources/text/other/ko/text_Moves_ko.txt,556e2c142cdee41dbd092c2f9e7efc17e9456938,https://github.com/PokeAPI/pokeapi/blob/master/data/v2/csv/move_names.csv,8fe210b21c9abbe73de93670f3d5a346c80a3625,2026-09-10,8,8,0,01 f9 07 a9 02 ed 06 4a,0x6C,0x58EF,0x1B18EF,01 f9 07 a9 02 ed 06 4a,2-3턴 동안에 난동을 부린다<NEXT>난동을 부린 뒤에는 혼란에 빠진다,0x512C,1
81,실뿜기,실뿜기,실뿜기,False,UNCHANGED,CURRENT_LOCALIZATION_DATA_CONSENSUS,PKHEX_EQUALS_POKEAPI,https://github.com/kwsch/PKHeX/blob/master/PKHeX.Core/Resources/text/other/ko/text_Moves_ko.txt,556e2c142cdee41dbd092c2f9e7efc17e9456938,https://github.com/PokeAPI/pokeapi/blob/master/data/v2/csv/move_names.csv,8fe210b21c9abbe73de93670f3d5a346c80a3625,2026-09-10,6,6,0,06 67 05 a5 01 b2,0x6C,0x58F8,0x1B18F8,06 67 05 a5 01 b2,실을 적의 몸에 칭칭 감아서<NEXT>움직임의 스피드를 떨어뜨린다,0x5169,1
82,용의분노,용의분노,용의분노,False,UNCHANGED,CURRENT_LOCALIZATION_DATA_CONSENSUS,PKHEX_EQUALS_POKEAPI,https://github.com/kwsch/PKHeX/blob/master/PKHeX.Core/Resources/text/other/ko/text_Moves_ko.txt,556e2c142cdee41dbd092c2f9e7efc17e9456938,https://github.com/PokeAPI/pokeapi/blob/master/data/v2/csv/move_names.csv,8fe210b21c9abbe73de93670f3d5a346c80a3625,2026-09-10,8,8,0,07 4b 07 97 05 30 02 8b,0x6C,0x58FF,0x1B18FF,07 4b 07 97 05 30 02 8b,충격파로 적을 공격<NEXT>40으로 정해진 데미지를 입힌다,0x51A1,1
83,회오리불꽃,회오리불꽃,회오리불꽃,False,UNCHANGED,CURRENT_LOCALIZATION_DATA_CONSENSUS,PKHEX_EQUALS_POKEAPI,https://github.com/kwsch/PKHeX/blob/master/PKHeX.Core/Resources/text/other/ko/text_Moves_ko.txt,556e2c142cdee41dbd092c2f9e7efc17e9456938,https://github.com/PokeAPI/pokeapi/blob/master/data/v2/csv/move_names.csv,8fe210b21c9abbe73de93670f3d5a346c80a3625,2026-09-10,10,10,0,0a b8 07 20 04 3e 05 32 01 f9,0x6C,0x5908,0x1B1908,0a b8 07 20 04 3e 05 32 01 f9,2-5턴 동안에 적을<NEXT>화염 중심에 가두어 버린다,0x51D2,1
84,전기쇼크,전기쇼크,전기쇼크,False,UNCHANGED,CURRENT_LOCALIZATION_DATA_CONSENSUS,PKHEX_EQUALS_POKEAPI,https://github.com/kwsch/PKHeX/blob/master/PKHeX.Core/Resources/text/other/ko/text_Moves_ko.txt,556e2c142cdee41dbd092c2f9e7efc17e9456938,https://github.com/PokeAPI/pokeapi/blob/master/data/v2/csv/move_names.csv,8fe210b21c9abbe73de93670f3d5a346c80a3625,2026-09-10,8,8,0,07 cc 01 b2 06 1e 09 79,0x6C,0x5913,0x1B1913,07 cc 01 b2 06 1e 09 79,전기를 발산해서 공격<NEXT>적을 마비시키기도 한다,0x51FF,1
85,10만볼트,10만볼트,10만볼트,False,UNCHANGED,CURRENT_LOCALIZATION_DATA_CONSENSUS,PKHEX_EQUALS_POKEAPI,https://github.com/kwsch/PKHeX/blob/master/PKHeX.Core/Resources/text/other/ko/text_Moves_ko.txt,556e2c142cdee41dbd092c2f9e7efc17e9456938,https://github.com/PokeAPI/pokeapi/blob/master/data/v2/csv/move_names.csv,8fe210b21c9abbe73de93670f3d5a346c80a3625,2026-09-10,8,8,0,f7 f6 04 48 05 1c 09 de,0x6C,0x591C,0x1B191C,f7 f6 04 48 05 1c 09 de,강력한 전기를 발산해서 공격<NEXT>적을 마비시키기도 한다,0x522B,1
86,전기자석파,전기자석파,전기자석파,False,UNCHANGED,CURRENT_LOCALIZATION_DATA_CONSENSUS,PKHEX_EQUALS_POKEAPI,https://github.com/kwsch/PKHeX/blob/master/PKHeX.Core/Resources/text/other/ko/text_Moves_ko.txt,556e2c142cdee41dbd092c2f9e7efc17e9456938,https://github.com/PokeAPI/pokeapi/blob/master/data/v2/csv/move_names.csv,8fe210b21c9abbe73de93670f3d5a346c80a3625,2026-09-10,10,10,0,07 cc 01 b2 07 aa 05 de 09 f4,0x6C,0x5925,0x1B1925,07 cc 01 b2 07 aa 05 de 09 f4,약한 전기를 발산해서 적에게<NEXT>부딛쳐 마비를 시킨다,0x525E,1
87,번개 ,번개,번개,True,SPACING_NORMALIZATION,CURRENT_LOCALIZATION_DATA_CONSENSUS,PKHEX_EQUALS_POKEAPI,https://github.com/kwsch/PKHeX/blob/master/PKHeX.Core/Resources/text/other/ko/text_Moves_ko.txt,556e2c142cdee41dbd092c2f9e7efc17e9456938,https://github.com/PokeAPI/pokeapi/blob/master/data/v2/csv/move_names.csv,8fe210b21c9abbe73de93670f3d5a346c80a3625,2026-09-10,5,4,-1,04 f8 01 13,0x6C,0x5930,0x1B1930,04 f8 01 13 7f,적을 향해 번개를 떨어뜨린다<NEXT>마비를 시키기도 한다,0x528F,1
88,돌떨구기,돌떨구기,돌떨구기,False,UNCHANGED,CURRENT_LOCALIZATION_DATA_CONSENSUS,PKHEX_EQUALS_POKEAPI,https://github.com/kwsch/PKHeX/blob/master/PKHeX.Core/Resources/text/other/ko/text_Moves_ko.txt,556e2c142cdee41dbd092c2f9e7efc17e9456938,https://github.com/PokeAPI/pokeapi/blob/master/data/v2/csv/move_names.csv,8fe210b21c9abbe73de93670f3d5a346c80a3625,2026-09-10,8,8,0,03 19 03 83 01 88 01 b2,0x6C,0x5936,0x1B1936,03 19 03 83 01 88 01 b2,작은 바위를 던져서<NEXT>적을 공격한다,0x52C0,1
89,지진,지진,지진,False,UNCHANGED,CURRENT_LOCALIZATION_DATA_CONSENSUS,PKHEX_EQUALS_POKEAPI,https://github.com/kwsch/PKHeX/blob/master/PKHeX.Core/Resources/text/other/ko/text_Moves_ko.txt,556e2c142cdee41dbd092c2f9e7efc17e9456938,https://github.com/PokeAPI/pokeapi/blob/master/data/v2/csv/move_names.csv,8fe210b21c9abbe73de93670f3d5a346c80a3625,2026-09-10,4,4,0,08 26 08 28,0x6C,0x593F,0x1B193F,08 26 08 28,지면을 흔들어서 공격<NEXT>비행타입 이외에는 엄청난 데미지,0x52E1,1
90,땅가르기,땅가르기,땅가르기,False,UNCHANGED,CURRENT_LOCALIZATION_DATA_CONSENSUS,PKHEX_EQUALS_POKEAPI,https://github.com/kwsch/PKHeX/blob/master/PKHeX.Core/Resources/text/other/ko/text_Moves_ko.txt,556e2c142cdee41dbd092c2f9e7efc17e9456938,https://github.com/PokeAPI/pokeapi/blob/master/data/v2/csv/move_names.csv,8fe210b21c9abbe73de93670f3d5a346c80a3625,2026-09-10,8,8,0,03 75 01 01 04 33 01 b2,0x6C,0x5944,0x1B1944,03 75 01 01 04 33 01 b2,땅가르기를 일으켜 적을 빠뜨린다<NEXT>빠지면 전투불능이 되어 버린다,0x5316,1
91,구멍파기,구멍파기,구멍파기,False,UNCHANGED,CURRENT_LOCALIZATION_DATA_CONSENSUS,PKHEX_EQUALS_POKEAPI,https://github.com/kwsch/PKHeX/blob/master/PKHeX.Core/Resources/text/other/ko/text_Moves_ko.txt,556e2c142cdee41dbd092c2f9e7efc17e9456938,https://github.com/PokeAPI/pokeapi/blob/master/data/v2/csv/move_names.csv,8fe210b21c9abbe73de93670f3d5a346c80a3625,2026-09-10,8,8,0,01 88 04 7b 09 f4 01 b2,0x6C,0x594D,0x1B194D,01 88 04 7b 09 f4 01 b2,1턴째에서 땅속에 파고들어<NEXT>다음 턴에서 적을 공격한다,0x5354,1
92,맹독,맹독,맹독,False,UNCHANGED,CURRENT_LOCALIZATION_DATA_CONSENSUS,PKHEX_EQUALS_POKEAPI,https://github.com/kwsch/PKHeX/blob/master/PKHeX.Core/Resources/text/other/ko/text_Moves_ko.txt,556e2c142cdee41dbd092c2f9e7efc17e9456938,https://github.com/PokeAPI/pokeapi/blob/master/data/v2/csv/move_names.csv,8fe210b21c9abbe73de93670f3d5a346c80a3625,2026-09-10,4,4,0,04 6d 03 16,0x6C,0x5956,0x1B1956,04 6d 03 16,점점 데미지가 늘어가는 독을<NEXT>적에게 중독시킨다,0x5388,1
93,염동력,염동력,염동력,False,UNCHANGED,CURRENT_LOCALIZATION_DATA_CONSENSUS,PKHEX_EQUALS_POKEAPI,https://github.com/kwsch/PKHeX/blob/master/PKHeX.Core/Resources/text/other/ko/text_Moves_ko.txt,556e2c142cdee41dbd092c2f9e7efc17e9456938,https://github.com/PokeAPI/pokeapi/blob/master/data/v2/csv/move_names.csv,8fe210b21c9abbe73de93670f3d5a346c80a3625,2026-09-10,6,6,0,07 10 03 1f 03 f2,0x6C,0x595B,0x1B195B,07 10 03 1f 03 f2,초능력으로 공격<NEXT>적을 혼란에 빠뜨리기도 한다,0x53B6,1
94,사이코키네시스,사이코키네시스,사이코키네시스,False,UNCHANGED,CURRENT_LOCALIZATION_DATA_CONSENSUS,PKHEX_EQUALS_POKEAPI,https://github.com/kwsch/PKHeX/blob/master/PKHeX.Core/Resources/text/other/ko/text_Moves_ko.txt,556e2c142cdee41dbd092c2f9e7efc17e9456938,https://github.com/PokeAPI/pokeapi/blob/master/data/v2/csv/move_names.csv,8fe210b21c9abbe73de93670f3d5a346c80a3625,2026-09-10,14,14,0,05 b7 07 9c 09 3a 09 80 02 77 06 63 06 4a,0x6C,0x5962,0x1B1962,05 b7 07 9c 09 3a 09 80 02 77 06 63 06 4a,강한 염동력으로<NEXT>특수방어를 떨어뜨리게 하기도 한다,0x53E2,1
95,최면술,최면술,최면술,False,UNCHANGED,CURRENT_LOCALIZATION_DATA_CONSENSUS,PKHEX_EQUALS_POKEAPI,https://github.com/kwsch/PKHeX/blob/master/PKHeX.Core/Resources/text/other/ko/text_Moves_ko.txt,556e2c142cdee41dbd092c2f9e7efc17e9456938,https://github.com/PokeAPI/pokeapi/blob/master/data/v2/csv/move_names.csv,8fe210b21c9abbe73de93670f3d5a346c80a3625,2026-09-10,6,6,0,08 d6 04 89 06 2a,0x6C,0x5971,0x1B1971,08 d6 04 89 06 2a,적에게 암시를 줘서<NEXT>깊은 잠에 빠뜨린다,0x5414,1
96,요가포즈,요가포즈,요가포즈,False,UNCHANGED,CURRENT_LOCALIZATION_DATA_CONSENSUS,PKHEX_EQUALS_POKEAPI,https://github.com/kwsch/PKHeX/blob/master/PKHeX.Core/Resources/text/other/ko/text_Moves_ko.txt,556e2c142cdee41dbd092c2f9e7efc17e9456938,https://github.com/PokeAPI/pokeapi/blob/master/data/v2/csv/move_names.csv,8fe210b21c9abbe73de93670f3d5a346c80a3625,2026-09-10,8,8,0,07 44 01 01 0a 27 08 1e,0x6C,0x5978,0x1B1978,07 44 01 01 0a 27 08 1e,요가 포즈로 잠재된 힘을<NEXT>끌어내서 공격력을 높인다,0x543A,1
97,고속이동,고속이동,고속이동,False,UNCHANGED,CURRENT_LOCALIZATION_DATA_CONSENSUS,PKHEX_EQUALS_POKEAPI,https://github.com/kwsch/PKHeX/blob/master/PKHeX.Core/Resources/text/other/ko/text_Moves_ko.txt,556e2c142cdee41dbd092c2f9e7efc17e9456938,https://github.com/PokeAPI/pokeapi/blob/master/data/v2/csv/move_names.csv,8fe210b21c9abbe73de93670f3d5a346c80a3625,2026-09-10,8,8,0,01 4d 06 03 07 9c 03 1f,0x6C,0x5981,0x1B1981,01 4d 06 03 07 9c 03 1f,힘을 빼서 몸을 가볍게하고<NEXT>스피드를 많이 높인다,0x546B,1
98,전광석화,전광석화,전광석화,False,UNCHANGED,CURRENT_LOCALIZATION_DATA_CONSENSUS,PKHEX_EQUALS_POKEAPI,https://github.com/kwsch/PKHeX/blob/master/PKHeX.Core/Resources/text/other/ko/text_Moves_ko.txt,556e2c142cdee41dbd092c2f9e7efc17e9456938,https://github.com/PokeAPI/pokeapi/blob/master/data/v2/csv/move_names.csv,8fe210b21c9abbe73de93670f3d5a346c80a3625,2026-09-10,8,8,0,07 cc 01 74 05 de 0a ad,0x6C,0x598A,0x1B198A,07 cc 01 74 05 de 0a ad,엄청나게 빠른 속도로 움직여서<NEXT>선제공격을 한다,0x549A,1
99,분노,분노,분노,False,UNCHANGED,CURRENT_LOCALIZATION_DATA_CONSENSUS,PKHEX_EQUALS_POKEAPI,https://github.com/kwsch/PKHeX/blob/master/PKHeX.Core/Resources/text/other/ko/text_Moves_ko.txt,556e2c142cdee41dbd092c2f9e7efc17e9456938,https://github.com/PokeAPI/pokeapi/blob/master/data/v2/csv/move_names.csv,8fe210b21c9abbe73de93670f3d5a346c80a3625,2026-09-10,4,4,0,05 30 02 8b,0x6C,0x5993,0x1B1993,05 30 02 8b,공격받을 때마다 분노로<NEXT>공격력이 높아져간다,0x54C8,1
100,순간이동,순간이동,순간이동,False,UNCHANGED,CURRENT_LOCALIZATION_DATA_CONSENSUS,PKHEX_EQUALS_POKEAPI,https://github.com/kwsch/PKHeX/blob/master/PKHeX.Core/Resources/text/other/ko/text_Moves_ko.txt,556e2c142cdee41dbd092c2f9e7efc17e9456938,https://github.com/PokeAPI/pokeapi/blob/master/data/v2/csv/move_names.csv,8fe210b21c9abbe73de93670f3d5a346c80a3625,2026-09-10,8,8,0,06 28 01 03 07 9c 03 1f,0x6C,0x5998,0x1B1998,06 28 01 03 07 9c 03 1f,초능력을 사용하여<NEXT>전투에서 탈출한다,0x54F3,1
101,나이트헤드,나이트헤드,나이트헤드,False,UNCHANGED,CURRENT_LOCALIZATION_DATA_CONSENSUS,PKHEX_EQUALS_POKEAPI,https://github.com/kwsch/PKHeX/blob/master/PKHeX.Core/Resources/text/other/ko/text_Moves_ko.txt,556e2c142cdee41dbd092c2f9e7efc17e9456938,https://github.com/PokeAPI/pokeapi/blob/master/data/v2/csv/move_names.csv,8fe210b21c9abbe73de93670f3d5a346c80a3625,2026-09-10,10,10,0,02 3a 07 9c 09 de 0a 8c 03 45,0x6C,0x59A1,0x1B19A1,02 3a 07 9c 09 de 0a 8c 03 45,적에게 무서운 환상을 보여주어서<NEXT>레벨분의 데미지를 입힌다,0x5517,1
102,흉내내기,흉내내기,흉내내기,False,UNCHANGED,CURRENT_LOCALIZATION_DATA_CONSENSUS,PKHEX_EQUALS_POKEAPI,https://github.com/kwsch/PKHeX/blob/master/PKHeX.Core/Resources/text/other/ko/text_Moves_ko.txt,556e2c142cdee41dbd092c2f9e7efc17e9456938,https://github.com/PokeAPI/pokeapi/blob/master/data/v2/csv/move_names.csv,8fe210b21c9abbe73de93670f3d5a346c80a3625,2026-09-10,8,8,0,0a e4 02 4b 02 4b 01 b2,0x6C,0x59AC,0x1B19AC,0a e4 02 4b 02 4b 01 b2,적이 사용한 기술이<NEXT>그때만큼만 자신의 기술이 된다,0x5550,1
103,싫은소리,싫은소리,싫은소리,False,UNCHANGED,CURRENT_LOCALIZATION_DATA_CONSENSUS,PKHEX_EQUALS_POKEAPI,https://github.com/kwsch/PKHeX/blob/master/PKHeX.Core/Resources/text/other/ko/text_Moves_ko.txt,556e2c142cdee41dbd092c2f9e7efc17e9456938,https://github.com/PokeAPI/pokeapi/blob/master/data/v2/csv/move_names.csv,8fe210b21c9abbe73de93670f3d5a346c80a3625,2026-09-10,8,8,0,06 68 07 8a 06 02 04 3e,0x6C,0x59B5,0x1B19B5,06 68 07 8a 06 02 04 3e,듣기싫은 소리를 내서 적의<NEXT>방어를 많이 낮추게 만든다,0x5581,1
104,그림자 분신,그림자분신,그림자분신,True,SPACING_NORMALIZATION,CURRENT_LOCALIZATION_DATA_CONSENSUS,PKHEX_EQUALS_POKEAPI,https://github.com/kwsch/PKHeX/blob/master/PKHeX.Core/Resources/text/other/ko/text_Moves_ko.txt,556e2c142cdee41dbd092c2f9e7efc17e9456938,https://github.com/PokeAPI/pokeapi/blob/master/data/v2/csv/move_names.csv,8fe210b21c9abbe73de93670f3d5a346c80a3625,2026-09-10,11,10,-1,01 a7 04 42 07 aa 05 30 06 65,0x6C,0x59BE,0x1B19BE,01 a7 04 42 07 aa 7f 05 30 06 65,분신으로 적을 혼란에 빠트려서<NEXT>회피율을 높인다,0x55B5,1
105,HP 회복,HP회복,HP회복,True,SPACING_NORMALIZATION,CURRENT_LOCALIZATION_DATA_CONSENSUS,PKHEX_EQUALS_POKEAPI,https://github.com/kwsch/PKHeX/blob/master/PKHeX.Core/Resources/text/other/ko/text_Moves_ko.txt,556e2c142cdee41dbd092c2f9e7efc17e9456938,https://github.com/PokeAPI/pokeapi/blob/master/data/v2/csv/move_names.csv,8fe210b21c9abbe73de93670f3d5a346c80a3625,2026-09-10,7,6,-1,87 8f 0a b8 05 19,0x6C,0x59CA,0x1B19CA,87 8f 7f 0a b8 05 19,상처입은 몸을 체력의<NEXT>반정도 회복한다,0x55E3,1
106,단단해지기,단단해지기,단단해지기,False,UNCHANGED,CURRENT_LOCALIZATION_DATA_CONSENSUS,PKHEX_EQUALS_POKEAPI,https://github.com/kwsch/PKHeX/blob/master/PKHeX.Core/Resources/text/other/ko/text_Moves_ko.txt,556e2c142cdee41dbd092c2f9e7efc17e9456938,https://github.com/PokeAPI/pokeapi/blob/master/data/v2/csv/move_names.csv,8fe210b21c9abbe73de93670f3d5a346c80a3625,2026-09-10,10,10,0,02 dc 02 dc 0a 78 08 26 01 b2,0x6C,0x59D2,0x1B19D2,02 dc 02 dc 0a 78 08 26 01 b2,전신에 힘을 모아 몸을 딱딱하게<NEXT>만들어서 방어력을 높인다,0x5608,1
107,작아지기,작아지기,작아지기,False,UNCHANGED,CURRENT_LOCALIZATION_DATA_CONSENSUS,PKHEX_EQUALS_POKEAPI,https://github.com/kwsch/PKHeX/blob/master/PKHeX.Core/Resources/text/other/ko/text_Moves_ko.txt,556e2c142cdee41dbd092c2f9e7efc17e9456938,https://github.com/PokeAPI/pokeapi/blob/master/data/v2/csv/move_names.csv,8fe210b21c9abbe73de93670f3d5a346c80a3625,2026-09-10,8,8,0,07 ab 06 c6 08 26 01 b2,0x6C,0x59DD,0x1B19DD,07 ab 06 c6 08 26 01 b2,몸을 줄여서 작게 되어<NEXT>회피율을 높인다,0x5640,1
108,연막,연막,연막,False,UNCHANGED,CURRENT_LOCALIZATION_DATA_CONSENSUS,PKHEX_EQUALS_POKEAPI,https://github.com/kwsch/PKHeX/blob/master/PKHeX.Core/Resources/text/other/ko/text_Moves_ko.txt,556e2c142cdee41dbd092c2f9e7efc17e9456938,https://github.com/PokeAPI/pokeapi/blob/master/data/v2/csv/move_names.csv,8fe210b21c9abbe73de93670f3d5a346c80a3625,2026-09-10,4,4,0,07 0c 04 47,0x6C,0x59E6,0x1B19E6,07 0c 04 47,연기나 먹 등으로 적의<NEXT>명중률을 떨어뜨리게 한다,0x5666,1
109,이상한빛,이상한빛,이상한빛,False,UNCHANGED,CURRENT_LOCALIZATION_DATA_CONSENSUS,PKHEX_EQUALS_POKEAPI,https://github.com/kwsch/PKHeX/blob/master/PKHeX.Core/Resources/text/other/ko/text_Moves_ko.txt,556e2c142cdee41dbd092c2f9e7efc17e9456938,https://github.com/PokeAPI/pokeapi/blob/master/data/v2/csv/move_names.csv,8fe210b21c9abbe73de93670f3d5a346c80a3625,2026-09-10,8,8,0,07 9c 05 c3 0a 71 05 6b,0x6C,0x59EB,0x1B19EB,07 9c 05 c3 0a 71 05 6b,이상한 빛으로 적을<NEXT>홀려서 곤란상태로 만든다,0x5695,1
110,껍질에숨기,껍질에숨기,껍질에숨기,False,UNCHANGED,CURRENT_LOCALIZATION_DATA_CONSENSUS,PKHEX_EQUALS_POKEAPI,https://github.com/kwsch/PKHeX/blob/master/PKHeX.Core/Resources/text/other/ko/text_Moves_ko.txt,556e2c142cdee41dbd092c2f9e7efc17e9456938,https://github.com/PokeAPI/pokeapi/blob/master/data/v2/csv/move_names.csv,8fe210b21c9abbe73de93670f3d5a346c80a3625,2026-09-10,10,10,0,01 de 08 2a 07 01 06 2b 01 b2,0x6C,0x59F4,0x1B19F4,01 de 08 2a 07 01 06 2b 01 b2,단단한 껍질에 숨어서<NEXT>방어력을 높인다,0x56C1,1
111,웅크리기,웅크리기,웅크리기,False,UNCHANGED,CURRENT_LOCALIZATION_DATA_CONSENSUS,PKHEX_EQUALS_POKEAPI,https://github.com/kwsch/PKHeX/blob/master/PKHeX.Core/Resources/text/other/ko/text_Moves_ko.txt,556e2c142cdee41dbd092c2f9e7efc17e9456938,https://github.com/PokeAPI/pokeapi/blob/master/data/v2/csv/move_names.csv,8fe210b21c9abbe73de93670f3d5a346c80a3625,2026-09-10,8,8,0,07 65 09 79 04 3e 01 b2,0x6C,0x59FF,0x1B19FF,07 65 09 79 04 3e 01 b2,몸을 웅크려서 급소를<NEXT>감추고 방어력을 높인다,0x56E6,1
112,배리어,배리어,배리어,False,UNCHANGED,CURRENT_LOCALIZATION_DATA_CONSENSUS,PKHEX_EQUALS_POKEAPI,https://github.com/kwsch/PKHeX/blob/master/PKHeX.Core/Resources/text/other/ko/text_Moves_ko.txt,556e2c142cdee41dbd092c2f9e7efc17e9456938,https://github.com/PokeAPI/pokeapi/blob/master/data/v2/csv/move_names.csv,8fe210b21c9abbe73de93670f3d5a346c80a3625,2026-09-10,6,6,0,04 e8 04 3e 06 ee,0x6C,0x5A08,0x1B1A08,04 e8 04 3e 06 ee,눈 앞에 벽을 만들어서<NEXT>방어력을 팍 올린다,0x5712,1
113,빛의 장막,빛의장막,빛의장막,True,SPACING_NORMALIZATION,CURRENT_LOCALIZATION_DATA_CONSENSUS,PKHEX_EQUALS_POKEAPI,https://github.com/kwsch/PKHeX/blob/master/PKHeX.Core/Resources/text/other/ko/text_Moves_ko.txt,556e2c142cdee41dbd092c2f9e7efc17e9456938,https://github.com/PokeAPI/pokeapi/blob/master/data/v2/csv/move_names.csv,8fe210b21c9abbe73de93670f3d5a346c80a3625,2026-09-10,9,8,-1,05 6b 07 97 07 b5 04 47,0x6C,0x5A0F,0x1B1A0F,05 6b 07 97 7f 07 b5 04 47,빛의 장막을 만들어 특수<NEXT>공격의 데미지를 약하게 만든다,0x573B,1
114,흑안개,흑안개,흑안개,False,UNCHANGED,CURRENT_LOCALIZATION_DATA_CONSENSUS,PKHEX_EQUALS_POKEAPI,https://github.com/kwsch/PKHeX/blob/master/PKHeX.Core/Resources/text/other/ko/text_Moves_ko.txt,556e2c142cdee41dbd092c2f9e7efc17e9456938,https://github.com/PokeAPI/pokeapi/blob/master/data/v2/csv/move_names.csv,8fe210b21c9abbe73de93670f3d5a346c80a3625,2026-09-10,6,6,0,0a e6 06 c8 01 13,0x6C,0x5A19,0x1B1A19,0a e6 06 c8 01 13,검은 안개에 싸여서 능력의<NEXT>이상을 원상태로 회복한다,0x5771,1
115,리플렉터,리플렉터,리플렉터,False,UNCHANGED,CURRENT_LOCALIZATION_DATA_CONSENSUS,PKHEX_EQUALS_POKEAPI,https://github.com/kwsch/PKHeX/blob/master/PKHeX.Core/Resources/text/other/ko/text_Moves_ko.txt,556e2c142cdee41dbd092c2f9e7efc17e9456938,https://github.com/PokeAPI/pokeapi/blob/master/data/v2/csv/move_names.csv,8fe210b21c9abbe73de93670f3d5a346c80a3625,2026-09-10,8,8,0,04 3e 0a 63 03 ea 09 9d,0x6C,0x5A20,0x1B1A20,04 3e 0a 63 03 ea 09 9d,빛의 장막을 만들어 물리적<NEXT>공격의 데미지를 약하게 만든다,0x57A4,1
116,기충전,기충전,기충전,False,UNCHANGED,CURRENT_LOCALIZATION_DATA_CONSENSUS,PKHEX_EQUALS_POKEAPI,https://github.com/kwsch/PKHeX/blob/master/PKHeX.Core/Resources/text/other/ko/text_Moves_ko.txt,556e2c142cdee41dbd092c2f9e7efc17e9456938,https://github.com/PokeAPI/pokeapi/blob/master/data/v2/csv/move_names.csv,8fe210b21c9abbe73de93670f3d5a346c80a3625,2026-09-10,6,6,0,01 b2 08 e6 07 cc,0x6C,0x5A29,0x1B1A29,01 b2 08 e6 07 cc,공격에 기합을 실어서<NEXT>급소에 잘 명중하도록 만든다,0x57DC,1
117,참기,참기,참기,False,UNCHANGED,CURRENT_LOCALIZATION_DATA_CONSENSUS,PKHEX_EQUALS_POKEAPI,https://github.com/kwsch/PKHeX/blob/master/PKHeX.Core/Resources/text/other/ko/text_Moves_ko.txt,556e2c142cdee41dbd092c2f9e7efc17e9456938,https://github.com/PokeAPI/pokeapi/blob/master/data/v2/csv/move_names.csv,8fe210b21c9abbe73de93670f3d5a346c80a3625,2026-09-10,4,4,0,08 9c 01 b2,0x6C,0x5A30,0x1B1A30,08 9c 01 b2,2-3턴 공격을 참고 견뎌서<NEXT>받은 데미지를 배로해서 돌려준다,0x580D,1
118,손가락흔들기,손가락흔들기,손가락흔들기,False,UNCHANGED,CURRENT_LOCALIZATION_DATA_CONSENSUS,PKHEX_EQUALS_POKEAPI,https://github.com/kwsch/PKHeX/blob/master/PKHeX.Core/Resources/text/other/ko/text_Moves_ko.txt,556e2c142cdee41dbd092c2f9e7efc17e9456938,https://github.com/PokeAPI/pokeapi/blob/master/data/v2/csv/move_names.csv,8fe210b21c9abbe73de93670f3d5a346c80a3625,2026-09-10,12,12,0,06 05 01 01 03 c4 0a e7 03 49 01 b2,0x6C,0x5A35,0x1B1A35,06 05 01 01 03 c4 0a e7 03 49 01 b2,손가락을 흔들어서 뇌를 자극시켜<NEXT>여러 기술을 랜덤으로 끌어낸다,0x5847,1
119,따라하기,따라하기,따라하기,False,UNCHANGED,CURRENT_LOCALIZATION_DATA_CONSENSUS,PKHEX_EQUALS_POKEAPI,https://github.com/kwsch/PKHeX/blob/master/PKHeX.Core/Resources/text/other/ko/text_Moves_ko.txt,556e2c142cdee41dbd092c2f9e7efc17e9456938,https://github.com/PokeAPI/pokeapi/blob/master/data/v2/csv/move_names.csv,8fe210b21c9abbe73de93670f3d5a346c80a3625,2026-09-10,8,8,0,03 6b 03 c3 0a 6f 01 b2,0x6C,0x5A42,0x1B1A42,03 6b 03 c3 0a 6f 01 b2,적의 기술을 흉내내서<NEXT>같은 기술로 적을 공격한다,0x5885,1
120,자폭,자폭,자폭,False,UNCHANGED,CURRENT_LOCALIZATION_DATA_CONSENSUS,PKHEX_EQUALS_POKEAPI,https://github.com/kwsch/PKHeX/blob/master/PKHeX.Core/Resources/text/other/ko/text_Moves_ko.txt,556e2c142cdee41dbd092c2f9e7efc17e9456938,https://github.com/PokeAPI/pokeapi/blob/master/data/v2/csv/move_names.csv,8fe210b21c9abbe73de93670f3d5a346c80a3625,2026-09-10,4,4,0,07 aa 0a 28,0x6C,0x5A4B,0x1B1A4B,07 aa 0a 28,적에게 많은 데미지를 주지만<NEXT>사용하면 전투불능이 되어 버린다,0x58B4,1
121,알폭탄,알폭탄,알폭탄,False,UNCHANGED,CURRENT_LOCALIZATION_DATA_CONSENSUS,PKHEX_EQUALS_POKEAPI,https://github.com/kwsch/PKHeX/blob/master/PKHeX.Core/Resources/text/other/ko/text_Moves_ko.txt,556e2c142cdee41dbd092c2f9e7efc17e9456938,https://github.com/PokeAPI/pokeapi/blob/master/data/v2/csv/move_names.csv,8fe210b21c9abbe73de93670f3d5a346c80a3625,2026-09-10,6,6,0,06 cb 0a 28 09 8a,0x6C,0x5A50,0x1B1A50,06 cb 0a 28 09 8a,알을 힘껏 던져서<NEXT>적을 공격한다,0x58F0,1
122,핥기,핥기,핥기,False,UNCHANGED,CURRENT_LOCALIZATION_DATA_CONSENSUS,PKHEX_EQUALS_POKEAPI,https://github.com/kwsch/PKHeX/blob/master/PKHeX.Core/Resources/text/other/ko/text_Moves_ko.txt,556e2c142cdee41dbd092c2f9e7efc17e9456938,https://github.com/PokeAPI/pokeapi/blob/master/data/v2/csv/move_names.csv,8fe210b21c9abbe73de93670f3d5a346c80a3625,2026-09-10,4,4,0,0a 73 01 b2,0x6C,0x5A57,0x1B1A57,0a 73 01 b2,긴 혀로 핥아서 공격한다<NEXT>적을 마비시키기도 한다,0x590F,1
123,스모그,스모그,스모그,False,UNCHANGED,CURRENT_LOCALIZATION_DATA_CONSENSUS,PKHEX_EQUALS_POKEAPI,https://github.com/kwsch/PKHeX/blob/master/PKHeX.Core/Resources/text/other/ko/text_Moves_ko.txt,556e2c142cdee41dbd092c2f9e7efc17e9456938,https://github.com/PokeAPI/pokeapi/blob/master/data/v2/csv/move_names.csv,8fe210b21c9abbe73de93670f3d5a346c80a3625,2026-09-10,6,6,0,06 4a 04 90 01 a7,0x6C,0x5A5C,0x1B1A5C,06 4a 04 90 01 a7,배기가스를 뿜어서 공격<NEXT>적에게 중독을 시키기도 한다,0x593E,1
124,오물공격,오물공격,오물공격,False,UNCHANGED,CURRENT_LOCALIZATION_DATA_CONSENSUS,PKHEX_EQUALS_POKEAPI,https://github.com/kwsch/PKHeX/blob/master/PKHeX.Core/Resources/text/other/ko/text_Moves_ko.txt,556e2c142cdee41dbd092c2f9e7efc17e9456938,https://github.com/PokeAPI/pokeapi/blob/master/data/v2/csv/move_names.csv,8fe210b21c9abbe73de93670f3d5a346c80a3625,2026-09-10,8,8,0,07 20 04 b0 01 68 01 3d,0x6C,0x5A63,0x1B1A63,07 20 04 b0 01 68 01 3d,오물을 던져서 공격한다<NEXT>적을 중독시키기도 한다,0x5971,1
125,뼈다귀치기,뼈다귀치기,뼈다귀치기,False,UNCHANGED,CURRENT_LOCALIZATION_DATA_CONSENSUS,PKHEX_EQUALS_POKEAPI,https://github.com/kwsch/PKHeX/blob/master/PKHeX.Core/Resources/text/other/ko/text_Moves_ko.txt,556e2c142cdee41dbd092c2f9e7efc17e9456938,https://github.com/PokeAPI/pokeapi/blob/master/data/v2/csv/move_names.csv,8fe210b21c9abbe73de93670f3d5a346c80a3625,2026-09-10,10,10,0,05 90 02 d9 01 9d 09 01 01 b2,0x6C,0x5A6C,0x1B1A6C,05 90 02 d9 01 9d 09 01 01 b2,손에 쥔 뼈다귀로 적을 공격<NEXT>적의 기세를 꺾기도 한다,0x599F,1
126,불대문자,불대문자,불대문자,False,UNCHANGED,CURRENT_LOCALIZATION_DATA_CONSENSUS,PKHEX_EQUALS_POKEAPI,https://github.com/kwsch/PKHeX/blob/master/PKHeX.Core/Resources/text/other/ko/text_Moves_ko.txt,556e2c142cdee41dbd092c2f9e7efc17e9456938,https://github.com/PokeAPI/pokeapi/blob/master/data/v2/csv/move_names.csv,8fe210b21c9abbe73de93670f3d5a346c80a3625,2026-09-10,8,8,0,05 32 02 eb 04 ae 07 aa,0x6C,0x5A77,0x1B1A77,05 32 02 eb 04 ae 07 aa,큰 대자가 모든 것을 태워버린다<NEXT>적에게 화상을 입히기도 한다,0x59D2,1
127,폭포오르기,폭포오르기,폭포오르기,False,UNCHANGED,CURRENT_LOCALIZATION_DATA_CONSENSUS,PKHEX_EQUALS_POKEAPI,https://github.com/kwsch/PKHeX/blob/master/PKHeX.Core/Resources/text/other/ko/text_Moves_ko.txt,556e2c142cdee41dbd092c2f9e7efc17e9456938,https://github.com/PokeAPI/pokeapi/blob/master/data/v2/csv/move_names.csv,8fe210b21c9abbe73de93670f3d5a346c80a3625,2026-09-10,10,10,0,0a 28 0a 27 07 20 04 33 01 b2,0x6C,0x5A80,0x1B1A80,0a 28 0a 27 07 20 04 33 01 b2,폭포를 거슬러 오르는 듯한<NEXT>기백으로 적에게 돌진한다,0x5A0D,1
128,껍질끼우기,껍질끼우기,껍질끼우기,False,UNCHANGED,CURRENT_LOCALIZATION_DATA_CONSENSUS,PKHEX_EQUALS_POKEAPI,https://github.com/kwsch/PKHeX/blob/master/PKHeX.Core/Resources/text/other/ko/text_Moves_ko.txt,556e2c142cdee41dbd092c2f9e7efc17e9456938,https://github.com/PokeAPI/pokeapi/blob/master/data/v2/csv/move_names.csv,8fe210b21c9abbe73de93670f3d5a346c80a3625,2026-09-10,10,10,0,01 de 08 2a 02 32 07 4c 01 b2,0x6C,0x5A8B,0x1B1A8B,01 de 08 2a 02 32 07 4c 01 b2,2-5턴 동안에 적을<NEXT>껍질로 찝어 버린다,0x5A40,1
129,스피드스타,스피드스타,스피드스타,False,UNCHANGED,CURRENT_LOCALIZATION_DATA_CONSENSUS,PKHEX_EQUALS_POKEAPI,https://github.com/kwsch/PKHeX/blob/master/PKHeX.Core/Resources/text/other/ko/text_Moves_ko.txt,556e2c142cdee41dbd092c2f9e7efc17e9456938,https://github.com/PokeAPI/pokeapi/blob/master/data/v2/csv/move_names.csv,8fe210b21c9abbe73de93670f3d5a346c80a3625,2026-09-10,10,10,0,06 4a 0a 67 03 45 06 4a 09 88,0x6C,0x5A96,0x1B1A96,06 4a 0a 67 03 45 06 4a 09 88,절대 피할 수 없는 별 모양의<NEXT>광선을 무수히 발사한다,0x5A66,1
130,로케트박치기,로켓박치기,로켓박치기,True,RENAMED_OR_SPELLING,CURRENT_LOCALIZATION_DATA_CONSENSUS,PKHEX_EQUALS_POKEAPI,https://github.com/kwsch/PKHeX/blob/master/PKHeX.Core/Resources/text/other/ko/text_Moves_ko.txt,556e2c142cdee41dbd092c2f9e7efc17e9456938,https://github.com/PokeAPI/pokeapi/blob/master/data/v2/csv/move_names.csv,8fe210b21c9abbe73de93670f3d5a346c80a3625,2026-09-10,12,10,-2,03 fe 09 2f 04 da 09 01 01 b2,0x6C,0x5AA1,0x1B1AA1,03 fe 09 29 09 de 04 da 09 01 01 b2,1턴째에서 머리를 집어넣고<NEXT>다음 턴에서 적을 공격한다,0x5A99,1
131,가시대포,가시대포,가시대포,False,UNCHANGED,CURRENT_LOCALIZATION_DATA_CONSENSUS,PKHEX_EQUALS_POKEAPI,https://github.com/kwsch/PKHeX/blob/master/PKHeX.Core/Resources/text/other/ko/text_Moves_ko.txt,556e2c142cdee41dbd092c2f9e7efc17e9456938,https://github.com/PokeAPI/pokeapi/blob/master/data/v2/csv/move_names.csv,8fe210b21c9abbe73de93670f3d5a346c80a3625,2026-09-10,8,8,0,01 01 06 63 02 eb 0a 27,0x6C,0x5AAE,0x1B1AAE,01 01 06 63 02 eb 0a 27,날카로운 바늘을 적에게 발사해서<NEXT>2-5회 연속으로 공격,0x5ACD,1
132,휘감기,휘감기,휘감기,False,UNCHANGED,CURRENT_LOCALIZATION_DATA_CONSENSUS,PKHEX_EQUALS_POKEAPI,https://github.com/kwsch/PKHeX/blob/master/PKHeX.Core/Resources/text/other/ko/text_Moves_ko.txt,556e2c142cdee41dbd092c2f9e7efc17e9456938,https://github.com/PokeAPI/pokeapi/blob/master/data/v2/csv/move_names.csv,8fe210b21c9abbe73de93670f3d5a346c80a3625,2026-09-10,6,6,0,0a d6 01 08 01 b2,0x6C,0x5AB7,0x1B1AB7,0a d6 01 08 01 b2,적에게 휘감겨서 공격한다<NEXT>적의 스피드를 둔화시키기도 한다,0x5B02,1
133,망각술,망각술,망각술,False,UNCHANGED,CURRENT_LOCALIZATION_DATA_CONSENSUS,PKHEX_EQUALS_POKEAPI,https://github.com/kwsch/PKHeX/blob/master/PKHeX.Core/Resources/text/other/ko/text_Moves_ko.txt,556e2c142cdee41dbd092c2f9e7efc17e9456938,https://github.com/PokeAPI/pokeapi/blob/master/data/v2/csv/move_names.csv,8fe210b21c9abbe73de93670f3d5a346c80a3625,2026-09-10,6,6,0,04 61 01 02 06 2a,0x6C,0x5ABE,0x1B1ABE,04 61 01 02 06 2a,일순 무엇인가를 잊어먹는 것으로<NEXT>특수방어를 높이 올린다,0x5B3B,1
134,숟가락휘기,숟가락휘기,숟가락휘기,False,UNCHANGED,CURRENT_LOCALIZATION_DATA_CONSENSUS,PKHEX_EQUALS_POKEAPI,https://github.com/kwsch/PKHeX/blob/master/PKHeX.Core/Resources/text/other/ko/text_Moves_ko.txt,556e2c142cdee41dbd092c2f9e7efc17e9456938,https://github.com/PokeAPI/pokeapi/blob/master/data/v2/csv/move_names.csv,8fe210b21c9abbe73de93670f3d5a346c80a3625,2026-09-10,10,10,0,06 29 01 01 03 c4 0a d6 01 b2,0x6C,0x5AC5,0x1B1AC5,06 29 01 01 03 c4 0a d6 01 b2,적의 눈을 스푼에 주시하도록 해서<NEXT>명중률을 떨어뜨리게 한다,0x5B72,1
135,알낳기,알낳기,알낳기,False,UNCHANGED,CURRENT_LOCALIZATION_DATA_CONSENSUS,PKHEX_EQUALS_POKEAPI,https://github.com/kwsch/PKHeX/blob/master/PKHeX.Core/Resources/text/other/ko/text_Moves_ko.txt,556e2c142cdee41dbd092c2f9e7efc17e9456938,https://github.com/PokeAPI/pokeapi/blob/master/data/v2/csv/move_names.csv,8fe210b21c9abbe73de93670f3d5a346c80a3625,2026-09-10,6,6,0,06 cb 02 4a 01 b2,0x6C,0x5AD0,0x1B1AD0,06 cb 02 4a 01 b2,상처 입은 몸을 체력의<NEXT>반정도 회복시킨다,0x5BAC,1
136,무릎차기,무릎차기,무릎차기,False,UNCHANGED,CURRENT_LOCALIZATION_DATA_CONSENSUS,PKHEX_EQUALS_POKEAPI,https://github.com/kwsch/PKHeX/blob/master/PKHeX.Core/Resources/text/other/ko/text_Moves_ko.txt,556e2c142cdee41dbd092c2f9e7efc17e9456938,https://github.com/PokeAPI/pokeapi/blob/master/data/v2/csv/move_names.csv,8fe210b21c9abbe73de93670f3d5a346c80a3625,2026-09-10,8,8,0,04 ab 04 3d 08 97 01 b2,0x6C,0x5AD7,0x1B1AD7,04 ab 04 3d 08 97 01 b2,점프한 힘으로 연속 무릎차기 공격<NEXT>실패하면 데미지를 입는다,0x5BD4,1
137,뱀의미소,뱀눈초리,뱀눈초리,True,RENAMED_OR_SPELLING,CURRENT_LOCALIZATION_DATA_CONSENSUS,PKHEX_EQUALS_POKEAPI,https://github.com/kwsch/PKHeX/blob/master/PKHeX.Core/Resources/text/other/ko/text_Moves_ko.txt,556e2c142cdee41dbd092c2f9e7efc17e9456938,https://github.com/PokeAPI/pokeapi/blob/master/data/v2/csv/move_names.csv,8fe210b21c9abbe73de93670f3d5a346c80a3625,2026-09-10,8,8,0,04 ec 02 ab 08 ca 04 3e,0x6C,0x5AE0,0x1B1AE0,04 ec 07 97 04 cc 06 02,배의 모양으로 적을 위협해서<NEXT>겁을 먹게하여 마비시켜 버린다,0x5C0E,1
138,꿈먹기,꿈먹기,꿈먹기,False,UNCHANGED,CURRENT_LOCALIZATION_DATA_CONSENSUS,PKHEX_EQUALS_POKEAPI,https://github.com/kwsch/PKHeX/blob/master/PKHeX.Core/Resources/text/other/ko/text_Moves_ko.txt,556e2c142cdee41dbd092c2f9e7efc17e9456938,https://github.com/PokeAPI/pokeapi/blob/master/data/v2/csv/move_names.csv,8fe210b21c9abbe73de93670f3d5a346c80a3625,2026-09-10,6,6,0,02 0e 04 74 01 b2,0x6C,0x5AE9,0x1B1AE9,02 0e 04 74 01 b2,자고있는 적에게 준 데미지의<NEXT>반을 체력으로 회복한다,0x5C48,1
139,독가스,독가스,독가스,False,UNCHANGED,CURRENT_LOCALIZATION_DATA_CONSENSUS,PKHEX_EQUALS_POKEAPI,https://github.com/kwsch/PKHeX/blob/master/PKHeX.Core/Resources/text/other/ko/text_Moves_ko.txt,556e2c142cdee41dbd092c2f9e7efc17e9456938,https://github.com/PokeAPI/pokeapi/blob/master/data/v2/csv/move_names.csv,8fe210b21c9abbe73de93670f3d5a346c80a3625,2026-09-10,6,6,0,03 16 01 01 06 4a,0x6C,0x5AF0,0x1B1AF0,03 16 01 01 06 4a,독가스를 적에게 뿌려서<NEXT>중독되게 만든다,0x5C7B,1
140,알던지기,구슬던지기,구슬던지기,True,RENAMED_OR_SPELLING,CURRENT_LOCALIZATION_DATA_CONSENSUS,PKHEX_EQUALS_POKEAPI,https://github.com/kwsch/PKHeX/blob/master/PKHeX.Core/Resources/text/other/ko/text_Moves_ko.txt,556e2c142cdee41dbd092c2f9e7efc17e9456938,https://github.com/PokeAPI/pokeapi/blob/master/data/v2/csv/move_names.csv,8fe210b21c9abbe73de93670f3d5a346c80a3625,2026-09-10,8,10,2,01 88 06 4d 02 f8 08 26 01 b2,0x6C,0x5AF7,0x1B1AF7,06 cb 02 f8 08 26 01 b2,둥근 물건을 적에게 던져서<NEXT>2-5회 연속으로 공격,0x5CA2,1
141,흡혈,흡혈,흡혈,False,UNCHANGED,CURRENT_LOCALIZATION_DATA_CONSENSUS,PKHEX_EQUALS_POKEAPI,https://github.com/kwsch/PKHeX/blob/master/PKHeX.Core/Resources/text/other/ko/text_Moves_ko.txt,556e2c142cdee41dbd092c2f9e7efc17e9456938,https://github.com/PokeAPI/pokeapi/blob/master/data/v2/csv/move_names.csv,8fe210b21c9abbe73de93670f3d5a346c80a3625,2026-09-10,4,4,0,0a ed 0a 97,0x6C,0x5B00,0x1B1B00,0a ed 0a 97,적에게 준 데미지의<NEXT>반을 체력으로 회복한다,0x5CD1,1
142,악마의키스,악마의키스,악마의키스,False,UNCHANGED,CURRENT_LOCALIZATION_DATA_CONSENSUS,PKHEX_EQUALS_POKEAPI,https://github.com/kwsch/PKHeX/blob/master/PKHeX.Core/Resources/text/other/ko/text_Moves_ko.txt,556e2c142cdee41dbd092c2f9e7efc17e9456938,https://github.com/PokeAPI/pokeapi/blob/master/data/v2/csv/move_names.csv,8fe210b21c9abbe73de93670f3d5a346c80a3625,2026-09-10,10,10,0,06 c7 04 46 07 97 09 80 06 4a,0x6C,0x5B05,0x1B1B05,06 c7 04 46 07 97 09 80 06 4a,무서운 얼굴로 키스를 한다<NEXT>키스를 당하면 잠들어 버린다,0x5CFB,1
143,불새,불새,불새,False,UNCHANGED,CURRENT_LOCALIZATION_DATA_CONSENSUS,PKHEX_EQUALS_POKEAPI,https://github.com/kwsch/PKHeX/blob/master/PKHeX.Core/Resources/text/other/ko/text_Moves_ko.txt,556e2c142cdee41dbd092c2f9e7efc17e9456938,https://github.com/PokeAPI/pokeapi/blob/master/data/v2/csv/move_names.csv,8fe210b21c9abbe73de93670f3d5a346c80a3625,2026-09-10,4,4,0,05 32 05 c5,0x6C,0x5B10,0x1B1B10,05 32 05 c5,1턴째에서 약점을 찾아서<NEXT>다음 턴에 적을 공격한다,0x5D31,1
144,변신,변신,변신,False,UNCHANGED,CURRENT_LOCALIZATION_DATA_CONSENSUS,PKHEX_EQUALS_POKEAPI,https://github.com/kwsch/PKHeX/blob/master/PKHeX.Core/Resources/text/other/ko/text_Moves_ko.txt,556e2c142cdee41dbd092c2f9e7efc17e9456938,https://github.com/PokeAPI/pokeapi/blob/master/data/v2/csv/move_names.csv,8fe210b21c9abbe73de93670f3d5a346c80a3625,2026-09-10,4,4,0,05 0f 06 65,0x6C,0x5B15,0x1B1B15,05 0f 06 65,적의 포켓몬과 같은 모습으로<NEXT>세포를 변화시켜 변신한다,0x5D61,1
145,거품,거품,거품,False,UNCHANGED,CURRENT_LOCALIZATION_DATA_CONSENSUS,PKHEX_EQUALS_POKEAPI,https://github.com/kwsch/PKHeX/blob/master/PKHeX.Core/Resources/text/other/ko/text_Moves_ko.txt,556e2c142cdee41dbd092c2f9e7efc17e9456938,https://github.com/PokeAPI/pokeapi/blob/master/data/v2/csv/move_names.csv,8fe210b21c9abbe73de93670f3d5a346c80a3625,2026-09-10,4,4,0,01 25 0a 40,0x6C,0x5B1A,0x1B1B1A,01 25 0a 40,거품을 뿜어서 공격한다<NEXT>적의 스피드를 둔화시키기도 한다,0x5D96,1
146,잼잼펀치,잼잼펀치,잼잼펀치,False,UNCHANGED,CURRENT_LOCALIZATION_DATA_CONSENSUS,PKHEX_EQUALS_POKEAPI,https://github.com/kwsch/PKHeX/blob/master/PKHeX.Core/Resources/text/other/ko/text_Moves_ko.txt,556e2c142cdee41dbd092c2f9e7efc17e9456938,https://github.com/PokeAPI/pokeapi/blob/master/data/v2/csv/move_names.csv,8fe210b21c9abbe73de93670f3d5a346c80a3625,2026-09-10,8,8,0,07 bb 07 bb 0a 0d 09 01,0x6C,0x5B1F,0x1B1B1F,07 bb 07 bb 0a 0d 09 01,어미와 새끼가 동시에 펀치로 공격<NEXT>적을 곤란상태로 만들기도 한다,0x5DCD,1
147,버섯포자,버섯포자,버섯포자,False,UNCHANGED,CURRENT_LOCALIZATION_DATA_CONSENSUS,PKHEX_EQUALS_POKEAPI,https://github.com/kwsch/PKHeX/blob/master/PKHeX.Core/Resources/text/other/ko/text_Moves_ko.txt,556e2c142cdee41dbd092c2f9e7efc17e9456938,https://github.com/PokeAPI/pokeapi/blob/master/data/v2/csv/move_names.csv,8fe210b21c9abbe73de93670f3d5a346c80a3625,2026-09-10,8,8,0,04 f6 05 e8 0a 27 07 aa,0x6C,0x5B28,0x1B1B28,04 f6 05 e8 0a 27 07 aa,최면효과가 있는 포자를<NEXT>뿌려서 적을 잠들게 만든다,0x5E0C,1
148,플래시,플래시,플래시,False,UNCHANGED,CURRENT_LOCALIZATION_DATA_CONSENSUS,PKHEX_EQUALS_POKEAPI,https://github.com/kwsch/PKHeX/blob/master/PKHeX.Core/Resources/text/other/ko/text_Moves_ko.txt,556e2c142cdee41dbd092c2f9e7efc17e9456938,https://github.com/PokeAPI/pokeapi/blob/master/data/v2/csv/move_names.csv,8fe210b21c9abbe73de93670f3d5a346c80a3625,2026-09-10,6,6,0,0a 63 03 d1 06 63,0x6C,0x5B31,0x1B1B31,0a 63 03 d1 06 63,강한 빛으로 눈을 멀게해서<NEXT>적의 명중률을 떨어뜨린다,0x5E3D,1
149,사이코웨이브,사이코웨이브,사이코웨이브,False,UNCHANGED,CURRENT_LOCALIZATION_DATA_CONSENSUS,PKHEX_EQUALS_POKEAPI,https://github.com/kwsch/PKHeX/blob/master/PKHeX.Core/Resources/text/other/ko/text_Moves_ko.txt,556e2c142cdee41dbd092c2f9e7efc17e9456938,https://github.com/PokeAPI/pokeapi/blob/master/data/v2/csv/move_names.csv,8fe210b21c9abbe73de93670f3d5a346c80a3625,2026-09-10,12,12,0,05 b7 07 9c 09 3a 07 6e 07 9c 05 4a,0x6C,0x5B38,0x1B1B38,05 b7 07 9c 09 3a 07 6e 07 9c 05 4a,이상한 염동파로 적을 공격<NEXT>사용할 때마다 위력이 변한다,0x5E70,1
150,튀어오르기,튀어오르기,튀어오르기,False,UNCHANGED,CURRENT_LOCALIZATION_DATA_CONSENSUS,PKHEX_EQUALS_POKEAPI,https://github.com/kwsch/PKHeX/blob/master/PKHeX.Core/Resources/text/other/ko/text_Moves_ko.txt,556e2c142cdee41dbd092c2f9e7efc17e9456938,https://github.com/PokeAPI/pokeapi/blob/master/data/v2/csv/move_names.csv,8fe210b21c9abbe73de93670f3d5a346c80a3625,2026-09-10,10,10,0,09 d2 06 ee 07 20 04 33 01 b2,0x6C,0x5B45,0x1B1B45,09 d2 06 ee 07 20 04 33 01 b2,팔딱 튀기만 하고 아무 일도<NEXT>일어나지 않는다…,0x5EA6,1
151,녹기,녹기,녹기,False,UNCHANGED,CURRENT_LOCALIZATION_DATA_CONSENSUS,PKHEX_EQUALS_POKEAPI,https://github.com/kwsch/PKHeX/blob/master/PKHeX.Core/Resources/text/other/ko/text_Moves_ko.txt,556e2c142cdee41dbd092c2f9e7efc17e9456938,https://github.com/PokeAPI/pokeapi/blob/master/data/v2/csv/move_names.csv,8fe210b21c9abbe73de93670f3d5a346c80a3625,2026-09-10,4,4,0,02 8c 01 b2,0x6C,0x5B50,0x1B1B50,02 8c 01 b2,몸을 액상으로 변화시켜서<NEXT>방어력을 팍 높인다,0x5ED3,1
152,찝게햄머,집게해머,집게해머,True,RENAMED_OR_SPELLING,CURRENT_LOCALIZATION_DATA_CONSENSUS,PKHEX_EQUALS_POKEAPI,https://github.com/kwsch/PKHeX/blob/master/PKHeX.Core/Resources/text/other/ko/text_Moves_ko.txt,556e2c142cdee41dbd092c2f9e7efc17e9456938,https://github.com/PokeAPI/pokeapi/blob/master/data/v2/csv/move_names.csv,8fe210b21c9abbe73de93670f3d5a346c80a3625,2026-09-10,8,8,0,08 2d 01 34 0a 78 04 73,0x6C,0x5B55,0x1B1B55,08 93 01 34 0a 7c 04 73,집게가위로 적을 때린다<NEXT>급소에 명중하기 쉽다,0x5EFF,1
153,대폭발,대폭발,대폭발,False,UNCHANGED,CURRENT_LOCALIZATION_DATA_CONSENSUS,PKHEX_EQUALS_POKEAPI,https://github.com/kwsch/PKHeX/blob/master/PKHeX.Core/Resources/text/other/ko/text_Moves_ko.txt,556e2c142cdee41dbd092c2f9e7efc17e9456938,https://github.com/PokeAPI/pokeapi/blob/master/data/v2/csv/move_names.csv,8fe210b21c9abbe73de93670f3d5a346c80a3625,2026-09-10,6,6,0,02 eb 0a 28 04 df,0x6C,0x5B5E,0x1B1B5E,02 eb 0a 28 04 df,적에게 데미지를 입히지만<NEXT>사용하면 전투불능이 되어버린다,0x5F2B,1
154,마구할퀴기,마구할퀴기,마구할퀴기,False,UNCHANGED,CURRENT_LOCALIZATION_DATA_CONSENSUS,PKHEX_EQUALS_POKEAPI,https://github.com/kwsch/PKHeX/blob/master/PKHeX.Core/Resources/text/other/ko/text_Moves_ko.txt,556e2c142cdee41dbd092c2f9e7efc17e9456938,https://github.com/PokeAPI/pokeapi/blob/master/data/v2/csv/move_names.csv,8fe210b21c9abbe73de93670f3d5a346c80a3625,2026-09-10,10,10,0,04 46 01 88 0a 72 09 6b 01 b2,0x6C,0x5B65,0x1B1B65,04 46 01 88 0a 72 09 6b 01 b2,날카로운 손톱과 낫으로 할퀴어<NEXT>2-5회 연속으로 공격한다,0x5F63,1
155,뼈다귀부메랑,뼈다귀부메랑,뼈다귀부메랑,False,UNCHANGED,CURRENT_LOCALIZATION_DATA_CONSENSUS,PKHEX_EQUALS_POKEAPI,https://github.com/kwsch/PKHeX/blob/master/PKHeX.Core/Resources/text/other/ko/text_Moves_ko.txt,556e2c142cdee41dbd092c2f9e7efc17e9456938,https://github.com/PokeAPI/pokeapi/blob/master/data/v2/csv/move_names.csv,8fe210b21c9abbe73de93670f3d5a346c80a3625,2026-09-10,12,12,0,05 90 02 d9 01 9d 05 2e 04 7e 03 cb,0x6C,0x5B70,0x1B1B70,05 90 02 d9 01 9d 05 2e 04 7e 03 cb,뼈다귀를 던져 갔다가 돌아오면서<NEXT>2회 연속으로 공격한다,0x5F9A,1
156,잠자기,잠자기,잠자기,False,UNCHANGED,CURRENT_LOCALIZATION_DATA_CONSENSUS,PKHEX_EQUALS_POKEAPI,https://github.com/kwsch/PKHeX/blob/master/PKHeX.Core/Resources/text/other/ko/text_Moves_ko.txt,556e2c142cdee41dbd092c2f9e7efc17e9456938,https://github.com/PokeAPI/pokeapi/blob/master/data/v2/csv/move_names.csv,8fe210b21c9abbe73de93670f3d5a346c80a3625,2026-09-10,6,6,0,07 b1 07 aa 01 b2,0x6C,0x5B7D,0x1B1B7D,07 b1 07 aa 01 b2,2턴 잠을 자서 체력과<NEXT>몸의 이상상태를 회복시킨다,0x5FD0,1
157,스톤샤워,스톤샤워,스톤샤워,False,UNCHANGED,CURRENT_LOCALIZATION_DATA_CONSENSUS,PKHEX_EQUALS_POKEAPI,https://github.com/kwsch/PKHeX/blob/master/PKHeX.Core/Resources/text/other/ko/text_Moves_ko.txt,556e2c142cdee41dbd092c2f9e7efc17e9456938,https://github.com/PokeAPI/pokeapi/blob/master/data/v2/csv/move_names.csv,8fe210b21c9abbe73de93670f3d5a346c80a3625,2026-09-10,8,8,0,06 4a 09 b6 05 ce 07 66,0x6C,0x5B84,0x1B1B84,06 4a 09 b6 05 ce 07 66,커다란 바위를 던진다<NEXT>적의 기세를 꺾기도 한다,0x6000,1
158,필살앞니,필살앞니,필살앞니,False,UNCHANGED,CURRENT_LOCALIZATION_DATA_CONSENSUS,PKHEX_EQUALS_POKEAPI,https://github.com/kwsch/PKHeX/blob/master/PKHeX.Core/Resources/text/other/ko/text_Moves_ko.txt,556e2c142cdee41dbd092c2f9e7efc17e9456938,https://github.com/PokeAPI/pokeapi/blob/master/data/v2/csv/move_names.csv,8fe210b21c9abbe73de93670f3d5a346c80a3625,2026-09-10,8,8,0,0a 6a 05 bc 06 d5 02 cf,0x6C,0x5B8D,0x1B1B8D,0a 6a 05 bc 06 d5 02 cf,날카로운 앞니로 적을 공격<NEXT>적을 물러서게 만들 때도 있다,0x602D,1
159,각지기,각지기,각지기,False,UNCHANGED,CURRENT_LOCALIZATION_DATA_CONSENSUS,PKHEX_EQUALS_POKEAPI,https://github.com/kwsch/PKHeX/blob/master/PKHeX.Core/Resources/text/other/ko/text_Moves_ko.txt,556e2c142cdee41dbd092c2f9e7efc17e9456938,https://github.com/PokeAPI/pokeapi/blob/master/data/v2/csv/move_names.csv,8fe210b21c9abbe73de93670f3d5a346c80a3625,2026-09-10,6,6,0,01 02 08 26 01 b2,0x6C,0x5B96,0x1B1B96,01 02 08 26 01 b2,폴리곤을 줄여서 각진 형상이 되어<NEXT>공격력을 높인다,0x6064,1
160,텍스쳐,텍스처,텍스처,True,RENAMED_OR_SPELLING,CURRENT_LOCALIZATION_DATA_CONSENSUS,PKHEX_EQUALS_POKEAPI,https://github.com/kwsch/PKHeX/blob/master/PKHeX.Core/Resources/text/other/ko/text_Moves_ko.txt,556e2c142cdee41dbd092c2f9e7efc17e9456938,https://github.com/PokeAPI/pokeapi/blob/master/data/v2/csv/move_names.csv,8fe210b21c9abbe73de93670f3d5a346c80a3625,2026-09-10,6,6,0,09 a8 06 4a 08 b3,0x6C,0x5B9D,0x1B1B9D,09 a8 06 4a 08 c4,기억하고 있는 기술 타입의<NEXT>어느것인지에 자신의 타입을 바꾼다,0x6095,1
161,트라이어택,트라이어택,트라이어택,False,UNCHANGED,CURRENT_LOCALIZATION_DATA_CONSENSUS,PKHEX_EQUALS_POKEAPI,https://github.com/kwsch/PKHeX/blob/master/PKHeX.Core/Resources/text/other/ko/text_Moves_ko.txt,556e2c142cdee41dbd092c2f9e7efc17e9456938,https://github.com/PokeAPI/pokeapi/blob/master/data/v2/csv/move_names.csv,8fe210b21c9abbe73de93670f3d5a346c80a3625,2026-09-10,10,10,0,09 de 03 c3 07 9c 06 ee 09 93,0x6C,0x5BA4,0x1B1BA4,09 de 03 c3 07 9c 06 ee 09 93,3종류의 광선을<NEXT>한 개로 모아서 적에게 발사한다,0x60D1,1
162,분노의앞니,분노의앞니,분노의앞니,False,UNCHANGED,CURRENT_LOCALIZATION_DATA_CONSENSUS,PKHEX_EQUALS_POKEAPI,https://github.com/kwsch/PKHeX/blob/master/PKHeX.Core/Resources/text/other/ko/text_Moves_ko.txt,556e2c142cdee41dbd092c2f9e7efc17e9456938,https://github.com/PokeAPI/pokeapi/blob/master/data/v2/csv/move_names.csv,8fe210b21c9abbe73de93670f3d5a346c80a3625,2026-09-10,10,10,0,05 30 02 8b 07 97 06 d5 02 cf,0x6C,0x5BAF,0x1B1BAF,05 30 02 8b 07 97 06 d5 02 cf,날카로운 앞니로 공격해서<NEXT>적의 체력을 반으로 만든다,0x60FF,1
163,베어가르기,베어가르기,베어가르기,False,UNCHANGED,CURRENT_LOCALIZATION_DATA_CONSENSUS,PKHEX_EQUALS_POKEAPI,https://github.com/kwsch/PKHeX/blob/master/PKHeX.Core/Resources/text/other/ko/text_Moves_ko.txt,556e2c142cdee41dbd092c2f9e7efc17e9456938,https://github.com/PokeAPI/pokeapi/blob/master/data/v2/csv/move_names.csv,8fe210b21c9abbe73de93670f3d5a346c80a3625,2026-09-10,10,10,0,05 03 06 ee 01 01 04 33 01 b2,0x6C,0x5BBA,0x1B1BBA,05 03 06 ee 01 01 04 33 01 b2,날카로운 낫과 손톱 등으로 공격<NEXT>급소에 맞추기 쉽다,0x6132,1
164,대타출동,대타출동,대타출동,False,UNCHANGED,CURRENT_LOCALIZATION_DATA_CONSENSUS,PKHEX_EQUALS_POKEAPI,https://github.com/kwsch/PKHeX/blob/master/PKHeX.Core/Resources/text/other/ko/text_Moves_ko.txt,556e2c142cdee41dbd092c2f9e7efc17e9456938,https://github.com/PokeAPI/pokeapi/blob/master/data/v2/csv/move_names.csv,8fe210b21c9abbe73de93670f3d5a346c80a3625,2026-09-10,8,8,0,02 eb 09 88 08 e2 03 1f,0x6C,0x5BC5,0x1B1BC5,02 eb 09 88 08 e2 03 1f,체력의 4분의1을 사용하여<NEXT>자신의 분신을 만들어낸다,0x6164,1
165,발버둥,발버둥,발버둥,False,UNCHANGED,CURRENT_LOCALIZATION_DATA_CONSENSUS,PKHEX_EQUALS_POKEAPI,https://github.com/kwsch/PKHeX/blob/master/PKHeX.Core/Resources/text/other/ko/text_Moves_ko.txt,556e2c142cdee41dbd092c2f9e7efc17e9456938,https://github.com/PokeAPI/pokeapi/blob/master/data/v2/csv/move_names.csv,8fe210b21c9abbe73de93670f3d5a346c80a3625,2026-09-10,6,6,0,04 df 04 f6 03 35,0x6C,0x5BCE,0x1B1BCE,04 df 04 f6 03 35,기술포인트가 떨어지면 나오는 기술<NEXT>자신도 약간의 데미지를 입는다,0x6196,1
166,스케치,스케치,스케치,False,UNCHANGED,CURRENT_LOCALIZATION_DATA_CONSENSUS,PKHEX_EQUALS_POKEAPI,https://github.com/kwsch/PKHeX/blob/master/PKHeX.Core/Resources/text/other/ko/text_Moves_ko.txt,556e2c142cdee41dbd092c2f9e7efc17e9456938,https://github.com/PokeAPI/pokeapi/blob/master/data/v2/csv/move_names.csv,8fe210b21c9abbe73de93670f3d5a346c80a3625,2026-09-10,6,6,0,06 4a 09 29 09 01,0x6C,0x5BD5,0x1B1BD5,06 4a 09 29 09 01,적이 사용한 기술을 스케치해서<NEXT>그 기술을 자신의 것으로 만든다,0x61D6,1
167,트리플 킥,트리플킥,트리플킥,True,SPACING_NORMALIZATION,CURRENT_LOCALIZATION_DATA_CONSENSUS,PKHEX_EQUALS_POKEAPI,https://github.com/kwsch/PKHeX/blob/master/PKHeX.Core/Resources/text/other/ko/text_Moves_ko.txt,556e2c142cdee41dbd092c2f9e7efc17e9456938,https://github.com/PokeAPI/pokeapi/blob/master/data/v2/csv/move_names.csv,8fe210b21c9abbe73de93670f3d5a346c80a3625,2026-09-10,9,8,-1,09 de 04 3e 0a 63 09 81,0x6C,0x5BDC,0x1B1BDC,09 de 04 3e 0a 63 7f 09 81,적을 3회 연속으로 공격<NEXT>맞을 때마다 데미지가 올라간다,0x6213,1
168,도둑,도둑질,도둑질,True,RENAMED_OR_SPELLING,CURRENT_LOCALIZATION_DATA_CONSENSUS,PKHEX_EQUALS_POKEAPI,https://github.com/kwsch/PKHeX/blob/master/PKHeX.Core/Resources/text/other/ko/text_Moves_ko.txt,556e2c142cdee41dbd092c2f9e7efc17e9456938,https://github.com/PokeAPI/pokeapi/blob/master/data/v2/csv/move_names.csv,8fe210b21c9abbe73de93670f3d5a346c80a3625,2026-09-10,4,6,2,03 15 03 2f 08 2a,0x6C,0x5BE6,0x1B1BE6,03 15 03 2f,공격 절정일 때 틈을 노려서<NEXT>적이 들고있는 도구를 훔친다,0x6248,1
169,거미집,거미집,거미집,False,UNCHANGED,CURRENT_LOCALIZATION_DATA_CONSENSUS,PKHEX_EQUALS_POKEAPI,https://github.com/kwsch/PKHeX/blob/master/PKHeX.Core/Resources/text/other/ko/text_Moves_ko.txt,556e2c142cdee41dbd092c2f9e7efc17e9456938,https://github.com/PokeAPI/pokeapi/blob/master/data/v2/csv/move_names.csv,8fe210b21c9abbe73de93670f3d5a346c80a3625,2026-09-10,6,6,0,01 25 04 cc 08 2d,0x6C,0x5BEB,0x1B1BEB,01 25 04 cc 08 2d,끈적끈적한 실을 휘감아서<NEXT>적을 도망치지 못하게 한다,0x627F,1
170,마음의 눈,마음의눈,마음의눈,True,SPACING_NORMALIZATION,CURRENT_LOCALIZATION_DATA_CONSENSUS,PKHEX_EQUALS_POKEAPI,https://github.com/kwsch/PKHeX/blob/master/PKHeX.Core/Resources/text/other/ko/text_Moves_ko.txt,556e2c142cdee41dbd092c2f9e7efc17e9456938,https://github.com/PokeAPI/pokeapi/blob/master/data/v2/csv/move_names.csv,8fe210b21c9abbe73de93670f3d5a346c80a3625,2026-09-10,9,8,-1,04 46 07 8d 07 97 02 ab,0x6C,0x5BF2,0x1B1BF2,04 46 07 8d 07 97 7f 02 ab,적의 움직임을 마음으로 느껴서<NEXT>다음의 공격을 반드시 맞춘다,0x62B2,1
171,악몽,악몽,악몽,False,UNCHANGED,CURRENT_LOCALIZATION_DATA_CONSENSUS,PKHEX_EQUALS_POKEAPI,https://github.com/kwsch/PKHeX/blob/master/PKHeX.Core/Resources/text/other/ko/text_Moves_ko.txt,556e2c142cdee41dbd092c2f9e7efc17e9456938,https://github.com/PokeAPI/pokeapi/blob/master/data/v2/csv/move_names.csv,8fe210b21c9abbe73de93670f3d5a346c80a3625,2026-09-10,4,4,0,06 c7 04 99,0x6C,0x5BFC,0x1B1BFC,06 c7 04 99,적이 자고있는 동안에 체력을<NEXT>매 턴마다 4분의1씩 줄여나간다,0x62EC,1
172,화염 자동차,화염바퀴,화염바퀴,True,RENAMED_OR_SPELLING,CURRENT_LOCALIZATION_DATA_CONSENSUS,PKHEX_EQUALS_POKEAPI,https://github.com/kwsch/PKHeX/blob/master/PKHeX.Core/Resources/text/other/ko/text_Moves_ko.txt,556e2c142cdee41dbd092c2f9e7efc17e9456938,https://github.com/PokeAPI/pokeapi/blob/master/data/v2/csv/move_names.csv,8fe210b21c9abbe73de93670f3d5a346c80a3625,2026-09-10,11,8,-3,0a ad 07 10 04 d9 09 6b,0x6C,0x5C01,0x1B1C01,0a ad 07 10 7f 07 aa 03 1f 08 97,화염을 휘감아서 돌진한다<NEXT>적에게 화상을 입히기도 한다,0x6326,1
173,코골기,코골기,코골기,False,UNCHANGED,CURRENT_LOCALIZATION_DATA_CONSENSUS,PKHEX_EQUALS_POKEAPI,https://github.com/kwsch/PKHeX/blob/master/PKHeX.Core/Resources/text/other/ko/text_Moves_ko.txt,556e2c142cdee41dbd092c2f9e7efc17e9456938,https://github.com/PokeAPI/pokeapi/blob/master/data/v2/csv/move_names.csv,8fe210b21c9abbe73de93670f3d5a346c80a3625,2026-09-10,6,6,0,09 3a 01 61 01 b2,0x6C,0x5C0D,0x1B1C0D,09 3a 01 61 01 b2,자고있을 때만 쓸 수 있는 기술<NEXT>엄청난 코골기로 적을 공격한다,0x635B,1
174,저주,저주,저주,False,UNCHANGED,CURRENT_LOCALIZATION_DATA_CONSENSUS,PKHEX_EQUALS_POKEAPI,https://github.com/kwsch/PKHeX/blob/master/PKHeX.Core/Resources/text/other/ko/text_Moves_ko.txt,556e2c142cdee41dbd092c2f9e7efc17e9456938,https://github.com/PokeAPI/pokeapi/blob/master/data/v2/csv/move_names.csv,8fe210b21c9abbe73de93670f3d5a346c80a3625,2026-09-10,4,4,0,07 ca 08 06,0x6C,0x5C14,0x1B1C14,07 ca 08 06,고스트타입이랑 그 이외의 타입은<NEXT>기술의 효과가 다르다,0x6397,1
175,바둥바둥,바둥바둥,바둥바둥,False,UNCHANGED,CURRENT_LOCALIZATION_DATA_CONSENSUS,PKHEX_EQUALS_POKEAPI,https://github.com/kwsch/PKHeX/blob/master/PKHeX.Core/Resources/text/other/ko/text_Moves_ko.txt,556e2c142cdee41dbd092c2f9e7efc17e9456938,https://github.com/PokeAPI/pokeapi/blob/master/data/v2/csv/move_names.csv,8fe210b21c9abbe73de93670f3d5a346c80a3625,2026-09-10,8,8,0,04 d9 03 35 04 d9 03 35,0x6C,0x5C19,0x1B1C19,04 d9 03 35 04 d9 03 35,자신의 체력이 적을수록<NEXT>적에게 큰 데미지를 입힌다,0x63CC,1
176,텍스쳐2,텍스처2,텍스처2,True,RENAMED_OR_SPELLING,CURRENT_LOCALIZATION_DATA_CONSENSUS,PKHEX_EQUALS_POKEAPI,https://github.com/kwsch/PKHeX/blob/master/PKHeX.Core/Resources/text/other/ko/text_Moves_ko.txt,556e2c142cdee41dbd092c2f9e7efc17e9456938,https://github.com/PokeAPI/pokeapi/blob/master/data/v2/csv/move_names.csv,8fe210b21c9abbe73de93670f3d5a346c80a3625,2026-09-10,7,7,0,09 a8 06 4a 08 b3 f8,0x6C,0x5C22,0x1B1C22,09 a8 06 4a 08 c4 f8,당한 기술의 타입을 자신의<NEXT>저항력으로 바꾼다,0x63FD,1
177,에어로블레스트,에어로블라스트,에어로블라스트,True,RENAMED_OR_SPELLING,CURRENT_LOCALIZATION_DATA_CONSENSUS,PKHEX_EQUALS_POKEAPI,https://github.com/kwsch/PKHeX/blob/master/PKHeX.Core/Resources/text/other/ko/text_Moves_ko.txt,556e2c142cdee41dbd092c2f9e7efc17e9456938,https://github.com/PokeAPI/pokeapi/blob/master/data/v2/csv/move_names.csv,8fe210b21c9abbe73de93670f3d5a346c80a3625,2026-09-10,14,14,0,07 01 06 ee 03 fe 05 4d 03 c3 06 4a 09 de,0x6C,0x5C2A,0x1B1C2A,07 01 06 ee 03 fe 05 4d 03 e9 06 4a 09 de,진공파를 발사해서 공격<NEXT>급소를 맞추기 쉽다,0x6429,1
178,목화포자,목화포자,목화포자,False,UNCHANGED,CURRENT_LOCALIZATION_DATA_CONSENSUS,PKHEX_EQUALS_POKEAPI,https://github.com/kwsch/PKHeX/blob/master/PKHeX.Core/Resources/text/other/ko/text_Moves_ko.txt,556e2c142cdee41dbd092c2f9e7efc17e9456938,https://github.com/PokeAPI/pokeapi/blob/master/data/v2/csv/move_names.csv,8fe210b21c9abbe73de93670f3d5a346c80a3625,2026-09-10,8,8,0,04 91 0a ad 0a 27 07 aa,0x6C,0x5C39,0x1B1C39,04 91 0a ad 0a 27 07 aa,포자를 흩뿌려서 적의<NEXT>움직임을 더욱 둔화시킨다,0x6453,1
179,기사회생,기사회생,기사회생,False,UNCHANGED,CURRENT_LOCALIZATION_DATA_CONSENSUS,PKHEX_EQUALS_POKEAPI,https://github.com/kwsch/PKHeX/blob/master/PKHeX.Core/Resources/text/other/ko/text_Moves_ko.txt,556e2c142cdee41dbd092c2f9e7efc17e9456938,https://github.com/PokeAPI/pokeapi/blob/master/data/v2/csv/move_names.csv,8fe210b21c9abbe73de93670f3d5a346c80a3625,2026-09-10,8,8,0,01 b2 05 b7 0a b8 05 cd,0x6C,0x5C42,0x1B1C42,01 b2 05 b7 0a b8 05 cd,자신의 체력이 적을수록<NEXT>적에게 큰 데미지를 입힌다,0x6481,1
180,원한,원한,원한,False,UNCHANGED,CURRENT_LOCALIZATION_DATA_CONSENSUS,PKHEX_EQUALS_POKEAPI,https://github.com/kwsch/PKHeX/blob/master/PKHeX.Core/Resources/text/other/ko/text_Moves_ko.txt,556e2c142cdee41dbd092c2f9e7efc17e9456938,https://github.com/PokeAPI/pokeapi/blob/master/data/v2/csv/move_names.csv,8fe210b21c9abbe73de93670f3d5a346c80a3625,2026-09-10,4,4,0,07 68 0a 71,0x6C,0x5C4B,0x1B1C4B,07 68 0a 71,상대가 발휘한 기술에 앙심을 품고<NEXT>그 기술포인트를 떨어뜨린다,0x64B2,1
181,눈싸라기,눈싸라기,눈싸라기,False,UNCHANGED,CURRENT_LOCALIZATION_DATA_CONSENSUS,PKHEX_EQUALS_POKEAPI,https://github.com/kwsch/PKHeX/blob/master/PKHeX.Core/Resources/text/other/ko/text_Moves_ko.txt,556e2c142cdee41dbd092c2f9e7efc17e9456938,https://github.com/PokeAPI/pokeapi/blob/master/data/v2/csv/move_names.csv,8fe210b21c9abbe73de93670f3d5a346c80a3625,2026-09-10,8,8,0,02 ab 06 6e 03 c3 01 b2,0x6C,0x5C50,0x1B1C50,02 ab 06 6e 03 c3 01 b2,눈을 바람에 실어서 공격한다<NEXT>적을 얼려버리기도 한다,0x64EE,1
182,방어,방어,방어,False,UNCHANGED,CURRENT_LOCALIZATION_DATA_CONSENSUS,PKHEX_EQUALS_POKEAPI,https://github.com/kwsch/PKHeX/blob/master/PKHeX.Core/Resources/text/other/ko/text_Moves_ko.txt,556e2c142cdee41dbd092c2f9e7efc17e9456938,https://github.com/PokeAPI/pokeapi/blob/master/data/v2/csv/move_names.csv,8fe210b21c9abbe73de93670f3d5a346c80a3625,2026-09-10,4,4,0,04 e6 06 ee,0x6C,0x5C59,0x1B1C59,04 e6 06 ee,그 턴의 공격을 받지 않는다<NEXT>연속으로 사용하면 실패하기 쉽다,0x6521,1
183,마하펀치,마하펀치,마하펀치,False,UNCHANGED,CURRENT_LOCALIZATION_DATA_CONSENSUS,PKHEX_EQUALS_POKEAPI,https://github.com/kwsch/PKHeX/blob/master/PKHeX.Core/Resources/text/other/ko/text_Moves_ko.txt,556e2c142cdee41dbd092c2f9e7efc17e9456938,https://github.com/PokeAPI/pokeapi/blob/master/data/v2/csv/move_names.csv,8fe210b21c9abbe73de93670f3d5a346c80a3625,2026-09-10,8,8,0,04 46 0a 6f 0a 0d 09 01,0x6C,0x5C5E,0x1B1C5E,04 46 0a 6f 0a 0d 09 01,엄청나게 빠른 펀치를 날려서<NEXT>반드시 선제공격이 되도록 한다,0x655C,1
184,겁나는 얼굴,겁나는얼굴,겁나는얼굴,True,SPACING_NORMALIZATION,CURRENT_LOCALIZATION_DATA_CONSENSUS,PKHEX_EQUALS_POKEAPI,https://github.com/kwsch/PKHeX/blob/master/PKHeX.Core/Resources/text/other/ko/text_Moves_ko.txt,556e2c142cdee41dbd092c2f9e7efc17e9456938,https://github.com/PokeAPI/pokeapi/blob/master/data/v2/csv/move_names.csv,8fe210b21c9abbe73de93670f3d5a346c80a3625,2026-09-10,11,10,-1,01 2c 02 3a 02 c2 06 f3 01 8c,0x6C,0x5C67,0x1B1C67,01 2c 02 3a 02 c2 7f 06 f3 01 8c,무서운 얼굴로 적에게 겁을 줘서<NEXT>움직임을 더욱 둔화시킨다,0x6596,1
185,속여 때리기,속여때리기,속여때리기,True,SPACING_NORMALIZATION,CURRENT_LOCALIZATION_DATA_CONSENSUS,PKHEX_EQUALS_POKEAPI,https://github.com/kwsch/PKHeX/blob/master/PKHeX.Core/Resources/text/other/ko/text_Moves_ko.txt,556e2c142cdee41dbd092c2f9e7efc17e9456938,https://github.com/PokeAPI/pokeapi/blob/master/data/v2/csv/move_names.csv,8fe210b21c9abbe73de93670f3d5a346c80a3625,2026-09-10,11,10,-1,06 03 07 09 03 77 04 3e 01 b2,0x6C,0x5C73,0x1B1C73,06 03 07 09 7f 03 77 04 3e 01 b2,적을 방심하게 만들어 접근하여<NEXT>피할 수 없는 공격을 펼친다,0x65CE,1
186,천사의 키스,천사의키스,천사의키스,True,SPACING_NORMALIZATION,CURRENT_LOCALIZATION_DATA_CONSENSUS,PKHEX_EQUALS_POKEAPI,https://github.com/kwsch/PKHeX/blob/master/PKHeX.Core/Resources/text/other/ko/text_Moves_ko.txt,556e2c142cdee41dbd092c2f9e7efc17e9456938,https://github.com/PokeAPI/pokeapi/blob/master/data/v2/csv/move_names.csv,8fe210b21c9abbe73de93670f3d5a346c80a3625,2026-09-10,11,10,-1,08 b5 05 b7 07 97 09 80 06 4a,0x6C,0x5C7F,0x1B1C7F,08 b5 05 b7 07 97 7f 09 80 06 4a,귀여운 얼굴로 키스를 한다<NEXT>키스를 당하면 혼란에 빠진다,0x6607,1
187,배북,배북,배북,False,UNCHANGED,CURRENT_LOCALIZATION_DATA_CONSENSUS,PKHEX_EQUALS_POKEAPI,https://github.com/kwsch/PKHeX/blob/master/PKHeX.Core/Resources/text/other/ko/text_Moves_ko.txt,556e2c142cdee41dbd092c2f9e7efc17e9456938,https://github.com/PokeAPI/pokeapi/blob/master/data/v2/csv/move_names.csv,8fe210b21c9abbe73de93670f3d5a346c80a3625,2026-09-10,4,4,0,04 e8 05 2f,0x6C,0x5C8B,0x1B1C8B,04 e8 05 2f,자신의 체력을 떨어뜨려서<NEXT>공격력을 최대로 끌어올린다,0x663D,1
188,오물 폭탄,오물폭탄,오물폭탄,True,SPACING_NORMALIZATION,CURRENT_LOCALIZATION_DATA_CONSENSUS,PKHEX_EQUALS_POKEAPI,https://github.com/kwsch/PKHeX/blob/master/PKHeX.Core/Resources/text/other/ko/text_Moves_ko.txt,556e2c142cdee41dbd092c2f9e7efc17e9456938,https://github.com/PokeAPI/pokeapi/blob/master/data/v2/csv/move_names.csv,8fe210b21c9abbe73de93670f3d5a346c80a3625,2026-09-10,9,8,-1,07 20 04 b0 0a 28 09 8a,0x6C,0x5C90,0x1B1C90,07 20 04 b0 7f 0a 28 09 8a,오물을 던져서 공격<NEXT>적을 독에 중독시키기도 한다,0x6671,1
189,진흙 뿌리기,진흙뿌리기,진흙뿌리기,True,SPACING_NORMALIZATION,CURRENT_LOCALIZATION_DATA_CONSENSUS,PKHEX_EQUALS_POKEAPI,https://github.com/kwsch/PKHeX/blob/master/PKHeX.Core/Resources/text/other/ko/text_Moves_ko.txt,556e2c142cdee41dbd092c2f9e7efc17e9456938,https://github.com/PokeAPI/pokeapi/blob/master/data/v2/csv/move_names.csv,8fe210b21c9abbe73de93670f3d5a346c80a3625,2026-09-10,11,10,-1,08 28 0a eb 05 a1 04 3e 01 b2,0x6C,0x5C9A,0x1B1C9A,08 28 0a eb 7f 05 a1 04 3e 01 b2,적의 얼굴 등에 진흙을 발라<NEXT>명중률이 떨어지게 만든다,0x66A0,1
190,대포무노포,대포무노포,대포무노포,False,UNCHANGED,CURRENT_LOCALIZATION_DATA_CONSENSUS,PKHEX_EQUALS_POKEAPI,https://github.com/kwsch/PKHeX/blob/master/PKHeX.Core/Resources/text/other/ko/text_Moves_ko.txt,556e2c142cdee41dbd092c2f9e7efc17e9456938,https://github.com/PokeAPI/pokeapi/blob/master/data/v2/csv/move_names.csv,8fe210b21c9abbe73de93670f3d5a346c80a3625,2026-09-10,10,10,0,02 eb 0a 27 04 ab 02 8b 0a 27,0x6C,0x5CA6,0x1B1CA6,02 eb 0a 27 04 ab 02 8b 0a 27,먹물 덩어리를 발사해서<NEXT>명중력이 떨어지게 만든다,0x66D4,1
191,압정 뿌리기,압정뿌리기,압정뿌리기,True,SPACING_NORMALIZATION,CURRENT_LOCALIZATION_DATA_CONSENSUS,PKHEX_EQUALS_POKEAPI,https://github.com/kwsch/PKHeX/blob/master/PKHeX.Core/Resources/text/other/ko/text_Moves_ko.txt,556e2c142cdee41dbd092c2f9e7efc17e9456938,https://github.com/PokeAPI/pokeapi/blob/master/data/v2/csv/move_names.csv,8fe210b21c9abbe73de93670f3d5a346c80a3625,2026-09-10,11,10,-1,06 d0 07 d4 05 a1 04 3e 01 b2,0x6C,0x5CB1,0x1B1CB1,06 d0 07 d4 7f 05 a1 04 3e 01 b2,적의 주변에 함정을 만들어<NEXT>교대한 적을 공격한다,0x6704,1
192,전자포,전자포,전자포,False,UNCHANGED,CURRENT_LOCALIZATION_DATA_CONSENSUS,PKHEX_EQUALS_POKEAPI,https://github.com/kwsch/PKHeX/blob/master/PKHeX.Core/Resources/text/other/ko/text_Moves_ko.txt,556e2c142cdee41dbd092c2f9e7efc17e9456938,https://github.com/PokeAPI/pokeapi/blob/master/data/v2/csv/move_names.csv,8fe210b21c9abbe73de93670f3d5a346c80a3625,2026-09-10,6,6,0,07 cc 07 aa 0a 27,0x6C,0x5CBD,0x1B1CBD,07 cc 07 aa 0a 27,명중률이 낮지만 데미지는 크다<NEXT>명중하면 반드시 마비되어 버린다,0x6733,1
193,꿰뚫어 보기,꿰뚫어보기,꿰뚫어보기,True,SPACING_NORMALIZATION,CURRENT_LOCALIZATION_DATA_CONSENSUS,PKHEX_EQUALS_POKEAPI,https://github.com/kwsch/PKHeX/blob/master/PKHeX.Core/Resources/text/other/ko/text_Moves_ko.txt,556e2c142cdee41dbd092c2f9e7efc17e9456938,https://github.com/PokeAPI/pokeapi/blob/master/data/v2/csv/move_names.csv,8fe210b21c9abbe73de93670f3d5a346c80a3625,2026-09-10,11,10,-1,02 17 03 a5 06 ee 05 18 01 b2,0x6C,0x5CC4,0x1B1CC4,02 17 03 a5 06 ee 7f 05 18 01 b2,기술이 명중하기 어렵게된 적에게<NEXT>공격이 잘 먹히도록 만든다,0x6771,1
194,길동무,길동무,길동무,False,UNCHANGED,CURRENT_LOCALIZATION_DATA_CONSENSUS,PKHEX_EQUALS_POKEAPI,https://github.com/kwsch/PKHeX/blob/master/PKHeX.Core/Resources/text/other/ko/text_Moves_ko.txt,556e2c142cdee41dbd092c2f9e7efc17e9456938,https://github.com/PokeAPI/pokeapi/blob/master/data/v2/csv/move_names.csv,8fe210b21c9abbe73de93670f3d5a346c80a3625,2026-09-10,6,6,0,01 b6 03 1f 04 ab,0x6C,0x5CD0,0x1B1CD0,01 b6 03 1f 04 ab,이 기술 뒤에 쓰러지게되면<NEXT>적도 전투불능이 되어버린다,0x67AB,1
195,멸망의 노래,멸망의노래,멸망의노래,True,SPACING_NORMALIZATION,CURRENT_LOCALIZATION_DATA_CONSENSUS,PKHEX_EQUALS_POKEAPI,https://github.com/kwsch/PKHeX/blob/master/PKHeX.Core/Resources/text/other/ko/text_Moves_ko.txt,556e2c142cdee41dbd092c2f9e7efc17e9456938,https://github.com/PokeAPI/pokeapi/blob/master/data/v2/csv/move_names.csv,8fe210b21c9abbe73de93670f3d5a346c80a3625,2026-09-10,11,10,-1,04 8a 04 61 07 97 02 8b 03 d1,0x6C,0x5CD7,0x1B1CD7,04 8a 04 61 07 97 7f 02 8b 03 d1,들은 포켓몬은 3턴 후에<NEXT>전투불능이 되어버린다,0x67E0,1
196,얼다바람,얼어붙은바람,얼어붙은바람,True,RENAMED_OR_SPELLING,CURRENT_LOCALIZATION_DATA_CONSENSUS,PKHEX_EQUALS_POKEAPI,https://github.com/kwsch/PKHeX/blob/master/PKHeX.Core/Resources/text/other/ko/text_Moves_ko.txt,556e2c142cdee41dbd092c2f9e7efc17e9456938,https://github.com/PokeAPI/pokeapi/blob/master/data/v2/csv/move_names.csv,8fe210b21c9abbe73de93670f3d5a346c80a3625,2026-09-10,8,12,4,06 f3 06 ee 05 39 07 8a 04 d9 03 c7,0x6C,0x5CE3,0x1B1CE3,06 f3 02 d9 04 d9 03 c7,엄청난 냉기로 적을 공격<NEXT>스피드를 낮게 떨어뜨린다,0x680D,1
197,선찰,판별,판별,True,RENAMED_OR_SPELLING,CURRENT_LOCALIZATION_DATA_CONSENSUS,PKHEX_EQUALS_POKEAPI,https://github.com/kwsch/PKHeX/blob/master/PKHeX.Core/Resources/text/other/ko/text_Moves_ko.txt,556e2c142cdee41dbd092c2f9e7efc17e9456938,https://github.com/PokeAPI/pokeapi/blob/master/data/v2/csv/move_names.csv,8fe210b21c9abbe73de93670f3d5a346c80a3625,2026-09-10,4,4,0,09 f7 05 10,0x6C,0x5CEC,0x1B1CEC,05 e1 08 9b,적의 공격을 반드시 피한다<NEXT>연속으로 사용하면 실패하기 쉽다,0x683E,1
198,본러쉬,본러시,본러시,True,RENAMED_OR_SPELLING,CURRENT_LOCALIZATION_DATA_CONSENSUS,PKHEX_EQUALS_POKEAPI,https://github.com/kwsch/PKHeX/blob/master/PKHeX.Core/Resources/text/other/ko/text_Moves_ko.txt,556e2c142cdee41dbd092c2f9e7efc17e9456938,https://github.com/PokeAPI/pokeapi/blob/master/data/v2/csv/move_names.csv,8fe210b21c9abbe73de93670f3d5a346c80a3625,2026-09-10,6,6,0,05 1b 03 df 06 63,0x6C,0x5CF1,0x1B1CF1,05 1b 03 df 06 3c,손에 들은 뼈다귀로 2-5회<NEXT>연속으로 적을 공격한다,0x6878,1
199,록온,록온,록온,False,UNCHANGED,CURRENT_LOCALIZATION_DATA_CONSENSUS,PKHEX_EQUALS_POKEAPI,https://github.com/kwsch/PKHeX/blob/master/PKHeX.Core/Resources/text/other/ko/text_Moves_ko.txt,556e2c142cdee41dbd092c2f9e7efc17e9456938,https://github.com/PokeAPI/pokeapi/blob/master/data/v2/csv/move_names.csv,8fe210b21c9abbe73de93670f3d5a346c80a3625,2026-09-10,4,4,0,03 ff 07 22,0x6C,0x5CF8,0x1B1CF8,03 ff 07 22,적에게 조준을 맞춰서<NEXT>다음 공격을 반드시 맞게 한다,0x68A9,1
200,역린,역린,역린,False,UNCHANGED,CURRENT_LOCALIZATION_DATA_CONSENSUS,PKHEX_EQUALS_POKEAPI,https://github.com/kwsch/PKHeX/blob/master/PKHeX.Core/Resources/text/other/ko/text_Moves_ko.txt,556e2c142cdee41dbd092c2f9e7efc17e9456938,https://github.com/PokeAPI/pokeapi/blob/master/data/v2/csv/move_names.csv,8fe210b21c9abbe73de93670f3d5a346c80a3625,2026-09-10,4,4,0,07 0a 04 40,0x6C,0x5CFD,0x1B1CFD,07 0a 04 40,2-3턴 동안에 난동을 부린다<NEXT>난동을 부린 후에는 혼란에 빠진다,0x68DB,1
201,모래바람,모래바람,모래바람,False,UNCHANGED,CURRENT_LOCALIZATION_DATA_CONSENSUS,PKHEX_EQUALS_POKEAPI,https://github.com/kwsch/PKHeX/blob/master/PKHeX.Core/Resources/text/other/ko/text_Moves_ko.txt,556e2c142cdee41dbd092c2f9e7efc17e9456938,https://github.com/PokeAPI/pokeapi/blob/master/data/v2/csv/move_names.csv,8fe210b21c9abbe73de93670f3d5a346c80a3625,2026-09-10,8,8,0,04 90 03 d1 04 d9 03 c7,0x6C,0x5D02,0x1B1D02,04 90 03 d1 04 d9 03 c7,모래바람을 발생시켜서<NEXT>매 턴마다 데미지를 입힌다,0x6918,1
202,기가 드레인,기가드레인,기가드레인,True,SPACING_NORMALIZATION,CURRENT_LOCALIZATION_DATA_CONSENSUS,PKHEX_EQUALS_POKEAPI,https://github.com/kwsch/PKHeX/blob/master/PKHeX.Core/Resources/text/other/ko/text_Moves_ko.txt,556e2c142cdee41dbd092c2f9e7efc17e9456938,https://github.com/PokeAPI/pokeapi/blob/master/data/v2/csv/move_names.csv,8fe210b21c9abbe73de93670f3d5a346c80a3625,2026-09-10,11,10,-1,01 b2 01 01 03 45 03 e9 07 9e,0x6C,0x5D0B,0x1B1D0B,01 b2 01 01 7f 03 45 03 e9 07 9e,적에게 입힌 데미지의<NEXT>반을 체력으로 회복한다,0x6948,1
203,버티기,버티기,버티기,False,UNCHANGED,CURRENT_LOCALIZATION_DATA_CONSENSUS,PKHEX_EQUALS_POKEAPI,https://github.com/kwsch/PKHeX/blob/master/PKHeX.Core/Resources/text/other/ko/text_Moves_ko.txt,556e2c142cdee41dbd092c2f9e7efc17e9456938,https://github.com/PokeAPI/pokeapi/blob/master/data/v2/csv/move_names.csv,8fe210b21c9abbe73de93670f3d5a346c80a3625,2026-09-10,6,6,0,04 f6 09 ec 01 b2,0x6C,0x5D17,0x1B1D17,04 f6 09 ec 01 b2,그 턴에서 공격을 받아도<NEXT>반드시 체력이 1 남는다,0x6974,1
204,애교부리기,애교부리기,애교부리기,False,UNCHANGED,CURRENT_LOCALIZATION_DATA_CONSENSUS,PKHEX_EQUALS_POKEAPI,https://github.com/kwsch/PKHeX/blob/master/PKHeX.Core/Resources/text/other/ko/text_Moves_ko.txt,556e2c142cdee41dbd092c2f9e7efc17e9456938,https://github.com/PokeAPI/pokeapi/blob/master/data/v2/csv/move_names.csv,8fe210b21c9abbe73de93670f3d5a346c80a3625,2026-09-10,10,10,0,06 d6 01 83 05 2e 04 3e 01 b2,0x6C,0x5D1E,0x1B1D1E,06 d6 01 83 05 2e 04 3e 01 b2,귀여운 애교로 적을 방심시켜서<NEXT>공격력을 떨어뜨린다,0x69A3,1
205,구르기,구르기,구르기,False,UNCHANGED,CURRENT_LOCALIZATION_DATA_CONSENSUS,PKHEX_EQUALS_POKEAPI,https://github.com/kwsch/PKHeX/blob/master/PKHeX.Core/Resources/text/other/ko/text_Moves_ko.txt,556e2c142cdee41dbd092c2f9e7efc17e9456938,https://github.com/PokeAPI/pokeapi/blob/master/data/v2/csv/move_names.csv,8fe210b21c9abbe73de93670f3d5a346c80a3625,2026-09-10,6,6,0,01 88 04 33 01 b2,0x6C,0x5D29,0x1B1D29,01 88 04 33 01 b2,5턴 동안에 적을 공격한다<NEXT>맞출 때마다 데미지가 올라간다,0x69D5,1
206,칼등치기,칼등치기,칼등치기,False,UNCHANGED,CURRENT_LOCALIZATION_DATA_CONSENSUS,PKHEX_EQUALS_POKEAPI,https://github.com/kwsch/PKHeX/blob/master/PKHeX.Core/Resources/text/other/ko/text_Moves_ko.txt,556e2c142cdee41dbd092c2f9e7efc17e9456938,https://github.com/PokeAPI/pokeapi/blob/master/data/v2/csv/move_names.csv,8fe210b21c9abbe73de93670f3d5a346c80a3625,2026-09-10,8,8,0,09 0e 03 4e 09 01 01 b2,0x6C,0x5D30,0x1B1D30,09 0e 03 4e 09 01 01 b2,반드시 체력이 1이 남도록<NEXT>적당히 공격한다,0x6A0C,1
207,뽐내기,뽐내기,뽐내기,False,UNCHANGED,CURRENT_LOCALIZATION_DATA_CONSENSUS,PKHEX_EQUALS_POKEAPI,https://github.com/kwsch/PKHeX/blob/master/PKHeX.Core/Resources/text/other/ko/text_Moves_ko.txt,556e2c142cdee41dbd092c2f9e7efc17e9456938,https://github.com/PokeAPI/pokeapi/blob/master/data/v2/csv/move_names.csv,8fe210b21c9abbe73de93670f3d5a346c80a3625,2026-09-10,6,6,0,05 9b 02 4b 01 b2,0x6C,0x5D39,0x1B1D39,05 9b 02 4b 01 b2,적을 화나게 만들어서 혼란에<NEXT>빠뜨리지만 적의 공격력도 올려준다,0x6A35,1
208,우유 마시기,우유마시기,우유마시기,True,SPACING_NORMALIZATION,CURRENT_LOCALIZATION_DATA_CONSENSUS,PKHEX_EQUALS_POKEAPI,https://github.com/kwsch/PKHeX/blob/master/PKHeX.Core/Resources/text/other/ko/text_Moves_ko.txt,556e2c142cdee41dbd092c2f9e7efc17e9456938,https://github.com/PokeAPI/pokeapi/blob/master/data/v2/csv/move_names.csv,8fe210b21c9abbe73de93670f3d5a346c80a3625,2026-09-10,11,10,-1,07 4c 07 7f 04 46 06 63 01 b2,0x6C,0x5D40,0x1B1D40,07 4c 07 7f 7f 04 46 06 63 01 b2,상처 입은 몸을 체력의<NEXT>반정도 회복시켜준다,0x6A73,1
209,스파크,스파크,스파크,False,UNCHANGED,CURRENT_LOCALIZATION_DATA_CONSENSUS,PKHEX_EQUALS_POKEAPI,https://github.com/kwsch/PKHeX/blob/master/PKHeX.Core/Resources/text/other/ko/text_Moves_ko.txt,556e2c142cdee41dbd092c2f9e7efc17e9456938,https://github.com/PokeAPI/pokeapi/blob/master/data/v2/csv/move_names.csv,8fe210b21c9abbe73de93670f3d5a346c80a3625,2026-09-10,6,6,0,06 4a 09 f4 09 79,0x6C,0x5D4C,0x1B1D4C,06 4a 09 f4 09 79,전기를 일으켜서 돌진한다<NEXT>적을 마비시키기도 한다,0x6A9D,1
210,연속 자르기,연속자르기,연속자르기,True,SPACING_NORMALIZATION,CURRENT_LOCALIZATION_DATA_CONSENSUS,PKHEX_EQUALS_POKEAPI,https://github.com/kwsch/PKHeX/blob/master/PKHeX.Core/Resources/text/other/ko/text_Moves_ko.txt,556e2c142cdee41dbd092c2f9e7efc17e9456938,https://github.com/PokeAPI/pokeapi/blob/master/data/v2/csv/move_names.csv,8fe210b21c9abbe73de93670f3d5a346c80a3625,2026-09-10,11,10,-1,07 0c 06 03 07 aa 04 33 01 b2,0x6C,0x5D53,0x1B1D53,07 0c 06 03 7f 07 aa 04 33 01 b2,연속으로 맞추면<NEXT>위력이 증가해져 간다,0x6ACD,1
211,강철 날개,강철날개,강철날개,True,SPACING_NORMALIZATION,CURRENT_LOCALIZATION_DATA_CONSENSUS,PKHEX_EQUALS_POKEAPI,https://github.com/kwsch/PKHeX/blob/master/PKHeX.Core/Resources/text/other/ko/text_Moves_ko.txt,556e2c142cdee41dbd092c2f9e7efc17e9456938,https://github.com/PokeAPI/pokeapi/blob/master/data/v2/csv/move_names.csv,8fe210b21c9abbe73de93670f3d5a346c80a3625,2026-09-10,9,8,-1,01 0d 08 b6 02 3f 01 13,0x6C,0x5D5F,0x1B1D5F,01 0d 08 b6 7f 02 3f 01 13,단단한 날개를 크게 펼쳐서<NEXT>그대로 적에게 몸통박치기를 한다,0x6AF2,1
212,검은 눈빛,검은눈빛,검은눈빛,True,SPACING_NORMALIZATION,CURRENT_LOCALIZATION_DATA_CONSENSUS,PKHEX_EQUALS_POKEAPI,https://github.com/kwsch/PKHeX/blob/master/PKHeX.Core/Resources/text/other/ko/text_Moves_ko.txt,556e2c142cdee41dbd092c2f9e7efc17e9456938,https://github.com/PokeAPI/pokeapi/blob/master/data/v2/csv/move_names.csv,8fe210b21c9abbe73de93670f3d5a346c80a3625,2026-09-10,9,8,-1,01 2b 07 8a 02 ab 05 6b,0x6C,0x5D69,0x1B1D69,01 2b 07 8a 7f 02 ab 05 6b,적을 뚫어지게 바라보면 어쩐지<NEXT>적은 도망치지 못하게된다,0x6B2C,1
213,헤롱헤롱,헤롱헤롱,헤롱헤롱,False,UNCHANGED,CURRENT_LOCALIZATION_DATA_CONSENSUS,PKHEX_EQUALS_POKEAPI,https://github.com/kwsch/PKHeX/blob/master/PKHeX.Core/Resources/text/other/ko/text_Moves_ko.txt,556e2c142cdee41dbd092c2f9e7efc17e9456938,https://github.com/PokeAPI/pokeapi/blob/master/data/v2/csv/move_names.csv,8fe210b21c9abbe73de93670f3d5a346c80a3625,2026-09-10,8,8,0,0a 8c 04 05 0a 8c 04 05,0x6C,0x5D73,0x1B1D73,0a 8c 04 05 0a 8c 04 05,숫놈이라면 암놈에게 암놈이라면<NEXT>숫놈에게 발휘하기 힘들게 된다,0x6B63,1
214,잠꼬대,잠꼬대,잠꼬대,False,UNCHANGED,CURRENT_LOCALIZATION_DATA_CONSENSUS,PKHEX_EQUALS_POKEAPI,https://github.com/kwsch/PKHeX/blob/master/PKHeX.Core/Resources/text/other/ko/text_Moves_ko.txt,556e2c142cdee41dbd092c2f9e7efc17e9456938,https://github.com/PokeAPI/pokeapi/blob/master/data/v2/csv/move_names.csv,8fe210b21c9abbe73de93670f3d5a346c80a3625,2026-09-10,6,6,0,07 b1 01 ef 02 eb,0x6C,0x5D7C,0x1B1D7C,07 b1 01 ef 02 eb,자고있을 때만 쓸 수 있는 기술<NEXT>랜덤으로 자신의 기술을 발휘한다,0x6BA0,1
215,치료방울,치료방울,치료방울,False,UNCHANGED,CURRENT_LOCALIZATION_DATA_CONSENSUS,PKHEX_EQUALS_POKEAPI,https://github.com/kwsch/PKHeX/blob/master/PKHeX.Core/Resources/text/other/ko/text_Moves_ko.txt,556e2c142cdee41dbd092c2f9e7efc17e9456938,https://github.com/PokeAPI/pokeapi/blob/master/data/v2/csv/move_names.csv,8fe210b21c9abbe73de93670f3d5a346c80a3625,2026-09-10,8,8,0,09 01 04 11 04 e6 07 4f,0x6C,0x5D83,0x1B1D83,09 01 04 11 04 e6 07 4f,기분 좋은 방울소리를 들려줘서<NEXT>모든 상태를 회복시킨다,0x6BDE,1
216,은혜갚기,은혜갚기,은혜갚기,False,UNCHANGED,CURRENT_LOCALIZATION_DATA_CONSENSUS,PKHEX_EQUALS_POKEAPI,https://github.com/kwsch/PKHeX/blob/master/PKHeX.Core/Resources/text/other/ko/text_Moves_ko.txt,556e2c142cdee41dbd092c2f9e7efc17e9456938,https://github.com/PokeAPI/pokeapi/blob/master/data/v2/csv/move_names.csv,8fe210b21c9abbe73de93670f3d5a346c80a3625,2026-09-10,8,8,0,07 8a 0a 9d 01 11 01 b2,0x6C,0x5D8C,0x1B1D8C,07 8a 0a 9d 01 11 01 b2,잘 대해주는 트레이너를 위해서<NEXT>전력으로 적을 공격한다,0x6C13,1
217,프레젠트,프레젠트,프레젠트,False,UNCHANGED,CURRENT_LOCALIZATION_DATA_CONSENSUS,PKHEX_EQUALS_POKEAPI,https://github.com/kwsch/PKHeX/blob/master/PKHeX.Core/Resources/text/other/ko/text_Moves_ko.txt,556e2c142cdee41dbd092c2f9e7efc17e9456938,https://github.com/PokeAPI/pokeapi/blob/master/data/v2/csv/move_names.csv,8fe210b21c9abbe73de93670f3d5a346c80a3625,2026-09-10,8,8,0,0a 61 03 e9 07 d8 09 de,0x6C,0x5D95,0x1B1D95,0a 61 03 e9 07 d8 09 de,적에게 폭탄을 선물한다<NEXT>가끔 회복해버리는 경우가 있다,0x6C48,1
218,화풀이,화풀이,화풀이,False,UNCHANGED,CURRENT_LOCALIZATION_DATA_CONSENSUS,PKHEX_EQUALS_POKEAPI,https://github.com/kwsch/PKHeX/blob/master/PKHeX.Core/Resources/text/other/ko/text_Moves_ko.txt,556e2c142cdee41dbd092c2f9e7efc17e9456938,https://github.com/PokeAPI/pokeapi/blob/master/data/v2/csv/move_names.csv,8fe210b21c9abbe73de93670f3d5a346c80a3625,2026-09-10,6,6,0,0a ad 0a 3e 07 9c,0x6C,0x5D9E,0x1B1D9E,0a ad 0a 3e 07 9c,잔혹한 처사에 기분전환으로<NEXT>적을 전력으로 공격한다,0x6C7D,1
219,신비의 부적,신비의부적,신비의부적,True,SPACING_NORMALIZATION,CURRENT_LOCALIZATION_DATA_CONSENSUS,PKHEX_EQUALS_POKEAPI,https://github.com/kwsch/PKHeX/blob/master/PKHeX.Core/Resources/text/other/ko/text_Moves_ko.txt,556e2c142cdee41dbd092c2f9e7efc17e9456938,https://github.com/PokeAPI/pokeapi/blob/master/data/v2/csv/move_names.csv,8fe210b21c9abbe73de93670f3d5a346c80a3625,2026-09-10,11,10,-1,06 65 05 61 07 97 05 2e 07 cb,0x6C,0x5DA5,0x1B1DA5,06 65 05 61 07 97 7f 05 2e 07 cb,신비한 힘으로 보호되어<NEXT>특수상태에 빠지지 않도록 된다,0x6CAF,1
220,아픔나누기,아픔나누기,아픔나누기,False,UNCHANGED,CURRENT_LOCALIZATION_DATA_CONSENSUS,PKHEX_EQUALS_POKEAPI,https://github.com/kwsch/PKHeX/blob/master/PKHeX.Core/Resources/text/other/ko/text_Moves_ko.txt,556e2c142cdee41dbd092c2f9e7efc17e9456938,https://github.com/PokeAPI/pokeapi/blob/master/data/v2/csv/move_names.csv,8fe210b21c9abbe73de93670f3d5a346c80a3625,2026-09-10,10,10,0,06 c6 0a 64 02 3a 02 a9 01 b2,0x6C,0x5DB1,0x1B1DB1,06 c6 0a 64 02 3a 02 a9 01 b2,적과 자신의 체력을<NEXT>보충해서 그것을 사이좋게 나눈다,0x6CE4,1
221,성스러운 불꽃,성스러운불꽃,성스러운불꽃,True,SPACING_NORMALIZATION,CURRENT_LOCALIZATION_DATA_CONSENSUS,PKHEX_EQUALS_POKEAPI,https://github.com/kwsch/PKHeX/blob/master/PKHeX.Core/Resources/text/other/ko/text_Moves_ko.txt,556e2c142cdee41dbd092c2f9e7efc17e9456938,https://github.com/PokeAPI/pokeapi/blob/master/data/v2/csv/move_names.csv,8fe210b21c9abbe73de93670f3d5a346c80a3625,2026-09-10,13,12,-1,05 ea 06 4a 03 df 07 4e 05 32 01 f9,0x6C,0x5DBC,0x1B1DBC,05 ea 06 4a 03 df 07 4e 7f 05 32 01 f9,신비한 불꽃으로 공격<NEXT>적에게 화상을 입히기도 한다,0x6D17,1
222,매그니튜드,매그니튜드,매그니튜드,False,UNCHANGED,CURRENT_LOCALIZATION_DATA_CONSENSUS,PKHEX_EQUALS_POKEAPI,https://github.com/kwsch/PKHeX/blob/master/PKHeX.Core/Resources/text/other/ko/text_Moves_ko.txt,556e2c142cdee41dbd092c2f9e7efc17e9456938,https://github.com/PokeAPI/pokeapi/blob/master/data/v2/csv/move_names.csv,8fe210b21c9abbe73de93670f3d5a346c80a3625,2026-09-10,10,10,0,04 65 01 a7 02 cf 09 d9 03 45,0x6C,0x5DCA,0x1B1DCA,04 65 01 a7 02 cf 09 d9 03 45,지면을 흔들어서 적을 공격한다<NEXT>데미지는 랜덤으로 바뀐다,0x6D48,1
223,폭발 펀치,폭발펀치,폭발펀치,True,SPACING_NORMALIZATION,CURRENT_LOCALIZATION_DATA_CONSENSUS,PKHEX_EQUALS_POKEAPI,https://github.com/kwsch/PKHeX/blob/master/PKHeX.Core/Resources/text/other/ko/text_Moves_ko.txt,556e2c142cdee41dbd092c2f9e7efc17e9456938,https://github.com/PokeAPI/pokeapi/blob/master/data/v2/csv/move_names.csv,8fe210b21c9abbe73de93670f3d5a346c80a3625,2026-09-10,9,8,-1,0a 28 04 df 0a 0d 09 01,0x6C,0x5DD5,0x1B1DD5,0a 28 04 df 7f 0a 0d 09 01,명중하기 힘들지만 데미지는 크다<NEXT>명중하면 반드시 곤란상태로 만든다,0x6D7F,1
224,메가폰,메가혼,메가혼,True,RENAMED_OR_SPELLING,CURRENT_LOCALIZATION_DATA_CONSENSUS,PKHEX_EQUALS_POKEAPI,https://github.com/kwsch/PKHeX/blob/master/PKHeX.Core/Resources/text/other/ko/text_Moves_ko.txt,556e2c142cdee41dbd092c2f9e7efc17e9456938,https://github.com/PokeAPI/pokeapi/blob/master/data/v2/csv/move_names.csv,8fe210b21c9abbe73de93670f3d5a346c80a3625,2026-09-10,6,6,0,04 7e 01 01 0a a5,0x6C,0x5DDF,0x1B1DDF,04 7e 01 01 0a 29,단단한 뿔을 엄청난 기세를 몰아<NEXT>들이받아 공격한다,0x6DC1,1
225,용의 숨결,용의숨결,용의숨결,True,SPACING_NORMALIZATION,CURRENT_LOCALIZATION_DATA_CONSENSUS,PKHEX_EQUALS_POKEAPI,https://github.com/kwsch/PKHeX/blob/master/PKHeX.Core/Resources/text/other/ko/text_Moves_ko.txt,556e2c142cdee41dbd092c2f9e7efc17e9456938,https://github.com/PokeAPI/pokeapi/blob/master/data/v2/csv/move_names.csv,8fe210b21c9abbe73de93670f3d5a346c80a3625,2026-09-10,9,8,-1,07 4b 07 97 06 2b 01 41,0x6C,0x5DE6,0x1B1DE6,07 4b 07 97 7f 06 2b 01 41,입에서 굉장한 숨결을 뿜어서<NEXT>적을 공격한다,0x6DF2,1
226,바톤 터치,배턴터치,배턴터치,True,RENAMED_OR_SPELLING,CURRENT_LOCALIZATION_DATA_CONSENSUS,PKHEX_EQUALS_POKEAPI,https://github.com/kwsch/PKHeX/blob/master/PKHeX.Core/Resources/text/other/ko/text_Moves_ko.txt,556e2c142cdee41dbd092c2f9e7efc17e9456938,https://github.com/PokeAPI/pokeapi/blob/master/data/v2/csv/move_names.csv,8fe210b21c9abbe73de93670f3d5a346c80a3625,2026-09-10,9,8,-1,04 e8 09 9f 09 9d 09 01,0x6C,0x5DF0,0x1B1DF0,04 d9 09 b6 7f 09 9d 09 01,추가효과를 남겨놓은 채로<NEXT>다른 포켓몬으로 교체한다,0x6E1C,1
227,앵콜,앙코르,앙코르,True,RENAMED_OR_SPELLING,CURRENT_LOCALIZATION_DATA_CONSENSUS,PKHEX_EQUALS_POKEAPI,https://github.com/kwsch/PKHeX/blob/master/PKHeX.Core/Resources/text/other/ko/text_Moves_ko.txt,556e2c142cdee41dbd092c2f9e7efc17e9456938,https://github.com/PokeAPI/pokeapi/blob/master/data/v2/csv/move_names.csv,8fe210b21c9abbe73de93670f3d5a346c80a3625,2026-09-10,4,6,2,06 d3 09 3a 04 33,0x6C,0x5DFA,0x1B1DFA,06 de 09 3d,적이 마지막으로 사용한 기술을<NEXT>2-6회 연속으로 쓰도록 시킨다,0x6E4E,1
228,따라가때리기,따라가때리기,따라가때리기,False,UNCHANGED,CURRENT_LOCALIZATION_DATA_CONSENSUS,PKHEX_EQUALS_POKEAPI,https://github.com/kwsch/PKHeX/blob/master/PKHeX.Core/Resources/text/other/ko/text_Moves_ko.txt,556e2c142cdee41dbd092c2f9e7efc17e9456938,https://github.com/PokeAPI/pokeapi/blob/master/data/v2/csv/move_names.csv,8fe210b21c9abbe73de93670f3d5a346c80a3625,2026-09-10,12,12,0,03 6b 03 c3 01 01 03 77 04 3e 01 b2,0x6C,0x5DFF,0x1B1DFF,03 6b 03 c3 01 01 03 77 04 3e 01 b2,상대방이 교환되어질 때에<NEXT>사용하면 큰 데미지를 줄 수 있다,0x6E8A,1
229,고속스핀,고속스핀,고속스핀,False,UNCHANGED,CURRENT_LOCALIZATION_DATA_CONSENSUS,PKHEX_EQUALS_POKEAPI,https://github.com/kwsch/PKHeX/blob/master/PKHeX.Core/Resources/text/other/ko/text_Moves_ko.txt,556e2c142cdee41dbd092c2f9e7efc17e9456938,https://github.com/PokeAPI/pokeapi/blob/master/data/v2/csv/move_names.csv,8fe210b21c9abbe73de93670f3d5a346c80a3625,2026-09-10,8,8,0,01 4d 06 03 06 4a 0a 69,0x6C,0x5E0C,0x1B1E0C,01 4d 06 03 06 4a 0a 69,몸을 빠르게 회전시켜서<NEXT>적을 공격한다,0x6EC3,1
230,달콤한 향기,달콤한향기,달콤한향기,True,SPACING_NORMALIZATION,CURRENT_LOCALIZATION_DATA_CONSENSUS,PKHEX_EQUALS_POKEAPI,https://github.com/kwsch/PKHeX/blob/master/PKHeX.Core/Resources/text/other/ko/text_Moves_ko.txt,556e2c142cdee41dbd092c2f9e7efc17e9456938,https://github.com/PokeAPI/pokeapi/blob/master/data/v2/csv/move_names.csv,8fe210b21c9abbe73de93670f3d5a346c80a3625,2026-09-10,11,10,-1,02 de 09 3e 0a 71 0a 82 01 b2,0x6C,0x5E15,0x1B1E15,02 de 09 3e 0a 71 7f 0a 82 01 b2,달콤한 향기로 홀려서<NEXT>적의 회피율을 떨어뜨린다,0x6EE8,1
231,아이언테일,아이언테일,아이언테일,False,UNCHANGED,CURRENT_LOCALIZATION_DATA_CONSENSUS,PKHEX_EQUALS_POKEAPI,https://github.com/kwsch/PKHeX/blob/master/PKHeX.Core/Resources/text/other/ko/text_Moves_ko.txt,556e2c142cdee41dbd092c2f9e7efc17e9456938,https://github.com/PokeAPI/pokeapi/blob/master/data/v2/csv/move_names.csv,8fe210b21c9abbe73de93670f3d5a346c80a3625,2026-09-10,10,10,0,06 c6 07 9c 06 f0 09 a7 07 9f,0x6C,0x5E21,0x1B1E21,06 c6 07 9c 06 f0 09 a7 07 9f,단단한 꼬리로 적을 공격<NEXT>적의 방어력을 떨어뜨리기도 한다,0x6F16,1
232,메탈크로우,메탈클로,메탈클로,True,RENAMED_OR_SPELLING,CURRENT_LOCALIZATION_DATA_CONSENSUS,PKHEX_EQUALS_POKEAPI,https://github.com/kwsch/PKHeX/blob/master/PKHeX.Core/Resources/text/other/ko/text_Moves_ko.txt,556e2c142cdee41dbd092c2f9e7efc17e9456938,https://github.com/PokeAPI/pokeapi/blob/master/data/v2/csv/move_names.csv,8fe210b21c9abbe73de93670f3d5a346c80a3625,2026-09-10,10,8,-2,04 7e 09 8b 09 7c 03 fe,0x6C,0x5E2C,0x1B1E2C,04 7e 09 8b 09 79 03 fe 07 4c,단단한 손톱으로 적을 공격<NEXT>공격력이 높아지기도 한다,0x6F4E,1
233,받아 던지기,받아던지기,받아던지기,True,SPACING_NORMALIZATION,CURRENT_LOCALIZATION_DATA_CONSENSUS,PKHEX_EQUALS_POKEAPI,https://github.com/kwsch/PKHeX/blob/master/PKHeX.Core/Resources/text/other/ko/text_Moves_ko.txt,556e2c142cdee41dbd092c2f9e7efc17e9456938,https://github.com/PokeAPI/pokeapi/blob/master/data/v2/csv/move_names.csv,8fe210b21c9abbe73de93670f3d5a346c80a3625,2026-09-10,11,10,-1,04 de 06 c6 02 f8 08 26 01 b2,0x6C,0x5E37,0x1B1E37,04 de 06 c6 7f 02 f8 08 26 01 b2,후에 공격을 하게되지만 반드시<NEXT>공격이 명중된다,0x6F81,1
234,아침햇살,아침햇살,아침햇살,False,UNCHANGED,CURRENT_LOCALIZATION_DATA_CONSENSUS,PKHEX_EQUALS_POKEAPI,https://github.com/kwsch/PKHeX/blob/master/PKHeX.Core/Resources/text/other/ko/text_Moves_ko.txt,556e2c142cdee41dbd092c2f9e7efc17e9456938,https://github.com/PokeAPI/pokeapi/blob/master/data/v2/csv/move_names.csv,8fe210b21c9abbe73de93670f3d5a346c80a3625,2026-09-10,8,8,0,06 c6 09 07 0a 7e 05 bc,0x6C,0x5E43,0x1B1E43,06 c6 09 07 0a 7e 05 bc,체력을 회복하는<NEXT>시각에서 회복율이 변한다,0x6FAF,1
235,광합성,광합성,광합성,False,UNCHANGED,CURRENT_LOCALIZATION_DATA_CONSENSUS,PKHEX_EQUALS_POKEAPI,https://github.com/kwsch/PKHeX/blob/master/PKHeX.Core/Resources/text/other/ko/text_Moves_ko.txt,556e2c142cdee41dbd092c2f9e7efc17e9456938,https://github.com/PokeAPI/pokeapi/blob/master/data/v2/csv/move_names.csv,8fe210b21c9abbe73de93670f3d5a346c80a3625,2026-09-10,6,6,0,01 74 0a 75 05 ea,0x6C,0x5E4C,0x1B1E4C,01 74 0a 75 05 ea,체력을 회복하는<NEXT>시각에서 회복율이 변한다,0x6FD8,1
236,달의불빛,달빛,달빛,True,RENAMED_OR_SPELLING,CURRENT_LOCALIZATION_DATA_CONSENSUS,PKHEX_EQUALS_POKEAPI,https://github.com/kwsch/PKHeX/blob/master/PKHeX.Core/Resources/text/other/ko/text_Moves_ko.txt,556e2c142cdee41dbd092c2f9e7efc17e9456938,https://github.com/PokeAPI/pokeapi/blob/master/data/v2/csv/move_names.csv,8fe210b21c9abbe73de93670f3d5a346c80a3625,2026-09-10,8,4,-4,02 de 05 6b,0x6C,0x5E53,0x1B1E53,02 de 07 97 05 32 05 6b,체력이 회복하는<NEXT>시각에서 회복율이 변한다,0x7001,1
237,잠재파워,잠재파워,잠재파워,False,UNCHANGED,CURRENT_LOCALIZATION_DATA_CONSENSUS,PKHEX_EQUALS_POKEAPI,https://github.com/kwsch/PKHeX/blob/master/PKHeX.Core/Resources/text/other/ko/text_Moves_ko.txt,556e2c142cdee41dbd092c2f9e7efc17e9456938,https://github.com/PokeAPI/pokeapi/blob/master/data/v2/csv/move_names.csv,8fe210b21c9abbe73de93670f3d5a346c80a3625,2026-09-10,8,8,0,07 b1 07 b7 09 f4 07 66,0x6C,0x5E5C,0x1B1E5C,07 b1 07 b7 09 f4 07 66,포켓몬에 따라서 적에게 주는<NEXT>데미지의 양이 변화한다,0x702A,1
238,크로스촙,크로스촙,크로스촙,False,UNCHANGED,CURRENT_LOCALIZATION_DATA_CONSENSUS,PKHEX_EQUALS_POKEAPI,https://github.com/kwsch/PKHeX/blob/master/PKHeX.Core/Resources/text/other/ko/text_Moves_ko.txt,556e2c142cdee41dbd092c2f9e7efc17e9456938,https://github.com/PokeAPI/pokeapi/blob/master/data/v2/csv/move_names.csv,8fe210b21c9abbe73de93670f3d5a346c80a3625,2026-09-10,8,8,0,09 79 03 fe 06 4a 08 cf,0x6C,0x5E65,0x1B1E65,09 79 03 fe 06 4a 08 cf,양손 당수로 적을 공격한다<NEXT>급소에 맞추기 쉽다,0x705D,1
239,회오리,회오리,회오리,False,UNCHANGED,CURRENT_LOCALIZATION_DATA_CONSENSUS,PKHEX_EQUALS_POKEAPI,https://github.com/kwsch/PKHeX/blob/master/PKHeX.Core/Resources/text/other/ko/text_Moves_ko.txt,556e2c142cdee41dbd092c2f9e7efc17e9456938,https://github.com/PokeAPI/pokeapi/blob/master/data/v2/csv/move_names.csv,8fe210b21c9abbe73de93670f3d5a346c80a3625,2026-09-10,6,6,0,0a b8 07 20 04 3e,0x6C,0x5E6E,0x1B1E6E,0a b8 07 20 04 3e,엄청난 바람을 일으켜서<NEXT>적을 공격한다,0x708A,1
240,비바라기,비바라기,비바라기,False,UNCHANGED,CURRENT_LOCALIZATION_DATA_CONSENSUS,PKHEX_EQUALS_POKEAPI,https://github.com/kwsch/PKHeX/blob/master/PKHeX.Core/Resources/text/other/ko/text_Moves_ko.txt,556e2c142cdee41dbd092c2f9e7efc17e9456938,https://github.com/PokeAPI/pokeapi/blob/master/data/v2/csv/move_names.csv,8fe210b21c9abbe73de93670f3d5a346c80a3625,2026-09-10,8,8,0,05 61 04 d9 03 c3 01 b2,0x6C,0x5E75,0x1B1E75,05 61 04 d9 03 c3 01 b2,5턴 동안에 물타입의<NEXT>기술의 위력이 높아진다,0x70AF,1
241,쾌청,쾌청,쾌청,False,UNCHANGED,CURRENT_LOCALIZATION_DATA_CONSENSUS,PKHEX_EQUALS_POKEAPI,https://github.com/kwsch/PKHeX/blob/master/PKHeX.Core/Resources/text/other/ko/text_Moves_ko.txt,556e2c142cdee41dbd092c2f9e7efc17e9456938,https://github.com/PokeAPI/pokeapi/blob/master/data/v2/csv/move_names.csv,8fe210b21c9abbe73de93670f3d5a346c80a3625,2026-09-10,4,4,0,09 48 08 bb,0x6C,0x5E7E,0x1B1E7E,09 48 08 bb,5턴 동안에 화염타입의<NEXT>기술의 위력이 높아진다,0x70DA,1
242,깨물어부수기,깨물어부수기,깨물어부수기,False,UNCHANGED,CURRENT_LOCALIZATION_DATA_CONSENSUS,PKHEX_EQUALS_POKEAPI,https://github.com/kwsch/PKHeX/blob/master/PKHeX.Core/Resources/text/other/ko/text_Moves_ko.txt,556e2c142cdee41dbd092c2f9e7efc17e9456938,https://github.com/PokeAPI/pokeapi/blob/master/data/v2/csv/move_names.csv,8fe210b21c9abbe73de93670f3d5a346c80a3625,2026-09-10,12,12,0,01 ca 04 b0 06 ee 05 2e 06 26 01 b2,0x6C,0x5E83,0x1B1E83,01 ca 04 b0 06 ee 05 2e 06 26 01 b2,날카로운 이빨로 적을 물어뜯는다<NEXT>특수방어를 뚫는 경우가 있다,0x7107,1
243,미러코트,미러코트,미러코트,False,UNCHANGED,CURRENT_LOCALIZATION_DATA_CONSENSUS,PKHEX_EQUALS_POKEAPI,https://github.com/kwsch/PKHeX/blob/master/PKHeX.Core/Resources/text/other/ko/text_Moves_ko.txt,556e2c142cdee41dbd092c2f9e7efc17e9456938,https://github.com/PokeAPI/pokeapi/blob/master/data/v2/csv/move_names.csv,8fe210b21c9abbe73de93670f3d5a346c80a3625,2026-09-10,8,8,0,04 cc 03 df 09 3a 09 de,0x6C,0x5E90,0x1B1E90,04 cc 03 df 09 3a 09 de,적에게 받은 특수공격의<NEXT>데미지를 배로 되돌려준다,0x7143,1
244,자기암시,자기암시,자기암시,False,UNCHANGED,CURRENT_LOCALIZATION_DATA_CONSENSUS,PKHEX_EQUALS_POKEAPI,https://github.com/kwsch/PKHeX/blob/master/PKHeX.Core/Resources/text/other/ko/text_Moves_ko.txt,556e2c142cdee41dbd092c2f9e7efc17e9456938,https://github.com/PokeAPI/pokeapi/blob/master/data/v2/csv/move_names.csv,8fe210b21c9abbe73de93670f3d5a346c80a3625,2026-09-10,8,8,0,07 aa 01 b2 06 cf 06 63,0x6C,0x5E99,0x1B1E99,07 aa 01 b2 06 cf 06 63,적에게 걸려있는 보조효과를<NEXT>자신에게도 건다,0x7173,1
245,신속,신속,신속,False,UNCHANGED,CURRENT_LOCALIZATION_DATA_CONSENSUS,PKHEX_EQUALS_POKEAPI,https://github.com/kwsch/PKHeX/blob/master/PKHeX.Core/Resources/text/other/ko/text_Moves_ko.txt,556e2c142cdee41dbd092c2f9e7efc17e9456938,https://github.com/PokeAPI/pokeapi/blob/master/data/v2/csv/move_names.csv,8fe210b21c9abbe73de93670f3d5a346c80a3625,2026-09-10,4,4,0,06 65 06 03,0x6C,0x5EA2,0x1B1EA2,06 65 06 03,매우 빠른 속도로 움직여서<NEXT>기운 센 공격을 한다,0x719E,1
246,원시의 힘,원시의힘,원시의힘,True,SPACING_NORMALIZATION,CURRENT_LOCALIZATION_DATA_CONSENSUS,PKHEX_EQUALS_POKEAPI,https://github.com/kwsch/PKHeX/blob/master/PKHeX.Core/Resources/text/other/ko/text_Moves_ko.txt,556e2c142cdee41dbd092c2f9e7efc17e9456938,https://github.com/PokeAPI/pokeapi/blob/master/data/v2/csv/move_names.csv,8fe210b21c9abbe73de93670f3d5a346c80a3625,2026-09-10,9,8,-1,07 68 06 63 07 97 0a fb,0x6C,0x5EA7,0x1B1EA7,07 68 06 63 07 97 7f 0a fb,원시의 힘을 불러들여<NEXT>능력이 높아진다,0x71CC,1
247,새도우볼,섀도볼,섀도볼,True,RENAMED_OR_SPELLING,CURRENT_LOCALIZATION_DATA_CONSENSUS,PKHEX_EQUALS_POKEAPI,https://github.com/kwsch/PKHeX/blob/master/PKHeX.Core/Resources/text/other/ko/text_Moves_ko.txt,556e2c142cdee41dbd092c2f9e7efc17e9456938,https://github.com/PokeAPI/pokeapi/blob/master/data/v2/csv/move_names.csv,8fe210b21c9abbe73de93670f3d5a346c80a3625,2026-09-10,8,6,-2,05 d8 03 15 05 1c,0x6C,0x5EB1,0x1B1EB1,05 c5 03 15 07 4c 05 1c,검은 덩어리를 던져서 공격<NEXT>특수방어를 뚫는 경우가 있다,0x71F1,1
248,미래예지,미래예지,미래예지,False,UNCHANGED,CURRENT_LOCALIZATION_DATA_CONSENSUS,PKHEX_EQUALS_POKEAPI,https://github.com/kwsch/PKHeX/blob/master/PKHeX.Core/Resources/text/other/ko/text_Moves_ko.txt,556e2c142cdee41dbd092c2f9e7efc17e9456938,https://github.com/PokeAPI/pokeapi/blob/master/data/v2/csv/move_names.csv,8fe210b21c9abbe73de93670f3d5a346c80a3625,2026-09-10,8,8,0,04 cc 03 d1 07 19 08 26,0x6C,0x5EBA,0x1B1EBA,04 cc 03 d1 07 19 08 26,정신력을 높여서<NEXT>2턴 뒤에 적을 공격한다,0x7227,1
249,바위깨기,바위깨기,바위깨기,False,UNCHANGED,CURRENT_LOCALIZATION_DATA_CONSENSUS,PKHEX_EQUALS_POKEAPI,https://github.com/kwsch/PKHeX/blob/master/PKHeX.Core/Resources/text/other/ko/text_Moves_ko.txt,556e2c142cdee41dbd092c2f9e7efc17e9456938,https://github.com/PokeAPI/pokeapi/blob/master/data/v2/csv/move_names.csv,8fe210b21c9abbe73de93670f3d5a346c80a3625,2026-09-10,8,8,0,04 d9 07 77 01 ca 01 b2,0x6C,0x5EC3,0x1B1EC3,04 d9 07 77 01 ca 01 b2,바위를 깨는 기세를 몰아 공격<NEXT>적의 방어를 뚫기도 한다,0x724E,1
250,바다 회오리,바다회오리,바다회오리,True,SPACING_NORMALIZATION,CURRENT_LOCALIZATION_DATA_CONSENSUS,PKHEX_EQUALS_POKEAPI,https://github.com/kwsch/PKHeX/blob/master/PKHeX.Core/Resources/text/other/ko/text_Moves_ko.txt,556e2c142cdee41dbd092c2f9e7efc17e9456938,https://github.com/PokeAPI/pokeapi/blob/master/data/v2/csv/move_names.csv,8fe210b21c9abbe73de93670f3d5a346c80a3625,2026-09-10,11,10,-1,04 d9 02 d9 0a b8 07 20 04 3e,0x6C,0x5ECC,0x1B1ECC,04 d9 02 d9 7f 0a b8 07 20 04 3e,2-5턴 동안에 적을<NEXT>소용돌이 중심에 가두어버린다,0x7283,1
251,집단구타,집단구타,집단구타,False,UNCHANGED,CURRENT_LOCALIZATION_DATA_CONSENSUS,PKHEX_EQUALS_POKEAPI,https://github.com/kwsch/PKHeX/blob/master/PKHeX.Core/Resources/text/other/ko/text_Moves_ko.txt,556e2c142cdee41dbd092c2f9e7efc17e9456938,https://github.com/PokeAPI/pokeapi/blob/master/data/v2/csv/move_names.csv,8fe210b21c9abbe73de93670f3d5a346c80a3625,2026-09-10,8,8,0,08 2d 02 dc 01 88 09 88,0x6C,0x5ED8,0x1B1ED8,08 2d 02 dc 01 88 09 88,동료 포켓몬이<NEXT>공격에 참가해준다,0x72B3,1
