family,pokemon_id,species_number,resource_id,config_form_index,config_variant_index,game_form,game_gender,normal_shiny_role,icon_path,animation_name_count,animation_file_count,animation_names_sha256,has_default_wait,has_battle_wait,has_attack,has_damage,has_eye_track,has_mouth_track,source_config_path,source_config_sha256,source_repo,source_commit,source_status,canonical_source_status,consistency_flags
LZA,pm0000,0,pm0000_00_00,0,0,UNRESOLVED,UNRESOLVED,UNRESOLVED,icon/pm0000_00_00_00_0.png,3,6,034e9a21c0311ddf8bbe4768df5523e9d118327b8a7076aa0aa114e48de10814,True,False,False,False,False,False,assets/local/configs/LZA/pm0000.json,5deddbbb25054c39829adc76d179f36cf22e5a57b6eb1480dd9ef86d6a16d702,freedom12/PokemonModelViewer,c5952930343748e6dcb4cae21ee383e0bd13b75c,public-derived-model-viewer-config-not-game-native-catalog,CROSSCHECK_PENDING,
LZA,pm0001,1,pm0001_00_00,0,0,UNRESOLVED,UNRESOLVED,UNRESOLVED,icon/pm0001_00_00_00_0.png,59,118,c5e5e7d2af5dab2470b21f2652b27c6dc2e3bd38a0315b5b1971c1bcd452ea5f,True,True,True,True,True,False,assets/local/configs/LZA/pm0001.json,5d1ea81a39788fe8c0ece56c2d91fa003c38f3561e49d8c4e9b7ea33306054a0,freedom12/PokemonModelViewer,c5952930343748e6dcb4cae21ee383e0bd13b75c,public-derived-model-viewer-config-not-game-native-catalog,CROSSCHECK_PENDING,
LZA,pm0002,2,pm0002_00_00,0,0,UNRESOLVED,UNRESOLVED,UNRESOLVED,icon/pm0002_00_00_00_0.png,59,118,c5e5e7d2af5dab2470b21f2652b27c6dc2e3bd38a0315b5b1971c1bcd452ea5f,True,True,True,True,True,False,assets/local/configs/LZA/pm0002.json,5d7131f4a950227dd4a135f3a036ed982bb35f72942d0a11966c0768984ad646,freedom12/PokemonModelViewer,c5952930343748e6dcb4cae21ee383e0bd13b75c,public-derived-model-viewer-config-not-game-native-catalog,CROSSCHECK_PENDING,
LZA,pm0003,3,pm0003_00_00,0,0,UNRESOLVED,UNRESOLVED,UNRESOLVED,icon/pm0003_00_00_00_0.png,57,114,d63ebf1b1a96a8057500cd4c18a3a089cada6c7cca15afb4e6961cd2d133275e,True,True,True,True,True,False,assets/local/configs/LZA/pm0003.json,0dc53521d114f5211748aeb2c5afe641578f9e7de03abf815644bfea1d2670a1,freedom12/PokemonModelViewer,c5952930343748e6dcb4cae21ee383e0bd13b75c,public-derived-model-viewer-config-not-game-native-catalog,CROSSCHECK_PENDING,
LZA,pm0003,3,pm0003_01_00,1,0,UNRESOLVED,UNRESOLVED,UNRESOLVED,icon/pm0003_01_00_00_0.png,57,114,d63ebf1b1a96a8057500cd4c18a3a089cada6c7cca15afb4e6961cd2d133275e,True,True,True,True,True,False,assets/local/configs/LZA/pm0003.json,0dc53521d114f5211748aeb2c5afe641578f9e7de03abf815644bfea1d2670a1,freedom12/PokemonModelViewer,c5952930343748e6dcb4cae21ee383e0bd13b75c,public-derived-model-viewer-config-not-game-native-catalog,CROSSCHECK_PENDING,
LZA,pm0003,3,pm0003_51_00,51,0,UNRESOLVED,UNRESOLVED,UNRESOLVED,icon/pm0003_51_00_00_0.png,43,86,3914f19de02c73b58d156a0de1613ac7b10c30af81648fcea72da8c274dadcc2,False,True,True,True,True,False,assets/local/configs/LZA/pm0003.json,0dc53521d114f5211748aeb2c5afe641578f9e7de03abf815644bfea1d2670a1,freedom12/PokemonModelViewer,c5952930343748e6dcb4cae21ee383e0bd13b75c,public-derived-model-viewer-config-not-game-native-catalog,CROSSCHECK_PENDING,
LZA,pm0004,4,pm0004_00_00,0,0,UNRESOLVED,UNRESOLVED,UNRESOLVED,icon/pm0004_00_00_00_0.png,59,118,42777fa45a4765d23a7cf75da2345d7e5f969ca694c997fb6db3ff9d014a9637,True,True,True,True,True,False,assets/local/configs/LZA/pm0004.json,2cfb5f7419b2143b63f039f28806cbcec321a7efd2a721d8e1fa42dbe9820c34,freedom12/PokemonModelViewer,c5952930343748e6dcb4cae21ee383e0bd13b75c,public-derived-model-viewer-config-not-game-native-catalog,CROSSCHECK_PENDING,
LZA,pm0005,5,pm0005_00_00,0,0,UNRESOLVED,UNRESOLVED,UNRESOLVED,icon/pm0005_00_00_00_0.png,60,120,e24218dac357edd147450812127769bda06f3fc1161534af8136a96e5c4897f3,True,True,True,True,True,False,assets/local/configs/LZA/pm0005.json,be39ac97a391096975ddf7bf68dfacba123fdb3b7471224e9285f42ab53410ef,freedom12/PokemonModelViewer,c5952930343748e6dcb4cae21ee383e0bd13b75c,public-derived-model-viewer-config-not-game-native-catalog,CROSSCHECK_PENDING,
LZA,pm0006,6,pm0006_00_00,0,0,UNRESOLVED,UNRESOLVED,UNRESOLVED,icon/pm0006_00_00_00_0.png,114,228,e51b9ff4b32b7c00d62a9f4e920bc864130064f8e26f4f1b4c5468752bc5466a,True,True,True,True,True,False,assets/local/configs/LZA/pm0006.json,c344b9514df92645b28253dfd154bad9b4b03d5f07ae14eda4954221dae41731,freedom12/PokemonModelViewer,c5952930343748e6dcb4cae21ee383e0bd13b75c,public-derived-model-viewer-config-not-game-native-catalog,CROSSCHECK_PENDING,
LZA,pm0006,6,pm0006_51_00,51,0,UNRESOLVED,UNRESOLVED,UNRESOLVED,icon/pm0006_51_00_00_0.png,78,156,61ec324dfd9ea12ee34fcd20fcf8452a779ac17a2f79712a4c6dd2cf73f0a116,False,True,True,True,True,False,assets/local/configs/LZA/pm0006.json,c344b9514df92645b28253dfd154bad9b4b03d5f07ae14eda4954221dae41731,freedom12/PokemonModelViewer,c5952930343748e6dcb4cae21ee383e0bd13b75c,public-derived-model-viewer-config-not-game-native-catalog,CROSSCHECK_PENDING,
LZA,pm0006,6,pm0006_52_00,52,0,UNRESOLVED,UNRESOLVED,UNRESOLVED,icon/pm0006_52_00_00_0.png,78,156,61ec324dfd9ea12ee34fcd20fcf8452a779ac17a2f79712a4c6dd2cf73f0a116,False,True,True,True,True,False,assets/local/configs/LZA/pm0006.json,c344b9514df92645b28253dfd154bad9b4b03d5f07ae14eda4954221dae41731,freedom12/PokemonModelViewer,c5952930343748e6dcb4cae21ee383e0bd13b75c,public-derived-model-viewer-config-not-game-native-catalog,CROSSCHECK_PENDING,
LZA,pm0007,7,pm0007_00_00,0,0,UNRESOLVED,UNRESOLVED,UNRESOLVED,icon/pm0007_00_00_00_0.png,114,228,dda4db308f55fd8ea70279898a67b463214a877d1535bd27be1f6b32467ce536,True,True,True,True,True,False,assets/local/configs/LZA/pm0007.json,c12813ac98bea58697fe3f78781d4dda95382443161c9065ba06c06b335ee862,freedom12/PokemonModelViewer,c5952930343748e6dcb4cae21ee383e0bd13b75c,public-derived-model-viewer-config-not-game-native-catalog,CROSSCHECK_PENDING,
LZA,pm0008,8,pm0008_00_00,0,0,UNRESOLVED,UNRESOLVED,UNRESOLVED,icon/pm0008_00_00_00_0.png,115,230,19e471a27f5e8e15827382c9ced5be7c765f7b943e925f7ce329079f7dbe1859,True,True,True,True,True,False,assets/local/configs/LZA/pm0008.json,dd58c0694f02d3bccb77d41d3b2331400cc32e9c0f9f0db0f2bce75fc0d6ab77,freedom12/PokemonModelViewer,c5952930343748e6dcb4cae21ee383e0bd13b75c,public-derived-model-viewer-config-not-game-native-catalog,CROSSCHECK_PENDING,
LZA,pm0009,9,pm0009_00_00,0,0,UNRESOLVED,UNRESOLVED,UNRESOLVED,icon/pm0009_00_00_00_0.png,113,226,105a5e98b6d9fafe1edfdf1167900b21fd788d10dc9e3c178cd1e82f66538d0e,True,True,True,True,True,False,assets/local/configs/LZA/pm0009.json,0950d8f92bf20c16b75d6661e472e0802f11982430d847620f37363c6f278463,freedom12/PokemonModelViewer,c5952930343748e6dcb4cae21ee383e0bd13b75c,public-derived-model-viewer-config-not-game-native-catalog,CROSSCHECK_PENDING,
LZA,pm0009,9,pm0009_51_00,51,0,UNRESOLVED,UNRESOLVED,UNRESOLVED,icon/pm0009_51_00_00_0.png,87,174,2ac04eb4afc27208056d203704618816778ff02f1fb1d7da485ccf10974107be,False,True,True,True,True,False,assets/local/configs/LZA/pm0009.json,0950d8f92bf20c16b75d6661e472e0802f11982430d847620f37363c6f278463,freedom12/PokemonModelViewer,c5952930343748e6dcb4cae21ee383e0bd13b75c,public-derived-model-viewer-config-not-game-native-catalog,CROSSCHECK_PENDING,
LZA,pm0013,13,pm0013_00_00,0,0,UNRESOLVED,UNRESOLVED,UNRESOLVED,icon/pm0013_00_00_00_0.png,65,130,55cff424f02e57e3b425475dfb8bce891ea9050a920711d2539c274fd214fca9,True,True,True,True,True,False,assets/local/configs/LZA/pm0013.json,b730d56ca7d9dbd4bc987ac5f64cef319abf91c7a2a001a41d152e84a7fec1bd,freedom12/PokemonModelViewer,c5952930343748e6dcb4cae21ee383e0bd13b75c,public-derived-model-viewer-config-not-game-native-catalog,CROSSCHECK_PENDING,
LZA,pm0014,14,pm0014_00_00,0,0,UNRESOLVED,UNRESOLVED,UNRESOLVED,icon/pm0014_00_00_00_0.png,67,134,008d27f657244a655ba816db436a024eaef452e775a5ae562988a3a1edf43f7a,True,True,True,True,False,False,assets/local/configs/LZA/pm0014.json,f160bcc5cde8d707b8998ecd9000bfe42513bf1e57a399e268b6353f1a92bd9d,freedom12/PokemonModelViewer,c5952930343748e6dcb4cae21ee383e0bd13b75c,public-derived-model-viewer-config-not-game-native-catalog,CROSSCHECK_PENDING,
LZA,pm0015,15,pm0015_00_00,0,0,UNRESOLVED,UNRESOLVED,UNRESOLVED,icon/pm0015_00_00_00_0.png,61,122,5a1f888f957cb2fd90836b29336109d743de0db65656979132369c4f78d28ea7,True,True,True,True,True,False,assets/local/configs/LZA/pm0015.json,a9e50854162d0ca57eeef63827b9aeb288f588fb9e732b04491243c969a5c365,freedom12/PokemonModelViewer,c5952930343748e6dcb4cae21ee383e0bd13b75c,public-derived-model-viewer-config-not-game-native-catalog,CROSSCHECK_PENDING,
LZA,pm0015,15,pm0015_51_00,51,0,UNRESOLVED,UNRESOLVED,UNRESOLVED,icon/pm0015_51_00_00_0.png,50,100,53e88baa0875d45ef7ac4fac5d895ef1619daadeb57e11310ff217ba468fb622,False,True,True,True,True,False,assets/local/configs/LZA/pm0015.json,a9e50854162d0ca57eeef63827b9aeb288f588fb9e732b04491243c969a5c365,freedom12/PokemonModelViewer,c5952930343748e6dcb4cae21ee383e0bd13b75c,public-derived-model-viewer-config-not-game-native-catalog,CROSSCHECK_PENDING,
LZA,pm0016,16,pm0016_00_00,0,0,UNRESOLVED,UNRESOLVED,UNRESOLVED,icon/pm0016_00_00_00_0.png,114,228,28ce7be342262688f45e28d008ef5582838b4768d9bbcb1e4466bdb1acd6f496,True,True,True,True,True,False,assets/local/configs/LZA/pm0016.json,23f3404b25bfba827621b90fab7618a5f05c2528cf69e40595e6b00eea155ded,freedom12/PokemonModelViewer,c5952930343748e6dcb4cae21ee383e0bd13b75c,public-derived-model-viewer-config-not-game-native-catalog,CROSSCHECK_PENDING,
LZA,pm0017,17,pm0017_00_00,0,0,UNRESOLVED,UNRESOLVED,UNRESOLVED,icon/pm0017_00_00_00_0.png,118,236,1cda4b7e0c1ddb79e6adb57d11d7838de809caa584afa1b537f3efa989e09907,True,True,True,True,True,False,assets/local/configs/LZA/pm0017.json,54bbd769044746c44f8eb6d00105cd84c2980483b810e5a55f522f24c0cd900a,freedom12/PokemonModelViewer,c5952930343748e6dcb4cae21ee383e0bd13b75c,public-derived-model-viewer-config-not-game-native-catalog,CROSSCHECK_PENDING,
LZA,pm0018,18,pm0018_00_00,0,0,UNRESOLVED,UNRESOLVED,UNRESOLVED,icon/pm0018_00_00_00_0.png,121,242,b6c1fb7ee80b96a689794e022a30031d0187b43c6295ec75f028c3c08407538e,True,True,True,True,True,False,assets/local/configs/LZA/pm0018.json,41d2e3c7270c2197bd5e17804a863079ff8f99db28a34020720fdf4ce22154b3,freedom12/PokemonModelViewer,c5952930343748e6dcb4cae21ee383e0bd13b75c,public-derived-model-viewer-config-not-game-native-catalog,CROSSCHECK_PENDING,
LZA,pm0018,18,pm0018_51_00,51,0,UNRESOLVED,UNRESOLVED,UNRESOLVED,icon/pm0018_51_00_00_0.png,77,154,1538786bb147434dd558d06233af5eefe6e00ea3c2196bad36e08720999b36f1,False,True,True,True,True,False,assets/local/configs/LZA/pm0018.json,41d2e3c7270c2197bd5e17804a863079ff8f99db28a34020720fdf4ce22154b3,freedom12/PokemonModelViewer,c5952930343748e6dcb4cae21ee383e0bd13b75c,public-derived-model-viewer-config-not-game-native-catalog,CROSSCHECK_PENDING,
LZA,pm0023,23,pm0023_00_00,0,0,UNRESOLVED,UNRESOLVED,UNRESOLVED,icon/pm0023_00_00_00_0.png,69,138,42998f32099b8a76f00414ebca71aabd8e458ea8f724c61cef7ef8bca7a26e40,True,True,True,True,True,False,assets/local/configs/LZA/pm0023.json,ae610ad94af85796fe5a5b8d5a9c6b682d7e9ab186381b17d15ef3ea6208c8dc,freedom12/PokemonModelViewer,c5952930343748e6dcb4cae21ee383e0bd13b75c,public-derived-model-viewer-config-not-game-native-catalog,CROSSCHECK_PENDING,
LZA,pm0024,24,pm0024_00_00,0,0,UNRESOLVED,UNRESOLVED,UNRESOLVED,icon/pm0024_00_00_00_0.png,65,130,06e4455392c3c7fb2c18b7e730ff2fa6e1c8a6f41b676fa8ba594895c770a358,True,True,True,True,True,False,assets/local/configs/LZA/pm0024.json,7394af78e1036d14ac1f47e7c609c9cedcb9b5b265aa1e3e3996285c051f2547,freedom12/PokemonModelViewer,c5952930343748e6dcb4cae21ee383e0bd13b75c,public-derived-model-viewer-config-not-game-native-catalog,CROSSCHECK_PENDING,
LZA,pm0025,25,pm0025_00_00,0,0,UNRESOLVED,UNRESOLVED,UNRESOLVED,icon/pm0025_00_00_00_0.png,126,252,2cba8682be8720b78d5c34032cea207d81f2a457759c21e67a0aaca668946edc,True,False,True,True,True,False,assets/local/configs/LZA/pm0025.json,d69d763fbf1cd60a4e41ed8a950c2b67b519f65067fbdf94afb44edbfbcc0df8,freedom12/PokemonModelViewer,c5952930343748e6dcb4cae21ee383e0bd13b75c,public-derived-model-viewer-config-not-game-native-catalog,CROSSCHECK_PENDING,
LZA,pm0025,25,pm0025_01_00,1,0,UNRESOLVED,UNRESOLVED,UNRESOLVED,icon/pm0025_01_00_00_0.png,126,252,2cba8682be8720b78d5c34032cea207d81f2a457759c21e67a0aaca668946edc,True,False,True,True,True,False,assets/local/configs/LZA/pm0025.json,d69d763fbf1cd60a4e41ed8a950c2b67b519f65067fbdf94afb44edbfbcc0df8,freedom12/PokemonModelViewer,c5952930343748e6dcb4cae21ee383e0bd13b75c,public-derived-model-viewer-config-not-game-native-catalog,CROSSCHECK_PENDING,
LZA,pm0026,26,pm0026_00_00,0,0,UNRESOLVED,UNRESOLVED,UNRESOLVED,icon/pm0026_00_00_00_0.png,125,250,93555ea8975049b1e8fb1db8651fa84023054714a5b70cc033b3b2b1af5f9f2d,True,True,True,True,True,False,assets/local/configs/LZA/pm0026.json,4870c7dd283569cbc00a7694e3bb887713f419559d7f49c8b3c2458ad8e34125,freedom12/PokemonModelViewer,c5952930343748e6dcb4cae21ee383e0bd13b75c,public-derived-model-viewer-config-not-game-native-catalog,CROSSCHECK_PENDING,
LZA,pm0026,26,pm0026_00_11,0,11,UNRESOLVED,UNRESOLVED,UNRESOLVED,icon/pm0026_00_11_00.png,113,226,0aa43bb269f27f91781ef18ba04ff167bc0b42dcdbb19a5905eec1c3849988df,True,True,True,True,True,False,assets/local/configs/LZA/pm0026.json,4870c7dd283569cbc00a7694e3bb887713f419559d7f49c8b3c2458ad8e34125,freedom12/PokemonModelViewer,c5952930343748e6dcb4cae21ee383e0bd13b75c,public-derived-model-viewer-config-not-game-native-catalog,CROSSCHECK_PENDING,
LZA,pm0026,26,pm0026_01_00,1,0,UNRESOLVED,UNRESOLVED,UNRESOLVED,icon/pm0026_01_00_00_0.png,125,250,93555ea8975049b1e8fb1db8651fa84023054714a5b70cc033b3b2b1af5f9f2d,True,True,True,True,True,False,assets/local/configs/LZA/pm0026.json,4870c7dd283569cbc00a7694e3bb887713f419559d7f49c8b3c2458ad8e34125,freedom12/PokemonModelViewer,c5952930343748e6dcb4cae21ee383e0bd13b75c,public-derived-model-viewer-config-not-game-native-catalog,CROSSCHECK_PENDING,
LZA,pm0026,26,pm0026_51_00,51,0,UNRESOLVED,UNRESOLVED,UNRESOLVED,icon/pm0026_51_00_00_0.png,115,230,a9151b270f27c51a9cabd5f693f49f0edb22f629cd06d1090cfd4ba5044d82af,False,True,True,True,True,False,assets/local/configs/LZA/pm0026.json,4870c7dd283569cbc00a7694e3bb887713f419559d7f49c8b3c2458ad8e34125,freedom12/PokemonModelViewer,c5952930343748e6dcb4cae21ee383e0bd13b75c,public-derived-model-viewer-config-not-game-native-catalog,CROSSCHECK_PENDING,
LZA,pm0026,26,pm0026_52_00,52,0,UNRESOLVED,UNRESOLVED,UNRESOLVED,icon/pm0026_52_00_00_0.png,77,154,dffef16edd09be209171ff924bae79018d0d69eb60969194ff8e84790bb433aa,False,True,True,True,True,False,assets/local/configs/LZA/pm0026.json,4870c7dd283569cbc00a7694e3bb887713f419559d7f49c8b3c2458ad8e34125,freedom12/PokemonModelViewer,c5952930343748e6dcb4cae21ee383e0bd13b75c,public-derived-model-viewer-config-not-game-native-catalog,CROSSCHECK_PENDING,
LZA,pm0035,35,pm0035_00_00,0,0,UNRESOLVED,UNRESOLVED,UNRESOLVED,icon/pm0035_00_00_00_0.png,114,228,30b4b7bcaffc0007e07d2147fd294788e9d81c36fdc7a6387f38f6b939d38f6a,True,False,True,True,True,False,assets/local/configs/LZA/pm0035.json,b6e917f7a68f78fd65f26e87c12b24bc027eb990a97e9ad3272f24e9914ea178,freedom12/PokemonModelViewer,c5952930343748e6dcb4cae21ee383e0bd13b75c,public-derived-model-viewer-config-not-game-native-catalog,CROSSCHECK_PENDING,
LZA,pm0036,36,pm0036_00_00,0,0,UNRESOLVED,UNRESOLVED,UNRESOLVED,icon/pm0036_00_00_00_0.png,63,126,6687e995dd223185017f39b688b9e7e098a6771a22e4128c4156e36067f70e71,True,True,True,True,True,False,assets/local/configs/LZA/pm0036.json,910c7a4df6bd2944bcfe7c2959e6ecb7e62ff6b1a762c8bd219dbe2c529b9ae7,freedom12/PokemonModelViewer,c5952930343748e6dcb4cae21ee383e0bd13b75c,public-derived-model-viewer-config-not-game-native-catalog,CROSSCHECK_PENDING,
LZA,pm0036,36,pm0036_51_00,51,0,UNRESOLVED,UNRESOLVED,UNRESOLVED,icon/pm0036_51_00_00_0.png,41,82,8dea3c2e990438d7cfc2dc93a6fadedba6bf358f2cc04e4f248caa826aee741e,False,True,True,True,True,False,assets/local/configs/LZA/pm0036.json,910c7a4df6bd2944bcfe7c2959e6ecb7e62ff6b1a762c8bd219dbe2c529b9ae7,freedom12/PokemonModelViewer,c5952930343748e6dcb4cae21ee383e0bd13b75c,public-derived-model-viewer-config-not-game-native-catalog,CROSSCHECK_PENDING,
LZA,pm0039,39,pm0039_00_00,0,0,UNRESOLVED,UNRESOLVED,UNRESOLVED,icon/pm0039_00_00_00_0.png,117,234,ffe4942f85c2d05fc3c52bde08ddc85ae19de703ce2f6369a826b2abfa8ade9b,True,True,True,True,True,False,assets/local/configs/LZA/pm0039.json,591389dfaa232daddde1a675512459e8911e7ab873d472cc5c82a6d105258bc0,freedom12/PokemonModelViewer,c5952930343748e6dcb4cae21ee383e0bd13b75c,public-derived-model-viewer-config-not-game-native-catalog,CROSSCHECK_PENDING,
LZA,pm0040,40,pm0040_00_00,0,0,UNRESOLVED,UNRESOLVED,UNRESOLVED,icon/pm0040_00_00_00_0.png,117,234,ffe4942f85c2d05fc3c52bde08ddc85ae19de703ce2f6369a826b2abfa8ade9b,True,True,True,True,True,False,assets/local/configs/LZA/pm0040.json,4305669a04b8a3b9fb7bb7c28d030d2fce79a67f96cb5f1aeb945fa741e395ba,freedom12/PokemonModelViewer,c5952930343748e6dcb4cae21ee383e0bd13b75c,public-derived-model-viewer-config-not-game-native-catalog,CROSSCHECK_PENDING,
LZA,pm0041,41,pm0041_00_00,0,0,UNRESOLVED,UNRESOLVED,UNRESOLVED,icon/pm0041_00_00_00_0.png,58,116,435a0a97a87f8e5f8b763c77eb5d852590072269519dc85637781515f4bb61b8,True,True,True,True,False,False,assets/local/configs/LZA/pm0041.json,95b955385cbe502456f6b3f761832968b4737c805ec7ade1dc7e425a85c480b2,freedom12/PokemonModelViewer,c5952930343748e6dcb4cae21ee383e0bd13b75c,public-derived-model-viewer-config-not-game-native-catalog,CROSSCHECK_PENDING,
LZA,pm0041,41,pm0041_01_00,1,0,UNRESOLVED,UNRESOLVED,UNRESOLVED,icon/pm0041_01_00_00_0.png,58,116,435a0a97a87f8e5f8b763c77eb5d852590072269519dc85637781515f4bb61b8,True,True,True,True,False,False,assets/local/configs/LZA/pm0041.json,95b955385cbe502456f6b3f761832968b4737c805ec7ade1dc7e425a85c480b2,freedom12/PokemonModelViewer,c5952930343748e6dcb4cae21ee383e0bd13b75c,public-derived-model-viewer-config-not-game-native-catalog,CROSSCHECK_PENDING,
LZA,pm0042,42,pm0042_00_00,0,0,UNRESOLVED,UNRESOLVED,UNRESOLVED,icon/pm0042_00_00_00_0.png,59,118,6ed9250768dff31bb32e8a1bcf6257d886935a1d72de4784d6d277fdc0ecea39,True,True,True,True,True,False,assets/local/configs/LZA/pm0042.json,e4f4f3221f5ff57ecb39e7708a3ef6cf0e5b9da29bdf8da81e5e0f983cb9cae1,freedom12/PokemonModelViewer,c5952930343748e6dcb4cae21ee383e0bd13b75c,public-derived-model-viewer-config-not-game-native-catalog,CROSSCHECK_PENDING,
LZA,pm0042,42,pm0042_01_00,1,0,UNRESOLVED,UNRESOLVED,UNRESOLVED,icon/pm0042_01_00_00_0.png,59,118,6ed9250768dff31bb32e8a1bcf6257d886935a1d72de4784d6d277fdc0ecea39,True,True,True,True,True,False,assets/local/configs/LZA/pm0042.json,e4f4f3221f5ff57ecb39e7708a3ef6cf0e5b9da29bdf8da81e5e0f983cb9cae1,freedom12/PokemonModelViewer,c5952930343748e6dcb4cae21ee383e0bd13b75c,public-derived-model-viewer-config-not-game-native-catalog,CROSSCHECK_PENDING,
LZA,pm0052,52,pm0052_00_00,0,0,UNRESOLVED,UNRESOLVED,UNRESOLVED,icon/pm0052_00_00_00_0.png,59,118,c5e5e7d2af5dab2470b21f2652b27c6dc2e3bd38a0315b5b1971c1bcd452ea5f,True,True,True,True,True,False,assets/local/configs/LZA/pm0052.json,1a5283e218e171cd81312c7a5c467400ae482b62bea36e84c479597c73d82620,freedom12/PokemonModelViewer,c5952930343748e6dcb4cae21ee383e0bd13b75c,public-derived-model-viewer-config-not-game-native-catalog,CROSSCHECK_PENDING,
LZA,pm0052,52,pm0052_00_11,0,11,UNRESOLVED,UNRESOLVED,UNRESOLVED,icon/pm0052_00_11_00_0.png,59,118,c5e5e7d2af5dab2470b21f2652b27c6dc2e3bd38a0315b5b1971c1bcd452ea5f,True,True,True,True,True,False,assets/local/configs/LZA/pm0052.json,1a5283e218e171cd81312c7a5c467400ae482b62bea36e84c479597c73d82620,freedom12/PokemonModelViewer,c5952930343748e6dcb4cae21ee383e0bd13b75c,public-derived-model-viewer-config-not-game-native-catalog,CROSSCHECK_PENDING,
LZA,pm0052,52,pm0052_00_31,0,31,UNRESOLVED,UNRESOLVED,UNRESOLVED,icon/pm0052_00_31_00_0.png,59,118,c5e5e7d2af5dab2470b21f2652b27c6dc2e3bd38a0315b5b1971c1bcd452ea5f,True,True,True,True,True,False,assets/local/configs/LZA/pm0052.json,1a5283e218e171cd81312c7a5c467400ae482b62bea36e84c479597c73d82620,freedom12/PokemonModelViewer,c5952930343748e6dcb4cae21ee383e0bd13b75c,public-derived-model-viewer-config-not-game-native-catalog,CROSSCHECK_PENDING,
LZA,pm0053,53,pm0053_00_00,0,0,UNRESOLVED,UNRESOLVED,UNRESOLVED,icon/pm0053_00_00_00_0.png,59,118,c5e5e7d2af5dab2470b21f2652b27c6dc2e3bd38a0315b5b1971c1bcd452ea5f,True,True,True,True,True,False,assets/local/configs/LZA/pm0053.json,b9acefe824ad969bdc0adc27abc3ad5c43278dd1f14d82d811cd23c0057310d8,freedom12/PokemonModelViewer,c5952930343748e6dcb4cae21ee383e0bd13b75c,public-derived-model-viewer-config-not-game-native-catalog,CROSSCHECK_PENDING,
LZA,pm0053,53,pm0053_00_11,0,11,UNRESOLVED,UNRESOLVED,UNRESOLVED,icon/pm0053_00_11_00_0.png,61,122,0950d79e94226acdf90015a7e2438159286ad50ea94f69da870b6238eb794543,True,True,True,True,True,False,assets/local/configs/LZA/pm0053.json,b9acefe824ad969bdc0adc27abc3ad5c43278dd1f14d82d811cd23c0057310d8,freedom12/PokemonModelViewer,c5952930343748e6dcb4cae21ee383e0bd13b75c,public-derived-model-viewer-config-not-game-native-catalog,CROSSCHECK_PENDING,
LZA,pm0056,56,pm0056_00_00,0,0,UNRESOLVED,UNRESOLVED,UNRESOLVED,icon/pm0056_00_00_00_0.png,61,122,4b2c54852b3a96cde5c0d432d67acb9063a19d0813992eed753a0560bc8dafa5,True,True,True,True,True,False,assets/local/configs/LZA/pm0056.json,c34843a3635f4bea4c7a30ea26b18d2e12db161ca05ef01ede0cb3f6579b8e96,freedom12/PokemonModelViewer,c5952930343748e6dcb4cae21ee383e0bd13b75c,public-derived-model-viewer-config-not-game-native-catalog,CROSSCHECK_PENDING,
LZA,pm0057,57,pm0057_00_00,0,0,UNRESOLVED,UNRESOLVED,UNRESOLVED,icon/pm0057_00_00_00_0.png,60,120,2a7b820c00552db3bb64d835b172a858104b66aa6a6d5f56c0bb03d1399c94d5,True,True,True,True,True,False,assets/local/configs/LZA/pm0057.json,df617ff1651816516860e461eb6e5d0c89f701d3038c40133e1444ff82df861a,freedom12/PokemonModelViewer,c5952930343748e6dcb4cae21ee383e0bd13b75c,public-derived-model-viewer-config-not-game-native-catalog,CROSSCHECK_PENDING,
LZA,pm0063,63,pm0063_00_00,0,0,UNRESOLVED,UNRESOLVED,UNRESOLVED,icon/pm0063_00_00_00_0.png,58,116,1b99ebf8320736cad5a3f246a08a8ac00233a61d93f15d47be520d6cbb5106fa,True,False,True,True,False,False,assets/local/configs/LZA/pm0063.json,e8542a695d89fb810eceac4c72b292caab1a78944232e526017d6b86da33da55,freedom12/PokemonModelViewer,c5952930343748e6dcb4cae21ee383e0bd13b75c,public-derived-model-viewer-config-not-game-native-catalog,CROSSCHECK_PENDING,
LZA,pm0064,64,pm0064_00_00,0,0,UNRESOLVED,UNRESOLVED,UNRESOLVED,icon/pm0064_00_00_00_0.png,124,248,8d227a0d2725821f6c8e3ba6971b2baf01dc78fe1047f6cb4998c1e1eaa27eb8,True,False,True,True,True,False,assets/local/configs/LZA/pm0064.json,a5d9e165acc692538df0c2d1fafefee53845c5a267ea6d0c88913a36a37d042c,freedom12/PokemonModelViewer,c5952930343748e6dcb4cae21ee383e0bd13b75c,public-derived-model-viewer-config-not-game-native-catalog,CROSSCHECK_PENDING,
LZA,pm0064,64,pm0064_01_00,1,0,UNRESOLVED,UNRESOLVED,UNRESOLVED,icon/pm0064_01_00_00_0.png,124,248,8d227a0d2725821f6c8e3ba6971b2baf01dc78fe1047f6cb4998c1e1eaa27eb8,True,False,True,True,True,False,assets/local/configs/LZA/pm0064.json,a5d9e165acc692538df0c2d1fafefee53845c5a267ea6d0c88913a36a37d042c,freedom12/PokemonModelViewer,c5952930343748e6dcb4cae21ee383e0bd13b75c,public-derived-model-viewer-config-not-game-native-catalog,CROSSCHECK_PENDING,
LZA,pm0065,65,pm0065_00_00,0,0,UNRESOLVED,UNRESOLVED,UNRESOLVED,icon/pm0065_00_00_00_0.png,111,222,7de1ef06f9b767095977f36c23410b0aad472a82687a7e60d59c09dca351f20d,True,False,True,True,True,False,assets/local/configs/LZA/pm0065.json,312459f656c18056102d6321c3a65e29c1419234f377c658edc8f38085d750f0,freedom12/PokemonModelViewer,c5952930343748e6dcb4cae21ee383e0bd13b75c,public-derived-model-viewer-config-not-game-native-catalog,CROSSCHECK_PENDING,
LZA,pm0065,65,pm0065_01_00,1,0,UNRESOLVED,UNRESOLVED,UNRESOLVED,icon/pm0065_01_00_00_0.png,111,222,7de1ef06f9b767095977f36c23410b0aad472a82687a7e60d59c09dca351f20d,True,False,True,True,True,False,assets/local/configs/LZA/pm0065.json,312459f656c18056102d6321c3a65e29c1419234f377c658edc8f38085d750f0,freedom12/PokemonModelViewer,c5952930343748e6dcb4cae21ee383e0bd13b75c,public-derived-model-viewer-config-not-game-native-catalog,CROSSCHECK_PENDING,
LZA,pm0065,65,pm0065_51_00,51,0,UNRESOLVED,UNRESOLVED,UNRESOLVED,icon/pm0065_51_00_00_0.png,40,80,d62a7cc04a8f6748f2da2c21dc1725086eae2edc373a81891494c2d2d388ff53,False,True,True,True,True,False,assets/local/configs/LZA/pm0065.json,312459f656c18056102d6321c3a65e29c1419234f377c658edc8f38085d750f0,freedom12/PokemonModelViewer,c5952930343748e6dcb4cae21ee383e0bd13b75c,public-derived-model-viewer-config-not-game-native-catalog,CROSSCHECK_PENDING,
LZA,pm0066,66,pm0066_00_00,0,0,UNRESOLVED,UNRESOLVED,UNRESOLVED,icon/pm0066_00_00_00_0.png,69,138,974ee397286320814b0f772319c9e15a1a62565ec6a597aa20f8f4ff85bca43c,True,True,True,True,True,False,assets/local/configs/LZA/pm0066.json,3dc104b9efb524d391a10d1d3e0c5ea3d93075842ce3f713efb4b6d97bd6b8f6,freedom12/PokemonModelViewer,c5952930343748e6dcb4cae21ee383e0bd13b75c,public-derived-model-viewer-config-not-game-native-catalog,CROSSCHECK_PENDING,
LZA,pm0067,67,pm0067_00_00,0,0,UNRESOLVED,UNRESOLVED,UNRESOLVED,icon/pm0067_00_00_00_0.png,67,134,f800d7060968e757a9829c3920a16f40ac235782ebd14ad100f3347c36b729ab,True,True,True,True,True,False,assets/local/configs/LZA/pm0067.json,08e27386d616b39d50b9b0fce93ba36526aecaa5dc7073865d7b39e3bbaaeb1d,freedom12/PokemonModelViewer,c5952930343748e6dcb4cae21ee383e0bd13b75c,public-derived-model-viewer-config-not-game-native-catalog,CROSSCHECK_PENDING,
LZA,pm0068,68,pm0068_00_00,0,0,UNRESOLVED,UNRESOLVED,UNRESOLVED,icon/pm0068_00_00_00_0.png,64,128,d82e17b34a130e7b4654c0d61e6ade69643a99bbe665ca4282451beabc313c65,True,True,True,True,True,False,assets/local/configs/LZA/pm0068.json,9e5a595140824832d667b21f7efdc709cf19648c17523860cde629f24f7d2dbc,freedom12/PokemonModelViewer,c5952930343748e6dcb4cae21ee383e0bd13b75c,public-derived-model-viewer-config-not-game-native-catalog,CROSSCHECK_PENDING,
LZA,pm0069,69,pm0069_00_00,0,0,UNRESOLVED,UNRESOLVED,UNRESOLVED,icon/pm0069_00_00_00_0.png,65,130,ef9c9b7f6bb9f85dc1fcdc348fd935b7cefd11f556b2a06c47dedc150e74e928,True,True,True,True,True,False,assets/local/configs/LZA/pm0069.json,d02cebb20503638da19ac189cc57dad8e75073303965f643bcb8ef690087363e,freedom12/PokemonModelViewer,c5952930343748e6dcb4cae21ee383e0bd13b75c,public-derived-model-viewer-config-not-game-native-catalog,CROSSCHECK_PENDING,
LZA,pm0070,70,pm0070_00_00,0,0,UNRESOLVED,UNRESOLVED,UNRESOLVED,icon/pm0070_00_00_00_0.png,73,146,778da493899e8b1d27b5ea6f3fdaaee04954ecb68121ba9ad461cd99d09ffe66,True,True,True,True,True,False,assets/local/configs/LZA/pm0070.json,cdfb9a55997f5db4b0cc15e8bfd9a3ef994c85c6e31b0e3e20756bc8d322506c,freedom12/PokemonModelViewer,c5952930343748e6dcb4cae21ee383e0bd13b75c,public-derived-model-viewer-config-not-game-native-catalog,CROSSCHECK_PENDING,
LZA,pm0071,71,pm0071_00_00,0,0,UNRESOLVED,UNRESOLVED,UNRESOLVED,icon/pm0071_00_00_00_0.png,69,138,3895e1021741a300e82b829ce3915b0468429ab337e780a051c09cf32906a86c,True,True,True,True,True,False,assets/local/configs/LZA/pm0071.json,25f2ef482d09a2993e2c967474315970407b8cf14d734378a2516aba0a9d9ba6,freedom12/PokemonModelViewer,c5952930343748e6dcb4cae21ee383e0bd13b75c,public-derived-model-viewer-config-not-game-native-catalog,CROSSCHECK_PENDING,
LZA,pm0071,71,pm0071_51_00,51,0,UNRESOLVED,UNRESOLVED,UNRESOLVED,icon/pm0071_51_00_00_0.png,44,88,398d087ec70a0c287967d74a166df30dbc74813960e3d9302c51554b6a0176bb,False,True,True,True,True,False,assets/local/configs/LZA/pm0071.json,25f2ef482d09a2993e2c967474315970407b8cf14d734378a2516aba0a9d9ba6,freedom12/PokemonModelViewer,c5952930343748e6dcb4cae21ee383e0bd13b75c,public-derived-model-viewer-config-not-game-native-catalog,CROSSCHECK_PENDING,
LZA,pm0079,79,pm0079_00_00,0,0,UNRESOLVED,UNRESOLVED,UNRESOLVED,icon/pm0079_00_00_00_0.png,120,240,f1c459b1cd509a976939fb313e3ad83259d67c0b1483da3e4bc0d4bb7c94ac93,True,True,True,True,True,False,assets/local/configs/LZA/pm0079.json,ad8c7332ce5027fe0a2ac86183f83e5d615b36ea5579798ed5dba4da5a0edb01,freedom12/PokemonModelViewer,c5952930343748e6dcb4cae21ee383e0bd13b75c,public-derived-model-viewer-config-not-game-native-catalog,CROSSCHECK_PENDING,
LZA,pm0079,79,pm0079_00_31,0,31,UNRESOLVED,UNRESOLVED,UNRESOLVED,icon/pm0079_00_31_00_0.png,117,234,7bb56cd6787e7cd1711a285f1915f249f8bee6c1b07bfa41c948de52797b10c4,True,True,True,True,True,False,assets/local/configs/LZA/pm0079.json,ad8c7332ce5027fe0a2ac86183f83e5d615b36ea5579798ed5dba4da5a0edb01,freedom12/PokemonModelViewer,c5952930343748e6dcb4cae21ee383e0bd13b75c,public-derived-model-viewer-config-not-game-native-catalog,CROSSCHECK_PENDING,
LZA,pm0080,80,pm0080_00_00,0,0,UNRESOLVED,UNRESOLVED,UNRESOLVED,icon/pm0080_00_00_00_0.png,116,232,aa003654d01d7af671bf29a6aae83cad22d0ed1518db4db8b7a216a78a04167d,True,True,True,True,True,False,assets/local/configs/LZA/pm0080.json,c2d756941c2a994210dd2e567dc4ac7c714801712c83a0c8ad2271139d1a6b89,freedom12/PokemonModelViewer,c5952930343748e6dcb4cae21ee383e0bd13b75c,public-derived-model-viewer-config-not-game-native-catalog,CROSSCHECK_PENDING,
LZA,pm0080,80,pm0080_00_31,0,31,UNRESOLVED,UNRESOLVED,UNRESOLVED,icon/pm0080_00_31_00_0.png,113,226,105a5e98b6d9fafe1edfdf1167900b21fd788d10dc9e3c178cd1e82f66538d0e,True,True,True,True,True,False,assets/local/configs/LZA/pm0080.json,c2d756941c2a994210dd2e567dc4ac7c714801712c83a0c8ad2271139d1a6b89,freedom12/PokemonModelViewer,c5952930343748e6dcb4cae21ee383e0bd13b75c,public-derived-model-viewer-config-not-game-native-catalog,CROSSCHECK_PENDING,
LZA,pm0080,80,pm0080_51_00,51,0,UNRESOLVED,UNRESOLVED,UNRESOLVED,icon/pm0080_51_00_00_0.png,45,90,782f1fa7759fb6a89c511646f64e03cda320a0d7c8280ce54f604bbac063a3d3,False,True,True,True,True,False,assets/local/configs/LZA/pm0080.json,c2d756941c2a994210dd2e567dc4ac7c714801712c83a0c8ad2271139d1a6b89,freedom12/PokemonModelViewer,c5952930343748e6dcb4cae21ee383e0bd13b75c,public-derived-model-viewer-config-not-game-native-catalog,CROSSCHECK_PENDING,
LZA,pm0083,83,pm0083_00_00,0,0,UNRESOLVED,UNRESOLVED,UNRESOLVED,icon/pm0083_00_00_00_0.png,117,234,ffe4942f85c2d05fc3c52bde08ddc85ae19de703ce2f6369a826b2abfa8ade9b,True,True,True,True,True,False,assets/local/configs/LZA/pm0083.json,2b5802512b56bbc483ba556af8e46a26ad12b7f4cca4aa7cfe67e2ea05c54fd5,freedom12/PokemonModelViewer,c5952930343748e6dcb4cae21ee383e0bd13b75c,public-derived-model-viewer-config-not-game-native-catalog,CROSSCHECK_PENDING,
LZA,pm0083,83,pm0083_00_31,0,31,UNRESOLVED,UNRESOLVED,UNRESOLVED,icon/pm0083_00_31_00_0.png,60,120,6859c05b85c0288206293a862930b0e49a1308034753f4ae9b7fbcb6629b7531,True,True,True,True,True,False,assets/local/configs/LZA/pm0083.json,2b5802512b56bbc483ba556af8e46a26ad12b7f4cca4aa7cfe67e2ea05c54fd5,freedom12/PokemonModelViewer,c5952930343748e6dcb4cae21ee383e0bd13b75c,public-derived-model-viewer-config-not-game-native-catalog,CROSSCHECK_PENDING,
LZA,pm0092,92,pm0092_00_00,0,0,UNRESOLVED,UNRESOLVED,UNRESOLVED,icon/pm0092_00_00_00_0.png,63,126,394238ed071a7fc2c2f0f09d18d1176c975cfc7fe2574da56c8d73d9db0a2375,True,True,True,True,True,False,assets/local/configs/LZA/pm0092.json,efa7ef2505b6d57b2e386e978f98bc6c172df830a22bfa655471792013c1f0b9,freedom12/PokemonModelViewer,c5952930343748e6dcb4cae21ee383e0bd13b75c,public-derived-model-viewer-config-not-game-native-catalog,CROSSCHECK_PENDING,
LZA,pm0093,93,pm0093_00_00,0,0,UNRESOLVED,UNRESOLVED,UNRESOLVED,icon/pm0093_00_00_00_0.png,63,126,a77b5f31702ceb44fdb7db965218461371dda67ee2cb8a8769f7f1f96aefae4b,True,True,True,True,True,False,assets/local/configs/LZA/pm0093.json,c4b3eecd9879437f688d044e2c80b7d0960786ffdb00c0d22b8d7acb8bc83323,freedom12/PokemonModelViewer,c5952930343748e6dcb4cae21ee383e0bd13b75c,public-derived-model-viewer-config-not-game-native-catalog,CROSSCHECK_PENDING,
LZA,pm0094,94,pm0094_00_00,0,0,UNRESOLVED,UNRESOLVED,UNRESOLVED,icon/pm0094_00_00_00_0.png,120,240,d557e4b593563ce2aebc6bbea050d27e5b20a9def6ee194acd5f0412e0ac5ac8,True,True,True,True,True,False,assets/local/configs/LZA/pm0094.json,68b214b4c0e3e89aead171f82abafb958b258463049ee8782d970cb27c9305fd,freedom12/PokemonModelViewer,c5952930343748e6dcb4cae21ee383e0bd13b75c,public-derived-model-viewer-config-not-game-native-catalog,CROSSCHECK_PENDING,
LZA,pm0094,94,pm0094_51_00,51,0,UNRESOLVED,UNRESOLVED,UNRESOLVED,icon/pm0094_51_00_00_0.png,40,80,3c7bacf5604709ab29c2d278ff19a8ed3206642b09eae010ac4ff9cf3d7d5ebe,False,True,True,True,True,False,assets/local/configs/LZA/pm0094.json,68b214b4c0e3e89aead171f82abafb958b258463049ee8782d970cb27c9305fd,freedom12/PokemonModelViewer,c5952930343748e6dcb4cae21ee383e0bd13b75c,public-derived-model-viewer-config-not-game-native-catalog,CROSSCHECK_PENDING,
LZA,pm0095,95,pm0095_00_00,0,0,UNRESOLVED,UNRESOLVED,UNRESOLVED,icon/pm0095_00_00_00_0.png,73,146,20d258c744dc758003e526067781e9aa7203cf6eac59850bae6bd33fe6293460,True,True,True,True,True,False,assets/local/configs/LZA/pm0095.json,307560a17974cc3701c10ef71f39dea3dec4b337780d13ea29dcc935b17217d4,freedom12/PokemonModelViewer,c5952930343748e6dcb4cae21ee383e0bd13b75c,public-derived-model-viewer-config-not-game-native-catalog,CROSSCHECK_PENDING,
LZA,pm0104,104,pm0104_00_00,0,0,UNRESOLVED,UNRESOLVED,UNRESOLVED,icon/pm0104_00_00_00_0.png,59,118,c5e5e7d2af5dab2470b21f2652b27c6dc2e3bd38a0315b5b1971c1bcd452ea5f,True,True,True,True,True,False,assets/local/configs/LZA/pm0104.json,df94e60d7f9e183b9829ec20fd49536b20bf298d1c53e04a2c19759a602f1c24,freedom12/PokemonModelViewer,c5952930343748e6dcb4cae21ee383e0bd13b75c,public-derived-model-viewer-config-not-game-native-catalog,CROSSCHECK_PENDING,
LZA,pm0105,105,pm0105_00_00,0,0,UNRESOLVED,UNRESOLVED,UNRESOLVED,icon/pm0105_00_00_00_0.png,59,118,c5e5e7d2af5dab2470b21f2652b27c6dc2e3bd38a0315b5b1971c1bcd452ea5f,True,True,True,True,True,False,assets/local/configs/LZA/pm0105.json,21e6793e50c14901603455ed6db9cd8936513c17349c946e9cb561f71e882c9c,freedom12/PokemonModelViewer,c5952930343748e6dcb4cae21ee383e0bd13b75c,public-derived-model-viewer-config-not-game-native-catalog,CROSSCHECK_PENDING,
LZA,pm0105,105,pm0105_00_11,0,11,UNRESOLVED,UNRESOLVED,UNRESOLVED,icon/pm0105_00_11_00_0.png,60,120,63c40066e37422a50aa8ef9d34e15621b8467d3d7e296499736eab53b57d5a02,True,True,True,True,True,False,assets/local/configs/LZA/pm0105.json,21e6793e50c14901603455ed6db9cd8936513c17349c946e9cb561f71e882c9c,freedom12/PokemonModelViewer,c5952930343748e6dcb4cae21ee383e0bd13b75c,public-derived-model-viewer-config-not-game-native-catalog,CROSSCHECK_PENDING,
LZA,pm0115,115,pm0115_00_00,0,0,UNRESOLVED,UNRESOLVED,UNRESOLVED,icon/pm0115_00_00_00_0.png,63,126,921eeeadb8497afc6266cc99df2c286bfc2e7ca2664d223d0f79e3973b393b66,True,True,True,True,True,False,assets/local/configs/LZA/pm0115.json,3f1e3d6c70e7918bc7ffac1aa3cb692bad5ac86cdfeba38e8450c892478071ef,freedom12/PokemonModelViewer,c5952930343748e6dcb4cae21ee383e0bd13b75c,public-derived-model-viewer-config-not-game-native-catalog,CROSSCHECK_PENDING,
LZA,pm0115,115,pm0115_51_00,51,0,UNRESOLVED,UNRESOLVED,UNRESOLVED,icon/pm0115_51_00_00_0.png,39,78,ecfaf8dab47ad52f4062b3ee313eba838a75677ad9719f5fd2f2fed938d6b81e,False,True,True,True,True,False,assets/local/configs/LZA/pm0115.json,3f1e3d6c70e7918bc7ffac1aa3cb692bad5ac86cdfeba38e8450c892478071ef,freedom12/PokemonModelViewer,c5952930343748e6dcb4cae21ee383e0bd13b75c,public-derived-model-viewer-config-not-game-native-catalog,CROSSCHECK_PENDING,
LZA,pm0120,120,pm0120_00_00,0,0,UNRESOLVED,UNRESOLVED,UNRESOLVED,icon/pm0120_00_00_00_0.png,120,240,67ce0814949605a9cd437bc5817b1970b3ee383fe0aab736c88120eaab3fe1e8,True,True,True,True,False,False,assets/local/configs/LZA/pm0120.json,e51afe7baacf7d265bd3f3ea3b2aa20fe72241884a5a2e7a17384f08b4222a34,freedom12/PokemonModelViewer,c5952930343748e6dcb4cae21ee383e0bd13b75c,public-derived-model-viewer-config-not-game-native-catalog,CROSSCHECK_PENDING,
LZA,pm0121,121,pm0121_00_00,0,0,UNRESOLVED,UNRESOLVED,UNRESOLVED,icon/pm0121_00_00_00_0.png,119,238,8f55530832591c48b62a0a9eb674e7ada0bf96665feed85490074eb4f11cd5ba,True,True,True,True,False,False,assets/local/configs/LZA/pm0121.json,a000069a31bb9a9e50591cde0201e5aa73f52766617ef22b882d7b9291bf75c4,freedom12/PokemonModelViewer,c5952930343748e6dcb4cae21ee383e0bd13b75c,public-derived-model-viewer-config-not-game-native-catalog,CROSSCHECK_PENDING,
LZA,pm0121,121,pm0121_51_00,51,0,UNRESOLVED,UNRESOLVED,UNRESOLVED,icon/pm0121_51_00_00_0.png,43,86,d3141ae07c293b0f4438fb625b35646af78c92a8f23a0489c9294095882ad1ac,False,True,True,True,False,False,assets/local/configs/LZA/pm0121.json,a000069a31bb9a9e50591cde0201e5aa73f52766617ef22b882d7b9291bf75c4,freedom12/PokemonModelViewer,c5952930343748e6dcb4cae21ee383e0bd13b75c,public-derived-model-viewer-config-not-game-native-catalog,CROSSCHECK_PENDING,
LZA,pm0122,122,pm0122_00_00,0,0,UNRESOLVED,UNRESOLVED,UNRESOLVED,icon/pm0122_00_00_00_0.png,58,116,5557fc13b91155d8528e2b23996482ae5c3310b66a3bca1cc60e7eab7b3e7743,True,False,True,True,True,False,assets/local/configs/LZA/pm0122.json,273323182eafbd13d2f4ab625b79415179af965eeab74efa3cc47ac15893b674,freedom12/PokemonModelViewer,c5952930343748e6dcb4cae21ee383e0bd13b75c,public-derived-model-viewer-config-not-game-native-catalog,CROSSCHECK_PENDING,
LZA,pm0122,122,pm0122_00_31,0,31,UNRESOLVED,UNRESOLVED,UNRESOLVED,icon/pm0122_00_31_00_0.png,57,114,d63ebf1b1a96a8057500cd4c18a3a089cada6c7cca15afb4e6961cd2d133275e,True,True,True,True,True,False,assets/local/configs/LZA/pm0122.json,273323182eafbd13d2f4ab625b79415179af965eeab74efa3cc47ac15893b674,freedom12/PokemonModelViewer,c5952930343748e6dcb4cae21ee383e0bd13b75c,public-derived-model-viewer-config-not-game-native-catalog,CROSSCHECK_PENDING,
LZA,pm0123,123,pm0123_00_00,0,0,UNRESOLVED,UNRESOLVED,UNRESOLVED,icon/pm0123_00_00_00_0.png,119,238,b2b08da85e3efc6a892ff3e87491e2df9b1f4072aab468590ad6e21f61581cdb,True,True,True,True,True,False,assets/local/configs/LZA/pm0123.json,efcb6d6cdd975d0526561e4ccfabf8057c1756e1bc847f8e2aa56405f311b8f3,freedom12/PokemonModelViewer,c5952930343748e6dcb4cae21ee383e0bd13b75c,public-derived-model-viewer-config-not-game-native-catalog,CROSSCHECK_PENDING,
LZA,pm0123,123,pm0123_01_00,1,0,UNRESOLVED,UNRESOLVED,UNRESOLVED,icon/pm0123_01_00_00_0.png,119,238,b2b08da85e3efc6a892ff3e87491e2df9b1f4072aab468590ad6e21f61581cdb,True,True,True,True,True,False,assets/local/configs/LZA/pm0123.json,efcb6d6cdd975d0526561e4ccfabf8057c1756e1bc847f8e2aa56405f311b8f3,freedom12/PokemonModelViewer,c5952930343748e6dcb4cae21ee383e0bd13b75c,public-derived-model-viewer-config-not-game-native-catalog,CROSSCHECK_PENDING,
LZA,pm0127,127,pm0127_00_00,0,0,UNRESOLVED,UNRESOLVED,UNRESOLVED,icon/pm0127_00_00_00_0.png,65,130,06e4455392c3c7fb2c18b7e730ff2fa6e1c8a6f41b676fa8ba594895c770a358,True,True,True,True,True,False,assets/local/configs/LZA/pm0127.json,86f4a571756d04dcca1b156174d80e1edbf62874cd44f5950faecf6c2b3cf6a2,freedom12/PokemonModelViewer,c5952930343748e6dcb4cae21ee383e0bd13b75c,public-derived-model-viewer-config-not-game-native-catalog,CROSSCHECK_PENDING,
LZA,pm0127,127,pm0127_51_00,51,0,UNRESOLVED,UNRESOLVED,UNRESOLVED,icon/pm0127_51_00_00_0.png,42,84,8a5edecb6c4395caf8bb0a471b03d066d5eda206faed3272d5d637fa680c05df,False,True,True,True,True,False,assets/local/configs/LZA/pm0127.json,86f4a571756d04dcca1b156174d80e1edbf62874cd44f5950faecf6c2b3cf6a2,freedom12/PokemonModelViewer,c5952930343748e6dcb4cae21ee383e0bd13b75c,public-derived-model-viewer-config-not-game-native-catalog,CROSSCHECK_PENDING,
LZA,pm0129,129,pm0129_00_00,0,0,UNRESOLVED,UNRESOLVED,UNRESOLVED,icon/pm0129_00_00_00_0.png,118,236,64223b5d170be4f0ab54c031d994cec3140e1bc08c3bf9330fdb5b3cf2e6bfcc,True,True,True,True,True,False,assets/local/configs/LZA/pm0129.json,c1fb6213cbf63e90c4072be1b420574de615f4aa9a04cb058665b9d8c342da45,freedom12/PokemonModelViewer,c5952930343748e6dcb4cae21ee383e0bd13b75c,public-derived-model-viewer-config-not-game-native-catalog,CROSSCHECK_PENDING,
LZA,pm0129,129,pm0129_01_00,1,0,UNRESOLVED,UNRESOLVED,UNRESOLVED,icon/pm0129_01_00_00_0.png,118,236,64223b5d170be4f0ab54c031d994cec3140e1bc08c3bf9330fdb5b3cf2e6bfcc,True,True,True,True,True,False,assets/local/configs/LZA/pm0129.json,c1fb6213cbf63e90c4072be1b420574de615f4aa9a04cb058665b9d8c342da45,freedom12/PokemonModelViewer,c5952930343748e6dcb4cae21ee383e0bd13b75c,public-derived-model-viewer-config-not-game-native-catalog,CROSSCHECK_PENDING,
LZA,pm0130,130,pm0130_00_00,0,0,UNRESOLVED,UNRESOLVED,UNRESOLVED,icon/pm0130_00_00_00_0.png,117,234,85bc274db7b3d3a6cab580cdc6ffa83595371c35d8fdaf44a129cdf32447aaf8,True,True,True,True,True,False,assets/local/configs/LZA/pm0130.json,a17a9ce9a7d423319b8df07a2aad7da21c79144b270fbe5918d6869512f683c4,freedom12/PokemonModelViewer,c5952930343748e6dcb4cae21ee383e0bd13b75c,public-derived-model-viewer-config-not-game-native-catalog,CROSSCHECK_PENDING,
LZA,pm0130,130,pm0130_01_00,1,0,UNRESOLVED,UNRESOLVED,UNRESOLVED,icon/pm0130_01_00_00_0.png,117,234,85bc274db7b3d3a6cab580cdc6ffa83595371c35d8fdaf44a129cdf32447aaf8,True,True,True,True,True,False,assets/local/configs/LZA/pm0130.json,a17a9ce9a7d423319b8df07a2aad7da21c79144b270fbe5918d6869512f683c4,freedom12/PokemonModelViewer,c5952930343748e6dcb4cae21ee383e0bd13b75c,public-derived-model-viewer-config-not-game-native-catalog,CROSSCHECK_PENDING,
LZA,pm0130,130,pm0130_51_00,51,0,UNRESOLVED,UNRESOLVED,UNRESOLVED,icon/pm0130_51_00_00_0.png,79,158,5423709cc9f2afc26a50b55d607ca2c4a320fbe719616a581989308aa6a0b358,False,True,True,True,True,False,assets/local/configs/LZA/pm0130.json,a17a9ce9a7d423319b8df07a2aad7da21c79144b270fbe5918d6869512f683c4,freedom12/PokemonModelViewer,c5952930343748e6dcb4cae21ee383e0bd13b75c,public-derived-model-viewer-config-not-game-native-catalog,CROSSCHECK_PENDING,
LZA,pm0133,133,pm0133_00_00,0,0,UNRESOLVED,UNRESOLVED,UNRESOLVED,icon/pm0133_00_00_00_0.png,113,226,105a5e98b6d9fafe1edfdf1167900b21fd788d10dc9e3c178cd1e82f66538d0e,True,True,True,True,True,False,assets/local/configs/LZA/pm0133.json,b7bd20c58a7d21e61bf97b236d17489173246a713bdc7ef8b57fb7370fcb0b2a,freedom12/PokemonModelViewer,c5952930343748e6dcb4cae21ee383e0bd13b75c,public-derived-model-viewer-config-not-game-native-catalog,CROSSCHECK_PENDING,
LZA,pm0133,133,pm0133_01_00,1,0,UNRESOLVED,UNRESOLVED,UNRESOLVED,icon/pm0133_01_00_00_0.png,113,226,105a5e98b6d9fafe1edfdf1167900b21fd788d10dc9e3c178cd1e82f66538d0e,True,True,True,True,True,False,assets/local/configs/LZA/pm0133.json,b7bd20c58a7d21e61bf97b236d17489173246a713bdc7ef8b57fb7370fcb0b2a,freedom12/PokemonModelViewer,c5952930343748e6dcb4cae21ee383e0bd13b75c,public-derived-model-viewer-config-not-game-native-catalog,CROSSCHECK_PENDING,
LZA,pm0134,134,pm0134_00_00,0,0,UNRESOLVED,UNRESOLVED,UNRESOLVED,icon/pm0134_00_00_00_0.png,113,226,105a5e98b6d9fafe1edfdf1167900b21fd788d10dc9e3c178cd1e82f66538d0e,True,True,True,True,True,False,assets/local/configs/LZA/pm0134.json,bde250582b3b71d0ecdde77f65de3be01b9298eaab52f4f54fc618699bc6f306,freedom12/PokemonModelViewer,c5952930343748e6dcb4cae21ee383e0bd13b75c,public-derived-model-viewer-config-not-game-native-catalog,CROSSCHECK_PENDING,
LZA,pm0135,135,pm0135_00_00,0,0,UNRESOLVED,UNRESOLVED,UNRESOLVED,icon/pm0135_00_00_00_0.png,113,226,105a5e98b6d9fafe1edfdf1167900b21fd788d10dc9e3c178cd1e82f66538d0e,True,True,True,True,True,False,assets/local/configs/LZA/pm0135.json,da73667351082775afabb5bb8d93d6e8f9a375a4e5532c5bfc35b2b919487a72,freedom12/PokemonModelViewer,c5952930343748e6dcb4cae21ee383e0bd13b75c,public-derived-model-viewer-config-not-game-native-catalog,CROSSCHECK_PENDING,
LZA,pm0136,136,pm0136_00_00,0,0,UNRESOLVED,UNRESOLVED,UNRESOLVED,icon/pm0136_00_00_00_0.png,57,114,d63ebf1b1a96a8057500cd4c18a3a089cada6c7cca15afb4e6961cd2d133275e,True,True,True,True,True,False,assets/local/configs/LZA/pm0136.json,c8be42776ae13af6baad0100363f1e3c475c8e44040e2ffdd9fda99a1162b37c,freedom12/PokemonModelViewer,c5952930343748e6dcb4cae21ee383e0bd13b75c,public-derived-model-viewer-config-not-game-native-catalog,CROSSCHECK_PENDING,
LZA,pm0137,137,pm0137_00_00,0,0,UNRESOLVED,UNRESOLVED,UNRESOLVED,icon/pm0137_00_00_00_0.png,58,116,435a0a97a87f8e5f8b763c77eb5d852590072269519dc85637781515f4bb61b8,True,True,True,True,False,False,assets/local/configs/LZA/pm0137.json,03d176f03c4ab3c48d6af87e9209b9abd04dee5dfeb25a0f80277e2e72b57764,freedom12/PokemonModelViewer,c5952930343748e6dcb4cae21ee383e0bd13b75c,public-derived-model-viewer-config-not-game-native-catalog,CROSSCHECK_PENDING,
LZA,pm0142,142,pm0142_00_00,0,0,UNRESOLVED,UNRESOLVED,UNRESOLVED,icon/pm0142_00_00_00_0.png,118,236,94356ddffd1266fed0725209a74b0170c00bd9d51195bc9fe11d535075278f67,True,True,True,True,True,False,assets/local/configs/LZA/pm0142.json,ba9870987770086fe85ff6fc3014af52ab798c02085cc3fb99a645835b7ef7a5,freedom12/PokemonModelViewer,c5952930343748e6dcb4cae21ee383e0bd13b75c,public-derived-model-viewer-config-not-game-native-catalog,CROSSCHECK_PENDING,
LZA,pm0142,142,pm0142_51_00,51,0,UNRESOLVED,UNRESOLVED,UNRESOLVED,icon/pm0142_51_00_00_0.png,79,158,46f36bccf35ab853867ecc782594cf0944effec1c1df4fd979396f08d9ff859a,False,True,True,True,True,False,assets/local/configs/LZA/pm0142.json,ba9870987770086fe85ff6fc3014af52ab798c02085cc3fb99a645835b7ef7a5,freedom12/PokemonModelViewer,c5952930343748e6dcb4cae21ee383e0bd13b75c,public-derived-model-viewer-config-not-game-native-catalog,CROSSCHECK_PENDING,
LZA,pm0147,147,pm0147_00_00,0,0,UNRESOLVED,UNRESOLVED,UNRESOLVED,icon/pm0147_00_00_00_0.png,114,228,9598bdb5db7a72fc294a87d7d8ce5b14ef21983b08b730f54d928f8367f11f95,True,True,True,True,True,False,assets/local/configs/LZA/pm0147.json,30b25ca5beef4c0360caa311ece9ab0629563195f37b0ac092b7c003e81aa7ce,freedom12/PokemonModelViewer,c5952930343748e6dcb4cae21ee383e0bd13b75c,public-derived-model-viewer-config-not-game-native-catalog,CROSSCHECK_PENDING,
LZA,pm0148,148,pm0148_00_00,0,0,UNRESOLVED,UNRESOLVED,UNRESOLVED,icon/pm0148_00_00_00_0.png,113,226,105a5e98b6d9fafe1edfdf1167900b21fd788d10dc9e3c178cd1e82f66538d0e,True,True,True,True,True,False,assets/local/configs/LZA/pm0148.json,a09ebc1c3595d4e29ef75cb7768de7759c78dd33bf248647a62b1e6cebcf5fa3,freedom12/PokemonModelViewer,c5952930343748e6dcb4cae21ee383e0bd13b75c,public-derived-model-viewer-config-not-game-native-catalog,CROSSCHECK_PENDING,
LZA,pm0149,149,pm0149_00_00,0,0,UNRESOLVED,UNRESOLVED,UNRESOLVED,icon/pm0149_00_00_00_0.png,118,236,94356ddffd1266fed0725209a74b0170c00bd9d51195bc9fe11d535075278f67,True,True,True,True,True,False,assets/local/configs/LZA/pm0149.json,b1409971d6f51a05c993543d4024ae94730916eb47081760c0368e0cbd03c26a,freedom12/PokemonModelViewer,c5952930343748e6dcb4cae21ee383e0bd13b75c,public-derived-model-viewer-config-not-game-native-catalog,CROSSCHECK_PENDING,
LZA,pm0149,149,pm0149_51_00,51,0,UNRESOLVED,UNRESOLVED,UNRESOLVED,icon/pm0149_51_00_00_0.png,43,86,102fcbcb8d875bbdabe093baec2dbe0b9a779f1fd8fb3c81290bcdf2fa10c71e,False,True,True,True,True,False,assets/local/configs/LZA/pm0149.json,b1409971d6f51a05c993543d4024ae94730916eb47081760c0368e0cbd03c26a,freedom12/PokemonModelViewer,c5952930343748e6dcb4cae21ee383e0bd13b75c,public-derived-model-viewer-config-not-game-native-catalog,CROSSCHECK_PENDING,
LZA,pm0150,150,pm0150_00_00,0,0,UNRESOLVED,UNRESOLVED,UNRESOLVED,icon/pm0150_00_00_00_0.png,113,226,40da6e624134c83d6a08ad188040be4ae5e2226b46561c4898c76750638c32ff,True,True,True,True,True,False,assets/local/configs/LZA/pm0150.json,d186d336e5bce7ca595debab8b45116f941939b8867727039a48b68f5ca37b7a,freedom12/PokemonModelViewer,c5952930343748e6dcb4cae21ee383e0bd13b75c,public-derived-model-viewer-config-not-game-native-catalog,CROSSCHECK_PENDING,
LZA,pm0150,150,pm0150_51_00,51,0,UNRESOLVED,UNRESOLVED,UNRESOLVED,icon/pm0150_51_00_00_0.png,77,154,1538786bb147434dd558d06233af5eefe6e00ea3c2196bad36e08720999b36f1,False,True,True,True,True,False,assets/local/configs/LZA/pm0150.json,d186d336e5bce7ca595debab8b45116f941939b8867727039a48b68f5ca37b7a,freedom12/PokemonModelViewer,c5952930343748e6dcb4cae21ee383e0bd13b75c,public-derived-model-viewer-config-not-game-native-catalog,CROSSCHECK_PENDING,
LZA,pm0150,150,pm0150_52_00,52,0,UNRESOLVED,UNRESOLVED,UNRESOLVED,icon/pm0150_52_00_00_0.png,40,80,fa712d556e5cae3fc63aa72918601191caa0beefde27265321043164070d3370,False,True,True,True,True,False,assets/local/configs/LZA/pm0150.json,d186d336e5bce7ca595debab8b45116f941939b8867727039a48b68f5ca37b7a,freedom12/PokemonModelViewer,c5952930343748e6dcb4cae21ee383e0bd13b75c,public-derived-model-viewer-config-not-game-native-catalog,CROSSCHECK_PENDING,
LZA,pm0152,152,pm0152_00_00,0,0,UNRESOLVED,UNRESOLVED,UNRESOLVED,icon/pm0152_00_00_00_0.png,59,118,d34105a88b06753271a57ea21d562fcf2609dbc4cd34663f14febc682cfdda07,True,True,True,True,True,False,assets/local/configs/LZA/pm0152.json,492e6a9dee7dc31748d9e1d00496385e3afe3bcee40806191f945a5860667ec9,freedom12/PokemonModelViewer,c5952930343748e6dcb4cae21ee383e0bd13b75c,public-derived-model-viewer-config-not-game-native-catalog,CROSSCHECK_PENDING,
LZA,pm0153,153,pm0153_00_00,0,0,UNRESOLVED,UNRESOLVED,UNRESOLVED,icon/pm0153_00_00_00_0.png,61,122,a4eae3f8fd103e51d7819219b7253e99d8b825a3bfa44da9c624cc14f4fe3a49,True,True,True,True,True,False,assets/local/configs/LZA/pm0153.json,cd2fcb7e46c1037a73b819495b21e30a2bca3b6c7552b9927c2b43eff486c34a,freedom12/PokemonModelViewer,c5952930343748e6dcb4cae21ee383e0bd13b75c,public-derived-model-viewer-config-not-game-native-catalog,CROSSCHECK_PENDING,
LZA,pm0154,154,pm0154_00_00,0,0,UNRESOLVED,UNRESOLVED,UNRESOLVED,icon/pm0154_00_00_00_0.png,59,118,c5e5e7d2af5dab2470b21f2652b27c6dc2e3bd38a0315b5b1971c1bcd452ea5f,True,True,True,True,True,False,assets/local/configs/LZA/pm0154.json,a9d65b8c8bb5c4e30d8f1a52208a4418a8df0f0dbb606695a72a536f92c650a6,freedom12/PokemonModelViewer,c5952930343748e6dcb4cae21ee383e0bd13b75c,public-derived-model-viewer-config-not-game-native-catalog,CROSSCHECK_PENDING,
LZA,pm0154,154,pm0154_01_00,1,0,UNRESOLVED,UNRESOLVED,UNRESOLVED,icon/pm0154_01_00_00_0.png,59,118,c5e5e7d2af5dab2470b21f2652b27c6dc2e3bd38a0315b5b1971c1bcd452ea5f,True,True,True,True,True,False,assets/local/configs/LZA/pm0154.json,a9d65b8c8bb5c4e30d8f1a52208a4418a8df0f0dbb606695a72a536f92c650a6,freedom12/PokemonModelViewer,c5952930343748e6dcb4cae21ee383e0bd13b75c,public-derived-model-viewer-config-not-game-native-catalog,CROSSCHECK_PENDING,
LZA,pm0154,154,pm0154_51_00,51,0,UNRESOLVED,UNRESOLVED,UNRESOLVED,icon/pm0154_51_00_00_0.png,39,78,ecfaf8dab47ad52f4062b3ee313eba838a75677ad9719f5fd2f2fed938d6b81e,False,True,True,True,True,False,assets/local/configs/LZA/pm0154.json,a9d65b8c8bb5c4e30d8f1a52208a4418a8df0f0dbb606695a72a536f92c650a6,freedom12/PokemonModelViewer,c5952930343748e6dcb4cae21ee383e0bd13b75c,public-derived-model-viewer-config-not-game-native-catalog,CROSSCHECK_PENDING,
LZA,pm0158,158,pm0158_00_00,0,0,UNRESOLVED,UNRESOLVED,UNRESOLVED,icon/pm0158_00_00_00_0.png,118,236,703a6eb8d4cbe4c6c7018e1f983cfa097c136522627645cd35afb3741727a153,True,True,True,True,True,False,assets/local/configs/LZA/pm0158.json,a6d5b4e5c3625b7705b55eb508849e8f235cef4607e50ddcd854dbf9f0b1c80c,freedom12/PokemonModelViewer,c5952930343748e6dcb4cae21ee383e0bd13b75c,public-derived-model-viewer-config-not-game-native-catalog,CROSSCHECK_PENDING,
LZA,pm0159,159,pm0159_00_00,0,0,UNRESOLVED,UNRESOLVED,UNRESOLVED,icon/pm0159_00_00_00_0.png,115,230,19e471a27f5e8e15827382c9ced5be7c765f7b943e925f7ce329079f7dbe1859,True,True,True,True,True,False,assets/local/configs/LZA/pm0159.json,c55946b9076e4107bcfb4d13bca2fda0ce76f2fa6fbc661e7c8883faac101079,freedom12/PokemonModelViewer,c5952930343748e6dcb4cae21ee383e0bd13b75c,public-derived-model-viewer-config-not-game-native-catalog,CROSSCHECK_PENDING,
LZA,pm0160,160,pm0160_00_00,0,0,UNRESOLVED,UNRESOLVED,UNRESOLVED,icon/pm0160_00_00_00_0.png,113,226,105a5e98b6d9fafe1edfdf1167900b21fd788d10dc9e3c178cd1e82f66538d0e,True,True,True,True,True,False,assets/local/configs/LZA/pm0160.json,adcd201e2d1a7ca6fd92c7cc96c9d638a2143757c4dc984cfd34cc5a1e755c12,freedom12/PokemonModelViewer,c5952930343748e6dcb4cae21ee383e0bd13b75c,public-derived-model-viewer-config-not-game-native-catalog,CROSSCHECK_PENDING,
LZA,pm0160,160,pm0160_51_00,51,0,UNRESOLVED,UNRESOLVED,UNRESOLVED,icon/pm0160_51_00_00_0.png,77,154,dffef16edd09be209171ff924bae79018d0d69eb60969194ff8e84790bb433aa,False,True,True,True,True,False,assets/local/configs/LZA/pm0160.json,adcd201e2d1a7ca6fd92c7cc96c9d638a2143757c4dc984cfd34cc5a1e755c12,freedom12/PokemonModelViewer,c5952930343748e6dcb4cae21ee383e0bd13b75c,public-derived-model-viewer-config-not-game-native-catalog,CROSSCHECK_PENDING,
LZA,pm0167,167,pm0167_00_00,0,0,UNRESOLVED,UNRESOLVED,UNRESOLVED,icon/pm0167_00_00_00_0.png,73,146,5d0226792b094ce8f57d6c9b58aadbb8d1435cdb7581ffd64306f6fb59ba5a18,True,True,True,True,True,False,assets/local/configs/LZA/pm0167.json,d38ff858b5a74ec937c115628bc31f921cdd69fdd4ab0b7997d1cfcdec25d4a0,freedom12/PokemonModelViewer,c5952930343748e6dcb4cae21ee383e0bd13b75c,public-derived-model-viewer-config-not-game-native-catalog,CROSSCHECK_PENDING,
LZA,pm0168,168,pm0168_00_00,0,0,UNRESOLVED,UNRESOLVED,UNRESOLVED,icon/pm0168_00_00_00_0.png,75,150,5db1f864e9a06d1fefef0acfe7d50d30a1c36800dfca9b79cb56f0479c78b07f,True,True,True,True,True,False,assets/local/configs/LZA/pm0168.json,940fd3f4625ed1047465fc84b5b2515b122ec5b03d4b39cc940ff114507cab13,freedom12/PokemonModelViewer,c5952930343748e6dcb4cae21ee383e0bd13b75c,public-derived-model-viewer-config-not-game-native-catalog,CROSSCHECK_PENDING,
LZA,pm0169,169,pm0169_00_00,0,0,UNRESOLVED,UNRESOLVED,UNRESOLVED,icon/pm0169_00_00_00_0.png,59,118,6ed9250768dff31bb32e8a1bcf6257d886935a1d72de4784d6d277fdc0ecea39,True,True,True,True,True,False,assets/local/configs/LZA/pm0169.json,f8695166b1ef8a1109b93467ac7c80f76cafefc9d7e5256dbb3d073c4d3c19ab,freedom12/PokemonModelViewer,c5952930343748e6dcb4cae21ee383e0bd13b75c,public-derived-model-viewer-config-not-game-native-catalog,CROSSCHECK_PENDING,
LZA,pm0172,172,pm0172_00_00,0,0,UNRESOLVED,UNRESOLVED,UNRESOLVED,icon/pm0172_00_00_00_0.png,127,254,e3f2ee6b302574422d2253345cf8e3ad94bee10b39d943955bac67ae01bfda07,True,True,True,True,True,False,assets/local/configs/LZA/pm0172.json,58a265bc86d0045c52113589a4d3e7a34019d03268b0e4bc2ead599bd4ed5495,freedom12/PokemonModelViewer,c5952930343748e6dcb4cae21ee383e0bd13b75c,public-derived-model-viewer-config-not-game-native-catalog,CROSSCHECK_PENDING,
LZA,pm0173,173,pm0173_00_00,0,0,UNRESOLVED,UNRESOLVED,UNRESOLVED,icon/pm0173_00_00_00_0.png,62,124,5d3d1a273ac7be5b9cea94566199ef17ae16519a84b8643d04891397334020c7,True,True,True,True,True,False,assets/local/configs/LZA/pm0173.json,4debac042488320c7f526938b03e1907e3edf927d5a1943259e36f10d8286c5e,freedom12/PokemonModelViewer,c5952930343748e6dcb4cae21ee383e0bd13b75c,public-derived-model-viewer-config-not-game-native-catalog,CROSSCHECK_PENDING,
LZA,pm0174,174,pm0174_00_00,0,0,UNRESOLVED,UNRESOLVED,UNRESOLVED,icon/pm0174_00_00_00_0.png,116,232,ee2b6c30af82940aec71aeee8c560a92e480f78a62f20affdd82dd08fae77f6e,True,True,True,True,True,False,assets/local/configs/LZA/pm0174.json,2bb571de00133c4a7582c73f4bf5c10745c64ae32a0f3275676b745c26bebc32,freedom12/PokemonModelViewer,c5952930343748e6dcb4cae21ee383e0bd13b75c,public-derived-model-viewer-config-not-game-native-catalog,CROSSCHECK_PENDING,
LZA,pm0179,179,pm0179_00_00,0,0,UNRESOLVED,UNRESOLVED,UNRESOLVED,icon/pm0179_00_00_00_0.png,68,136,ace3610b0c91bf0ca419add732dd04392c1a01eec2393ce7d1315f75cde43fa0,True,True,True,True,True,False,assets/local/configs/LZA/pm0179.json,a97fa68b6a559b27b8a98ed3a64dbbeca2efcbfb2df6fbd9cfd6f82e18afe858,freedom12/PokemonModelViewer,c5952930343748e6dcb4cae21ee383e0bd13b75c,public-derived-model-viewer-config-not-game-native-catalog,CROSSCHECK_PENDING,
LZA,pm0180,180,pm0180_00_00,0,0,UNRESOLVED,UNRESOLVED,UNRESOLVED,icon/pm0180_00_00_00_0.png,65,130,2f607124c3d0c93d1c97d5e10bba4b510cb438937ffca631e5ec87445ee6d4c0,True,True,True,True,True,False,assets/local/configs/LZA/pm0180.json,e4154849e5e7500ac55ae4cedc376222989a13d0f6ee3ac3c8b21758d5312dbd,freedom12/PokemonModelViewer,c5952930343748e6dcb4cae21ee383e0bd13b75c,public-derived-model-viewer-config-not-game-native-catalog,CROSSCHECK_PENDING,
LZA,pm0181,181,pm0181_00_00,0,0,UNRESOLVED,UNRESOLVED,UNRESOLVED,icon/pm0181_00_00_00_0.png,65,130,2f607124c3d0c93d1c97d5e10bba4b510cb438937ffca631e5ec87445ee6d4c0,True,True,True,True,True,False,assets/local/configs/LZA/pm0181.json,828cdd8bb358329aabd64e3dba44dc7163b5fe0dccb82e304db153bd44cf8417,freedom12/PokemonModelViewer,c5952930343748e6dcb4cae21ee383e0bd13b75c,public-derived-model-viewer-config-not-game-native-catalog,CROSSCHECK_PENDING,
LZA,pm0181,181,pm0181_51_00,51,0,UNRESOLVED,UNRESOLVED,UNRESOLVED,icon/pm0181_51_00_00_0.png,43,86,3914f19de02c73b58d156a0de1613ac7b10c30af81648fcea72da8c274dadcc2,False,True,True,True,True,False,assets/local/configs/LZA/pm0181.json,828cdd8bb358329aabd64e3dba44dc7163b5fe0dccb82e304db153bd44cf8417,freedom12/PokemonModelViewer,c5952930343748e6dcb4cae21ee383e0bd13b75c,public-derived-model-viewer-config-not-game-native-catalog,CROSSCHECK_PENDING,
LZA,pm0196,196,pm0196_00_00,0,0,UNRESOLVED,UNRESOLVED,UNRESOLVED,icon/pm0196_00_00_00_0.png,117,234,7bb56cd6787e7cd1711a285f1915f249f8bee6c1b07bfa41c948de52797b10c4,True,True,True,True,True,False,assets/local/configs/LZA/pm0196.json,2b093995b2b161827fff84aeb05b2b3a0c77e47329c4e9c0cd8fe8673a80f8ed,freedom12/PokemonModelViewer,c5952930343748e6dcb4cae21ee383e0bd13b75c,public-derived-model-viewer-config-not-game-native-catalog,CROSSCHECK_PENDING,
LZA,pm0197,197,pm0197_00_00,0,0,UNRESOLVED,UNRESOLVED,UNRESOLVED,icon/pm0197_00_00_00_0.png,120,240,f1c459b1cd509a976939fb313e3ad83259d67c0b1483da3e4bc0d4bb7c94ac93,True,True,True,True,True,False,assets/local/configs/LZA/pm0197.json,bab080aa1108483893d96f6214ee15e6572f180690efa904dc6f1a2c688a839f,freedom12/PokemonModelViewer,c5952930343748e6dcb4cae21ee383e0bd13b75c,public-derived-model-viewer-config-not-game-native-catalog,CROSSCHECK_PENDING,
LZA,pm0199,199,pm0199_00_00,0,0,UNRESOLVED,UNRESOLVED,UNRESOLVED,icon/pm0199_00_00_00_0.png,117,234,7bb56cd6787e7cd1711a285f1915f249f8bee6c1b07bfa41c948de52797b10c4,True,True,True,True,True,False,assets/local/configs/LZA/pm0199.json,05b7f4b12ccd6eda52ffbdb1f27aa681e7635a36a3a639dc42fb0d595367d00d,freedom12/PokemonModelViewer,c5952930343748e6dcb4cae21ee383e0bd13b75c,public-derived-model-viewer-config-not-game-native-catalog,CROSSCHECK_PENDING,
LZA,pm0199,199,pm0199_00_31,0,31,UNRESOLVED,UNRESOLVED,UNRESOLVED,icon/pm0199_00_31_00.png,117,234,7bb56cd6787e7cd1711a285f1915f249f8bee6c1b07bfa41c948de52797b10c4,True,True,True,True,True,False,assets/local/configs/LZA/pm0199.json,05b7f4b12ccd6eda52ffbdb1f27aa681e7635a36a3a639dc42fb0d595367d00d,freedom12/PokemonModelViewer,c5952930343748e6dcb4cae21ee383e0bd13b75c,public-derived-model-viewer-config-not-game-native-catalog,CROSSCHECK_PENDING,
LZA,pm0208,208,pm0208_00_00,0,0,UNRESOLVED,UNRESOLVED,UNRESOLVED,icon/pm0208_00_00_00_0.png,69,138,928f33f03ecf800ec5a167374e910289dbe1a563d22645e918df12464699a70b,True,False,True,True,True,False,assets/local/configs/LZA/pm0208.json,b3290853fe4c436e4fd49b91eecbfd354eaf96dc07da46167d58f5f8b73211c4,freedom12/PokemonModelViewer,c5952930343748e6dcb4cae21ee383e0bd13b75c,public-derived-model-viewer-config-not-game-native-catalog,CROSSCHECK_PENDING,
LZA,pm0208,208,pm0208_01_00,1,0,UNRESOLVED,UNRESOLVED,UNRESOLVED,icon/pm0208_01_00_00_0.png,69,138,928f33f03ecf800ec5a167374e910289dbe1a563d22645e918df12464699a70b,True,False,True,True,True,False,assets/local/configs/LZA/pm0208.json,b3290853fe4c436e4fd49b91eecbfd354eaf96dc07da46167d58f5f8b73211c4,freedom12/PokemonModelViewer,c5952930343748e6dcb4cae21ee383e0bd13b75c,public-derived-model-viewer-config-not-game-native-catalog,CROSSCHECK_PENDING,
LZA,pm0208,208,pm0208_51_00,51,0,UNRESOLVED,UNRESOLVED,UNRESOLVED,icon/pm0208_51_00_00_0.png,78,156,61ec324dfd9ea12ee34fcd20fcf8452a779ac17a2f79712a4c6dd2cf73f0a116,False,True,True,True,True,False,assets/local/configs/LZA/pm0208.json,b3290853fe4c436e4fd49b91eecbfd354eaf96dc07da46167d58f5f8b73211c4,freedom12/PokemonModelViewer,c5952930343748e6dcb4cae21ee383e0bd13b75c,public-derived-model-viewer-config-not-game-native-catalog,CROSSCHECK_PENDING,
LZA,pm0211,211,pm0211_00_00,0,0,UNRESOLVED,UNRESOLVED,UNRESOLVED,icon/pm0211_00_00_00_0.png,59,118,4210a9df48f8dc627b62c5391acf80992fbe5d31e20618c847b4aa28e157c29a,True,True,True,True,True,False,assets/local/configs/LZA/pm0211.json,8a8b247897cc940f9b1a293a21f42ada83ef1a6c5d1fd4f8630182e4d3280b89,freedom12/PokemonModelViewer,c5952930343748e6dcb4cae21ee383e0bd13b75c,public-derived-model-viewer-config-not-game-native-catalog,CROSSCHECK_PENDING,
LZA,pm0211,211,pm0211_00_41,0,41,UNRESOLVED,UNRESOLVED,UNRESOLVED,icon/pm0211_00_41_00_0.png,58,116,a41501b907146a7cd864c69cb610a621649e933bde4b22ac150b3a1e36926b87,True,True,True,True,True,False,assets/local/configs/LZA/pm0211.json,8a8b247897cc940f9b1a293a21f42ada83ef1a6c5d1fd4f8630182e4d3280b89,freedom12/PokemonModelViewer,c5952930343748e6dcb4cae21ee383e0bd13b75c,public-derived-model-viewer-config-not-game-native-catalog,CROSSCHECK_PENDING,
LZA,pm0212,212,pm0212_00_00,0,0,UNRESOLVED,UNRESOLVED,UNRESOLVED,icon/pm0212_00_00_00_0.png,115,230,ad03947f55e6632cfe6cafc48b316b50b8d0f96a33c223bb060ac9e3f31d7676,True,True,True,True,True,False,assets/local/configs/LZA/pm0212.json,86632c05c207aa1bcc5a0313e53fe9477745550f6f829a2e432dc63682155c2f,freedom12/PokemonModelViewer,c5952930343748e6dcb4cae21ee383e0bd13b75c,public-derived-model-viewer-config-not-game-native-catalog,CROSSCHECK_PENDING,
LZA,pm0212,212,pm0212_01_00,1,0,UNRESOLVED,UNRESOLVED,UNRESOLVED,icon/pm0212_01_00_00_0.png,115,230,ad03947f55e6632cfe6cafc48b316b50b8d0f96a33c223bb060ac9e3f31d7676,True,True,True,True,True,False,assets/local/configs/LZA/pm0212.json,86632c05c207aa1bcc5a0313e53fe9477745550f6f829a2e432dc63682155c2f,freedom12/PokemonModelViewer,c5952930343748e6dcb4cae21ee383e0bd13b75c,public-derived-model-viewer-config-not-game-native-catalog,CROSSCHECK_PENDING,
LZA,pm0212,212,pm0212_51_00,51,0,UNRESOLVED,UNRESOLVED,UNRESOLVED,icon/pm0212_51_00_00_0.png,80,160,169849dd7c1fad9a47049835846d039088a9d1f2f2864fba4502aad6564ed05f,False,True,True,True,True,False,assets/local/configs/LZA/pm0212.json,86632c05c207aa1bcc5a0313e53fe9477745550f6f829a2e432dc63682155c2f,freedom12/PokemonModelViewer,c5952930343748e6dcb4cae21ee383e0bd13b75c,public-derived-model-viewer-config-not-game-native-catalog,CROSSCHECK_PENDING,
LZA,pm0214,214,pm0214_00_00,0,0,UNRESOLVED,UNRESOLVED,UNRESOLVED,icon/pm0214_00_00_00_0.png,122,244,400deefa61a5fc8d45af8ca7fbed96812fab03c52902c405b0903e431b95ca19,True,True,True,True,True,False,assets/local/configs/LZA/pm0214.json,b45537dfc417a2fa1e55a74bfac46030358d0986f7b8943b40fbbabda5ed0dae,freedom12/PokemonModelViewer,c5952930343748e6dcb4cae21ee383e0bd13b75c,public-derived-model-viewer-config-not-game-native-catalog,CROSSCHECK_PENDING,
LZA,pm0214,214,pm0214_01_00,1,0,UNRESOLVED,UNRESOLVED,UNRESOLVED,icon/pm0214_01_00_00_0.png,122,244,400deefa61a5fc8d45af8ca7fbed96812fab03c52902c405b0903e431b95ca19,True,True,True,True,True,False,assets/local/configs/LZA/pm0214.json,b45537dfc417a2fa1e55a74bfac46030358d0986f7b8943b40fbbabda5ed0dae,freedom12/PokemonModelViewer,c5952930343748e6dcb4cae21ee383e0bd13b75c,public-derived-model-viewer-config-not-game-native-catalog,CROSSCHECK_PENDING,
LZA,pm0214,214,pm0214_51_00,51,0,UNRESOLVED,UNRESOLVED,UNRESOLVED,icon/pm0214_51_00_00_0.png,40,80,b0afc84625f07a3d18196b12acddcc78dcf520678986f66600e0a1d9e7b617ff,False,True,True,True,True,False,assets/local/configs/LZA/pm0214.json,b45537dfc417a2fa1e55a74bfac46030358d0986f7b8943b40fbbabda5ed0dae,freedom12/PokemonModelViewer,c5952930343748e6dcb4cae21ee383e0bd13b75c,public-derived-model-viewer-config-not-game-native-catalog,CROSSCHECK_PENDING,
LZA,pm0225,225,pm0225_00_00,0,0,UNRESOLVED,UNRESOLVED,UNRESOLVED,icon/pm0225_00_00_00_0.png,117,234,6c0c8d3f9eb257442f98204b5d3d842512ab889a50ea2aa89beceab8392e55cf,True,True,True,True,True,False,assets/local/configs/LZA/pm0225.json,fa1bf9d419905be72c4243c17523c43b47a3b5150e5bcea24e6f46a742ef9642,freedom12/PokemonModelViewer,c5952930343748e6dcb4cae21ee383e0bd13b75c,public-derived-model-viewer-config-not-game-native-catalog,CROSSCHECK_PENDING,
LZA,pm0227,227,pm0227_00_00,0,0,UNRESOLVED,UNRESOLVED,UNRESOLVED,icon/pm0227_00_00_00_0.png,121,242,b6c1fb7ee80b96a689794e022a30031d0187b43c6295ec75f028c3c08407538e,True,True,True,True,True,False,assets/local/configs/LZA/pm0227.json,abbfc57a71fa27458d50c7f1df26ff2d261ed023e4d2d86d40cb1b699736cec9,freedom12/PokemonModelViewer,c5952930343748e6dcb4cae21ee383e0bd13b75c,public-derived-model-viewer-config-not-game-native-catalog,CROSSCHECK_PENDING,
LZA,pm0227,227,pm0227_51_00,51,0,UNRESOLVED,UNRESOLVED,UNRESOLVED,icon/pm0227_51_00_00_0.png,79,158,cf3562edbdc4d03ed814b0cead933c0e0879483be4e32cf75b071f3d960b7e60,False,True,True,True,True,False,assets/local/configs/LZA/pm0227.json,abbfc57a71fa27458d50c7f1df26ff2d261ed023e4d2d86d40cb1b699736cec9,freedom12/PokemonModelViewer,c5952930343748e6dcb4cae21ee383e0bd13b75c,public-derived-model-viewer-config-not-game-native-catalog,CROSSCHECK_PENDING,
LZA,pm0228,228,pm0228_00_00,0,0,UNRESOLVED,UNRESOLVED,UNRESOLVED,icon/pm0228_00_00_00_0.png,59,118,2d874f0621fc3948f2f95c9f37bcaff017f7c1da266643f487462646ddf6b7cb,True,True,True,True,True,False,assets/local/configs/LZA/pm0228.json,bd2d0407ba54264237cdc9a9a0737cfbfd2f7c41a53867dbc2356b718788e9d9,freedom12/PokemonModelViewer,c5952930343748e6dcb4cae21ee383e0bd13b75c,public-derived-model-viewer-config-not-game-native-catalog,CROSSCHECK_PENDING,
LZA,pm0229,229,pm0229_00_00,0,0,UNRESOLVED,UNRESOLVED,UNRESOLVED,icon/pm0229_00_00_00_0.png,61,122,a4eae3f8fd103e51d7819219b7253e99d8b825a3bfa44da9c624cc14f4fe3a49,True,True,True,True,True,False,assets/local/configs/LZA/pm0229.json,c7cb80713296f6abbdad48fcce6f65b2fa9c6d206c2d745443ba72d53181c82d,freedom12/PokemonModelViewer,c5952930343748e6dcb4cae21ee383e0bd13b75c,public-derived-model-viewer-config-not-game-native-catalog,CROSSCHECK_PENDING,
LZA,pm0229,229,pm0229_01_00,1,0,UNRESOLVED,UNRESOLVED,UNRESOLVED,icon/pm0229_01_00_00_0.png,61,122,a4eae3f8fd103e51d7819219b7253e99d8b825a3bfa44da9c624cc14f4fe3a49,True,True,True,True,True,False,assets/local/configs/LZA/pm0229.json,c7cb80713296f6abbdad48fcce6f65b2fa9c6d206c2d745443ba72d53181c82d,freedom12/PokemonModelViewer,c5952930343748e6dcb4cae21ee383e0bd13b75c,public-derived-model-viewer-config-not-game-native-catalog,CROSSCHECK_PENDING,
LZA,pm0229,229,pm0229_51_00,51,0,UNRESOLVED,UNRESOLVED,UNRESOLVED,icon/pm0229_51_00_00_0.png,40,80,b0afc84625f07a3d18196b12acddcc78dcf520678986f66600e0a1d9e7b617ff,False,True,True,True,True,False,assets/local/configs/LZA/pm0229.json,c7cb80713296f6abbdad48fcce6f65b2fa9c6d206c2d745443ba72d53181c82d,freedom12/PokemonModelViewer,c5952930343748e6dcb4cae21ee383e0bd13b75c,public-derived-model-viewer-config-not-game-native-catalog,CROSSCHECK_PENDING,
LZA,pm0233,233,pm0233_00_00,0,0,UNRESOLVED,UNRESOLVED,UNRESOLVED,icon/pm0233_00_00_00_0.png,59,118,6ed9250768dff31bb32e8a1bcf6257d886935a1d72de4784d6d277fdc0ecea39,True,True,True,True,True,False,assets/local/configs/LZA/pm0233.json,e61550daff1440d14877d5dc7d89313dd6c8a9421bd96781bae98f7fa64d6506,freedom12/PokemonModelViewer,c5952930343748e6dcb4cae21ee383e0bd13b75c,public-derived-model-viewer-config-not-game-native-catalog,CROSSCHECK_PENDING,
LZA,pm0246,246,pm0246_00_00,0,0,UNRESOLVED,UNRESOLVED,UNRESOLVED,icon/pm0246_00_00_00_0.png,59,118,c5e5e7d2af5dab2470b21f2652b27c6dc2e3bd38a0315b5b1971c1bcd452ea5f,True,True,True,True,True,False,assets/local/configs/LZA/pm0246.json,095e5569b6dd3e2330f8b94dddfcb48aeacb8c205c2f9cca789522ab936762b3,freedom12/PokemonModelViewer,c5952930343748e6dcb4cae21ee383e0bd13b75c,public-derived-model-viewer-config-not-game-native-catalog,CROSSCHECK_PENDING,
LZA,pm0247,247,pm0247_00_00,0,0,UNRESOLVED,UNRESOLVED,UNRESOLVED,icon/pm0247_00_00_00_0.png,59,118,c5e5e7d2af5dab2470b21f2652b27c6dc2e3bd38a0315b5b1971c1bcd452ea5f,True,True,True,True,True,False,assets/local/configs/LZA/pm0247.json,32657b8c754717010fdbca570a9945f0e3ea3cda61aa795b612bf9503f3ec278,freedom12/PokemonModelViewer,c5952930343748e6dcb4cae21ee383e0bd13b75c,public-derived-model-viewer-config-not-game-native-catalog,CROSSCHECK_PENDING,
LZA,pm0248,248,pm0248_00_00,0,0,UNRESOLVED,UNRESOLVED,UNRESOLVED,icon/pm0248_00_00_00_0.png,57,114,d63ebf1b1a96a8057500cd4c18a3a089cada6c7cca15afb4e6961cd2d133275e,True,True,True,True,True,False,assets/local/configs/LZA/pm0248.json,4c1047a8cf9640d489b1438f6cad7906257e45db43634d9922aa7d4bb45a30c3,freedom12/PokemonModelViewer,c5952930343748e6dcb4cae21ee383e0bd13b75c,public-derived-model-viewer-config-not-game-native-catalog,CROSSCHECK_PENDING,
LZA,pm0248,248,pm0248_51_00,51,0,UNRESOLVED,UNRESOLVED,UNRESOLVED,icon/pm0248_51_00_00_0.png,44,88,398d087ec70a0c287967d74a166df30dbc74813960e3d9302c51554b6a0176bb,False,True,True,True,True,False,assets/local/configs/LZA/pm0248.json,4c1047a8cf9640d489b1438f6cad7906257e45db43634d9922aa7d4bb45a30c3,freedom12/PokemonModelViewer,c5952930343748e6dcb4cae21ee383e0bd13b75c,public-derived-model-viewer-config-not-game-native-catalog,CROSSCHECK_PENDING,
LZA,pm0252,252,pm0252_00_00,0,0,UNRESOLVED,UNRESOLVED,UNRESOLVED,icon/pm0252_00_00_00_0.png,62,124,dff3fdaef75ccb24f102e36394a6087e7a4f67b2aba16e2c34c2fa3da05cf062,True,True,True,True,True,False,assets/local/configs/LZA/pm0252.json,e645838f383387b2860814f29eb07cb6b94a0a54cbeed961532b98eec8d8eafb,freedom12/PokemonModelViewer,c5952930343748e6dcb4cae21ee383e0bd13b75c,public-derived-model-viewer-config-not-game-native-catalog,CROSSCHECK_PENDING,
LZA,pm0253,253,pm0253_00_00,0,0,UNRESOLVED,UNRESOLVED,UNRESOLVED,icon/pm0253_00_00_00_0.png,59,118,c5e5e7d2af5dab2470b21f2652b27c6dc2e3bd38a0315b5b1971c1bcd452ea5f,True,True,True,True,True,False,assets/local/configs/LZA/pm0253.json,1cd43b59ad13cbbe594aa4d53d87ffcc0c65547ff3c9af32c7f5bf2c887bfc18,freedom12/PokemonModelViewer,c5952930343748e6dcb4cae21ee383e0bd13b75c,public-derived-model-viewer-config-not-game-native-catalog,CROSSCHECK_PENDING,
LZA,pm0254,254,pm0254_00_00,0,0,UNRESOLVED,UNRESOLVED,UNRESOLVED,icon/pm0254_00_00_00_0.png,60,120,43d746c5977335798a8e2d36927c4cded1f8b6038de939057d6ddff265de1963,True,True,True,True,True,False,assets/local/configs/LZA/pm0254.json,e8b23570769526db2815fa6e226ac9d4d49b08e6104d502cd630e951c02e1210,freedom12/PokemonModelViewer,c5952930343748e6dcb4cae21ee383e0bd13b75c,public-derived-model-viewer-config-not-game-native-catalog,CROSSCHECK_PENDING,
LZA,pm0254,254,pm0254_51_00,51,0,UNRESOLVED,UNRESOLVED,UNRESOLVED,icon/pm0254_51_00_00_0.png,40,80,b0afc84625f07a3d18196b12acddcc78dcf520678986f66600e0a1d9e7b617ff,False,True,True,True,True,False,assets/local/configs/LZA/pm0254.json,e8b23570769526db2815fa6e226ac9d4d49b08e6104d502cd630e951c02e1210,freedom12/PokemonModelViewer,c5952930343748e6dcb4cae21ee383e0bd13b75c,public-derived-model-viewer-config-not-game-native-catalog,CROSSCHECK_PENDING,
LZA,pm0255,255,pm0255_00_00,0,0,UNRESOLVED,UNRESOLVED,UNRESOLVED,icon/pm0255_00_00_00_0.png,59,118,c5e5e7d2af5dab2470b21f2652b27c6dc2e3bd38a0315b5b1971c1bcd452ea5f,True,True,True,True,True,False,assets/local/configs/LZA/pm0255.json,02be3cbd25167d945457c1a571b106fc22f5a9d73eb864748fd45c934c3afce1,freedom12/PokemonModelViewer,c5952930343748e6dcb4cae21ee383e0bd13b75c,public-derived-model-viewer-config-not-game-native-catalog,CROSSCHECK_PENDING,
LZA,pm0255,255,pm0255_01_00,1,0,UNRESOLVED,UNRESOLVED,UNRESOLVED,icon/pm0255_01_00_00_0.png,59,118,c5e5e7d2af5dab2470b21f2652b27c6dc2e3bd38a0315b5b1971c1bcd452ea5f,True,True,True,True,True,False,assets/local/configs/LZA/pm0255.json,02be3cbd25167d945457c1a571b106fc22f5a9d73eb864748fd45c934c3afce1,freedom12/PokemonModelViewer,c5952930343748e6dcb4cae21ee383e0bd13b75c,public-derived-model-viewer-config-not-game-native-catalog,CROSSCHECK_PENDING,
LZA,pm0256,256,pm0256_00_00,0,0,UNRESOLVED,UNRESOLVED,UNRESOLVED,icon/pm0256_00_00_00_0.png,59,118,c5e5e7d2af5dab2470b21f2652b27c6dc2e3bd38a0315b5b1971c1bcd452ea5f,True,True,True,True,True,False,assets/local/configs/LZA/pm0256.json,a9f8698147c437b429c6dda483751c1869441e4abefd52bba70f88312a7999ed,freedom12/PokemonModelViewer,c5952930343748e6dcb4cae21ee383e0bd13b75c,public-derived-model-viewer-config-not-game-native-catalog,CROSSCHECK_PENDING,
LZA,pm0256,256,pm0256_01_00,1,0,UNRESOLVED,UNRESOLVED,UNRESOLVED,icon/pm0256_01_00_00_0.png,59,118,c5e5e7d2af5dab2470b21f2652b27c6dc2e3bd38a0315b5b1971c1bcd452ea5f,True,True,True,True,True,False,assets/local/configs/LZA/pm0256.json,a9f8698147c437b429c6dda483751c1869441e4abefd52bba70f88312a7999ed,freedom12/PokemonModelViewer,c5952930343748e6dcb4cae21ee383e0bd13b75c,public-derived-model-viewer-config-not-game-native-catalog,CROSSCHECK_PENDING,
LZA,pm0257,257,pm0257_00_00,0,0,UNRESOLVED,UNRESOLVED,UNRESOLVED,icon/pm0257_00_00_00_0.png,59,118,c5e5e7d2af5dab2470b21f2652b27c6dc2e3bd38a0315b5b1971c1bcd452ea5f,True,True,True,True,True,False,assets/local/configs/LZA/pm0257.json,02f076ae96022df3adddfd9df097ed6d38450dd99e0448e9175d8f7ab7a7c8af,freedom12/PokemonModelViewer,c5952930343748e6dcb4cae21ee383e0bd13b75c,public-derived-model-viewer-config-not-game-native-catalog,CROSSCHECK_PENDING,
LZA,pm0257,257,pm0257_01_00,1,0,UNRESOLVED,UNRESOLVED,UNRESOLVED,icon/pm0257_01_00_00_0.png,59,118,c5e5e7d2af5dab2470b21f2652b27c6dc2e3bd38a0315b5b1971c1bcd452ea5f,True,True,True,True,True,False,assets/local/configs/LZA/pm0257.json,02f076ae96022df3adddfd9df097ed6d38450dd99e0448e9175d8f7ab7a7c8af,freedom12/PokemonModelViewer,c5952930343748e6dcb4cae21ee383e0bd13b75c,public-derived-model-viewer-config-not-game-native-catalog,CROSSCHECK_PENDING,
LZA,pm0257,257,pm0257_51_00,51,0,UNRESOLVED,UNRESOLVED,UNRESOLVED,icon/pm0257_51_00_00_0.png,41,82,c6ac1f19bf3456238998b8183175e45c10101a6a2da11fe2634966286f74f588,False,True,True,True,True,False,assets/local/configs/LZA/pm0257.json,02f076ae96022df3adddfd9df097ed6d38450dd99e0448e9175d8f7ab7a7c8af,freedom12/PokemonModelViewer,c5952930343748e6dcb4cae21ee383e0bd13b75c,public-derived-model-viewer-config-not-game-native-catalog,CROSSCHECK_PENDING,
LZA,pm0258,258,pm0258_00_00,0,0,UNRESOLVED,UNRESOLVED,UNRESOLVED,icon/pm0258_00_00_00_0.png,117,234,7bb56cd6787e7cd1711a285f1915f249f8bee6c1b07bfa41c948de52797b10c4,True,True,True,True,True,False,assets/local/configs/LZA/pm0258.json,1d2980e7ef2257f794e2fab3ee0b7633276876d72ad39ca9fdd9ee95af984b90,freedom12/PokemonModelViewer,c5952930343748e6dcb4cae21ee383e0bd13b75c,public-derived-model-viewer-config-not-game-native-catalog,CROSSCHECK_PENDING,
LZA,pm0259,259,pm0259_00_00,0,0,UNRESOLVED,UNRESOLVED,UNRESOLVED,icon/pm0259_00_00_00_0.png,120,240,f1c459b1cd509a976939fb313e3ad83259d67c0b1483da3e4bc0d4bb7c94ac93,True,True,True,True,True,False,assets/local/configs/LZA/pm0259.json,61cc3309b4d4c88c65ae2e3598ebd4bc212e82c01da23f4cc8920b90b5f34c97,freedom12/PokemonModelViewer,c5952930343748e6dcb4cae21ee383e0bd13b75c,public-derived-model-viewer-config-not-game-native-catalog,CROSSCHECK_PENDING,
LZA,pm0260,260,pm0260_00_00,0,0,UNRESOLVED,UNRESOLVED,UNRESOLVED,icon/pm0260_00_00_00_0.png,117,234,7bb56cd6787e7cd1711a285f1915f249f8bee6c1b07bfa41c948de52797b10c4,True,True,True,True,True,False,assets/local/configs/LZA/pm0260.json,9e9c3b6988548702dd598685b23b9e4c59336217ceea1c99ee5400c8fa521063,freedom12/PokemonModelViewer,c5952930343748e6dcb4cae21ee383e0bd13b75c,public-derived-model-viewer-config-not-game-native-catalog,CROSSCHECK_PENDING,
LZA,pm0260,260,pm0260_51_00,51,0,UNRESOLVED,UNRESOLVED,UNRESOLVED,icon/pm0260_51_00_00_0.png,79,158,18fe40ec515dd2166db3097d28447c55870bbd4fb4dcb135e4188579730b71a4,False,True,True,True,True,False,assets/local/configs/LZA/pm0260.json,9e9c3b6988548702dd598685b23b9e4c59336217ceea1c99ee5400c8fa521063,freedom12/PokemonModelViewer,c5952930343748e6dcb4cae21ee383e0bd13b75c,public-derived-model-viewer-config-not-game-native-catalog,CROSSCHECK_PENDING,
LZA,pm0280,280,pm0280_00_00,0,0,UNRESOLVED,UNRESOLVED,UNRESOLVED,icon/pm0280_00_00_00_0.png,115,230,dabe65638764d345b54c388aed99a3c2a24f7a4b11abee2e9ef39216dcf4f746,True,True,True,True,True,False,assets/local/configs/LZA/pm0280.json,0572743e41c64449fe0fa5ad9b6dc458a08f3aa473f3de9cf061487c11a60bd9,freedom12/PokemonModelViewer,c5952930343748e6dcb4cae21ee383e0bd13b75c,public-derived-model-viewer-config-not-game-native-catalog,CROSSCHECK_PENDING,
LZA,pm0281,281,pm0281_00_00,0,0,UNRESOLVED,UNRESOLVED,UNRESOLVED,icon/pm0281_00_00_00_0.png,118,236,5ccf3309cad45c1837583bf9cc39e203a5472bb4b0c349c04286f1bd02edecbf,True,True,True,True,True,False,assets/local/configs/LZA/pm0281.json,452b643c981453dc375fc950f2aa19372d4c7af1c162cfb136fe9db60b51d745,freedom12/PokemonModelViewer,c5952930343748e6dcb4cae21ee383e0bd13b75c,public-derived-model-viewer-config-not-game-native-catalog,CROSSCHECK_PENDING,
LZA,pm0282,282,pm0282_00_00,0,0,UNRESOLVED,UNRESOLVED,UNRESOLVED,icon/pm0282_00_00_00_0.png,113,226,40da6e624134c83d6a08ad188040be4ae5e2226b46561c4898c76750638c32ff,True,True,True,True,True,False,assets/local/configs/LZA/pm0282.json,95996bf9768d5df1c7327061c032ab4c670f81f6eb01e958e0913144ddf7dd5a,freedom12/PokemonModelViewer,c5952930343748e6dcb4cae21ee383e0bd13b75c,public-derived-model-viewer-config-not-game-native-catalog,CROSSCHECK_PENDING,
LZA,pm0282,282,pm0282_51_00,51,0,UNRESOLVED,UNRESOLVED,UNRESOLVED,icon/pm0282_51_00_00_0.png,77,154,1538786bb147434dd558d06233af5eefe6e00ea3c2196bad36e08720999b36f1,False,True,True,True,True,False,assets/local/configs/LZA/pm0282.json,95996bf9768d5df1c7327061c032ab4c670f81f6eb01e958e0913144ddf7dd5a,freedom12/PokemonModelViewer,c5952930343748e6dcb4cae21ee383e0bd13b75c,public-derived-model-viewer-config-not-game-native-catalog,CROSSCHECK_PENDING,
LZA,pm0302,302,pm0302_00_00,0,0,UNRESOLVED,UNRESOLVED,UNRESOLVED,icon/pm0302_00_00_00_0.png,64,128,1cbb9986a07153bb712dc991fc0ef1bcd3dcfd02aa750ad9178428bb85bb69e4,True,True,True,True,False,False,assets/local/configs/LZA/pm0302.json,39765236a68d431fb6f168ad4afdd2250fab1f1ad6f4bb6d16c78582fb187018,freedom12/PokemonModelViewer,c5952930343748e6dcb4cae21ee383e0bd13b75c,public-derived-model-viewer-config-not-game-native-catalog,CROSSCHECK_PENDING,
LZA,pm0302,302,pm0302_51_00,51,0,UNRESOLVED,UNRESOLVED,UNRESOLVED,icon/pm0302_51_00_00_0.png,38,76,a8a90d3bb23fe810b5c4a1c895826354cbe4cd1b378c4683fd517b87e1238bdb,False,True,True,True,False,False,assets/local/configs/LZA/pm0302.json,39765236a68d431fb6f168ad4afdd2250fab1f1ad6f4bb6d16c78582fb187018,freedom12/PokemonModelViewer,c5952930343748e6dcb4cae21ee383e0bd13b75c,public-derived-model-viewer-config-not-game-native-catalog,CROSSCHECK_PENDING,
LZA,pm0303,303,pm0303_00_00,0,0,UNRESOLVED,UNRESOLVED,UNRESOLVED,icon/pm0303_00_00_00_0.png,61,122,0950d79e94226acdf90015a7e2438159286ad50ea94f69da870b6238eb794543,True,True,True,True,True,False,assets/local/configs/LZA/pm0303.json,b47ab6e7770524637ed6a4be2a9202a2d24d97c831d2fe85379502fef7534848,freedom12/PokemonModelViewer,c5952930343748e6dcb4cae21ee383e0bd13b75c,public-derived-model-viewer-config-not-game-native-catalog,CROSSCHECK_PENDING,
LZA,pm0303,303,pm0303_51_00,51,0,UNRESOLVED,UNRESOLVED,UNRESOLVED,icon/pm0303_51_00_00_0.png,44,88,ca03e3bdea67c6ddab549621398bff31cced52feabedaa853d7fdd34f3770162,False,True,True,True,True,False,assets/local/configs/LZA/pm0303.json,b47ab6e7770524637ed6a4be2a9202a2d24d97c831d2fe85379502fef7534848,freedom12/PokemonModelViewer,c5952930343748e6dcb4cae21ee383e0bd13b75c,public-derived-model-viewer-config-not-game-native-catalog,CROSSCHECK_PENDING,
LZA,pm0304,304,pm0304_00_00,0,0,UNRESOLVED,UNRESOLVED,UNRESOLVED,icon/pm0304_00_00_00_0.png,62,124,5d3d1a273ac7be5b9cea94566199ef17ae16519a84b8643d04891397334020c7,True,True,True,True,True,False,assets/local/configs/LZA/pm0304.json,c3c7002384e3cb14e21afb3f628ddb7246f393a2219c7d59908264a2317f1670,freedom12/PokemonModelViewer,c5952930343748e6dcb4cae21ee383e0bd13b75c,public-derived-model-viewer-config-not-game-native-catalog,CROSSCHECK_PENDING,
LZA,pm0305,305,pm0305_00_00,0,0,UNRESOLVED,UNRESOLVED,UNRESOLVED,icon/pm0305_00_00_00_0.png,63,126,d7d84ab7db6746f1fcdf9360fcc980e9d4dc3f30bc228b91291d5130a9a6347f,True,True,True,True,True,False,assets/local/configs/LZA/pm0305.json,6e8d9c4c33c4e96594a50b8f0e0764895dda0734927fe872e09a062e2ad8b256,freedom12/PokemonModelViewer,c5952930343748e6dcb4cae21ee383e0bd13b75c,public-derived-model-viewer-config-not-game-native-catalog,CROSSCHECK_PENDING,
LZA,pm0306,306,pm0306_00_00,0,0,UNRESOLVED,UNRESOLVED,UNRESOLVED,icon/pm0306_00_00_00_0.png,59,118,c5e5e7d2af5dab2470b21f2652b27c6dc2e3bd38a0315b5b1971c1bcd452ea5f,True,True,True,True,True,False,assets/local/configs/LZA/pm0306.json,804d27c9d3b26c28910f9569c1c6000e22365a601be81abfe19b3f1a8c1eda53,freedom12/PokemonModelViewer,c5952930343748e6dcb4cae21ee383e0bd13b75c,public-derived-model-viewer-config-not-game-native-catalog,CROSSCHECK_PENDING,
LZA,pm0306,306,pm0306_51_00,51,0,UNRESOLVED,UNRESOLVED,UNRESOLVED,icon/pm0306_51_00_00_0.png,41,82,29641a30c630045e0359658e1390918cf91cbbd2a3e03ac9151007bb9e40e886,False,True,True,True,True,False,assets/local/configs/LZA/pm0306.json,804d27c9d3b26c28910f9569c1c6000e22365a601be81abfe19b3f1a8c1eda53,freedom12/PokemonModelViewer,c5952930343748e6dcb4cae21ee383e0bd13b75c,public-derived-model-viewer-config-not-game-native-catalog,CROSSCHECK_PENDING,
LZA,pm0307,307,pm0307_00_00,0,0,UNRESOLVED,UNRESOLVED,UNRESOLVED,icon/pm0307_00_00_00_0.png,62,124,5d3d1a273ac7be5b9cea94566199ef17ae16519a84b8643d04891397334020c7,True,True,True,True,True,False,assets/local/configs/LZA/pm0307.json,7898df82093d0286df9befafc820c29f4e1cf930b44c59506cb24ac7157c393c,freedom12/PokemonModelViewer,c5952930343748e6dcb4cae21ee383e0bd13b75c,public-derived-model-viewer-config-not-game-native-catalog,CROSSCHECK_PENDING,
LZA,pm0307,307,pm0307_01_00,1,0,UNRESOLVED,UNRESOLVED,UNRESOLVED,icon/pm0307_01_00_00_0.png,62,124,5d3d1a273ac7be5b9cea94566199ef17ae16519a84b8643d04891397334020c7,True,True,True,True,True,False,assets/local/configs/LZA/pm0307.json,7898df82093d0286df9befafc820c29f4e1cf930b44c59506cb24ac7157c393c,freedom12/PokemonModelViewer,c5952930343748e6dcb4cae21ee383e0bd13b75c,public-derived-model-viewer-config-not-game-native-catalog,CROSSCHECK_PENDING,
LZA,pm0308,308,pm0308_00_00,0,0,UNRESOLVED,UNRESOLVED,UNRESOLVED,icon/pm0308_00_00_00_0.png,68,136,f7ded61d089c0416007d0bb82ab164f687f8e3f695ea62a00089fc4b03c10910,True,True,True,True,True,True,assets/local/configs/LZA/pm0308.json,1c6de7510786cb2b7e78614d8f20f4d3edc3b5153f90a865bcafae59e2cf4802,freedom12/PokemonModelViewer,c5952930343748e6dcb4cae21ee383e0bd13b75c,public-derived-model-viewer-config-not-game-native-catalog,CROSSCHECK_PENDING,
LZA,pm0308,308,pm0308_01_00,1,0,UNRESOLVED,UNRESOLVED,UNRESOLVED,icon/pm0308_01_00_00_0.png,68,136,f7ded61d089c0416007d0bb82ab164f687f8e3f695ea62a00089fc4b03c10910,True,True,True,True,True,True,assets/local/configs/LZA/pm0308.json,1c6de7510786cb2b7e78614d8f20f4d3edc3b5153f90a865bcafae59e2cf4802,freedom12/PokemonModelViewer,c5952930343748e6dcb4cae21ee383e0bd13b75c,public-derived-model-viewer-config-not-game-native-catalog,CROSSCHECK_PENDING,
LZA,pm0308,308,pm0308_51_00,51,0,UNRESOLVED,UNRESOLVED,UNRESOLVED,icon/pm0308_51_00_00_0.png,39,78,ecfaf8dab47ad52f4062b3ee313eba838a75677ad9719f5fd2f2fed938d6b81e,False,True,True,True,True,False,assets/local/configs/LZA/pm0308.json,1c6de7510786cb2b7e78614d8f20f4d3edc3b5153f90a865bcafae59e2cf4802,freedom12/PokemonModelViewer,c5952930343748e6dcb4cae21ee383e0bd13b75c,public-derived-model-viewer-config-not-game-native-catalog,CROSSCHECK_PENDING,
LZA,pm0309,309,pm0309_00_00,0,0,UNRESOLVED,UNRESOLVED,UNRESOLVED,icon/pm0309_00_00_00_0.png,62,124,5d3d1a273ac7be5b9cea94566199ef17ae16519a84b8643d04891397334020c7,True,True,True,True,True,False,assets/local/configs/LZA/pm0309.json,baf281aaf0052f045faea55322d7640b24015033a77db9d2eb5f8b1d328731b4,freedom12/PokemonModelViewer,c5952930343748e6dcb4cae21ee383e0bd13b75c,public-derived-model-viewer-config-not-game-native-catalog,CROSSCHECK_PENDING,
LZA,pm0310,310,pm0310_00_00,0,0,UNRESOLVED,UNRESOLVED,UNRESOLVED,icon/pm0310_00_00_00_0.png,63,126,d7d84ab7db6746f1fcdf9360fcc980e9d4dc3f30bc228b91291d5130a9a6347f,True,True,True,True,True,False,assets/local/configs/LZA/pm0310.json,23749fb8ccbfc70e9bb1e2182a5a9841779aac459727114abfabc05d7b173ab5,freedom12/PokemonModelViewer,c5952930343748e6dcb4cae21ee383e0bd13b75c,public-derived-model-viewer-config-not-game-native-catalog,CROSSCHECK_PENDING,
LZA,pm0310,310,pm0310_51_00,51,0,UNRESOLVED,UNRESOLVED,UNRESOLVED,icon/pm0310_51_00_00_0.png,40,80,b0afc84625f07a3d18196b12acddcc78dcf520678986f66600e0a1d9e7b617ff,False,True,True,True,True,False,assets/local/configs/LZA/pm0310.json,23749fb8ccbfc70e9bb1e2182a5a9841779aac459727114abfabc05d7b173ab5,freedom12/PokemonModelViewer,c5952930343748e6dcb4cae21ee383e0bd13b75c,public-derived-model-viewer-config-not-game-native-catalog,CROSSCHECK_PENDING,
LZA,pm0315,315,pm0315_00_00,0,0,UNRESOLVED,UNRESOLVED,UNRESOLVED,icon/pm0315_00_00_00_0.png,63,126,6687e995dd223185017f39b688b9e7e098a6771a22e4128c4156e36067f70e71,True,True,True,True,True,False,assets/local/configs/LZA/pm0315.json,378117cf564fd3fe63e2620e3ba12d213b456dafd5815eaa81a24b60199cbd3e,freedom12/PokemonModelViewer,c5952930343748e6dcb4cae21ee383e0bd13b75c,public-derived-model-viewer-config-not-game-native-catalog,CROSSCHECK_PENDING,
LZA,pm0315,315,pm0315_01_00,1,0,UNRESOLVED,UNRESOLVED,UNRESOLVED,icon/pm0315_01_00_00_0.png,63,126,6687e995dd223185017f39b688b9e7e098a6771a22e4128c4156e36067f70e71,True,True,True,True,True,False,assets/local/configs/LZA/pm0315.json,378117cf564fd3fe63e2620e3ba12d213b456dafd5815eaa81a24b60199cbd3e,freedom12/PokemonModelViewer,c5952930343748e6dcb4cae21ee383e0bd13b75c,public-derived-model-viewer-config-not-game-native-catalog,CROSSCHECK_PENDING,
LZA,pm0316,316,pm0316_00_00,0,0,UNRESOLVED,UNRESOLVED,UNRESOLVED,icon/pm0316_00_00_00_0.png,58,116,b2f2aa6aa06c5efe7c96bc6474a7c65db3249a182fd3752a68d853c76aa2fa84,True,True,True,True,False,False,assets/local/configs/LZA/pm0316.json,4e0b5a39051507d2a015bc85ec9c1e5f5f207fd46a7813057d17ee9d2c212330,freedom12/PokemonModelViewer,c5952930343748e6dcb4cae21ee383e0bd13b75c,public-derived-model-viewer-config-not-game-native-catalog,CROSSCHECK_PENDING,
LZA,pm0316,316,pm0316_01_00,1,0,UNRESOLVED,UNRESOLVED,UNRESOLVED,icon/pm0316_01_00_00_0.png,58,116,b2f2aa6aa06c5efe7c96bc6474a7c65db3249a182fd3752a68d853c76aa2fa84,True,True,True,True,False,False,assets/local/configs/LZA/pm0316.json,4e0b5a39051507d2a015bc85ec9c1e5f5f207fd46a7813057d17ee9d2c212330,freedom12/PokemonModelViewer,c5952930343748e6dcb4cae21ee383e0bd13b75c,public-derived-model-viewer-config-not-game-native-catalog,CROSSCHECK_PENDING,
LZA,pm0317,317,pm0317_00_00,0,0,UNRESOLVED,UNRESOLVED,UNRESOLVED,icon/pm0317_00_00_00_0.png,59,118,c5e5e7d2af5dab2470b21f2652b27c6dc2e3bd38a0315b5b1971c1bcd452ea5f,True,True,True,True,True,False,assets/local/configs/LZA/pm0317.json,591b80f0f362f6d151ba1806f9c671fae37eb1c8882332be5ad7a7b6325b53fb,freedom12/PokemonModelViewer,c5952930343748e6dcb4cae21ee383e0bd13b75c,public-derived-model-viewer-config-not-game-native-catalog,CROSSCHECK_PENDING,
LZA,pm0317,317,pm0317_01_00,1,0,UNRESOLVED,UNRESOLVED,UNRESOLVED,icon/pm0317_01_00_00_0.png,59,118,c5e5e7d2af5dab2470b21f2652b27c6dc2e3bd38a0315b5b1971c1bcd452ea5f,True,True,True,True,True,False,assets/local/configs/LZA/pm0317.json,591b80f0f362f6d151ba1806f9c671fae37eb1c8882332be5ad7a7b6325b53fb,freedom12/PokemonModelViewer,c5952930343748e6dcb4cae21ee383e0bd13b75c,public-derived-model-viewer-config-not-game-native-catalog,CROSSCHECK_PENDING,
LZA,pm0318,318,pm0318_00_00,0,0,UNRESOLVED,UNRESOLVED,UNRESOLVED,icon/pm0318_00_00_00_0.png,60,120,3c922de0eeb772ad0ce37c4c8c8adc19c5b4a589dd5c23896c8fbc792c6d345d,True,True,True,True,True,False,assets/local/configs/LZA/pm0318.json,d076e590b5618bade995670c4057272b7e9f25823490d63992d29bc209abed3e,freedom12/PokemonModelViewer,c5952930343748e6dcb4cae21ee383e0bd13b75c,public-derived-model-viewer-config-not-game-native-catalog,CROSSCHECK_PENDING,
LZA,pm0319,319,pm0319_00_00,0,0,UNRESOLVED,UNRESOLVED,UNRESOLVED,icon/pm0319_00_00_00_0.png,63,126,098b6f61770402784bf21c41f63c11edd99bfeb914ffa85b7d8c37210316f2c9,True,True,True,True,True,False,assets/local/configs/LZA/pm0319.json,415294c6f90ce44209fe1009de5e01d7d5abd1815e718746d9d92c7be865a929,freedom12/PokemonModelViewer,c5952930343748e6dcb4cae21ee383e0bd13b75c,public-derived-model-viewer-config-not-game-native-catalog,CROSSCHECK_PENDING,
LZA,pm0319,319,pm0319_51_00,51,0,UNRESOLVED,UNRESOLVED,UNRESOLVED,icon/pm0319_51_00_00_0.png,41,82,7c39a5a7547ff71b9d0aae459dac8cf0dffca3227dfe432c4ca281a3029b635d,False,True,True,True,True,False,assets/local/configs/LZA/pm0319.json,415294c6f90ce44209fe1009de5e01d7d5abd1815e718746d9d92c7be865a929,freedom12/PokemonModelViewer,c5952930343748e6dcb4cae21ee383e0bd13b75c,public-derived-model-viewer-config-not-game-native-catalog,CROSSCHECK_PENDING,
LZA,pm0322,322,pm0322_00_00,0,0,UNRESOLVED,UNRESOLVED,UNRESOLVED,icon/pm0322_00_00_00_0.png,62,124,31100d8b2909c3c6a5f6647f14d5207554b7e484d0fbd965bbb8fd9f77d763bd,True,True,True,True,True,False,assets/local/configs/LZA/pm0322.json,2c3f57da3013a305054e91e57de7d341ca5ca0c1220aa916c6ae24481f031f7d,freedom12/PokemonModelViewer,c5952930343748e6dcb4cae21ee383e0bd13b75c,public-derived-model-viewer-config-not-game-native-catalog,CROSSCHECK_PENDING,
LZA,pm0322,322,pm0322_01_00,1,0,UNRESOLVED,UNRESOLVED,UNRESOLVED,icon/pm0322_01_00_00_0.png,62,124,31100d8b2909c3c6a5f6647f14d5207554b7e484d0fbd965bbb8fd9f77d763bd,True,True,True,True,True,False,assets/local/configs/LZA/pm0322.json,2c3f57da3013a305054e91e57de7d341ca5ca0c1220aa916c6ae24481f031f7d,freedom12/PokemonModelViewer,c5952930343748e6dcb4cae21ee383e0bd13b75c,public-derived-model-viewer-config-not-game-native-catalog,CROSSCHECK_PENDING,
LZA,pm0323,323,pm0323_00_00,0,0,UNRESOLVED,UNRESOLVED,UNRESOLVED,icon/pm0323_00_00_00_0.png,58,116,6665f7dce04a0d3bd16ca7a585879c00283dac62351d0a932b0dc840edc6d1e0,True,True,True,True,True,False,assets/local/configs/LZA/pm0323.json,f4c313728109caec61bd22a65d717a0bd82fae75366c8abc2ba386fb5b4cd6be,freedom12/PokemonModelViewer,c5952930343748e6dcb4cae21ee383e0bd13b75c,public-derived-model-viewer-config-not-game-native-catalog,CROSSCHECK_PENDING,
LZA,pm0323,323,pm0323_01_00,1,0,UNRESOLVED,UNRESOLVED,UNRESOLVED,icon/pm0323_01_00_00_0.png,58,116,6665f7dce04a0d3bd16ca7a585879c00283dac62351d0a932b0dc840edc6d1e0,True,True,True,True,True,False,assets/local/configs/LZA/pm0323.json,f4c313728109caec61bd22a65d717a0bd82fae75366c8abc2ba386fb5b4cd6be,freedom12/PokemonModelViewer,c5952930343748e6dcb4cae21ee383e0bd13b75c,public-derived-model-viewer-config-not-game-native-catalog,CROSSCHECK_PENDING,
LZA,pm0323,323,pm0323_51_00,51,0,UNRESOLVED,UNRESOLVED,UNRESOLVED,icon/pm0323_51_00_00_0.png,44,88,99a1d74012a01428bd642a60d1e2bc66cf5d64fd8752b8b2a6f0b9650f457ebf,False,True,True,True,True,False,assets/local/configs/LZA/pm0323.json,f4c313728109caec61bd22a65d717a0bd82fae75366c8abc2ba386fb5b4cd6be,freedom12/PokemonModelViewer,c5952930343748e6dcb4cae21ee383e0bd13b75c,public-derived-model-viewer-config-not-game-native-catalog,CROSSCHECK_PENDING,
LZA,pm0325,325,pm0325_00_00,0,0,UNRESOLVED,UNRESOLVED,UNRESOLVED,icon/pm0325_00_00_00_0.png,59,118,c5e5e7d2af5dab2470b21f2652b27c6dc2e3bd38a0315b5b1971c1bcd452ea5f,True,True,True,True,True,False,assets/local/configs/LZA/pm0325.json,699fa555054d74c2f1a9db38d407756b991d049251ec34e27a661a391ba97abf,freedom12/PokemonModelViewer,c5952930343748e6dcb4cae21ee383e0bd13b75c,public-derived-model-viewer-config-not-game-native-catalog,CROSSCHECK_PENDING,
LZA,pm0326,326,pm0326_00_00,0,0,UNRESOLVED,UNRESOLVED,UNRESOLVED,icon/pm0326_00_00_00_0.png,59,118,c5e5e7d2af5dab2470b21f2652b27c6dc2e3bd38a0315b5b1971c1bcd452ea5f,True,True,True,True,True,False,assets/local/configs/LZA/pm0326.json,cf5a8ba62393a9dbfd2477e87aa18666076a952e26cf6336a133eaac4aeef565,freedom12/PokemonModelViewer,c5952930343748e6dcb4cae21ee383e0bd13b75c,public-derived-model-viewer-config-not-game-native-catalog,CROSSCHECK_PENDING,
LZA,pm0333,333,pm0333_00_00,0,0,UNRESOLVED,UNRESOLVED,UNRESOLVED,icon/pm0333_00_00_00_0.png,130,260,cdc05321b18f50e423da151cc55205583a8573365871a9a38bf3a93aacb541d4,True,True,True,True,True,False,assets/local/configs/LZA/pm0333.json,9e81a9654450f0060587553dcdcc0741dca9b01e87a160d61ba4be52b38c9c6d,freedom12/PokemonModelViewer,c5952930343748e6dcb4cae21ee383e0bd13b75c,public-derived-model-viewer-config-not-game-native-catalog,CROSSCHECK_PENDING,
LZA,pm0334,334,pm0334_00_00,0,0,UNRESOLVED,UNRESOLVED,UNRESOLVED,icon/pm0334_00_00_00_0.png,118,236,1cda4b7e0c1ddb79e6adb57d11d7838de809caa584afa1b537f3efa989e09907,True,True,True,True,True,False,assets/local/configs/LZA/pm0334.json,b194c901e7177a2e566ff9df57fcfd2827245cd407a43b221e36e8cb67556f59,freedom12/PokemonModelViewer,c5952930343748e6dcb4cae21ee383e0bd13b75c,public-derived-model-viewer-config-not-game-native-catalog,CROSSCHECK_PENDING,
LZA,pm0334,334,pm0334_51_00,51,0,UNRESOLVED,UNRESOLVED,UNRESOLVED,icon/pm0334_51_00_00_0.png,85,170,07b50cb92b4a1682576f0ee948936968415562145ef1e842afd17cdb08e782d9,False,True,True,True,True,False,assets/local/configs/LZA/pm0334.json,b194c901e7177a2e566ff9df57fcfd2827245cd407a43b221e36e8cb67556f59,freedom12/PokemonModelViewer,c5952930343748e6dcb4cae21ee383e0bd13b75c,public-derived-model-viewer-config-not-game-native-catalog,CROSSCHECK_PENDING,
LZA,pm0335,335,pm0335_00_00,0,0,UNRESOLVED,UNRESOLVED,UNRESOLVED,icon/pm0335_00_00_00_0.png,59,118,c5e5e7d2af5dab2470b21f2652b27c6dc2e3bd38a0315b5b1971c1bcd452ea5f,True,True,True,True,True,False,assets/local/configs/LZA/pm0335.json,b1fe0a9f4e2c62132259cc58823302daf692861a4aef69bab0fe1d65d032a83c,freedom12/PokemonModelViewer,c5952930343748e6dcb4cae21ee383e0bd13b75c,public-derived-model-viewer-config-not-game-native-catalog,CROSSCHECK_PENDING,
LZA,pm0336,336,pm0336_00_00,0,0,UNRESOLVED,UNRESOLVED,UNRESOLVED,icon/pm0336_00_00_00_0.png,59,118,c5e5e7d2af5dab2470b21f2652b27c6dc2e3bd38a0315b5b1971c1bcd452ea5f,True,True,True,True,True,False,assets/local/configs/LZA/pm0336.json,134c5ffdb456e4821577b91fa728567fd434e0dd7d1379e5ba76749eaa0a842b,freedom12/PokemonModelViewer,c5952930343748e6dcb4cae21ee383e0bd13b75c,public-derived-model-viewer-config-not-game-native-catalog,CROSSCHECK_PENDING,
LZA,pm0349,349,pm0349_00_00,0,0,UNRESOLVED,UNRESOLVED,UNRESOLVED,icon/pm0349_00_00_00_0.png,59,118,4210a9df48f8dc627b62c5391acf80992fbe5d31e20618c847b4aa28e157c29a,True,True,True,True,True,False,assets/local/configs/LZA/pm0349.json,189e1b181b9853660ff99399df433f9b349c47f6608589c604f2d1d1b3eaa548,freedom12/PokemonModelViewer,c5952930343748e6dcb4cae21ee383e0bd13b75c,public-derived-model-viewer-config-not-game-native-catalog,CROSSCHECK_PENDING,
LZA,pm0350,350,pm0350_00_00,0,0,UNRESOLVED,UNRESOLVED,UNRESOLVED,icon/pm0350_00_00_00_0.png,117,234,7bb56cd6787e7cd1711a285f1915f249f8bee6c1b07bfa41c948de52797b10c4,True,True,True,True,True,False,assets/local/configs/LZA/pm0350.json,56b7def46d410404e6b276297712588d9513deaf2bb38e0f41fcc26599ca0cd3,freedom12/PokemonModelViewer,c5952930343748e6dcb4cae21ee383e0bd13b75c,public-derived-model-viewer-config-not-game-native-catalog,CROSSCHECK_PENDING,
LZA,pm0350,350,pm0350_01_00,1,0,UNRESOLVED,UNRESOLVED,UNRESOLVED,icon/pm0350_01_00_00_0.png,117,234,7bb56cd6787e7cd1711a285f1915f249f8bee6c1b07bfa41c948de52797b10c4,True,True,True,True,True,False,assets/local/configs/LZA/pm0350.json,56b7def46d410404e6b276297712588d9513deaf2bb38e0f41fcc26599ca0cd3,freedom12/PokemonModelViewer,c5952930343748e6dcb4cae21ee383e0bd13b75c,public-derived-model-viewer-config-not-game-native-catalog,CROSSCHECK_PENDING,
LZA,pm0352,352,pm0352_00_00,0,0,UNRESOLVED,UNRESOLVED,UNRESOLVED,icon/pm0352_00_00_00_0.png,59,118,c5e5e7d2af5dab2470b21f2652b27c6dc2e3bd38a0315b5b1971c1bcd452ea5f,True,True,True,True,True,False,assets/local/configs/LZA/pm0352.json,22c59ebf2c204bcddc642941769531372231e9d9e336a9a6bc50d48fb37d88a4,freedom12/PokemonModelViewer,c5952930343748e6dcb4cae21ee383e0bd13b75c,public-derived-model-viewer-config-not-game-native-catalog,CROSSCHECK_PENDING,
LZA,pm0353,353,pm0353_00_00,0,0,UNRESOLVED,UNRESOLVED,UNRESOLVED,icon/pm0353_00_00_00_0.png,59,118,6ed9250768dff31bb32e8a1bcf6257d886935a1d72de4784d6d277fdc0ecea39,True,True,True,True,True,False,assets/local/configs/LZA/pm0353.json,542c399c7e6d6f6c13ab5633b89064e4535425fc3f3e56758feb926f074ec27f,freedom12/PokemonModelViewer,c5952930343748e6dcb4cae21ee383e0bd13b75c,public-derived-model-viewer-config-not-game-native-catalog,CROSSCHECK_PENDING,
LZA,pm0354,354,pm0354_00_00,0,0,UNRESOLVED,UNRESOLVED,UNRESOLVED,icon/pm0354_00_00_00_0.png,58,116,cee6ff729b8b5949fc5795bcf5a0b53870b7b8d9fd9182086ffc3a9edbabdb6d,True,True,True,True,True,False,assets/local/configs/LZA/pm0354.json,59de4995d7716a119461e269081d6600e529fda485d8bf9d1bd29734abe9bf72,freedom12/PokemonModelViewer,c5952930343748e6dcb4cae21ee383e0bd13b75c,public-derived-model-viewer-config-not-game-native-catalog,CROSSCHECK_PENDING,
LZA,pm0354,354,pm0354_51_00,51,0,UNRESOLVED,UNRESOLVED,UNRESOLVED,icon/pm0354_51_00_00_0.png,43,86,3914f19de02c73b58d156a0de1613ac7b10c30af81648fcea72da8c274dadcc2,False,True,True,True,True,False,assets/local/configs/LZA/pm0354.json,59de4995d7716a119461e269081d6600e529fda485d8bf9d1bd29734abe9bf72,freedom12/PokemonModelViewer,c5952930343748e6dcb4cae21ee383e0bd13b75c,public-derived-model-viewer-config-not-game-native-catalog,CROSSCHECK_PENDING,
LZA,pm0358,358,pm0358_00_00,0,0,UNRESOLVED,UNRESOLVED,UNRESOLVED,icon/pm0358_00_00_00_0.png,59,118,6ed9250768dff31bb32e8a1bcf6257d886935a1d72de4784d6d277fdc0ecea39,True,True,True,True,True,False,assets/local/configs/LZA/pm0358.json,1e28a19ef169f8e7bc0958693a648546b83f218c9aee23ce67e5f5a1ee14a01b,freedom12/PokemonModelViewer,c5952930343748e6dcb4cae21ee383e0bd13b75c,public-derived-model-viewer-config-not-game-native-catalog,CROSSCHECK_PENDING,
LZA,pm0358,358,pm0358_51_00,51,0,UNRESOLVED,UNRESOLVED,UNRESOLVED,icon/pm0358_51_00_00_0.png,40,80,d62a7cc04a8f6748f2da2c21dc1725086eae2edc373a81891494c2d2d388ff53,False,True,True,True,True,False,assets/local/configs/LZA/pm0358.json,1e28a19ef169f8e7bc0958693a648546b83f218c9aee23ce67e5f5a1ee14a01b,freedom12/PokemonModelViewer,c5952930343748e6dcb4cae21ee383e0bd13b75c,public-derived-model-viewer-config-not-game-native-catalog,CROSSCHECK_PENDING,
LZA,pm0359,359,pm0359_00_00,0,0,UNRESOLVED,UNRESOLVED,UNRESOLVED,icon/pm0359_00_00_00_0.png,63,126,151455ae05cbda9b325f95d34fe306a23bba8b5b6db56df5970d201a55cf1cb9,True,True,True,True,True,False,assets/local/configs/LZA/pm0359.json,d4f70428b3f7c2a3c6f5969c2decce8f64207f69976a582e4a75291f8fdf4af0,freedom12/PokemonModelViewer,c5952930343748e6dcb4cae21ee383e0bd13b75c,public-derived-model-viewer-config-not-game-native-catalog,CROSSCHECK_PENDING,
LZA,pm0359,359,pm0359_51_00,51,0,UNRESOLVED,UNRESOLVED,UNRESOLVED,icon/pm0359_51_00_00_0.png,45,90,782f1fa7759fb6a89c511646f64e03cda320a0d7c8280ce54f604bbac063a3d3,False,True,True,True,True,False,assets/local/configs/LZA/pm0359.json,d4f70428b3f7c2a3c6f5969c2decce8f64207f69976a582e4a75291f8fdf4af0,freedom12/PokemonModelViewer,c5952930343748e6dcb4cae21ee383e0bd13b75c,public-derived-model-viewer-config-not-game-native-catalog,CROSSCHECK_PENDING,
LZA,pm0359,359,pm0359_52_00,52,0,UNRESOLVED,UNRESOLVED,UNRESOLVED,icon/pm0359_52_00_00_0.png,43,86,3914f19de02c73b58d156a0de1613ac7b10c30af81648fcea72da8c274dadcc2,False,True,True,True,True,False,assets/local/configs/LZA/pm0359.json,d4f70428b3f7c2a3c6f5969c2decce8f64207f69976a582e4a75291f8fdf4af0,freedom12/PokemonModelViewer,c5952930343748e6dcb4cae21ee383e0bd13b75c,public-derived-model-viewer-config-not-game-native-catalog,CROSSCHECK_PENDING,
LZA,pm0361,361,pm0361_00_00,0,0,UNRESOLVED,UNRESOLVED,UNRESOLVED,icon/pm0361_00_00_00_0.png,60,120,829bb54be79d5e3c588eff91aed06106d338c0c1ce8405e632aaeecabeda0975,True,True,True,True,True,False,assets/local/configs/LZA/pm0361.json,ed28264a7adcce6a15c7ac8494cf17c933246d84df891c42e4d7369264c08667,freedom12/PokemonModelViewer,c5952930343748e6dcb4cae21ee383e0bd13b75c,public-derived-model-viewer-config-not-game-native-catalog,CROSSCHECK_PENDING,
LZA,pm0362,362,pm0362_00_00,0,0,UNRESOLVED,UNRESOLVED,UNRESOLVED,icon/pm0362_00_00_00_0.png,59,118,6ed9250768dff31bb32e8a1bcf6257d886935a1d72de4784d6d277fdc0ecea39,True,True,True,True,True,False,assets/local/configs/LZA/pm0362.json,69c430c7b4644330e84e695a17c39c1cfab53d55db23cafa7900907844c5c014,freedom12/PokemonModelViewer,c5952930343748e6dcb4cae21ee383e0bd13b75c,public-derived-model-viewer-config-not-game-native-catalog,CROSSCHECK_PENDING,
LZA,pm0362,362,pm0362_51_00,51,0,UNRESOLVED,UNRESOLVED,UNRESOLVED,icon/pm0362_51_00_00_0.png,40,80,d62a7cc04a8f6748f2da2c21dc1725086eae2edc373a81891494c2d2d388ff53,False,True,True,True,True,False,assets/local/configs/LZA/pm0362.json,69c430c7b4644330e84e695a17c39c1cfab53d55db23cafa7900907844c5c014,freedom12/PokemonModelViewer,c5952930343748e6dcb4cae21ee383e0bd13b75c,public-derived-model-viewer-config-not-game-native-catalog,CROSSCHECK_PENDING,
LZA,pm0371,371,pm0371_00_00,0,0,UNRESOLVED,UNRESOLVED,UNRESOLVED,icon/pm0371_00_00_00_0.png,59,118,c5e5e7d2af5dab2470b21f2652b27c6dc2e3bd38a0315b5b1971c1bcd452ea5f,True,True,True,True,True,False,assets/local/configs/LZA/pm0371.json,6d8396cf54cc23e63e99fd22d29e24c66e1f8e5c583219ff08ab30a290784152,freedom12/PokemonModelViewer,c5952930343748e6dcb4cae21ee383e0bd13b75c,public-derived-model-viewer-config-not-game-native-catalog,CROSSCHECK_PENDING,
LZA,pm0372,372,pm0372_00_00,0,0,UNRESOLVED,UNRESOLVED,UNRESOLVED,icon/pm0372_00_00_00_0.png,59,118,c5e5e7d2af5dab2470b21f2652b27c6dc2e3bd38a0315b5b1971c1bcd452ea5f,True,True,True,True,True,False,assets/local/configs/LZA/pm0372.json,a40337178c6060ed07319e813b33e8bb8055207b05172fbcb6271a5627039745,freedom12/PokemonModelViewer,c5952930343748e6dcb4cae21ee383e0bd13b75c,public-derived-model-viewer-config-not-game-native-catalog,CROSSCHECK_PENDING,
LZA,pm0373,373,pm0373_00_00,0,0,UNRESOLVED,UNRESOLVED,UNRESOLVED,icon/pm0373_00_00_00_0.png,118,236,9bea0e943d73a096abefcf50c1c006df1c3a0d6756ef09484b9674f506809251,True,True,True,True,True,False,assets/local/configs/LZA/pm0373.json,eb3cc301caccb3264f6eae5821edab69339cdddadde3642f84dae12c6e52ad64,freedom12/PokemonModelViewer,c5952930343748e6dcb4cae21ee383e0bd13b75c,public-derived-model-viewer-config-not-game-native-catalog,CROSSCHECK_PENDING,
LZA,pm0373,373,pm0373_51_00,51,0,UNRESOLVED,UNRESOLVED,UNRESOLVED,icon/pm0373_51_00_00_0.png,78,156,1324e3542c4570094a0881e340bbe32b85dc5f7acf18dcc6576ae638f201738e,False,True,True,True,True,False,assets/local/configs/LZA/pm0373.json,eb3cc301caccb3264f6eae5821edab69339cdddadde3642f84dae12c6e52ad64,freedom12/PokemonModelViewer,c5952930343748e6dcb4cae21ee383e0bd13b75c,public-derived-model-viewer-config-not-game-native-catalog,CROSSCHECK_PENDING,
LZA,pm0374,374,pm0374_00_00,0,0,UNRESOLVED,UNRESOLVED,UNRESOLVED,icon/pm0374_00_00_00_0.png,66,132,ba6b2c67ea231298fad7656a85164e9425f06093d7d5692d8668c34bea9f07e1,True,True,True,True,True,False,assets/local/configs/LZA/pm0374.json,738e7e72e04a9eaf3efcc210c7ab2e8f60f21a4b26002b8870eba06ff136c48b,freedom12/PokemonModelViewer,c5952930343748e6dcb4cae21ee383e0bd13b75c,public-derived-model-viewer-config-not-game-native-catalog,CROSSCHECK_PENDING,
LZA,pm0375,375,pm0375_00_00,0,0,UNRESOLVED,UNRESOLVED,UNRESOLVED,icon/pm0375_00_00_00_0.png,63,126,79a3c47973011ffcf651221b9eb50a560a5781cb54a845fbb718984b33b3a2e2,True,True,True,True,True,False,assets/local/configs/LZA/pm0375.json,2861fe7df82c830afd5e0411ed2623058469c18bdbfd8b4b7ddd99d6deb4a97b,freedom12/PokemonModelViewer,c5952930343748e6dcb4cae21ee383e0bd13b75c,public-derived-model-viewer-config-not-game-native-catalog,CROSSCHECK_PENDING,
LZA,pm0376,376,pm0376_00_00,0,0,UNRESOLVED,UNRESOLVED,UNRESOLVED,icon/pm0376_00_00_00_0.png,117,234,ffe4942f85c2d05fc3c52bde08ddc85ae19de703ce2f6369a826b2abfa8ade9b,True,True,True,True,True,False,assets/local/configs/LZA/pm0376.json,86e4a3a60aa98b56e48b8bc070713f55cad2532f769117a0206d22ac56c9f75e,freedom12/PokemonModelViewer,c5952930343748e6dcb4cae21ee383e0bd13b75c,public-derived-model-viewer-config-not-game-native-catalog,CROSSCHECK_PENDING,
LZA,pm0376,376,pm0376_51_00,51,0,UNRESOLVED,UNRESOLVED,UNRESOLVED,icon/pm0376_51_00_00_0.png,41,82,4cb156658855fb1c8cdb0edc9d811a81a6f78efa1b63862f01024e016df0e4d1,False,True,True,True,True,False,assets/local/configs/LZA/pm0376.json,86e4a3a60aa98b56e48b8bc070713f55cad2532f769117a0206d22ac56c9f75e,freedom12/PokemonModelViewer,c5952930343748e6dcb4cae21ee383e0bd13b75c,public-derived-model-viewer-config-not-game-native-catalog,CROSSCHECK_PENDING,
LZA,pm0380,380,pm0380_00_00,0,0,UNRESOLVED,UNRESOLVED,UNRESOLVED,icon/pm0380_00_00_00_0.png,58,116,dcf5ab24036a8eca479ae85af2627302f90acee04a982c87932cead60fe6fc6f,True,True,True,True,True,False,assets/local/configs/LZA/pm0380.json,58e800cc67be510d823a4515b6ea7acc2d3d89894396333bd9f4058da7b4f8be,freedom12/PokemonModelViewer,c5952930343748e6dcb4cae21ee383e0bd13b75c,public-derived-model-viewer-config-not-game-native-catalog,CROSSCHECK_PENDING,
LZA,pm0380,380,pm0380_51_00,51,0,UNRESOLVED,UNRESOLVED,UNRESOLVED,icon/pm0380_51_00_00_0.png,40,80,d62a7cc04a8f6748f2da2c21dc1725086eae2edc373a81891494c2d2d388ff53,False,True,True,True,True,False,assets/local/configs/LZA/pm0380.json,58e800cc67be510d823a4515b6ea7acc2d3d89894396333bd9f4058da7b4f8be,freedom12/PokemonModelViewer,c5952930343748e6dcb4cae21ee383e0bd13b75c,public-derived-model-viewer-config-not-game-native-catalog,CROSSCHECK_PENDING,
LZA,pm0381,381,pm0381_00_00,0,0,UNRESOLVED,UNRESOLVED,UNRESOLVED,icon/pm0381_00_00_00_0.png,58,116,dcf5ab24036a8eca479ae85af2627302f90acee04a982c87932cead60fe6fc6f,True,True,True,True,True,False,assets/local/configs/LZA/pm0381.json,b6384185e6f6a54cf25ba8df8cce96bc655773f16f7c6b457bb5b653df3cadf3,freedom12/PokemonModelViewer,c5952930343748e6dcb4cae21ee383e0bd13b75c,public-derived-model-viewer-config-not-game-native-catalog,CROSSCHECK_PENDING,
LZA,pm0381,381,pm0381_51_00,51,0,UNRESOLVED,UNRESOLVED,UNRESOLVED,icon/pm0381_51_00_00_0.png,40,80,d62a7cc04a8f6748f2da2c21dc1725086eae2edc373a81891494c2d2d388ff53,False,True,True,True,True,False,assets/local/configs/LZA/pm0381.json,b6384185e6f6a54cf25ba8df8cce96bc655773f16f7c6b457bb5b653df3cadf3,freedom12/PokemonModelViewer,c5952930343748e6dcb4cae21ee383e0bd13b75c,public-derived-model-viewer-config-not-game-native-catalog,CROSSCHECK_PENDING,
LZA,pm0382,382,pm0382_00_00,0,0,UNRESOLVED,UNRESOLVED,UNRESOLVED,icon/pm0382_00_00_00_0.png,62,124,31fcd40240cdc7e7909c89522de1807fdd10be0d1fa2d6205771022e9445bbf9,True,True,True,True,True,False,assets/local/configs/LZA/pm0382.json,31edb53a26cd1a0188d871b2e956f6d1e9e5d8114f48b8f1d1201a82a38fd610,freedom12/PokemonModelViewer,c5952930343748e6dcb4cae21ee383e0bd13b75c,public-derived-model-viewer-config-not-game-native-catalog,CROSSCHECK_PENDING,
LZA,pm0382,382,pm0382_51_00,51,0,UNRESOLVED,UNRESOLVED,UNRESOLVED,icon/pm0382_51_00_00_0.png,44,88,419b8599ce9854a8680caeb2ea3ef1f125a31a442e39411529ccc002f92ab740,False,True,True,True,True,False,assets/local/configs/LZA/pm0382.json,31edb53a26cd1a0188d871b2e956f6d1e9e5d8114f48b8f1d1201a82a38fd610,freedom12/PokemonModelViewer,c5952930343748e6dcb4cae21ee383e0bd13b75c,public-derived-model-viewer-config-not-game-native-catalog,CROSSCHECK_PENDING,
LZA,pm0383,383,pm0383_00_00,0,0,UNRESOLVED,UNRESOLVED,UNRESOLVED,icon/pm0383_00_00_00_0.png,62,124,c1a391c2adf0013a172fa240f8fee481db284f0f46eff3461ec02158c96277bd,True,True,True,True,True,False,assets/local/configs/LZA/pm0383.json,e12c17594bccedcf4adde49c44255bcdfe7f49a9ce691e45e619b946f593a161,freedom12/PokemonModelViewer,c5952930343748e6dcb4cae21ee383e0bd13b75c,public-derived-model-viewer-config-not-game-native-catalog,CROSSCHECK_PENDING,
LZA,pm0383,383,pm0383_51_00,51,0,UNRESOLVED,UNRESOLVED,UNRESOLVED,icon/pm0383_51_00_00_0.png,49,98,7c11684d68a7ca07f0d9d4a11dfc65b09c9fe2afc9a4177bbf8aaa5a392ec049,False,True,True,True,True,False,assets/local/configs/LZA/pm0383.json,e12c17594bccedcf4adde49c44255bcdfe7f49a9ce691e45e619b946f593a161,freedom12/PokemonModelViewer,c5952930343748e6dcb4cae21ee383e0bd13b75c,public-derived-model-viewer-config-not-game-native-catalog,CROSSCHECK_PENDING,
LZA,pm0384,384,pm0384_00_00,0,0,UNRESOLVED,UNRESOLVED,UNRESOLVED,icon/pm0384_00_00_00_0.png,62,124,03d5b8225ceb994269634aa42bb097e7530e9b0edeb62673c3578d11e6bbe0b6,True,True,True,True,True,False,assets/local/configs/LZA/pm0384.json,d831bec7b8ef1c2176e72f4b88733d098200f402c649732b9ce0c887a77166eb,freedom12/PokemonModelViewer,c5952930343748e6dcb4cae21ee383e0bd13b75c,public-derived-model-viewer-config-not-game-native-catalog,CROSSCHECK_PENDING,
LZA,pm0384,384,pm0384_51_00,51,0,UNRESOLVED,UNRESOLVED,UNRESOLVED,icon/pm0384_51_00_00_0.png,52,104,b3bcc3fd2a1c1343f17f9a81cb8d27042af2fd24b4bd9ea49d01d1ebf7de7293,False,True,True,True,True,False,assets/local/configs/LZA/pm0384.json,d831bec7b8ef1c2176e72f4b88733d098200f402c649732b9ce0c887a77166eb,freedom12/PokemonModelViewer,c5952930343748e6dcb4cae21ee383e0bd13b75c,public-derived-model-viewer-config-not-game-native-catalog,CROSSCHECK_PENDING,
LZA,pm0396,396,pm0396_00_00,0,0,UNRESOLVED,UNRESOLVED,UNRESOLVED,icon/pm0396_00_00_00_0.png,117,234,ffe4942f85c2d05fc3c52bde08ddc85ae19de703ce2f6369a826b2abfa8ade9b,True,True,True,True,True,False,assets/local/configs/LZA/pm0396.json,23bafa49fd3d0eef823893360720bf480c9af4dd07c61dca1e6386589f8f1b2b,freedom12/PokemonModelViewer,c5952930343748e6dcb4cae21ee383e0bd13b75c,public-derived-model-viewer-config-not-game-native-catalog,CROSSCHECK_PENDING,
LZA,pm0396,396,pm0396_01_00,1,0,UNRESOLVED,UNRESOLVED,UNRESOLVED,icon/pm0396_01_00_00_0.png,117,234,ffe4942f85c2d05fc3c52bde08ddc85ae19de703ce2f6369a826b2abfa8ade9b,True,True,True,True,True,False,assets/local/configs/LZA/pm0396.json,23bafa49fd3d0eef823893360720bf480c9af4dd07c61dca1e6386589f8f1b2b,freedom12/PokemonModelViewer,c5952930343748e6dcb4cae21ee383e0bd13b75c,public-derived-model-viewer-config-not-game-native-catalog,CROSSCHECK_PENDING,
LZA,pm0397,397,pm0397_00_00,0,0,UNRESOLVED,UNRESOLVED,UNRESOLVED,icon/pm0397_00_00_00_0.png,113,226,40da6e624134c83d6a08ad188040be4ae5e2226b46561c4898c76750638c32ff,True,True,True,True,True,False,assets/local/configs/LZA/pm0397.json,cc6a6314605c8e2dbf8224e05b8533096ce53750339399f7eb11311fc6f67b37,freedom12/PokemonModelViewer,c5952930343748e6dcb4cae21ee383e0bd13b75c,public-derived-model-viewer-config-not-game-native-catalog,CROSSCHECK_PENDING,
LZA,pm0397,397,pm0397_01_00,1,0,UNRESOLVED,UNRESOLVED,UNRESOLVED,icon/pm0397_01_00_00_0.png,113,226,40da6e624134c83d6a08ad188040be4ae5e2226b46561c4898c76750638c32ff,True,True,True,True,True,False,assets/local/configs/LZA/pm0397.json,cc6a6314605c8e2dbf8224e05b8533096ce53750339399f7eb11311fc6f67b37,freedom12/PokemonModelViewer,c5952930343748e6dcb4cae21ee383e0bd13b75c,public-derived-model-viewer-config-not-game-native-catalog,CROSSCHECK_PENDING,
LZA,pm0398,398,pm0398_00_00,0,0,UNRESOLVED,UNRESOLVED,UNRESOLVED,icon/pm0398_00_00_00_0.png,113,226,40da6e624134c83d6a08ad188040be4ae5e2226b46561c4898c76750638c32ff,True,True,True,True,True,False,assets/local/configs/LZA/pm0398.json,3f32e59bb9adc43a5f33220d191b0a5eb2eb8909882c0ec446131deb71d3ff38,freedom12/PokemonModelViewer,c5952930343748e6dcb4cae21ee383e0bd13b75c,public-derived-model-viewer-config-not-game-native-catalog,CROSSCHECK_PENDING,
LZA,pm0398,398,pm0398_01_00,1,0,UNRESOLVED,UNRESOLVED,UNRESOLVED,icon/pm0398_01_00_00_0.png,113,226,40da6e624134c83d6a08ad188040be4ae5e2226b46561c4898c76750638c32ff,True,True,True,True,True,False,assets/local/configs/LZA/pm0398.json,3f32e59bb9adc43a5f33220d191b0a5eb2eb8909882c0ec446131deb71d3ff38,freedom12/PokemonModelViewer,c5952930343748e6dcb4cae21ee383e0bd13b75c,public-derived-model-viewer-config-not-game-native-catalog,CROSSCHECK_PENDING,
LZA,pm0398,398,pm0398_51_00,51,0,UNRESOLVED,UNRESOLVED,UNRESOLVED,icon/pm0398_51_00_00_0.png,89,178,6ba55f09300fe876bbffd91e7f70435eaa8d2dc60c9b36b2ffd33bffe7c4d33e,False,True,True,True,True,False,assets/local/configs/LZA/pm0398.json,3f32e59bb9adc43a5f33220d191b0a5eb2eb8909882c0ec446131deb71d3ff38,freedom12/PokemonModelViewer,c5952930343748e6dcb4cae21ee383e0bd13b75c,public-derived-model-viewer-config-not-game-native-catalog,CROSSCHECK_PENDING,
LZA,pm0406,406,pm0406_00_00,0,0,UNRESOLVED,UNRESOLVED,UNRESOLVED,icon/pm0406_00_00_00_0.png,65,130,49b11f8fcdb73fb9e1ce019d8c35b1b758d8f8268e2fac74d53c6692fe078fd3,True,False,True,True,True,False,assets/local/configs/LZA/pm0406.json,8f903e4af3fbcc1d7515d1648ee00b9aa8b24fdf1f0df90a44dbca6074428372,freedom12/PokemonModelViewer,c5952930343748e6dcb4cae21ee383e0bd13b75c,public-derived-model-viewer-config-not-game-native-catalog,CROSSCHECK_PENDING,
LZA,pm0407,407,pm0407_00_00,0,0,UNRESOLVED,UNRESOLVED,UNRESOLVED,icon/pm0407_00_00_00_0.png,63,126,6687e995dd223185017f39b688b9e7e098a6771a22e4128c4156e36067f70e71,True,True,True,True,True,False,assets/local/configs/LZA/pm0407.json,f529e37f066e06071d7eb99cf09e2e9d638fd843e53ce3e9dac8cd2adf162a91,freedom12/PokemonModelViewer,c5952930343748e6dcb4cae21ee383e0bd13b75c,public-derived-model-viewer-config-not-game-native-catalog,CROSSCHECK_PENDING,
LZA,pm0407,407,pm0407_01_00,1,0,UNRESOLVED,UNRESOLVED,UNRESOLVED,icon/pm0407_01_00_00_0.png,63,126,6687e995dd223185017f39b688b9e7e098a6771a22e4128c4156e36067f70e71,True,True,True,True,True,False,assets/local/configs/LZA/pm0407.json,f529e37f066e06071d7eb99cf09e2e9d638fd843e53ce3e9dac8cd2adf162a91,freedom12/PokemonModelViewer,c5952930343748e6dcb4cae21ee383e0bd13b75c,public-derived-model-viewer-config-not-game-native-catalog,CROSSCHECK_PENDING,
LZA,pm0427,427,pm0427_00_00,0,0,UNRESOLVED,UNRESOLVED,UNRESOLVED,icon/pm0427_00_00_00_0.png,62,124,31100d8b2909c3c6a5f6647f14d5207554b7e484d0fbd965bbb8fd9f77d763bd,True,True,True,True,True,False,assets/local/configs/LZA/pm0427.json,7c654d6e1c5f123a1a73f216365a0135575dfed793acfc2a05a325fcc4cb44df,freedom12/PokemonModelViewer,c5952930343748e6dcb4cae21ee383e0bd13b75c,public-derived-model-viewer-config-not-game-native-catalog,CROSSCHECK_PENDING,
LZA,pm0428,428,pm0428_00_00,0,0,UNRESOLVED,UNRESOLVED,UNRESOLVED,icon/pm0428_00_00_00_0.png,65,130,2f607124c3d0c93d1c97d5e10bba4b510cb438937ffca631e5ec87445ee6d4c0,True,True,True,True,True,False,assets/local/configs/LZA/pm0428.json,763c88a117d724385c60b37172c686533ba6030ae5ef9808cc5ce180196aaea7,freedom12/PokemonModelViewer,c5952930343748e6dcb4cae21ee383e0bd13b75c,public-derived-model-viewer-config-not-game-native-catalog,CROSSCHECK_PENDING,
LZA,pm0428,428,pm0428_51_00,51,0,UNRESOLVED,UNRESOLVED,UNRESOLVED,icon/pm0428_51_00_00_0.png,39,78,ecfaf8dab47ad52f4062b3ee313eba838a75677ad9719f5fd2f2fed938d6b81e,False,True,True,True,True,False,assets/local/configs/LZA/pm0428.json,763c88a117d724385c60b37172c686533ba6030ae5ef9808cc5ce180196aaea7,freedom12/PokemonModelViewer,c5952930343748e6dcb4cae21ee383e0bd13b75c,public-derived-model-viewer-config-not-game-native-catalog,CROSSCHECK_PENDING,
LZA,pm0433,433,pm0433_00_00,0,0,UNRESOLVED,UNRESOLVED,UNRESOLVED,icon/pm0433_00_00_00_0.png,59,118,6ed9250768dff31bb32e8a1bcf6257d886935a1d72de4784d6d277fdc0ecea39,True,True,True,True,True,False,assets/local/configs/LZA/pm0433.json,7eb78c0df037d4014b018e57480e5ba3dc87af4ebf5ffdeac8b7e555b47da13a,freedom12/PokemonModelViewer,c5952930343748e6dcb4cae21ee383e0bd13b75c,public-derived-model-viewer-config-not-game-native-catalog,CROSSCHECK_PENDING,
LZA,pm0439,439,pm0439_00_00,0,0,UNRESOLVED,UNRESOLVED,UNRESOLVED,icon/pm0439_00_00_00_0.png,58,116,5557fc13b91155d8528e2b23996482ae5c3310b66a3bca1cc60e7eab7b3e7743,True,False,True,True,True,False,assets/local/configs/LZA/pm0439.json,9c5b2a63ee1da0092a3d7e8d1cbdcd2509a63fd92de8fd13dc3ba76ced7bd215,freedom12/PokemonModelViewer,c5952930343748e6dcb4cae21ee383e0bd13b75c,public-derived-model-viewer-config-not-game-native-catalog,CROSSCHECK_PENDING,
LZA,pm0443,443,pm0443_00_00,0,0,UNRESOLVED,UNRESOLVED,UNRESOLVED,icon/pm0443_00_00_00_0.png,62,124,5d3d1a273ac7be5b9cea94566199ef17ae16519a84b8643d04891397334020c7,True,True,True,True,True,False,assets/local/configs/LZA/pm0443.json,1a213c3285b40809c15807a09f11cecb577739571020aa3e480816eab9a876ee,freedom12/PokemonModelViewer,c5952930343748e6dcb4cae21ee383e0bd13b75c,public-derived-model-viewer-config-not-game-native-catalog,CROSSCHECK_PENDING,
LZA,pm0443,443,pm0443_01_00,1,0,UNRESOLVED,UNRESOLVED,UNRESOLVED,icon/pm0443_01_00_00_0.png,62,124,5d3d1a273ac7be5b9cea94566199ef17ae16519a84b8643d04891397334020c7,True,True,True,True,True,False,assets/local/configs/LZA/pm0443.json,1a213c3285b40809c15807a09f11cecb577739571020aa3e480816eab9a876ee,freedom12/PokemonModelViewer,c5952930343748e6dcb4cae21ee383e0bd13b75c,public-derived-model-viewer-config-not-game-native-catalog,CROSSCHECK_PENDING,
LZA,pm0444,444,pm0444_00_00,0,0,UNRESOLVED,UNRESOLVED,UNRESOLVED,icon/pm0444_00_00_00_0.png,63,126,dfff2015725e07b6178573d490edff817521054aa979dae792144cd8987db3fc,True,True,True,True,True,False,assets/local/configs/LZA/pm0444.json,2dbccb7c61f7ff32c002df702e9b08472a6495a9b5773785c8767e61f3354fc7,freedom12/PokemonModelViewer,c5952930343748e6dcb4cae21ee383e0bd13b75c,public-derived-model-viewer-config-not-game-native-catalog,CROSSCHECK_PENDING,
LZA,pm0444,444,pm0444_01_00,1,0,UNRESOLVED,UNRESOLVED,UNRESOLVED,icon/pm0444_01_00_00_0.png,63,126,dfff2015725e07b6178573d490edff817521054aa979dae792144cd8987db3fc,True,True,True,True,True,False,assets/local/configs/LZA/pm0444.json,2dbccb7c61f7ff32c002df702e9b08472a6495a9b5773785c8767e61f3354fc7,freedom12/PokemonModelViewer,c5952930343748e6dcb4cae21ee383e0bd13b75c,public-derived-model-viewer-config-not-game-native-catalog,CROSSCHECK_PENDING,
LZA,pm0445,445,pm0445_00_00,0,0,UNRESOLVED,UNRESOLVED,UNRESOLVED,icon/pm0445_00_00_00_0.png,116,232,f0457fbf9be8c1e9fc03cb32db24d123c55e8407ffdd41e22de8164cde0f663f,True,True,True,True,True,False,assets/local/configs/LZA/pm0445.json,0f3d3dd4e4f17be2bb9c8c92194a596ec351c36d2b6231672f25f461f0d9b388,freedom12/PokemonModelViewer,c5952930343748e6dcb4cae21ee383e0bd13b75c,public-derived-model-viewer-config-not-game-native-catalog,CROSSCHECK_PENDING,
LZA,pm0445,445,pm0445_01_00,1,0,UNRESOLVED,UNRESOLVED,UNRESOLVED,icon/pm0445_01_00_00_0.png,116,232,f0457fbf9be8c1e9fc03cb32db24d123c55e8407ffdd41e22de8164cde0f663f,True,True,True,True,True,False,assets/local/configs/LZA/pm0445.json,0f3d3dd4e4f17be2bb9c8c92194a596ec351c36d2b6231672f25f461f0d9b388,freedom12/PokemonModelViewer,c5952930343748e6dcb4cae21ee383e0bd13b75c,public-derived-model-viewer-config-not-game-native-catalog,CROSSCHECK_PENDING,
LZA,pm0445,445,pm0445_51_00,51,0,UNRESOLVED,UNRESOLVED,UNRESOLVED,icon/pm0445_51_00_00_0.png,77,154,1538786bb147434dd558d06233af5eefe6e00ea3c2196bad36e08720999b36f1,False,True,True,True,True,False,assets/local/configs/LZA/pm0445.json,0f3d3dd4e4f17be2bb9c8c92194a596ec351c36d2b6231672f25f461f0d9b388,freedom12/PokemonModelViewer,c5952930343748e6dcb4cae21ee383e0bd13b75c,public-derived-model-viewer-config-not-game-native-catalog,CROSSCHECK_PENDING,
LZA,pm0445,445,pm0445_52_00,52,0,UNRESOLVED,UNRESOLVED,UNRESOLVED,icon/pm0445_52_00_00_0.png,39,78,0624e657f524b8edc6cc30ca04f069d86b27445c0531c7a194a3dc1245fd5587,False,True,True,True,True,False,assets/local/configs/LZA/pm0445.json,0f3d3dd4e4f17be2bb9c8c92194a596ec351c36d2b6231672f25f461f0d9b388,freedom12/PokemonModelViewer,c5952930343748e6dcb4cae21ee383e0bd13b75c,public-derived-model-viewer-config-not-game-native-catalog,CROSSCHECK_PENDING,
LZA,pm0447,447,pm0447_00_00,0,0,UNRESOLVED,UNRESOLVED,UNRESOLVED,icon/pm0447_00_00_00_0.png,58,116,7bdf84740e0e1b477dfe497de47d22b581487ceccbab2a79c456ec5d351eea61,True,True,True,True,True,False,assets/local/configs/LZA/pm0447.json,c6c41da466aa4d4257142d8c7a8315221f54d1c4a3ba5060b00f54914e0a189f,freedom12/PokemonModelViewer,c5952930343748e6dcb4cae21ee383e0bd13b75c,public-derived-model-viewer-config-not-game-native-catalog,CROSSCHECK_PENDING,
LZA,pm0448,448,pm0448_00_00,0,0,UNRESOLVED,UNRESOLVED,UNRESOLVED,icon/pm0448_00_00_00_0.png,68,136,b5fad93eac4619793b051babca51af505d4d37a8cb4404a315d10f54675d13a6,True,True,True,True,True,False,assets/local/configs/LZA/pm0448.json,bebed5e5eebfb79aaa3b5edcd7bfb3c1b27d71b42436de9768f33af14edb8301,freedom12/PokemonModelViewer,c5952930343748e6dcb4cae21ee383e0bd13b75c,public-derived-model-viewer-config-not-game-native-catalog,CROSSCHECK_PENDING,
LZA,pm0448,448,pm0448_51_00,51,0,UNRESOLVED,UNRESOLVED,UNRESOLVED,icon/pm0448_51_00_00_0.png,45,90,782f1fa7759fb6a89c511646f64e03cda320a0d7c8280ce54f604bbac063a3d3,False,True,True,True,True,False,assets/local/configs/LZA/pm0448.json,bebed5e5eebfb79aaa3b5edcd7bfb3c1b27d71b42436de9768f33af14edb8301,freedom12/PokemonModelViewer,c5952930343748e6dcb4cae21ee383e0bd13b75c,public-derived-model-viewer-config-not-game-native-catalog,CROSSCHECK_PENDING,
LZA,pm0448,448,pm0448_52_00,52,0,UNRESOLVED,UNRESOLVED,UNRESOLVED,icon/pm0448_52_00_00_0.png,39,78,ecfaf8dab47ad52f4062b3ee313eba838a75677ad9719f5fd2f2fed938d6b81e,False,True,True,True,True,False,assets/local/configs/LZA/pm0448.json,bebed5e5eebfb79aaa3b5edcd7bfb3c1b27d71b42436de9768f33af14edb8301,freedom12/PokemonModelViewer,c5952930343748e6dcb4cae21ee383e0bd13b75c,public-derived-model-viewer-config-not-game-native-catalog,CROSSCHECK_PENDING,
LZA,pm0449,449,pm0449_00_00,0,0,UNRESOLVED,UNRESOLVED,UNRESOLVED,icon/pm0449_00_00_00_0.png,117,234,7bb56cd6787e7cd1711a285f1915f249f8bee6c1b07bfa41c948de52797b10c4,True,True,True,True,True,False,assets/local/configs/LZA/pm0449.json,223f8b7dc675d66e4cd635831793051783f4d2e62aecb84479af209274cb4cfa,freedom12/PokemonModelViewer,c5952930343748e6dcb4cae21ee383e0bd13b75c,public-derived-model-viewer-config-not-game-native-catalog,CROSSCHECK_PENDING,
LZA,pm0449,449,pm0449_01_00,1,0,UNRESOLVED,UNRESOLVED,UNRESOLVED,icon/pm0449_01_00_00_0.png,117,234,7bb56cd6787e7cd1711a285f1915f249f8bee6c1b07bfa41c948de52797b10c4,True,True,True,True,True,False,assets/local/configs/LZA/pm0449.json,223f8b7dc675d66e4cd635831793051783f4d2e62aecb84479af209274cb4cfa,freedom12/PokemonModelViewer,c5952930343748e6dcb4cae21ee383e0bd13b75c,public-derived-model-viewer-config-not-game-native-catalog,CROSSCHECK_PENDING,
LZA,pm0450,450,pm0450_00_00,0,0,UNRESOLVED,UNRESOLVED,UNRESOLVED,icon/pm0450_00_00_00_0.png,117,234,7bb56cd6787e7cd1711a285f1915f249f8bee6c1b07bfa41c948de52797b10c4,True,True,True,True,True,False,assets/local/configs/LZA/pm0450.json,a488427e52ca32b5e56c7ac6f1570451be013c84a99cf9298d222bb975655e2e,freedom12/PokemonModelViewer,c5952930343748e6dcb4cae21ee383e0bd13b75c,public-derived-model-viewer-config-not-game-native-catalog,CROSSCHECK_PENDING,
LZA,pm0450,450,pm0450_01_00,1,0,UNRESOLVED,UNRESOLVED,UNRESOLVED,icon/pm0450_01_00_00_0.png,117,234,7bb56cd6787e7cd1711a285f1915f249f8bee6c1b07bfa41c948de52797b10c4,True,True,True,True,True,False,assets/local/configs/LZA/pm0450.json,a488427e52ca32b5e56c7ac6f1570451be013c84a99cf9298d222bb975655e2e,freedom12/PokemonModelViewer,c5952930343748e6dcb4cae21ee383e0bd13b75c,public-derived-model-viewer-config-not-game-native-catalog,CROSSCHECK_PENDING,
LZA,pm0459,459,pm0459_00_00,0,0,UNRESOLVED,UNRESOLVED,UNRESOLVED,icon/pm0459_00_00_00_0.png,66,132,34e916888463e4f6514c564344dc086981692729b1efad4a167a9c3ce1d85dd3,True,True,True,True,True,False,assets/local/configs/LZA/pm0459.json,2019ae76c32b61282c0a44ea80910d610b496eb290affeace8a7813b68ec5222,freedom12/PokemonModelViewer,c5952930343748e6dcb4cae21ee383e0bd13b75c,public-derived-model-viewer-config-not-game-native-catalog,CROSSCHECK_PENDING,
LZA,pm0459,459,pm0459_01_00,1,0,UNRESOLVED,UNRESOLVED,UNRESOLVED,icon/pm0459_01_00_00_0.png,66,132,34e916888463e4f6514c564344dc086981692729b1efad4a167a9c3ce1d85dd3,True,True,True,True,True,False,assets/local/configs/LZA/pm0459.json,2019ae76c32b61282c0a44ea80910d610b496eb290affeace8a7813b68ec5222,freedom12/PokemonModelViewer,c5952930343748e6dcb4cae21ee383e0bd13b75c,public-derived-model-viewer-config-not-game-native-catalog,CROSSCHECK_PENDING,
LZA,pm0460,460,pm0460_00_00,0,0,UNRESOLVED,UNRESOLVED,UNRESOLVED,icon/pm0460_00_00_00_0.png,60,120,829bb54be79d5e3c588eff91aed06106d338c0c1ce8405e632aaeecabeda0975,True,True,True,True,True,False,assets/local/configs/LZA/pm0460.json,9334bf035e161990301085403819c79d522ae1bf99775033f12a6ad12f88871d,freedom12/PokemonModelViewer,c5952930343748e6dcb4cae21ee383e0bd13b75c,public-derived-model-viewer-config-not-game-native-catalog,CROSSCHECK_PENDING,
LZA,pm0460,460,pm0460_01_00,1,0,UNRESOLVED,UNRESOLVED,UNRESOLVED,icon/pm0460_01_00_00_0.png,60,120,829bb54be79d5e3c588eff91aed06106d338c0c1ce8405e632aaeecabeda0975,True,True,True,True,True,False,assets/local/configs/LZA/pm0460.json,9334bf035e161990301085403819c79d522ae1bf99775033f12a6ad12f88871d,freedom12/PokemonModelViewer,c5952930343748e6dcb4cae21ee383e0bd13b75c,public-derived-model-viewer-config-not-game-native-catalog,CROSSCHECK_PENDING,
LZA,pm0460,460,pm0460_51_00,51,0,UNRESOLVED,UNRESOLVED,UNRESOLVED,icon/pm0460_51_00_00_0.png,39,78,ecfaf8dab47ad52f4062b3ee313eba838a75677ad9719f5fd2f2fed938d6b81e,False,True,True,True,True,False,assets/local/configs/LZA/pm0460.json,9334bf035e161990301085403819c79d522ae1bf99775033f12a6ad12f88871d,freedom12/PokemonModelViewer,c5952930343748e6dcb4cae21ee383e0bd13b75c,public-derived-model-viewer-config-not-game-native-catalog,CROSSCHECK_PENDING,
LZA,pm0470,470,pm0470_00_00,0,0,UNRESOLVED,UNRESOLVED,UNRESOLVED,icon/pm0470_00_00_00_0.png,113,226,105a5e98b6d9fafe1edfdf1167900b21fd788d10dc9e3c178cd1e82f66538d0e,True,True,True,True,True,False,assets/local/configs/LZA/pm0470.json,b87be5bf719f816484148a37934d8a4f2a32466071de0c741892c6e91737c7f1,freedom12/PokemonModelViewer,c5952930343748e6dcb4cae21ee383e0bd13b75c,public-derived-model-viewer-config-not-game-native-catalog,CROSSCHECK_PENDING,
LZA,pm0471,471,pm0471_00_00,0,0,UNRESOLVED,UNRESOLVED,UNRESOLVED,icon/pm0471_00_00_00_0.png,117,234,7bb56cd6787e7cd1711a285f1915f249f8bee6c1b07bfa41c948de52797b10c4,True,True,True,True,True,False,assets/local/configs/LZA/pm0471.json,a8890b0076066a49a745c29d09faed7b44a7a14198fbb9079a46cb637c731e63,freedom12/PokemonModelViewer,c5952930343748e6dcb4cae21ee383e0bd13b75c,public-derived-model-viewer-config-not-game-native-catalog,CROSSCHECK_PENDING,
LZA,pm0474,474,pm0474_00_00,0,0,UNRESOLVED,UNRESOLVED,UNRESOLVED,icon/pm0474_00_00_00_0.png,59,118,6ed9250768dff31bb32e8a1bcf6257d886935a1d72de4784d6d277fdc0ecea39,True,True,True,True,True,False,assets/local/configs/LZA/pm0474.json,5eb219688ebd8feee3b887a59315f5ab4bd7509bedef2b255f4cb5ebc798549f,freedom12/PokemonModelViewer,c5952930343748e6dcb4cae21ee383e0bd13b75c,public-derived-model-viewer-config-not-game-native-catalog,CROSSCHECK_PENDING,
LZA,pm0475,475,pm0475_00_00,0,0,UNRESOLVED,UNRESOLVED,UNRESOLVED,icon/pm0475_00_00_00_0.png,59,118,c5e5e7d2af5dab2470b21f2652b27c6dc2e3bd38a0315b5b1971c1bcd452ea5f,True,True,True,True,True,False,assets/local/configs/LZA/pm0475.json,23bfb7cb1aaeab5311e263f348dd96d41747711db9af60a3d83a4ed9edd03707,freedom12/PokemonModelViewer,c5952930343748e6dcb4cae21ee383e0bd13b75c,public-derived-model-viewer-config-not-game-native-catalog,CROSSCHECK_PENDING,
LZA,pm0475,475,pm0475_51_00,51,0,UNRESOLVED,UNRESOLVED,UNRESOLVED,icon/pm0475_51_00_00_0.png,39,78,ecfaf8dab47ad52f4062b3ee313eba838a75677ad9719f5fd2f2fed938d6b81e,False,True,True,True,True,False,assets/local/configs/LZA/pm0475.json,23bfb7cb1aaeab5311e263f348dd96d41747711db9af60a3d83a4ed9edd03707,freedom12/PokemonModelViewer,c5952930343748e6dcb4cae21ee383e0bd13b75c,public-derived-model-viewer-config-not-game-native-catalog,CROSSCHECK_PENDING,
LZA,pm0478,478,pm0478_00_00,0,0,UNRESOLVED,UNRESOLVED,UNRESOLVED,icon/pm0478_00_00_00_0.png,57,114,ddbfbf83169a397321d3dd8614b796b029b8be7ee5be064c6420bbb3f0c1500f,True,True,True,True,True,False,assets/local/configs/LZA/pm0478.json,0f2b55ae10bc9b885ce78cc2805c1eb8fc49177505b318c46da481b1be35a087,freedom12/PokemonModelViewer,c5952930343748e6dcb4cae21ee383e0bd13b75c,public-derived-model-viewer-config-not-game-native-catalog,CROSSCHECK_PENDING,
LZA,pm0478,478,pm0478_51_00,51,0,UNRESOLVED,UNRESOLVED,UNRESOLVED,icon/pm0478_51_00_00_0.png,44,88,8da126799a60e33a6b1466e7154af4931d4a21690c29cdeeae4458864e3ea2a3,False,True,True,True,True,False,assets/local/configs/LZA/pm0478.json,0f2b55ae10bc9b885ce78cc2805c1eb8fc49177505b318c46da481b1be35a087,freedom12/PokemonModelViewer,c5952930343748e6dcb4cae21ee383e0bd13b75c,public-derived-model-viewer-config-not-game-native-catalog,CROSSCHECK_PENDING,
LZA,pm0479,479,pm0479_11_00,11,0,UNRESOLVED,UNRESOLVED,UNRESOLVED,icon/pm0479_11_00_00_0.png,58,116,435a0a97a87f8e5f8b763c77eb5d852590072269519dc85637781515f4bb61b8,True,True,True,True,False,False,assets/local/configs/LZA/pm0479.json,4c61efafdbdae775815a0415ea61b9c2845e9150fe7767700f96100ddf417d1e,freedom12/PokemonModelViewer,c5952930343748e6dcb4cae21ee383e0bd13b75c,public-derived-model-viewer-config-not-game-native-catalog,CROSSCHECK_PENDING,
LZA,pm0479,479,pm0479_12_00,12,0,UNRESOLVED,UNRESOLVED,UNRESOLVED,icon/pm0479_12_00_00_0.png,58,116,435a0a97a87f8e5f8b763c77eb5d852590072269519dc85637781515f4bb61b8,True,True,True,True,False,False,assets/local/configs/LZA/pm0479.json,4c61efafdbdae775815a0415ea61b9c2845e9150fe7767700f96100ddf417d1e,freedom12/PokemonModelViewer,c5952930343748e6dcb4cae21ee383e0bd13b75c,public-derived-model-viewer-config-not-game-native-catalog,CROSSCHECK_PENDING,
LZA,pm0479,479,pm0479_13_00,13,0,UNRESOLVED,UNRESOLVED,UNRESOLVED,icon/pm0479_13_00_00_0.png,58,116,435a0a97a87f8e5f8b763c77eb5d852590072269519dc85637781515f4bb61b8,True,True,True,True,False,False,assets/local/configs/LZA/pm0479.json,4c61efafdbdae775815a0415ea61b9c2845e9150fe7767700f96100ddf417d1e,freedom12/PokemonModelViewer,c5952930343748e6dcb4cae21ee383e0bd13b75c,public-derived-model-viewer-config-not-game-native-catalog,CROSSCHECK_PENDING,
LZA,pm0479,479,pm0479_14_00,14,0,UNRESOLVED,UNRESOLVED,UNRESOLVED,icon/pm0479_14_00_00_0.png,58,116,435a0a97a87f8e5f8b763c77eb5d852590072269519dc85637781515f4bb61b8,True,True,True,True,False,False,assets/local/configs/LZA/pm0479.json,4c61efafdbdae775815a0415ea61b9c2845e9150fe7767700f96100ddf417d1e,freedom12/PokemonModelViewer,c5952930343748e6dcb4cae21ee383e0bd13b75c,public-derived-model-viewer-config-not-game-native-catalog,CROSSCHECK_PENDING,
LZA,pm0479,479,pm0479_15_00,15,0,UNRESOLVED,UNRESOLVED,UNRESOLVED,icon/pm0479_15_00_00_0.png,58,116,435a0a97a87f8e5f8b763c77eb5d852590072269519dc85637781515f4bb61b8,True,True,True,True,False,False,assets/local/configs/LZA/pm0479.json,4c61efafdbdae775815a0415ea61b9c2845e9150fe7767700f96100ddf417d1e,freedom12/PokemonModelViewer,c5952930343748e6dcb4cae21ee383e0bd13b75c,public-derived-model-viewer-config-not-game-native-catalog,CROSSCHECK_PENDING,
LZA,pm0479,479,pm0479_16_00,16,0,UNRESOLVED,UNRESOLVED,UNRESOLVED,icon/pm0479_16_00_00_0.png,58,116,435a0a97a87f8e5f8b763c77eb5d852590072269519dc85637781515f4bb61b8,True,True,True,True,False,False,assets/local/configs/LZA/pm0479.json,4c61efafdbdae775815a0415ea61b9c2845e9150fe7767700f96100ddf417d1e,freedom12/PokemonModelViewer,c5952930343748e6dcb4cae21ee383e0bd13b75c,public-derived-model-viewer-config-not-game-native-catalog,CROSSCHECK_PENDING,
LZA,pm0485,485,pm0485_00_00,0,0,UNRESOLVED,UNRESOLVED,UNRESOLVED,icon/pm0485_00_00_00_0.png,58,116,cee6ff729b8b5949fc5795bcf5a0b53870b7b8d9fd9182086ffc3a9edbabdb6d,True,True,True,True,True,False,assets/local/configs/LZA/pm0485.json,d14ad088b99a6bbb2793faaabcb44c9853fc64a53cb5ad942dd82d27439348db,freedom12/PokemonModelViewer,c5952930343748e6dcb4cae21ee383e0bd13b75c,public-derived-model-viewer-config-not-game-native-catalog,CROSSCHECK_PENDING,
LZA,pm0485,485,pm0485_51_00,51,0,UNRESOLVED,UNRESOLVED,UNRESOLVED,icon/pm0485_51_00_00_0.png,49,98,8b4ddfce42d5450432e07f93b892dc588a2f9306b7f003b78345553b72c9a4df,False,True,True,True,False,False,assets/local/configs/LZA/pm0485.json,d14ad088b99a6bbb2793faaabcb44c9853fc64a53cb5ad942dd82d27439348db,freedom12/PokemonModelViewer,c5952930343748e6dcb4cae21ee383e0bd13b75c,public-derived-model-viewer-config-not-game-native-catalog,CROSSCHECK_PENDING,
LZA,pm0491,491,pm0491_00_00,0,0,UNRESOLVED,UNRESOLVED,UNRESOLVED,icon/pm0491_00_00_00_0.png,65,130,f85028190db28cb6c381f360d4611b575ac08c11d891e673b42a5241fe6d4886,True,True,True,True,True,False,assets/local/configs/LZA/pm0491.json,7253eb238398baac2228ac9ca3f0dd0020f972d568692a730297d86ad41d73c8,freedom12/PokemonModelViewer,c5952930343748e6dcb4cae21ee383e0bd13b75c,public-derived-model-viewer-config-not-game-native-catalog,CROSSCHECK_PENDING,
LZA,pm0491,491,pm0491_51_00,51,0,UNRESOLVED,UNRESOLVED,UNRESOLVED,icon/pm0491_51_00_00_0.png,44,88,cdba22d91a87a3a50b89c9167ace56db4164e4a11dcdb746fa192d75c41aecd3,False,True,True,True,True,False,assets/local/configs/LZA/pm0491.json,7253eb238398baac2228ac9ca3f0dd0020f972d568692a730297d86ad41d73c8,freedom12/PokemonModelViewer,c5952930343748e6dcb4cae21ee383e0bd13b75c,public-derived-model-viewer-config-not-game-native-catalog,CROSSCHECK_PENDING,
LZA,pm0498,498,pm0498_00_00,0,0,UNRESOLVED,UNRESOLVED,UNRESOLVED,icon/pm0498_00_00_00_0.png,59,118,d34105a88b06753271a57ea21d562fcf2609dbc4cd34663f14febc682cfdda07,True,True,True,True,True,False,assets/local/configs/LZA/pm0498.json,c3b9804e3be199b922b8d7375843a8b5efc47bd4271bff8023a957ad94f34e34,freedom12/PokemonModelViewer,c5952930343748e6dcb4cae21ee383e0bd13b75c,public-derived-model-viewer-config-not-game-native-catalog,CROSSCHECK_PENDING,
LZA,pm0499,499,pm0499_00_00,0,0,UNRESOLVED,UNRESOLVED,UNRESOLVED,icon/pm0499_00_00_00_0.png,58,116,cee6ff729b8b5949fc5795bcf5a0b53870b7b8d9fd9182086ffc3a9edbabdb6d,True,True,True,True,True,False,assets/local/configs/LZA/pm0499.json,b872325d61908437446205a1e78ee77e1649bc8b65437730e7da770815b29c44,freedom12/PokemonModelViewer,c5952930343748e6dcb4cae21ee383e0bd13b75c,public-derived-model-viewer-config-not-game-native-catalog,CROSSCHECK_PENDING,
LZA,pm0500,500,pm0500_00_00,0,0,UNRESOLVED,UNRESOLVED,UNRESOLVED,icon/pm0500_00_00_00_0.png,58,116,f009a742384eac5a37c2319e8deaaf85d903cb1011fbdde66f932a2e7db4acc1,True,True,True,True,True,False,assets/local/configs/LZA/pm0500.json,d1667209240e027be864a2f81cbe840f06793e175cd462a5e7616b000e9cbb3a,freedom12/PokemonModelViewer,c5952930343748e6dcb4cae21ee383e0bd13b75c,public-derived-model-viewer-config-not-game-native-catalog,CROSSCHECK_PENDING,
LZA,pm0500,500,pm0500_51_00,51,0,UNRESOLVED,UNRESOLVED,UNRESOLVED,icon/pm0500_51_00_00_0.png,40,80,314259cee2b5f350fecc797c55f17d501f2ef233b6fe0a5af59dc026b753d13a,False,True,True,True,True,False,assets/local/configs/LZA/pm0500.json,d1667209240e027be864a2f81cbe840f06793e175cd462a5e7616b000e9cbb3a,freedom12/PokemonModelViewer,c5952930343748e6dcb4cae21ee383e0bd13b75c,public-derived-model-viewer-config-not-game-native-catalog,CROSSCHECK_PENDING,
LZA,pm0504,504,pm0504_00_00,0,0,UNRESOLVED,UNRESOLVED,UNRESOLVED,icon/pm0504_00_00_00_0.png,70,140,46ec0f49be0aefaf272b686fcde5643296d4f317fcf0d358e314b4c069eb2dd5,True,True,True,True,True,False,assets/local/configs/LZA/pm0504.json,2374d2d67ad9947da72dd830a329ccfae5e4eed0e2f0f038f4579406c964d837,freedom12/PokemonModelViewer,c5952930343748e6dcb4cae21ee383e0bd13b75c,public-derived-model-viewer-config-not-game-native-catalog,CROSSCHECK_PENDING,
LZA,pm0505,505,pm0505_00_00,0,0,UNRESOLVED,UNRESOLVED,UNRESOLVED,icon/pm0505_00_00_00_0.png,63,126,8388b4f42e518b885a34be6a251faf456d60133c09c0e1255f323f7892198f7f,True,True,True,True,True,False,assets/local/configs/LZA/pm0505.json,1a734ca0fbd83232cd607dc2c7e2f0aae5b2f8ab3e1d19d16e7214202684979b,freedom12/PokemonModelViewer,c5952930343748e6dcb4cae21ee383e0bd13b75c,public-derived-model-viewer-config-not-game-native-catalog,CROSSCHECK_PENDING,
LZA,pm0509,509,pm0509_00_00,0,0,UNRESOLVED,UNRESOLVED,UNRESOLVED,icon/pm0509_00_00_00_0.png,59,118,c5e5e7d2af5dab2470b21f2652b27c6dc2e3bd38a0315b5b1971c1bcd452ea5f,True,True,True,True,True,False,assets/local/configs/LZA/pm0509.json,2bbbf3b0722557bf8948b6f522566838c8431a5935ac5f330cd00c9d679da134,freedom12/PokemonModelViewer,c5952930343748e6dcb4cae21ee383e0bd13b75c,public-derived-model-viewer-config-not-game-native-catalog,CROSSCHECK_PENDING,
LZA,pm0510,510,pm0510_00_00,0,0,UNRESOLVED,UNRESOLVED,UNRESOLVED,icon/pm0510_00_00_00_0.png,59,118,c5e5e7d2af5dab2470b21f2652b27c6dc2e3bd38a0315b5b1971c1bcd452ea5f,True,True,True,True,True,False,assets/local/configs/LZA/pm0510.json,7d05b7852c7895abf3b15a0dcef19d062391b565569b2f705f8f81210a39cfb1,freedom12/PokemonModelViewer,c5952930343748e6dcb4cae21ee383e0bd13b75c,public-derived-model-viewer-config-not-game-native-catalog,CROSSCHECK_PENDING,
LZA,pm0511,511,pm0511_00_00,0,0,UNRESOLVED,UNRESOLVED,UNRESOLVED,icon/pm0511_00_00_00_0.png,65,130,d01eecb81759d905688bbd0dff2b3bae6d4790b176bb335b368119e2a71ddf56,True,True,True,True,True,False,assets/local/configs/LZA/pm0511.json,9d8b4935ae7fa98f8e6a79720c507d864d41428f30f6d7913d6f2c210631758f,freedom12/PokemonModelViewer,c5952930343748e6dcb4cae21ee383e0bd13b75c,public-derived-model-viewer-config-not-game-native-catalog,CROSSCHECK_PENDING,
LZA,pm0512,512,pm0512_00_00,0,0,UNRESOLVED,UNRESOLVED,UNRESOLVED,icon/pm0512_00_00_00_0.png,64,128,6c5cc15c9f0faced1debbce2c8a2fdb9b2513d7e8cf32fe910f6bec2bca75f28,True,True,True,True,True,False,assets/local/configs/LZA/pm0512.json,3b56417ba43f1317cb5daadd9b436f92f5a411d97e4abfe9ec2271ec4b1b620f,freedom12/PokemonModelViewer,c5952930343748e6dcb4cae21ee383e0bd13b75c,public-derived-model-viewer-config-not-game-native-catalog,CROSSCHECK_PENDING,
LZA,pm0513,513,pm0513_00_00,0,0,UNRESOLVED,UNRESOLVED,UNRESOLVED,icon/pm0513_00_00_00_0.png,62,124,2aa80e93206db26b5e24ae268c49467a2df24a7fbed46b265783d6c12ba1bad9,True,True,True,True,True,False,assets/local/configs/LZA/pm0513.json,9812d4fefd926726be9bf9bb9e7f2001d1ef88886f62a0ed3e917c4a2a0d3353,freedom12/PokemonModelViewer,c5952930343748e6dcb4cae21ee383e0bd13b75c,public-derived-model-viewer-config-not-game-native-catalog,CROSSCHECK_PENDING,
LZA,pm0514,514,pm0514_00_00,0,0,UNRESOLVED,UNRESOLVED,UNRESOLVED,icon/pm0514_00_00_00_0.png,67,134,5080a5987220ed8755fcf8527be99883b1625918338f55e1ef99eeda693497a5,True,True,True,True,True,False,assets/local/configs/LZA/pm0514.json,cd5bc0db282b23b9e4069bde101cbac39437edff0f8ae6f3f6f68fa7a34bdc79,freedom12/PokemonModelViewer,c5952930343748e6dcb4cae21ee383e0bd13b75c,public-derived-model-viewer-config-not-game-native-catalog,CROSSCHECK_PENDING,
LZA,pm0515,515,pm0515_00_00,0,0,UNRESOLVED,UNRESOLVED,UNRESOLVED,icon/pm0515_00_00_00_0.png,70,140,7ce91e35dd46fde8f339f34228827af23779492ba420a92aafdde583a5034ecb,True,True,True,True,True,False,assets/local/configs/LZA/pm0515.json,14e65b8a65c292c207c011b91f281896ea659c2337027c1c5350a4ae2a9da6c9,freedom12/PokemonModelViewer,c5952930343748e6dcb4cae21ee383e0bd13b75c,public-derived-model-viewer-config-not-game-native-catalog,CROSSCHECK_PENDING,
LZA,pm0516,516,pm0516_00_00,0,0,UNRESOLVED,UNRESOLVED,UNRESOLVED,icon/pm0516_00_00_00_0.png,64,128,6c5cc15c9f0faced1debbce2c8a2fdb9b2513d7e8cf32fe910f6bec2bca75f28,True,True,True,True,True,False,assets/local/configs/LZA/pm0516.json,0003cf87f479208a9486adbc21bdf17c3066887692c474c8ab227e8487ce7140,freedom12/PokemonModelViewer,c5952930343748e6dcb4cae21ee383e0bd13b75c,public-derived-model-viewer-config-not-game-native-catalog,CROSSCHECK_PENDING,
LZA,pm0517,517,pm0517_00_00,0,0,UNRESOLVED,UNRESOLVED,UNRESOLVED,icon/pm0517_00_00_00_0.png,59,118,6ed9250768dff31bb32e8a1bcf6257d886935a1d72de4784d6d277fdc0ecea39,True,True,True,True,True,False,assets/local/configs/LZA/pm0517.json,767ee822c2c62e447245a7f2eb3ad6c10135ab53cdc82bab8053c53fe3665e2b,freedom12/PokemonModelViewer,c5952930343748e6dcb4cae21ee383e0bd13b75c,public-derived-model-viewer-config-not-game-native-catalog,CROSSCHECK_PENDING,
LZA,pm0518,518,pm0518_00_00,0,0,UNRESOLVED,UNRESOLVED,UNRESOLVED,icon/pm0518_00_00_00_0.png,59,118,6ed9250768dff31bb32e8a1bcf6257d886935a1d72de4784d6d277fdc0ecea39,True,True,True,True,True,False,assets/local/configs/LZA/pm0518.json,d6c104e3eb6cbda6bfdbdef708812ed074065a0f763af6e1181cc035c211ac67,freedom12/PokemonModelViewer,c5952930343748e6dcb4cae21ee383e0bd13b75c,public-derived-model-viewer-config-not-game-native-catalog,CROSSCHECK_PENDING,
LZA,pm0529,529,pm0529_00_00,0,0,UNRESOLVED,UNRESOLVED,UNRESOLVED,icon/pm0529_00_00_00_0.png,73,146,20d258c744dc758003e526067781e9aa7203cf6eac59850bae6bd33fe6293460,True,True,True,True,True,False,assets/local/configs/LZA/pm0529.json,83b419694ecb42964f2eedab43cf54e355ac8ed305114cd09cedec97fab7a527,freedom12/PokemonModelViewer,c5952930343748e6dcb4cae21ee383e0bd13b75c,public-derived-model-viewer-config-not-game-native-catalog,CROSSCHECK_PENDING,
LZA,pm0530,530,pm0530_00_00,0,0,UNRESOLVED,UNRESOLVED,UNRESOLVED,icon/pm0530_00_00_00_0.png,71,142,393dcec3ca0231c5dba0a34e85d2b25a3113f6888b7966a6e8e1f75d411a39e0,True,True,True,True,True,False,assets/local/configs/LZA/pm0530.json,66ac7e6d341b364cd1efda9e61bc3a2d1ca35fbdc4cb19b9a51219ce40f2bb7d,freedom12/PokemonModelViewer,c5952930343748e6dcb4cae21ee383e0bd13b75c,public-derived-model-viewer-config-not-game-native-catalog,CROSSCHECK_PENDING,
LZA,pm0530,530,pm0530_51_00,51,0,UNRESOLVED,UNRESOLVED,UNRESOLVED,icon/pm0530_51_00_00_0.png,43,86,456d01c6c852db9a0fceb3c3ca0f2074980d18a46cab53d71a61e95cf00c96aa,False,True,True,True,True,False,assets/local/configs/LZA/pm0530.json,66ac7e6d341b364cd1efda9e61bc3a2d1ca35fbdc4cb19b9a51219ce40f2bb7d,freedom12/PokemonModelViewer,c5952930343748e6dcb4cae21ee383e0bd13b75c,public-derived-model-viewer-config-not-game-native-catalog,CROSSCHECK_PENDING,
LZA,pm0531,531,pm0531_00_00,0,0,UNRESOLVED,UNRESOLVED,UNRESOLVED,icon/pm0531_00_00_00_0.png,63,126,d7d84ab7db6746f1fcdf9360fcc980e9d4dc3f30bc228b91291d5130a9a6347f,True,True,True,True,True,False,assets/local/configs/LZA/pm0531.json,367abda2a0f5fe3f051de94d422d18f25061b19de52d808a5b4cb8e1194d19e6,freedom12/PokemonModelViewer,c5952930343748e6dcb4cae21ee383e0bd13b75c,public-derived-model-viewer-config-not-game-native-catalog,CROSSCHECK_PENDING,
LZA,pm0531,531,pm0531_51_00,51,0,UNRESOLVED,UNRESOLVED,UNRESOLVED,icon/pm0531_51_00_00_0.png,39,78,ecfaf8dab47ad52f4062b3ee313eba838a75677ad9719f5fd2f2fed938d6b81e,False,True,True,True,True,False,assets/local/configs/LZA/pm0531.json,367abda2a0f5fe3f051de94d422d18f25061b19de52d808a5b4cb8e1194d19e6,freedom12/PokemonModelViewer,c5952930343748e6dcb4cae21ee383e0bd13b75c,public-derived-model-viewer-config-not-game-native-catalog,CROSSCHECK_PENDING,
LZA,pm0538,538,pm0538_00_00,0,0,UNRESOLVED,UNRESOLVED,UNRESOLVED,icon/pm0538_00_00_00_0.png,59,118,c5e5e7d2af5dab2470b21f2652b27c6dc2e3bd38a0315b5b1971c1bcd452ea5f,True,True,True,True,True,False,assets/local/configs/LZA/pm0538.json,0111c82780e08a13823f8de9e39268bfeaceb86ae0f0ae7797618aa0b233016e,freedom12/PokemonModelViewer,c5952930343748e6dcb4cae21ee383e0bd13b75c,public-derived-model-viewer-config-not-game-native-catalog,CROSSCHECK_PENDING,
LZA,pm0539,539,pm0539_00_00,0,0,UNRESOLVED,UNRESOLVED,UNRESOLVED,icon/pm0539_00_00_00_0.png,59,118,c5e5e7d2af5dab2470b21f2652b27c6dc2e3bd38a0315b5b1971c1bcd452ea5f,True,True,True,True,True,False,assets/local/configs/LZA/pm0539.json,3eecb5abfedf770811c9e11489caa6c8601b49fd585a265beb30f8e8b25e1c8a,freedom12/PokemonModelViewer,c5952930343748e6dcb4cae21ee383e0bd13b75c,public-derived-model-viewer-config-not-game-native-catalog,CROSSCHECK_PENDING,
LZA,pm0543,543,pm0543_00_00,0,0,UNRESOLVED,UNRESOLVED,UNRESOLVED,icon/pm0543_00_00_00_0.png,60,120,829bb54be79d5e3c588eff91aed06106d338c0c1ce8405e632aaeecabeda0975,True,True,True,True,True,False,assets/local/configs/LZA/pm0543.json,5080f1598132b4ef6acaed0810fc240cb3747738dc4468e9ad22f6409f0ba4c3,freedom12/PokemonModelViewer,c5952930343748e6dcb4cae21ee383e0bd13b75c,public-derived-model-viewer-config-not-game-native-catalog,CROSSCHECK_PENDING,
LZA,pm0544,544,pm0544_00_00,0,0,UNRESOLVED,UNRESOLVED,UNRESOLVED,icon/pm0544_00_00_00_0.png,60,120,829bb54be79d5e3c588eff91aed06106d338c0c1ce8405e632aaeecabeda0975,True,True,True,True,True,False,assets/local/configs/LZA/pm0544.json,9fd1facace880909ae431cfe66bd514443087507d850be59369586d963181b63,freedom12/PokemonModelViewer,c5952930343748e6dcb4cae21ee383e0bd13b75c,public-derived-model-viewer-config-not-game-native-catalog,CROSSCHECK_PENDING,
LZA,pm0545,545,pm0545_00_00,0,0,UNRESOLVED,UNRESOLVED,UNRESOLVED,icon/pm0545_00_00_00_0.png,59,118,c5e5e7d2af5dab2470b21f2652b27c6dc2e3bd38a0315b5b1971c1bcd452ea5f,True,True,True,True,True,False,assets/local/configs/LZA/pm0545.json,33907abe35e7b8c2e4648f0d4f2b22f8878fdf73602232ff17b4f21e471f251c,freedom12/PokemonModelViewer,c5952930343748e6dcb4cae21ee383e0bd13b75c,public-derived-model-viewer-config-not-game-native-catalog,CROSSCHECK_PENDING,
LZA,pm0545,545,pm0545_51_00,51,0,UNRESOLVED,UNRESOLVED,UNRESOLVED,icon/pm0545_51_00_00_0.png,39,78,ecfaf8dab47ad52f4062b3ee313eba838a75677ad9719f5fd2f2fed938d6b81e,False,True,True,True,True,False,assets/local/configs/LZA/pm0545.json,33907abe35e7b8c2e4648f0d4f2b22f8878fdf73602232ff17b4f21e471f251c,freedom12/PokemonModelViewer,c5952930343748e6dcb4cae21ee383e0bd13b75c,public-derived-model-viewer-config-not-game-native-catalog,CROSSCHECK_PENDING,
LZA,pm0551,551,pm0551_00_00,0,0,UNRESOLVED,UNRESOLVED,UNRESOLVED,icon/pm0551_00_00_00_0.png,116,232,72ec7b808e1f49e81ea4a8d136fb8ee75de65d9b72e30369d40efc77bd57b30e,True,True,True,True,True,False,assets/local/configs/LZA/pm0551.json,d945ec2ff4c11fda8b9b337bd3b93086278982316c2cb7729f4cd71eb419809d,freedom12/PokemonModelViewer,c5952930343748e6dcb4cae21ee383e0bd13b75c,public-derived-model-viewer-config-not-game-native-catalog,CROSSCHECK_PENDING,
LZA,pm0552,552,pm0552_00_00,0,0,UNRESOLVED,UNRESOLVED,UNRESOLVED,icon/pm0552_00_00_00_0.png,116,232,72ec7b808e1f49e81ea4a8d136fb8ee75de65d9b72e30369d40efc77bd57b30e,True,True,True,True,True,False,assets/local/configs/LZA/pm0552.json,b597de309706dc2c212f3f95937d8d7021e8e530ff48c89769452b94210f2c14,freedom12/PokemonModelViewer,c5952930343748e6dcb4cae21ee383e0bd13b75c,public-derived-model-viewer-config-not-game-native-catalog,CROSSCHECK_PENDING,
LZA,pm0553,553,pm0553_00_00,0,0,UNRESOLVED,UNRESOLVED,UNRESOLVED,icon/pm0553_00_00_00_0.png,116,232,72ec7b808e1f49e81ea4a8d136fb8ee75de65d9b72e30369d40efc77bd57b30e,True,True,True,True,True,False,assets/local/configs/LZA/pm0553.json,9823daba2d7949ee938825f6dae7123f644698f57743eba9c18a945a769799d5,freedom12/PokemonModelViewer,c5952930343748e6dcb4cae21ee383e0bd13b75c,public-derived-model-viewer-config-not-game-native-catalog,CROSSCHECK_PENDING,
LZA,pm0559,559,pm0559_00_00,0,0,UNRESOLVED,UNRESOLVED,UNRESOLVED,icon/pm0559_00_00_00_0.png,59,118,c5e5e7d2af5dab2470b21f2652b27c6dc2e3bd38a0315b5b1971c1bcd452ea5f,True,True,True,True,True,False,assets/local/configs/LZA/pm0559.json,84c5fe76856fb342515cc39e6d95a58d6de721fc1706a4e914e9205180eb345f,freedom12/PokemonModelViewer,c5952930343748e6dcb4cae21ee383e0bd13b75c,public-derived-model-viewer-config-not-game-native-catalog,CROSSCHECK_PENDING,
LZA,pm0560,560,pm0560_00_00,0,0,UNRESOLVED,UNRESOLVED,UNRESOLVED,icon/pm0560_00_00_00_0.png,58,116,340b09b618322dc2950e1524ebf6443b8416c5d3ed8dfda0b9f4c712f468c7cd,True,True,True,True,True,False,assets/local/configs/LZA/pm0560.json,df83ecc305446ad61cad0a1871da1a0b2ada6c3affaec407ee365bc2376cacf6,freedom12/PokemonModelViewer,c5952930343748e6dcb4cae21ee383e0bd13b75c,public-derived-model-viewer-config-not-game-native-catalog,CROSSCHECK_PENDING,
LZA,pm0560,560,pm0560_51_00,51,0,UNRESOLVED,UNRESOLVED,UNRESOLVED,icon/pm0560_51_00_00_0.png,39,78,ecfaf8dab47ad52f4062b3ee313eba838a75677ad9719f5fd2f2fed938d6b81e,False,True,True,True,True,False,assets/local/configs/LZA/pm0560.json,df83ecc305446ad61cad0a1871da1a0b2ada6c3affaec407ee365bc2376cacf6,freedom12/PokemonModelViewer,c5952930343748e6dcb4cae21ee383e0bd13b75c,public-derived-model-viewer-config-not-game-native-catalog,CROSSCHECK_PENDING,
LZA,pm0562,562,pm0562_00_00,0,0,UNRESOLVED,UNRESOLVED,UNRESOLVED,icon/pm0562_00_00_00_0.png,59,118,6ed9250768dff31bb32e8a1bcf6257d886935a1d72de4784d6d277fdc0ecea39,True,True,True,True,True,False,assets/local/configs/LZA/pm0562.json,c5e44ac28c3df9466a391a5fd2df4fedd18940a59fb81838367f7d329b4e2d1f,freedom12/PokemonModelViewer,c5952930343748e6dcb4cae21ee383e0bd13b75c,public-derived-model-viewer-config-not-game-native-catalog,CROSSCHECK_PENDING,
LZA,pm0562,562,pm0562_00_31,0,31,UNRESOLVED,UNRESOLVED,UNRESOLVED,icon/pm0562_00_31_00_0.png,59,118,6ed9250768dff31bb32e8a1bcf6257d886935a1d72de4784d6d277fdc0ecea39,True,True,True,True,True,False,assets/local/configs/LZA/pm0562.json,c5e44ac28c3df9466a391a5fd2df4fedd18940a59fb81838367f7d329b4e2d1f,freedom12/PokemonModelViewer,c5952930343748e6dcb4cae21ee383e0bd13b75c,public-derived-model-viewer-config-not-game-native-catalog,CROSSCHECK_PENDING,
LZA,pm0563,563,pm0563_00_00,0,0,UNRESOLVED,UNRESOLVED,UNRESOLVED,icon/pm0563_00_00_00_0.png,57,114,ddbfbf83169a397321d3dd8614b796b029b8be7ee5be064c6420bbb3f0c1500f,True,True,True,True,True,False,assets/local/configs/LZA/pm0563.json,9b3596b551a167f063b11b85779c9e851a64fadf3de0cd956486025f0084d3e5,freedom12/PokemonModelViewer,c5952930343748e6dcb4cae21ee383e0bd13b75c,public-derived-model-viewer-config-not-game-native-catalog,CROSSCHECK_PENDING,
LZA,pm0568,568,pm0568_00_00,0,0,UNRESOLVED,UNRESOLVED,UNRESOLVED,icon/pm0568_00_00_00_0.png,59,118,c5e5e7d2af5dab2470b21f2652b27c6dc2e3bd38a0315b5b1971c1bcd452ea5f,True,True,True,True,True,False,assets/local/configs/LZA/pm0568.json,f2f6a2aa5aac71dcd9585b3cb449b6fa7cc22d9ebcd945d6418cf0932ea24961,freedom12/PokemonModelViewer,c5952930343748e6dcb4cae21ee383e0bd13b75c,public-derived-model-viewer-config-not-game-native-catalog,CROSSCHECK_PENDING,
LZA,pm0569,569,pm0569_00_00,0,0,UNRESOLVED,UNRESOLVED,UNRESOLVED,icon/pm0569_00_00_00_0.png,59,118,c5e5e7d2af5dab2470b21f2652b27c6dc2e3bd38a0315b5b1971c1bcd452ea5f,True,True,True,True,True,False,assets/local/configs/LZA/pm0569.json,9de968a930a852fca4cc5ba4f50f58a1d7ba6a81667d79bf1a773cffb2032a27,freedom12/PokemonModelViewer,c5952930343748e6dcb4cae21ee383e0bd13b75c,public-derived-model-viewer-config-not-game-native-catalog,CROSSCHECK_PENDING,
LZA,pm0582,582,pm0582_00_00,0,0,UNRESOLVED,UNRESOLVED,UNRESOLVED,icon/pm0582_00_00_00_0.png,61,122,5dfb1388925e677798cee7d522e3f3f2ee61ed6f3798974e49d0a09800652e74,True,False,True,True,True,False,assets/local/configs/LZA/pm0582.json,34410760a4c44f55ac1072f4030278aaa933485557a70da8f9eb3a11cd44c41a,freedom12/PokemonModelViewer,c5952930343748e6dcb4cae21ee383e0bd13b75c,public-derived-model-viewer-config-not-game-native-catalog,CROSSCHECK_PENDING,
LZA,pm0583,583,pm0583_00_00,0,0,UNRESOLVED,UNRESOLVED,UNRESOLVED,icon/pm0583_00_00_00_0.png,61,122,5dfb1388925e677798cee7d522e3f3f2ee61ed6f3798974e49d0a09800652e74,True,False,True,True,True,False,assets/local/configs/LZA/pm0583.json,eb3577f434d740c50ce2fff8b12e2b1e94b1a41b3103029d4fbb2b4b9473bcef,freedom12/PokemonModelViewer,c5952930343748e6dcb4cae21ee383e0bd13b75c,public-derived-model-viewer-config-not-game-native-catalog,CROSSCHECK_PENDING,
LZA,pm0584,584,pm0584_00_00,0,0,UNRESOLVED,UNRESOLVED,UNRESOLVED,icon/pm0584_00_00_00_0.png,65,130,aa3bceac95043d8c0321fd8bc0ec5284992bdf2911ceb7b3de0cfb8f2ebeb577,True,False,True,True,True,False,assets/local/configs/LZA/pm0584.json,50dea13251fd6a333db05344e6c37aa4cbeeae54a2955108312fc39550316230,freedom12/PokemonModelViewer,c5952930343748e6dcb4cae21ee383e0bd13b75c,public-derived-model-viewer-config-not-game-native-catalog,CROSSCHECK_PENDING,
LZA,pm0587,587,pm0587_00_00,0,0,UNRESOLVED,UNRESOLVED,UNRESOLVED,icon/pm0587_00_00_00_0.png,117,234,ffe4942f85c2d05fc3c52bde08ddc85ae19de703ce2f6369a826b2abfa8ade9b,True,True,True,True,True,False,assets/local/configs/LZA/pm0587.json,9b11f8871b80e411122eba9496dd11c265cd4761fecad7e28d06413d7195168a,freedom12/PokemonModelViewer,c5952930343748e6dcb4cae21ee383e0bd13b75c,public-derived-model-viewer-config-not-game-native-catalog,CROSSCHECK_PENDING,
LZA,pm0590,590,pm0590_00_00,0,0,UNRESOLVED,UNRESOLVED,UNRESOLVED,icon/pm0590_00_00_00_0.png,59,118,c5e5e7d2af5dab2470b21f2652b27c6dc2e3bd38a0315b5b1971c1bcd452ea5f,True,True,True,True,True,False,assets/local/configs/LZA/pm0590.json,2a01bfa1377d28ee0148d7eba5f2341c4eaf277240d64c33d0d10639bf9a1fc4,freedom12/PokemonModelViewer,c5952930343748e6dcb4cae21ee383e0bd13b75c,public-derived-model-viewer-config-not-game-native-catalog,CROSSCHECK_PENDING,
LZA,pm0591,591,pm0591_00_00,0,0,UNRESOLVED,UNRESOLVED,UNRESOLVED,icon/pm0591_00_00_00_0.png,59,118,c5e5e7d2af5dab2470b21f2652b27c6dc2e3bd38a0315b5b1971c1bcd452ea5f,True,True,True,True,True,False,assets/local/configs/LZA/pm0591.json,52f111e2b8ecaa8aca2baf708bcf335ea45c71a76b7e02e61eb22f91482ed441,freedom12/PokemonModelViewer,c5952930343748e6dcb4cae21ee383e0bd13b75c,public-derived-model-viewer-config-not-game-native-catalog,CROSSCHECK_PENDING,
LZA,pm0602,602,pm0602_00_00,0,0,UNRESOLVED,UNRESOLVED,UNRESOLVED,icon/pm0602_00_00_00_0.png,59,118,4210a9df48f8dc627b62c5391acf80992fbe5d31e20618c847b4aa28e157c29a,True,True,True,True,True,False,assets/local/configs/LZA/pm0602.json,648d3eae38357772047001857fd101d0f42105306451fcacbb82305a27e6ebc4,freedom12/PokemonModelViewer,c5952930343748e6dcb4cae21ee383e0bd13b75c,public-derived-model-viewer-config-not-game-native-catalog,CROSSCHECK_PENDING,
LZA,pm0603,603,pm0603_00_00,0,0,UNRESOLVED,UNRESOLVED,UNRESOLVED,icon/pm0603_00_00_00_0.png,59,118,4210a9df48f8dc627b62c5391acf80992fbe5d31e20618c847b4aa28e157c29a,True,True,True,True,True,False,assets/local/configs/LZA/pm0603.json,b41160cde6976108a912c5bc28c7269b10a549de1f3221509b62a8b018c05bda,freedom12/PokemonModelViewer,c5952930343748e6dcb4cae21ee383e0bd13b75c,public-derived-model-viewer-config-not-game-native-catalog,CROSSCHECK_PENDING,
LZA,pm0604,604,pm0604_00_00,0,0,UNRESOLVED,UNRESOLVED,UNRESOLVED,icon/pm0604_00_00_00_0.png,114,228,fef1cc8bf56650f2f375b2b384f9edfa66e8fbc600c40a2c75479d07ef73d7ba,True,True,True,True,True,False,assets/local/configs/LZA/pm0604.json,f7c41bbde5e07ac9a95b9269ef43d69a6167d391106f965db34363e0e3edb361,freedom12/PokemonModelViewer,c5952930343748e6dcb4cae21ee383e0bd13b75c,public-derived-model-viewer-config-not-game-native-catalog,CROSSCHECK_PENDING,
LZA,pm0604,604,pm0604_51_00,51,0,UNRESOLVED,UNRESOLVED,UNRESOLVED,icon/pm0604_51_00_00_0.png,78,156,102052fedaad3671a3dc51a3e6c2fe486a74529731f3721e79200921bf5b6062,False,True,True,True,True,False,assets/local/configs/LZA/pm0604.json,f7c41bbde5e07ac9a95b9269ef43d69a6167d391106f965db34363e0e3edb361,freedom12/PokemonModelViewer,c5952930343748e6dcb4cae21ee383e0bd13b75c,public-derived-model-viewer-config-not-game-native-catalog,CROSSCHECK_PENDING,
LZA,pm0607,607,pm0607_00_00,0,0,UNRESOLVED,UNRESOLVED,UNRESOLVED,icon/pm0607_00_00_00_0.png,63,126,b55efd9a405ffa8095cceee8c36f8bfdee8f1571ccf6d412225a60d29358ccde,True,True,True,True,True,False,assets/local/configs/LZA/pm0607.json,0ff3e53f30e84e7cb0b85471588066bad5112cec5d636747f78a5c27143e324b,freedom12/PokemonModelViewer,c5952930343748e6dcb4cae21ee383e0bd13b75c,public-derived-model-viewer-config-not-game-native-catalog,CROSSCHECK_PENDING,
LZA,pm0608,608,pm0608_00_00,0,0,UNRESOLVED,UNRESOLVED,UNRESOLVED,icon/pm0608_00_00_00_0.png,63,126,3004a3f7c4ab0702c9cf4514f95e2947d85b4ac72730fa7f03d1b536e5582a93,True,False,True,True,True,False,assets/local/configs/LZA/pm0608.json,e881a3327dfe1ab0107c9bdeb8f6f26970aab9fe62e3e681567d79869e98161c,freedom12/PokemonModelViewer,c5952930343748e6dcb4cae21ee383e0bd13b75c,public-derived-model-viewer-config-not-game-native-catalog,CROSSCHECK_PENDING,
LZA,pm0609,609,pm0609_00_00,0,0,UNRESOLVED,UNRESOLVED,UNRESOLVED,icon/pm0609_00_00_00_0.png,59,118,fa071ea7110c99652533b1715ade2807f40560f7685d045a28202d27c9af4c10,True,False,True,True,True,False,assets/local/configs/LZA/pm0609.json,bbeba1de0210985535ace5530295be3a3cf26d3fce161b419674aece27eb5b24,freedom12/PokemonModelViewer,c5952930343748e6dcb4cae21ee383e0bd13b75c,public-derived-model-viewer-config-not-game-native-catalog,CROSSCHECK_PENDING,
LZA,pm0609,609,pm0609_51_00,51,0,UNRESOLVED,UNRESOLVED,UNRESOLVED,icon/pm0609_51_00_00_0.png,41,82,8dea3c2e990438d7cfc2dc93a6fadedba6bf358f2cc04e4f248caa826aee741e,False,True,True,True,True,False,assets/local/configs/LZA/pm0609.json,bbeba1de0210985535ace5530295be3a3cf26d3fce161b419674aece27eb5b24,freedom12/PokemonModelViewer,c5952930343748e6dcb4cae21ee383e0bd13b75c,public-derived-model-viewer-config-not-game-native-catalog,CROSSCHECK_PENDING,
LZA,pm0615,615,pm0615_00_00,0,0,UNRESOLVED,UNRESOLVED,UNRESOLVED,icon/pm0615_00_00_00_0.png,58,116,8508996034a85fa73c9fc05d0f79ed55512d4f66025fffd7dfed094a5b08d680,True,True,True,True,True,False,assets/local/configs/LZA/pm0615.json,4c727888daf41efdf4b5fd467c19c3f5e2bb651272bb96929cc89e220e2a4f14,freedom12/PokemonModelViewer,c5952930343748e6dcb4cae21ee383e0bd13b75c,public-derived-model-viewer-config-not-game-native-catalog,CROSSCHECK_PENDING,
LZA,pm0618,618,pm0618_00_00,0,0,UNRESOLVED,UNRESOLVED,UNRESOLVED,icon/pm0618_00_00_00_0.png,113,226,105a5e98b6d9fafe1edfdf1167900b21fd788d10dc9e3c178cd1e82f66538d0e,True,True,True,True,True,False,assets/local/configs/LZA/pm0618.json,9c4f2d34e9eea62ded317a163073ad3db981d132bb3a17140dabe52f079c71bc,freedom12/PokemonModelViewer,c5952930343748e6dcb4cae21ee383e0bd13b75c,public-derived-model-viewer-config-not-game-native-catalog,CROSSCHECK_PENDING,
LZA,pm0618,618,pm0618_00_31,0,31,UNRESOLVED,UNRESOLVED,UNRESOLVED,icon/pm0618_00_31_00.png,113,226,105a5e98b6d9fafe1edfdf1167900b21fd788d10dc9e3c178cd1e82f66538d0e,True,True,True,True,True,False,assets/local/configs/LZA/pm0618.json,9c4f2d34e9eea62ded317a163073ad3db981d132bb3a17140dabe52f079c71bc,freedom12/PokemonModelViewer,c5952930343748e6dcb4cae21ee383e0bd13b75c,public-derived-model-viewer-config-not-game-native-catalog,CROSSCHECK_PENDING,
LZA,pm0622,622,pm0622_00_00,0,0,UNRESOLVED,UNRESOLVED,UNRESOLVED,icon/pm0622_00_00_00_0.png,59,118,c5e5e7d2af5dab2470b21f2652b27c6dc2e3bd38a0315b5b1971c1bcd452ea5f,True,True,True,True,True,False,assets/local/configs/LZA/pm0622.json,622e2005e21dc5b51d67a7b1010099b1e01d531fa5ae642c32d978298811f35c,freedom12/PokemonModelViewer,c5952930343748e6dcb4cae21ee383e0bd13b75c,public-derived-model-viewer-config-not-game-native-catalog,CROSSCHECK_PENDING,
LZA,pm0623,623,pm0623_00_00,0,0,UNRESOLVED,UNRESOLVED,UNRESOLVED,icon/pm0623_00_00_00_0.png,58,116,5557fc13b91155d8528e2b23996482ae5c3310b66a3bca1cc60e7eab7b3e7743,True,False,True,True,True,False,assets/local/configs/LZA/pm0623.json,6e6c834eac42e88ee193ec7f0610e41c1031f1001cb497c258cd11e7a226a454,freedom12/PokemonModelViewer,c5952930343748e6dcb4cae21ee383e0bd13b75c,public-derived-model-viewer-config-not-game-native-catalog,CROSSCHECK_PENDING,
LZA,pm0623,623,pm0623_51_00,51,0,UNRESOLVED,UNRESOLVED,UNRESOLVED,icon/pm0623_51_00_00_0.png,38,76,a8a90d3bb23fe810b5c4a1c895826354cbe4cd1b378c4683fd517b87e1238bdb,False,True,True,True,False,False,assets/local/configs/LZA/pm0623.json,6e6c834eac42e88ee193ec7f0610e41c1031f1001cb497c258cd11e7a226a454,freedom12/PokemonModelViewer,c5952930343748e6dcb4cae21ee383e0bd13b75c,public-derived-model-viewer-config-not-game-native-catalog,CROSSCHECK_PENDING,
LZA,pm0638,638,pm0638_00_00,0,0,UNRESOLVED,UNRESOLVED,UNRESOLVED,icon/pm0638_00_00_00_0.png,58,116,cee6ff729b8b5949fc5795bcf5a0b53870b7b8d9fd9182086ffc3a9edbabdb6d,True,True,True,True,True,False,assets/local/configs/LZA/pm0638.json,602fe95dfddc4982009aaf2dd126597e40e8be55a7f389ce8865667d03758dbe,freedom12/PokemonModelViewer,c5952930343748e6dcb4cae21ee383e0bd13b75c,public-derived-model-viewer-config-not-game-native-catalog,CROSSCHECK_PENDING,
LZA,pm0639,639,pm0639_00_00,0,0,UNRESOLVED,UNRESOLVED,UNRESOLVED,icon/pm0639_00_00_00_0.png,58,116,cee6ff729b8b5949fc5795bcf5a0b53870b7b8d9fd9182086ffc3a9edbabdb6d,True,True,True,True,True,False,assets/local/configs/LZA/pm0639.json,e3184d99c0622d141aaab42431fc64bfb14ef576e0dd5be15d1539b2800b2021,freedom12/PokemonModelViewer,c5952930343748e6dcb4cae21ee383e0bd13b75c,public-derived-model-viewer-config-not-game-native-catalog,CROSSCHECK_PENDING,
LZA,pm0640,640,pm0640_00_00,0,0,UNRESOLVED,UNRESOLVED,UNRESOLVED,icon/pm0640_00_00_00_0.png,58,116,cee6ff729b8b5949fc5795bcf5a0b53870b7b8d9fd9182086ffc3a9edbabdb6d,True,True,True,True,True,False,assets/local/configs/LZA/pm0640.json,0ec11ec689a98b80e75d1907f8a56804239d884e0563f1129223167f7187b465,freedom12/PokemonModelViewer,c5952930343748e6dcb4cae21ee383e0bd13b75c,public-derived-model-viewer-config-not-game-native-catalog,CROSSCHECK_PENDING,
LZA,pm0647,647,pm0647_11_00,11,0,UNRESOLVED,UNRESOLVED,UNRESOLVED,icon/pm0647_11_00_00_0.png,117,234,0be02920455130993bce4ccba1c8e0d702466bfb19946aec7bd88dde069ac0d7,True,True,True,True,True,False,assets/local/configs/LZA/pm0647.json,a21016d755fe129270046bdae0796fa73b71d76e5a184a028025693f6048d107,freedom12/PokemonModelViewer,c5952930343748e6dcb4cae21ee383e0bd13b75c,public-derived-model-viewer-config-not-game-native-catalog,CROSSCHECK_PENDING,
LZA,pm0647,647,pm0647_12_00,12,0,UNRESOLVED,UNRESOLVED,UNRESOLVED,icon/pm0647_12_00_00_0.png,117,234,0be02920455130993bce4ccba1c8e0d702466bfb19946aec7bd88dde069ac0d7,True,True,True,True,True,False,assets/local/configs/LZA/pm0647.json,a21016d755fe129270046bdae0796fa73b71d76e5a184a028025693f6048d107,freedom12/PokemonModelViewer,c5952930343748e6dcb4cae21ee383e0bd13b75c,public-derived-model-viewer-config-not-game-native-catalog,CROSSCHECK_PENDING,
LZA,pm0648,648,pm0648_11_00,11,0,UNRESOLVED,UNRESOLVED,UNRESOLVED,icon/pm0648_11_00_00_0.png,113,226,40da6e624134c83d6a08ad188040be4ae5e2226b46561c4898c76750638c32ff,True,True,True,True,True,False,assets/local/configs/LZA/pm0648.json,260408363181d26a4d962d90c9cebd2cf8a3386e38476ba4d3ee7901fa8b3bb1,freedom12/PokemonModelViewer,c5952930343748e6dcb4cae21ee383e0bd13b75c,public-derived-model-viewer-config-not-game-native-catalog,CROSSCHECK_PENDING,
LZA,pm0648,648,pm0648_12_00,12,0,UNRESOLVED,UNRESOLVED,UNRESOLVED,icon/pm0648_12_00_00_0.png,117,234,ffe4942f85c2d05fc3c52bde08ddc85ae19de703ce2f6369a826b2abfa8ade9b,True,True,True,True,True,False,assets/local/configs/LZA/pm0648.json,260408363181d26a4d962d90c9cebd2cf8a3386e38476ba4d3ee7901fa8b3bb1,freedom12/PokemonModelViewer,c5952930343748e6dcb4cae21ee383e0bd13b75c,public-derived-model-viewer-config-not-game-native-catalog,CROSSCHECK_PENDING,
LZA,pm0649,649,pm0649_11_00,11,0,UNRESOLVED,UNRESOLVED,UNRESOLVED,icon/pm0649_11_00_00_0.png,112,224,000cca1d883e566951384f38ab1c63bfb32c17776debdf02e5ef66d910799e6c,True,True,True,True,False,False,assets/local/configs/LZA/pm0649.json,415215f66bf298a145ce79fa34f778b7e9e88e11b6d17de1c2736765b3846a21,freedom12/PokemonModelViewer,c5952930343748e6dcb4cae21ee383e0bd13b75c,public-derived-model-viewer-config-not-game-native-catalog,CROSSCHECK_PENDING,
LZA,pm0649,649,pm0649_12_00,12,0,UNRESOLVED,UNRESOLVED,UNRESOLVED,icon/pm0649_12_00_00_0.png,112,224,000cca1d883e566951384f38ab1c63bfb32c17776debdf02e5ef66d910799e6c,True,True,True,True,False,False,assets/local/configs/LZA/pm0649.json,415215f66bf298a145ce79fa34f778b7e9e88e11b6d17de1c2736765b3846a21,freedom12/PokemonModelViewer,c5952930343748e6dcb4cae21ee383e0bd13b75c,public-derived-model-viewer-config-not-game-native-catalog,CROSSCHECK_PENDING,
LZA,pm0649,649,pm0649_13_00,13,0,UNRESOLVED,UNRESOLVED,UNRESOLVED,icon/pm0649_13_00_00_0.png,112,224,000cca1d883e566951384f38ab1c63bfb32c17776debdf02e5ef66d910799e6c,True,True,True,True,False,False,assets/local/configs/LZA/pm0649.json,415215f66bf298a145ce79fa34f778b7e9e88e11b6d17de1c2736765b3846a21,freedom12/PokemonModelViewer,c5952930343748e6dcb4cae21ee383e0bd13b75c,public-derived-model-viewer-config-not-game-native-catalog,CROSSCHECK_PENDING,
LZA,pm0649,649,pm0649_14_00,14,0,UNRESOLVED,UNRESOLVED,UNRESOLVED,icon/pm0649_14_00_00_0.png,112,224,000cca1d883e566951384f38ab1c63bfb32c17776debdf02e5ef66d910799e6c,True,True,True,True,False,False,assets/local/configs/LZA/pm0649.json,415215f66bf298a145ce79fa34f778b7e9e88e11b6d17de1c2736765b3846a21,freedom12/PokemonModelViewer,c5952930343748e6dcb4cae21ee383e0bd13b75c,public-derived-model-viewer-config-not-game-native-catalog,CROSSCHECK_PENDING,
LZA,pm0649,649,pm0649_15_00,15,0,UNRESOLVED,UNRESOLVED,UNRESOLVED,icon/pm0649_15_00_00_0.png,112,224,000cca1d883e566951384f38ab1c63bfb32c17776debdf02e5ef66d910799e6c,True,True,True,True,False,False,assets/local/configs/LZA/pm0649.json,415215f66bf298a145ce79fa34f778b7e9e88e11b6d17de1c2736765b3846a21,freedom12/PokemonModelViewer,c5952930343748e6dcb4cae21ee383e0bd13b75c,public-derived-model-viewer-config-not-game-native-catalog,CROSSCHECK_PENDING,
LZA,pm0701,701,pm0701_11_00,11,0,UNRESOLVED,UNRESOLVED,UNRESOLVED,icon/pm0701_11_00_00_0.png,57,114,d63ebf1b1a96a8057500cd4c18a3a089cada6c7cca15afb4e6961cd2d133275e,True,True,True,True,True,False,assets/local/configs/LZA/pm0701.json,0c840cd42214c966b6880b78ba4f3319f3eb4408226e731e20a06df1819236bd,freedom12/PokemonModelViewer,c5952930343748e6dcb4cae21ee383e0bd13b75c,public-derived-model-viewer-config-not-game-native-catalog,CROSSCHECK_PENDING,
LZA,pm0701,701,pm0701_12_00,12,0,UNRESOLVED,UNRESOLVED,UNRESOLVED,icon/pm0701_12_00_00_0.png,57,114,d63ebf1b1a96a8057500cd4c18a3a089cada6c7cca15afb4e6961cd2d133275e,True,True,True,True,True,False,assets/local/configs/LZA/pm0701.json,0c840cd42214c966b6880b78ba4f3319f3eb4408226e731e20a06df1819236bd,freedom12/PokemonModelViewer,c5952930343748e6dcb4cae21ee383e0bd13b75c,public-derived-model-viewer-config-not-game-native-catalog,CROSSCHECK_PENDING,
LZA,pm0701,701,pm0701_13_00,13,0,UNRESOLVED,UNRESOLVED,UNRESOLVED,icon/pm0701_13_00_00_0.png,57,114,d63ebf1b1a96a8057500cd4c18a3a089cada6c7cca15afb4e6961cd2d133275e,True,True,True,True,True,False,assets/local/configs/LZA/pm0701.json,0c840cd42214c966b6880b78ba4f3319f3eb4408226e731e20a06df1819236bd,freedom12/PokemonModelViewer,c5952930343748e6dcb4cae21ee383e0bd13b75c,public-derived-model-viewer-config-not-game-native-catalog,CROSSCHECK_PENDING,
LZA,pm0701,701,pm0701_14_00,14,0,UNRESOLVED,UNRESOLVED,UNRESOLVED,icon/pm0701_14_00_00_0.png,57,114,d63ebf1b1a96a8057500cd4c18a3a089cada6c7cca15afb4e6961cd2d133275e,True,True,True,True,True,False,assets/local/configs/LZA/pm0701.json,0c840cd42214c966b6880b78ba4f3319f3eb4408226e731e20a06df1819236bd,freedom12/PokemonModelViewer,c5952930343748e6dcb4cae21ee383e0bd13b75c,public-derived-model-viewer-config-not-game-native-catalog,CROSSCHECK_PENDING,
LZA,pm0701,701,pm0701_15_00,15,0,UNRESOLVED,UNRESOLVED,UNRESOLVED,icon/pm0701_15_00_00_0.png,57,114,d63ebf1b1a96a8057500cd4c18a3a089cada6c7cca15afb4e6961cd2d133275e,True,True,True,True,True,False,assets/local/configs/LZA/pm0701.json,0c840cd42214c966b6880b78ba4f3319f3eb4408226e731e20a06df1819236bd,freedom12/PokemonModelViewer,c5952930343748e6dcb4cae21ee383e0bd13b75c,public-derived-model-viewer-config-not-game-native-catalog,CROSSCHECK_PENDING,
LZA,pm0701,701,pm0701_16_00,16,0,UNRESOLVED,UNRESOLVED,UNRESOLVED,icon/pm0701_16_00_00_0.png,57,114,d63ebf1b1a96a8057500cd4c18a3a089cada6c7cca15afb4e6961cd2d133275e,True,True,True,True,True,False,assets/local/configs/LZA/pm0701.json,0c840cd42214c966b6880b78ba4f3319f3eb4408226e731e20a06df1819236bd,freedom12/PokemonModelViewer,c5952930343748e6dcb4cae21ee383e0bd13b75c,public-derived-model-viewer-config-not-game-native-catalog,CROSSCHECK_PENDING,
LZA,pm0701,701,pm0701_17_00,17,0,UNRESOLVED,UNRESOLVED,UNRESOLVED,icon/pm0701_17_00_00_0.png,57,114,d63ebf1b1a96a8057500cd4c18a3a089cada6c7cca15afb4e6961cd2d133275e,True,True,True,True,True,False,assets/local/configs/LZA/pm0701.json,0c840cd42214c966b6880b78ba4f3319f3eb4408226e731e20a06df1819236bd,freedom12/PokemonModelViewer,c5952930343748e6dcb4cae21ee383e0bd13b75c,public-derived-model-viewer-config-not-game-native-catalog,CROSSCHECK_PENDING,
LZA,pm0701,701,pm0701_18_00,18,0,UNRESOLVED,UNRESOLVED,UNRESOLVED,icon/pm0701_18_00_00_0.png,57,114,d63ebf1b1a96a8057500cd4c18a3a089cada6c7cca15afb4e6961cd2d133275e,True,True,True,True,True,False,assets/local/configs/LZA/pm0701.json,0c840cd42214c966b6880b78ba4f3319f3eb4408226e731e20a06df1819236bd,freedom12/PokemonModelViewer,c5952930343748e6dcb4cae21ee383e0bd13b75c,public-derived-model-viewer-config-not-game-native-catalog,CROSSCHECK_PENDING,
LZA,pm0701,701,pm0701_19_00,19,0,UNRESOLVED,UNRESOLVED,UNRESOLVED,icon/pm0701_19_00_00_0.png,57,114,d63ebf1b1a96a8057500cd4c18a3a089cada6c7cca15afb4e6961cd2d133275e,True,True,True,True,True,False,assets/local/configs/LZA/pm0701.json,0c840cd42214c966b6880b78ba4f3319f3eb4408226e731e20a06df1819236bd,freedom12/PokemonModelViewer,c5952930343748e6dcb4cae21ee383e0bd13b75c,public-derived-model-viewer-config-not-game-native-catalog,CROSSCHECK_PENDING,
LZA,pm0701,701,pm0701_20_00,20,0,UNRESOLVED,UNRESOLVED,UNRESOLVED,icon/pm0701_20_00_00_0.png,57,114,d63ebf1b1a96a8057500cd4c18a3a089cada6c7cca15afb4e6961cd2d133275e,True,True,True,True,True,False,assets/local/configs/LZA/pm0701.json,0c840cd42214c966b6880b78ba4f3319f3eb4408226e731e20a06df1819236bd,freedom12/PokemonModelViewer,c5952930343748e6dcb4cae21ee383e0bd13b75c,public-derived-model-viewer-config-not-game-native-catalog,CROSSCHECK_PENDING,
LZA,pm0702,702,pm0702_00_00,0,0,UNRESOLVED,UNRESOLVED,UNRESOLVED,icon/pm0702_00_00_00_0.png,57,114,ddbfbf83169a397321d3dd8614b796b029b8be7ee5be064c6420bbb3f0c1500f,True,True,True,True,True,False,assets/local/configs/LZA/pm0702.json,9667471545d022e04d3dcb3493a9dc01ed3bc3fd1a0dd7f59c25bc4b07068046,freedom12/PokemonModelViewer,c5952930343748e6dcb4cae21ee383e0bd13b75c,public-derived-model-viewer-config-not-game-native-catalog,CROSSCHECK_PENDING,
LZA,pm0703,703,pm0703_00_00,0,0,UNRESOLVED,UNRESOLVED,UNRESOLVED,icon/pm0703_00_00_00_0.png,57,114,d63ebf1b1a96a8057500cd4c18a3a089cada6c7cca15afb4e6961cd2d133275e,True,True,True,True,True,False,assets/local/configs/LZA/pm0703.json,724138fe8d09513512539e5fbec43b547c071b74ef26f7882f6e6233b914efab,freedom12/PokemonModelViewer,c5952930343748e6dcb4cae21ee383e0bd13b75c,public-derived-model-viewer-config-not-game-native-catalog,CROSSCHECK_PENDING,
LZA,pm0704,704,pm0704_00_00,0,0,UNRESOLVED,UNRESOLVED,UNRESOLVED,icon/pm0704_00_00_00_0.png,60,120,460e8a2b86a71788330b8b331268e7eae2ac136f4db45dacb500abf9e2e4b04c,True,True,True,True,True,False,assets/local/configs/LZA/pm0704.json,c6b4aba4f27ab5ed2eee65f0081d973d5015b13aa733d43343959991ba1dca9a,freedom12/PokemonModelViewer,c5952930343748e6dcb4cae21ee383e0bd13b75c,public-derived-model-viewer-config-not-game-native-catalog,CROSSCHECK_PENDING,
LZA,pm0705,705,pm0705_00_00,0,0,UNRESOLVED,UNRESOLVED,UNRESOLVED,icon/pm0705_00_00_00_0.png,60,120,460e8a2b86a71788330b8b331268e7eae2ac136f4db45dacb500abf9e2e4b04c,True,True,True,True,True,False,assets/local/configs/LZA/pm0705.json,15a601fc8444fb8406f3e07deadd3acec4683444237d59b422a2ff8b335b8c1f,freedom12/PokemonModelViewer,c5952930343748e6dcb4cae21ee383e0bd13b75c,public-derived-model-viewer-config-not-game-native-catalog,CROSSCHECK_PENDING,
LZA,pm0705,705,pm0705_01_00,1,0,UNRESOLVED,UNRESOLVED,UNRESOLVED,icon/pm0705_01_00_00_0.png,60,120,460e8a2b86a71788330b8b331268e7eae2ac136f4db45dacb500abf9e2e4b04c,True,True,True,True,True,False,assets/local/configs/LZA/pm0705.json,15a601fc8444fb8406f3e07deadd3acec4683444237d59b422a2ff8b335b8c1f,freedom12/PokemonModelViewer,c5952930343748e6dcb4cae21ee383e0bd13b75c,public-derived-model-viewer-config-not-game-native-catalog,CROSSCHECK_PENDING,
LZA,pm0705,705,pm0705_51_00,51,0,UNRESOLVED,UNRESOLVED,UNRESOLVED,icon/pm0705_51_00_00_0.png,39,78,ecfaf8dab47ad52f4062b3ee313eba838a75677ad9719f5fd2f2fed938d6b81e,False,True,True,True,True,False,assets/local/configs/LZA/pm0705.json,15a601fc8444fb8406f3e07deadd3acec4683444237d59b422a2ff8b335b8c1f,freedom12/PokemonModelViewer,c5952930343748e6dcb4cae21ee383e0bd13b75c,public-derived-model-viewer-config-not-game-native-catalog,CROSSCHECK_PENDING,
LZA,pm0706,706,pm0706_00_00,0,0,UNRESOLVED,UNRESOLVED,UNRESOLVED,icon/pm0706_00_00_00_0.png,57,114,d63ebf1b1a96a8057500cd4c18a3a089cada6c7cca15afb4e6961cd2d133275e,True,True,True,True,True,False,assets/local/configs/LZA/pm0706.json,b8b4834b574afb9cba4e03eb8ac7dc7497722684691d11757bfbd8f998761bed,freedom12/PokemonModelViewer,c5952930343748e6dcb4cae21ee383e0bd13b75c,public-derived-model-viewer-config-not-game-native-catalog,CROSSCHECK_PENDING,
LZA,pm0707,707,pm0707_00_00,0,0,UNRESOLVED,UNRESOLVED,UNRESOLVED,icon/pm0707_00_00_00_0.png,60,120,829bb54be79d5e3c588eff91aed06106d338c0c1ce8405e632aaeecabeda0975,True,True,True,True,True,False,assets/local/configs/LZA/pm0707.json,5fb0b703bb48116e2b9da63832f6e2888d63ac195d14743901154954176e80df,freedom12/PokemonModelViewer,c5952930343748e6dcb4cae21ee383e0bd13b75c,public-derived-model-viewer-config-not-game-native-catalog,CROSSCHECK_PENDING,
LZA,pm0708,708,pm0708_11_00,11,0,UNRESOLVED,UNRESOLVED,UNRESOLVED,icon/pm0708_11_00_00_0.png,59,118,6ed9250768dff31bb32e8a1bcf6257d886935a1d72de4784d6d277fdc0ecea39,True,True,True,True,True,False,assets/local/configs/LZA/pm0708.json,38ffa1c240b74290bedd0b1dff405a6b9796a8af09d2f31cc6db3c1336d8874e,freedom12/PokemonModelViewer,c5952930343748e6dcb4cae21ee383e0bd13b75c,public-derived-model-viewer-config-not-game-native-catalog,CROSSCHECK_PENDING,
LZA,pm0708,708,pm0708_12_00,12,0,UNRESOLVED,UNRESOLVED,UNRESOLVED,icon/pm0708_12_00_00_0.png,59,118,6ed9250768dff31bb32e8a1bcf6257d886935a1d72de4784d6d277fdc0ecea39,True,True,True,True,True,False,assets/local/configs/LZA/pm0708.json,38ffa1c240b74290bedd0b1dff405a6b9796a8af09d2f31cc6db3c1336d8874e,freedom12/PokemonModelViewer,c5952930343748e6dcb4cae21ee383e0bd13b75c,public-derived-model-viewer-config-not-game-native-catalog,CROSSCHECK_PENDING,
LZA,pm0708,708,pm0708_13_00,13,0,UNRESOLVED,UNRESOLVED,UNRESOLVED,icon/pm0708_13_00_00_0.png,59,118,6ed9250768dff31bb32e8a1bcf6257d886935a1d72de4784d6d277fdc0ecea39,True,True,True,True,True,False,assets/local/configs/LZA/pm0708.json,38ffa1c240b74290bedd0b1dff405a6b9796a8af09d2f31cc6db3c1336d8874e,freedom12/PokemonModelViewer,c5952930343748e6dcb4cae21ee383e0bd13b75c,public-derived-model-viewer-config-not-game-native-catalog,CROSSCHECK_PENDING,
LZA,pm0708,708,pm0708_14_00,14,0,UNRESOLVED,UNRESOLVED,UNRESOLVED,icon/pm0708_14_00_00_0.png,59,118,6ed9250768dff31bb32e8a1bcf6257d886935a1d72de4784d6d277fdc0ecea39,True,True,True,True,True,False,assets/local/configs/LZA/pm0708.json,38ffa1c240b74290bedd0b1dff405a6b9796a8af09d2f31cc6db3c1336d8874e,freedom12/PokemonModelViewer,c5952930343748e6dcb4cae21ee383e0bd13b75c,public-derived-model-viewer-config-not-game-native-catalog,CROSSCHECK_PENDING,
LZA,pm0708,708,pm0708_15_00,15,0,UNRESOLVED,UNRESOLVED,UNRESOLVED,icon/pm0708_15_00_00_0.png,59,118,6ed9250768dff31bb32e8a1bcf6257d886935a1d72de4784d6d277fdc0ecea39,True,True,True,True,True,False,assets/local/configs/LZA/pm0708.json,38ffa1c240b74290bedd0b1dff405a6b9796a8af09d2f31cc6db3c1336d8874e,freedom12/PokemonModelViewer,c5952930343748e6dcb4cae21ee383e0bd13b75c,public-derived-model-viewer-config-not-game-native-catalog,CROSSCHECK_PENDING,
LZA,pm0708,708,pm0708_16_00,16,0,UNRESOLVED,UNRESOLVED,UNRESOLVED,icon/pm0708_16_00_00_0.png,59,118,6ed9250768dff31bb32e8a1bcf6257d886935a1d72de4784d6d277fdc0ecea39,True,True,True,True,True,False,assets/local/configs/LZA/pm0708.json,38ffa1c240b74290bedd0b1dff405a6b9796a8af09d2f31cc6db3c1336d8874e,freedom12/PokemonModelViewer,c5952930343748e6dcb4cae21ee383e0bd13b75c,public-derived-model-viewer-config-not-game-native-catalog,CROSSCHECK_PENDING,
LZA,pm0708,708,pm0708_17_00,17,0,UNRESOLVED,UNRESOLVED,UNRESOLVED,icon/pm0708_17_00_00_0.png,59,118,6ed9250768dff31bb32e8a1bcf6257d886935a1d72de4784d6d277fdc0ecea39,True,True,True,True,True,False,assets/local/configs/LZA/pm0708.json,38ffa1c240b74290bedd0b1dff405a6b9796a8af09d2f31cc6db3c1336d8874e,freedom12/PokemonModelViewer,c5952930343748e6dcb4cae21ee383e0bd13b75c,public-derived-model-viewer-config-not-game-native-catalog,CROSSCHECK_PENDING,
LZA,pm0708,708,pm0708_18_00,18,0,UNRESOLVED,UNRESOLVED,UNRESOLVED,icon/pm0708_18_00_00_0.png,59,118,6ed9250768dff31bb32e8a1bcf6257d886935a1d72de4784d6d277fdc0ecea39,True,True,True,True,True,False,assets/local/configs/LZA/pm0708.json,38ffa1c240b74290bedd0b1dff405a6b9796a8af09d2f31cc6db3c1336d8874e,freedom12/PokemonModelViewer,c5952930343748e6dcb4cae21ee383e0bd13b75c,public-derived-model-viewer-config-not-game-native-catalog,CROSSCHECK_PENDING,
LZA,pm0708,708,pm0708_19_00,19,0,UNRESOLVED,UNRESOLVED,UNRESOLVED,icon/pm0708_19_00_00_0.png,59,118,6ed9250768dff31bb32e8a1bcf6257d886935a1d72de4784d6d277fdc0ecea39,True,True,True,True,True,False,assets/local/configs/LZA/pm0708.json,38ffa1c240b74290bedd0b1dff405a6b9796a8af09d2f31cc6db3c1336d8874e,freedom12/PokemonModelViewer,c5952930343748e6dcb4cae21ee383e0bd13b75c,public-derived-model-viewer-config-not-game-native-catalog,CROSSCHECK_PENDING,
LZA,pm0708,708,pm0708_20_00,20,0,UNRESOLVED,UNRESOLVED,UNRESOLVED,icon/pm0708_20_00_00_0.png,59,118,6ed9250768dff31bb32e8a1bcf6257d886935a1d72de4784d6d277fdc0ecea39,True,True,True,True,True,False,assets/local/configs/LZA/pm0708.json,38ffa1c240b74290bedd0b1dff405a6b9796a8af09d2f31cc6db3c1336d8874e,freedom12/PokemonModelViewer,c5952930343748e6dcb4cae21ee383e0bd13b75c,public-derived-model-viewer-config-not-game-native-catalog,CROSSCHECK_PENDING,
LZA,pm0708,708,pm0708_21_00,21,0,UNRESOLVED,UNRESOLVED,UNRESOLVED,icon/pm0708_21_00_00_0.png,59,118,6ed9250768dff31bb32e8a1bcf6257d886935a1d72de4784d6d277fdc0ecea39,True,True,True,True,True,False,assets/local/configs/LZA/pm0708.json,38ffa1c240b74290bedd0b1dff405a6b9796a8af09d2f31cc6db3c1336d8874e,freedom12/PokemonModelViewer,c5952930343748e6dcb4cae21ee383e0bd13b75c,public-derived-model-viewer-config-not-game-native-catalog,CROSSCHECK_PENDING,
LZA,pm0708,708,pm0708_22_00,22,0,UNRESOLVED,UNRESOLVED,UNRESOLVED,icon/pm0708_22_00_00_0.png,59,118,6ed9250768dff31bb32e8a1bcf6257d886935a1d72de4784d6d277fdc0ecea39,True,True,True,True,True,False,assets/local/configs/LZA/pm0708.json,38ffa1c240b74290bedd0b1dff405a6b9796a8af09d2f31cc6db3c1336d8874e,freedom12/PokemonModelViewer,c5952930343748e6dcb4cae21ee383e0bd13b75c,public-derived-model-viewer-config-not-game-native-catalog,CROSSCHECK_PENDING,
LZA,pm0708,708,pm0708_23_00,23,0,UNRESOLVED,UNRESOLVED,UNRESOLVED,icon/pm0708_23_00_00_0.png,59,118,6ed9250768dff31bb32e8a1bcf6257d886935a1d72de4784d6d277fdc0ecea39,True,True,True,True,True,False,assets/local/configs/LZA/pm0708.json,38ffa1c240b74290bedd0b1dff405a6b9796a8af09d2f31cc6db3c1336d8874e,freedom12/PokemonModelViewer,c5952930343748e6dcb4cae21ee383e0bd13b75c,public-derived-model-viewer-config-not-game-native-catalog,CROSSCHECK_PENDING,
LZA,pm0708,708,pm0708_24_00,24,0,UNRESOLVED,UNRESOLVED,UNRESOLVED,icon/pm0708_24_00_00_0.png,59,118,6ed9250768dff31bb32e8a1bcf6257d886935a1d72de4784d6d277fdc0ecea39,True,True,True,True,True,False,assets/local/configs/LZA/pm0708.json,38ffa1c240b74290bedd0b1dff405a6b9796a8af09d2f31cc6db3c1336d8874e,freedom12/PokemonModelViewer,c5952930343748e6dcb4cae21ee383e0bd13b75c,public-derived-model-viewer-config-not-game-native-catalog,CROSSCHECK_PENDING,
LZA,pm0708,708,pm0708_25_00,25,0,UNRESOLVED,UNRESOLVED,UNRESOLVED,icon/pm0708_25_00_00_0.png,59,118,6ed9250768dff31bb32e8a1bcf6257d886935a1d72de4784d6d277fdc0ecea39,True,True,True,True,True,False,assets/local/configs/LZA/pm0708.json,38ffa1c240b74290bedd0b1dff405a6b9796a8af09d2f31cc6db3c1336d8874e,freedom12/PokemonModelViewer,c5952930343748e6dcb4cae21ee383e0bd13b75c,public-derived-model-viewer-config-not-game-native-catalog,CROSSCHECK_PENDING,
LZA,pm0708,708,pm0708_26_00,26,0,UNRESOLVED,UNRESOLVED,UNRESOLVED,icon/pm0708_26_00_00_0.png,59,118,6ed9250768dff31bb32e8a1bcf6257d886935a1d72de4784d6d277fdc0ecea39,True,True,True,True,True,False,assets/local/configs/LZA/pm0708.json,38ffa1c240b74290bedd0b1dff405a6b9796a8af09d2f31cc6db3c1336d8874e,freedom12/PokemonModelViewer,c5952930343748e6dcb4cae21ee383e0bd13b75c,public-derived-model-viewer-config-not-game-native-catalog,CROSSCHECK_PENDING,
LZA,pm0708,708,pm0708_27_00,27,0,UNRESOLVED,UNRESOLVED,UNRESOLVED,icon/pm0708_27_00_00_0.png,59,118,6ed9250768dff31bb32e8a1bcf6257d886935a1d72de4784d6d277fdc0ecea39,True,True,True,True,True,False,assets/local/configs/LZA/pm0708.json,38ffa1c240b74290bedd0b1dff405a6b9796a8af09d2f31cc6db3c1336d8874e,freedom12/PokemonModelViewer,c5952930343748e6dcb4cae21ee383e0bd13b75c,public-derived-model-viewer-config-not-game-native-catalog,CROSSCHECK_PENDING,
LZA,pm0708,708,pm0708_28_00,28,0,UNRESOLVED,UNRESOLVED,UNRESOLVED,icon/pm0708_28_00_00_0.png,59,118,6ed9250768dff31bb32e8a1bcf6257d886935a1d72de4784d6d277fdc0ecea39,True,True,True,True,True,False,assets/local/configs/LZA/pm0708.json,38ffa1c240b74290bedd0b1dff405a6b9796a8af09d2f31cc6db3c1336d8874e,freedom12/PokemonModelViewer,c5952930343748e6dcb4cae21ee383e0bd13b75c,public-derived-model-viewer-config-not-game-native-catalog,CROSSCHECK_PENDING,
LZA,pm0708,708,pm0708_29_00,29,0,UNRESOLVED,UNRESOLVED,UNRESOLVED,icon/pm0708_29_00_00_0.png,59,118,6ed9250768dff31bb32e8a1bcf6257d886935a1d72de4784d6d277fdc0ecea39,True,True,True,True,True,False,assets/local/configs/LZA/pm0708.json,38ffa1c240b74290bedd0b1dff405a6b9796a8af09d2f31cc6db3c1336d8874e,freedom12/PokemonModelViewer,c5952930343748e6dcb4cae21ee383e0bd13b75c,public-derived-model-viewer-config-not-game-native-catalog,CROSSCHECK_PENDING,
LZA,pm0708,708,pm0708_30_00,30,0,UNRESOLVED,UNRESOLVED,UNRESOLVED,icon/pm0708_30_00_00_0.png,59,118,6ed9250768dff31bb32e8a1bcf6257d886935a1d72de4784d6d277fdc0ecea39,True,True,True,True,True,False,assets/local/configs/LZA/pm0708.json,38ffa1c240b74290bedd0b1dff405a6b9796a8af09d2f31cc6db3c1336d8874e,freedom12/PokemonModelViewer,c5952930343748e6dcb4cae21ee383e0bd13b75c,public-derived-model-viewer-config-not-game-native-catalog,CROSSCHECK_PENDING,
LZA,pm0709,709,pm0709_00_00,0,0,UNRESOLVED,UNRESOLVED,UNRESOLVED,icon/pm0709_00_00_00_0.png,61,122,198d7d7e7870100e041d9c6a1bca5839e3e27edff79313d551230849564defe0,True,True,True,True,True,False,assets/local/configs/LZA/pm0709.json,98ae8ff770eaf4c261482caf43df653c81ec91de4e9d4e10ffbac088a5710b95,freedom12/PokemonModelViewer,c5952930343748e6dcb4cae21ee383e0bd13b75c,public-derived-model-viewer-config-not-game-native-catalog,CROSSCHECK_PENDING,
LZA,pm0710,710,pm0710_00_00,0,0,UNRESOLVED,UNRESOLVED,UNRESOLVED,icon/pm0710_00_00_00_0.png,57,114,44c457fb487bd473b22a7a8a63e079be6a8147dda6682344556b51e15b68ba7c,True,True,True,True,True,False,assets/local/configs/LZA/pm0710.json,08de3328e5bac3ca07bf36b5bf87c0291aa09b431059bc2589958ca8d126b360,freedom12/PokemonModelViewer,c5952930343748e6dcb4cae21ee383e0bd13b75c,public-derived-model-viewer-config-not-game-native-catalog,CROSSCHECK_PENDING,
LZA,pm0710,710,pm0710_51_00,51,0,UNRESOLVED,UNRESOLVED,UNRESOLVED,icon/pm0710_51_00_00_0.png,39,78,dafbaf0af7d17055be247aeb57c3956d29a8b11ed32947acec20b70f9750e625,False,True,True,True,True,False,assets/local/configs/LZA/pm0710.json,08de3328e5bac3ca07bf36b5bf87c0291aa09b431059bc2589958ca8d126b360,freedom12/PokemonModelViewer,c5952930343748e6dcb4cae21ee383e0bd13b75c,public-derived-model-viewer-config-not-game-native-catalog,CROSSCHECK_PENDING,
LZA,pm0711,711,pm0711_00_00,0,0,UNRESOLVED,UNRESOLVED,UNRESOLVED,icon/pm0711_00_00_00_0.png,68,136,ace3610b0c91bf0ca419add732dd04392c1a01eec2393ce7d1315f75cde43fa0,True,True,True,True,True,False,assets/local/configs/LZA/pm0711.json,ba6af7c384510b2c53b27e44835d3607634dc2ac3302831b1eeea686da5a7bdf,freedom12/PokemonModelViewer,c5952930343748e6dcb4cae21ee383e0bd13b75c,public-derived-model-viewer-config-not-game-native-catalog,CROSSCHECK_PENDING,
LZA,pm0712,712,pm0712_00_00,0,0,UNRESOLVED,UNRESOLVED,UNRESOLVED,icon/pm0712_00_00_00_0.png,74,148,cf2b8583989881632125fc0da7aa0018bd9a017a637006d9c58e27ebb399942b,True,True,True,True,True,False,assets/local/configs/LZA/pm0712.json,e51a91e8dfa24843362d08a964f01ce77761dc257d1d62382f2590ec6987c85b,freedom12/PokemonModelViewer,c5952930343748e6dcb4cae21ee383e0bd13b75c,public-derived-model-viewer-config-not-game-native-catalog,CROSSCHECK_PENDING,
LZA,pm0713,713,pm0713_11_00,11,0,UNRESOLVED,UNRESOLVED,UNRESOLVED,icon/pm0713_11_00_00_0.png,59,118,6ed9250768dff31bb32e8a1bcf6257d886935a1d72de4784d6d277fdc0ecea39,True,True,True,True,True,False,assets/local/configs/LZA/pm0713.json,3b7dc409c28fea3144c502c77ab5953bc386ad6f02b9e6f915357b3f9ca6ab1f,freedom12/PokemonModelViewer,c5952930343748e6dcb4cae21ee383e0bd13b75c,public-derived-model-viewer-config-not-game-native-catalog,CROSSCHECK_PENDING,
LZA,pm0713,713,pm0713_12_00,12,0,UNRESOLVED,UNRESOLVED,UNRESOLVED,icon/pm0713_12_00_00_0.png,59,118,6ed9250768dff31bb32e8a1bcf6257d886935a1d72de4784d6d277fdc0ecea39,True,True,True,True,True,False,assets/local/configs/LZA/pm0713.json,3b7dc409c28fea3144c502c77ab5953bc386ad6f02b9e6f915357b3f9ca6ab1f,freedom12/PokemonModelViewer,c5952930343748e6dcb4cae21ee383e0bd13b75c,public-derived-model-viewer-config-not-game-native-catalog,CROSSCHECK_PENDING,
LZA,pm0713,713,pm0713_13_00,13,0,UNRESOLVED,UNRESOLVED,UNRESOLVED,icon/pm0713_13_00_00_0.png,59,118,6ed9250768dff31bb32e8a1bcf6257d886935a1d72de4784d6d277fdc0ecea39,True,True,True,True,True,False,assets/local/configs/LZA/pm0713.json,3b7dc409c28fea3144c502c77ab5953bc386ad6f02b9e6f915357b3f9ca6ab1f,freedom12/PokemonModelViewer,c5952930343748e6dcb4cae21ee383e0bd13b75c,public-derived-model-viewer-config-not-game-native-catalog,CROSSCHECK_PENDING,
LZA,pm0713,713,pm0713_14_00,14,0,UNRESOLVED,UNRESOLVED,UNRESOLVED,icon/pm0713_14_00_00_0.png,59,118,6ed9250768dff31bb32e8a1bcf6257d886935a1d72de4784d6d277fdc0ecea39,True,True,True,True,True,False,assets/local/configs/LZA/pm0713.json,3b7dc409c28fea3144c502c77ab5953bc386ad6f02b9e6f915357b3f9ca6ab1f,freedom12/PokemonModelViewer,c5952930343748e6dcb4cae21ee383e0bd13b75c,public-derived-model-viewer-config-not-game-native-catalog,CROSSCHECK_PENDING,
LZA,pm0713,713,pm0713_15_00,15,0,UNRESOLVED,UNRESOLVED,UNRESOLVED,icon/pm0713_15_00_00_0.png,59,118,6ed9250768dff31bb32e8a1bcf6257d886935a1d72de4784d6d277fdc0ecea39,True,True,True,True,True,False,assets/local/configs/LZA/pm0713.json,3b7dc409c28fea3144c502c77ab5953bc386ad6f02b9e6f915357b3f9ca6ab1f,freedom12/PokemonModelViewer,c5952930343748e6dcb4cae21ee383e0bd13b75c,public-derived-model-viewer-config-not-game-native-catalog,CROSSCHECK_PENDING,
LZA,pm0714,714,pm0714_11_00,11,0,UNRESOLVED,UNRESOLVED,UNRESOLVED,icon/pm0714_11_00_00_0.png,62,124,afaf1e16800b313b9ed9d4adac2160189a5e6ab934c4d1a9a27a551bf6a5b857,True,True,True,True,True,False,assets/local/configs/LZA/pm0714.json,da9084d5600d06bb90b16ca1fc8d346ae88844c7f3a2ad7e77191d4609091ead,freedom12/PokemonModelViewer,c5952930343748e6dcb4cae21ee383e0bd13b75c,public-derived-model-viewer-config-not-game-native-catalog,CROSSCHECK_PENDING,
LZA,pm0714,714,pm0714_12_00,12,0,UNRESOLVED,UNRESOLVED,UNRESOLVED,icon/pm0714_12_00_00_0.png,62,124,afaf1e16800b313b9ed9d4adac2160189a5e6ab934c4d1a9a27a551bf6a5b857,True,True,True,True,True,False,assets/local/configs/LZA/pm0714.json,da9084d5600d06bb90b16ca1fc8d346ae88844c7f3a2ad7e77191d4609091ead,freedom12/PokemonModelViewer,c5952930343748e6dcb4cae21ee383e0bd13b75c,public-derived-model-viewer-config-not-game-native-catalog,CROSSCHECK_PENDING,
LZA,pm0714,714,pm0714_13_00,13,0,UNRESOLVED,UNRESOLVED,UNRESOLVED,icon/pm0714_13_00_00_0.png,62,124,afaf1e16800b313b9ed9d4adac2160189a5e6ab934c4d1a9a27a551bf6a5b857,True,True,True,True,True,False,assets/local/configs/LZA/pm0714.json,da9084d5600d06bb90b16ca1fc8d346ae88844c7f3a2ad7e77191d4609091ead,freedom12/PokemonModelViewer,c5952930343748e6dcb4cae21ee383e0bd13b75c,public-derived-model-viewer-config-not-game-native-catalog,CROSSCHECK_PENDING,
LZA,pm0714,714,pm0714_14_00,14,0,UNRESOLVED,UNRESOLVED,UNRESOLVED,icon/pm0714_14_00_00_0.png,62,124,afaf1e16800b313b9ed9d4adac2160189a5e6ab934c4d1a9a27a551bf6a5b857,True,True,True,True,True,False,assets/local/configs/LZA/pm0714.json,da9084d5600d06bb90b16ca1fc8d346ae88844c7f3a2ad7e77191d4609091ead,freedom12/PokemonModelViewer,c5952930343748e6dcb4cae21ee383e0bd13b75c,public-derived-model-viewer-config-not-game-native-catalog,CROSSCHECK_PENDING,
LZA,pm0714,714,pm0714_15_00,15,0,UNRESOLVED,UNRESOLVED,UNRESOLVED,icon/pm0714_15_00_00_0.png,62,124,afaf1e16800b313b9ed9d4adac2160189a5e6ab934c4d1a9a27a551bf6a5b857,True,True,True,True,True,False,assets/local/configs/LZA/pm0714.json,da9084d5600d06bb90b16ca1fc8d346ae88844c7f3a2ad7e77191d4609091ead,freedom12/PokemonModelViewer,c5952930343748e6dcb4cae21ee383e0bd13b75c,public-derived-model-viewer-config-not-game-native-catalog,CROSSCHECK_PENDING,
LZA,pm0714,714,pm0714_16_00,16,0,UNRESOLVED,UNRESOLVED,UNRESOLVED,icon/pm0714_16_00_00_0.png,65,130,18ffcff942f2059907a0bc58675fafac7da318aaebb60d8ce3a53b2f28c99ff5,True,True,True,True,True,False,assets/local/configs/LZA/pm0714.json,da9084d5600d06bb90b16ca1fc8d346ae88844c7f3a2ad7e77191d4609091ead,freedom12/PokemonModelViewer,c5952930343748e6dcb4cae21ee383e0bd13b75c,public-derived-model-viewer-config-not-game-native-catalog,CROSSCHECK_PENDING,
LZA,pm0714,714,pm0714_51_00,51,0,UNRESOLVED,UNRESOLVED,UNRESOLVED,icon/pm0714_51_00_00_0.png,39,78,0624e657f524b8edc6cc30ca04f069d86b27445c0531c7a194a3dc1245fd5587,False,True,True,True,True,False,assets/local/configs/LZA/pm0714.json,da9084d5600d06bb90b16ca1fc8d346ae88844c7f3a2ad7e77191d4609091ead,freedom12/PokemonModelViewer,c5952930343748e6dcb4cae21ee383e0bd13b75c,public-derived-model-viewer-config-not-game-native-catalog,CROSSCHECK_PENDING,
LZA,pm0715,715,pm0715_11_00,11,0,UNRESOLVED,UNRESOLVED,UNRESOLVED,icon/pm0715_11_00_00_0.png,65,130,343b3aa08dae25408682b7fcb9cfaa708f818d8820805da2ef8ab78b452bb3d8,True,True,True,True,True,False,assets/local/configs/LZA/pm0715.json,7aa47e585be75bcf0c784a1a2e9ad9fada5c46d1d0aafb34ff9e8bb28ad4f370,freedom12/PokemonModelViewer,c5952930343748e6dcb4cae21ee383e0bd13b75c,public-derived-model-viewer-config-not-game-native-catalog,CROSSCHECK_PENDING,
LZA,pm0715,715,pm0715_12_00,12,0,UNRESOLVED,UNRESOLVED,UNRESOLVED,icon/pm0715_12_00_00_0.png,65,130,343b3aa08dae25408682b7fcb9cfaa708f818d8820805da2ef8ab78b452bb3d8,True,True,True,True,True,False,assets/local/configs/LZA/pm0715.json,7aa47e585be75bcf0c784a1a2e9ad9fada5c46d1d0aafb34ff9e8bb28ad4f370,freedom12/PokemonModelViewer,c5952930343748e6dcb4cae21ee383e0bd13b75c,public-derived-model-viewer-config-not-game-native-catalog,CROSSCHECK_PENDING,
LZA,pm0715,715,pm0715_13_00,13,0,UNRESOLVED,UNRESOLVED,UNRESOLVED,icon/pm0715_13_00_00_0.png,65,130,343b3aa08dae25408682b7fcb9cfaa708f818d8820805da2ef8ab78b452bb3d8,True,True,True,True,True,False,assets/local/configs/LZA/pm0715.json,7aa47e585be75bcf0c784a1a2e9ad9fada5c46d1d0aafb34ff9e8bb28ad4f370,freedom12/PokemonModelViewer,c5952930343748e6dcb4cae21ee383e0bd13b75c,public-derived-model-viewer-config-not-game-native-catalog,CROSSCHECK_PENDING,
LZA,pm0715,715,pm0715_14_00,14,0,UNRESOLVED,UNRESOLVED,UNRESOLVED,icon/pm0715_14_00_00_0.png,65,130,343b3aa08dae25408682b7fcb9cfaa708f818d8820805da2ef8ab78b452bb3d8,True,True,True,True,True,False,assets/local/configs/LZA/pm0715.json,7aa47e585be75bcf0c784a1a2e9ad9fada5c46d1d0aafb34ff9e8bb28ad4f370,freedom12/PokemonModelViewer,c5952930343748e6dcb4cae21ee383e0bd13b75c,public-derived-model-viewer-config-not-game-native-catalog,CROSSCHECK_PENDING,
LZA,pm0715,715,pm0715_15_00,15,0,UNRESOLVED,UNRESOLVED,UNRESOLVED,icon/pm0715_15_00_00_0.png,65,130,343b3aa08dae25408682b7fcb9cfaa708f818d8820805da2ef8ab78b452bb3d8,True,True,True,True,True,False,assets/local/configs/LZA/pm0715.json,7aa47e585be75bcf0c784a1a2e9ad9fada5c46d1d0aafb34ff9e8bb28ad4f370,freedom12/PokemonModelViewer,c5952930343748e6dcb4cae21ee383e0bd13b75c,public-derived-model-viewer-config-not-game-native-catalog,CROSSCHECK_PENDING,
LZA,pm0716,716,pm0716_00_00,0,0,UNRESOLVED,UNRESOLVED,UNRESOLVED,icon/pm0716_00_00_00_0.png,126,252,cb214d62ed218b3fc75318aa11c991eb8b9999aac945036695a13b0f389b02cd,True,True,True,True,True,False,assets/local/configs/LZA/pm0716.json,b0a726c03e2c5d4aa2e35158ad58f53f966317815afcf86af309633ff5f75df2,freedom12/PokemonModelViewer,c5952930343748e6dcb4cae21ee383e0bd13b75c,public-derived-model-viewer-config-not-game-native-catalog,CROSSCHECK_PENDING,
LZA,pm0717,717,pm0717_00_00,0,0,UNRESOLVED,UNRESOLVED,UNRESOLVED,icon/pm0717_00_00_00_0.png,58,116,cee6ff729b8b5949fc5795bcf5a0b53870b7b8d9fd9182086ffc3a9edbabdb6d,True,True,True,True,True,False,assets/local/configs/LZA/pm0717.json,85743ededf201c39e202cbaf69b5e993f630a3c1859c3bd78774af68df794a68,freedom12/PokemonModelViewer,c5952930343748e6dcb4cae21ee383e0bd13b75c,public-derived-model-viewer-config-not-game-native-catalog,CROSSCHECK_PENDING,
LZA,pm0718,718,pm0718_00_00,0,0,UNRESOLVED,UNRESOLVED,UNRESOLVED,icon/pm0718_00_00_00_0.png,60,120,e24218dac357edd147450812127769bda06f3fc1161534af8136a96e5c4897f3,True,True,True,True,True,False,assets/local/configs/LZA/pm0718.json,72bdbbeb07d4bbc5473b9d72742545bd6e1cc0bfefd9fb81c2ca8cc72a54d129,freedom12/PokemonModelViewer,c5952930343748e6dcb4cae21ee383e0bd13b75c,public-derived-model-viewer-config-not-game-native-catalog,CROSSCHECK_PENDING,
LZA,pm0719,719,pm0719_00_00,0,0,UNRESOLVED,UNRESOLVED,UNRESOLVED,icon/pm0719_00_00_00_0.png,57,114,d63ebf1b1a96a8057500cd4c18a3a089cada6c7cca15afb4e6961cd2d133275e,True,True,True,True,True,False,assets/local/configs/LZA/pm0719.json,961eacd63821e80bf6f79c73bebd5df951bd541f1b3fe2a651e26f38be7970d9,freedom12/PokemonModelViewer,c5952930343748e6dcb4cae21ee383e0bd13b75c,public-derived-model-viewer-config-not-game-native-catalog,CROSSCHECK_PENDING,
LZA,pm0719,719,pm0719_51_00,51,0,UNRESOLVED,UNRESOLVED,UNRESOLVED,icon/pm0719_51_00_00_0.png,40,80,3c7bacf5604709ab29c2d278ff19a8ed3206642b09eae010ac4ff9cf3d7d5ebe,False,True,True,True,True,False,assets/local/configs/LZA/pm0719.json,961eacd63821e80bf6f79c73bebd5df951bd541f1b3fe2a651e26f38be7970d9,freedom12/PokemonModelViewer,c5952930343748e6dcb4cae21ee383e0bd13b75c,public-derived-model-viewer-config-not-game-native-catalog,CROSSCHECK_PENDING,
LZA,pm0720,720,pm0720_00_00,0,0,UNRESOLVED,UNRESOLVED,UNRESOLVED,icon/pm0720_00_00_00_0.png,63,126,d7d84ab7db6746f1fcdf9360fcc980e9d4dc3f30bc228b91291d5130a9a6347f,True,True,True,True,True,False,assets/local/configs/LZA/pm0720.json,db9db1684aebfd675df5742a5f15281f6763904ca943813c8c5046ba321e4b7e,freedom12/PokemonModelViewer,c5952930343748e6dcb4cae21ee383e0bd13b75c,public-derived-model-viewer-config-not-game-native-catalog,CROSSCHECK_PENDING,
LZA,pm0721,721,pm0721_00_00,0,0,UNRESOLVED,UNRESOLVED,UNRESOLVED,icon/pm0721_00_00_00_0.png,59,118,c5e5e7d2af5dab2470b21f2652b27c6dc2e3bd38a0315b5b1971c1bcd452ea5f,True,True,True,True,True,False,assets/local/configs/LZA/pm0721.json,4ea0a0b5b3b030fbbb3f0d3814f10e335bbf6d583b7d8c7a24dd79a9efb7df8a,freedom12/PokemonModelViewer,c5952930343748e6dcb4cae21ee383e0bd13b75c,public-derived-model-viewer-config-not-game-native-catalog,CROSSCHECK_PENDING,
LZA,pm0722,722,pm0722_00_00,0,0,UNRESOLVED,UNRESOLVED,UNRESOLVED,icon/pm0722_00_00_00_0.png,59,118,b822306a81db5b55525b5b71ed19a1c7163baf5edec428d3d280934d9b9462e5,True,True,True,True,True,False,assets/local/configs/LZA/pm0722.json,1cc7d277e1223ea5bfc8450370c900727d9489fcfc88d762fd36cf3b76b0c66d,freedom12/PokemonModelViewer,c5952930343748e6dcb4cae21ee383e0bd13b75c,public-derived-model-viewer-config-not-game-native-catalog,CROSSCHECK_PENDING,
LZA,pm0722,722,pm0722_51_00,51,0,UNRESOLVED,UNRESOLVED,UNRESOLVED,icon/pm0722_51_00_00_0.png,39,78,ecfaf8dab47ad52f4062b3ee313eba838a75677ad9719f5fd2f2fed938d6b81e,False,True,True,True,True,False,assets/local/configs/LZA/pm0722.json,1cc7d277e1223ea5bfc8450370c900727d9489fcfc88d762fd36cf3b76b0c66d,freedom12/PokemonModelViewer,c5952930343748e6dcb4cae21ee383e0bd13b75c,public-derived-model-viewer-config-not-game-native-catalog,CROSSCHECK_PENDING,
LZA,pm0723,723,pm0723_00_00,0,0,UNRESOLVED,UNRESOLVED,UNRESOLVED,icon/pm0723_00_00_00_0.png,115,230,0c8f7e2ad417c386bf504e937acf955dc48587ec5be6a675a2b5c78c10a76ee2,True,True,True,True,True,False,assets/local/configs/LZA/pm0723.json,73d36dd0603b601082b820e731e2f1c52be0101d4bc7236620f6e4b341617370,freedom12/PokemonModelViewer,c5952930343748e6dcb4cae21ee383e0bd13b75c,public-derived-model-viewer-config-not-game-native-catalog,CROSSCHECK_PENDING,
LZA,pm0724,724,pm0724_00_00,0,0,UNRESOLVED,UNRESOLVED,UNRESOLVED,icon/pm0724_00_00_00_0.png,116,232,22dc2fc26d1907cc808d0a5d6099d9e19c17b0744ce76e11ce0c6c2e09c8c939,True,True,True,True,True,False,assets/local/configs/LZA/pm0724.json,9b583f0bad14cabe07b7d910e4be505a38d9925b68349ce891b532796e98f95c,freedom12/PokemonModelViewer,c5952930343748e6dcb4cae21ee383e0bd13b75c,public-derived-model-viewer-config-not-game-native-catalog,CROSSCHECK_PENDING,
LZA,pm0725,725,pm0725_11_00,11,0,UNRESOLVED,UNRESOLVED,UNRESOLVED,icon/pm0725_11_00_00_0.png,113,226,105a5e98b6d9fafe1edfdf1167900b21fd788d10dc9e3c178cd1e82f66538d0e,True,True,True,True,True,False,assets/local/configs/LZA/pm0725.json,44ba800c92de148b91ac8dec72cd95626ade0dd977e5fb672bfb1b041b25ff03,freedom12/PokemonModelViewer,c5952930343748e6dcb4cae21ee383e0bd13b75c,public-derived-model-viewer-config-not-game-native-catalog,CROSSCHECK_PENDING,
LZA,pm0725,725,pm0725_51_00,51,0,UNRESOLVED,UNRESOLVED,UNRESOLVED,icon/pm0725_51_00_00_0.png,42,84,90966faf9c32cc5198bbeabdf9d18343be92b2bcbed79cd73516d6c41adb2bd3,False,True,True,True,True,False,assets/local/configs/LZA/pm0725.json,44ba800c92de148b91ac8dec72cd95626ade0dd977e5fb672bfb1b041b25ff03,freedom12/PokemonModelViewer,c5952930343748e6dcb4cae21ee383e0bd13b75c,public-derived-model-viewer-config-not-game-native-catalog,CROSSCHECK_PENDING,
LZA,pm0726,726,pm0726_00_00,0,0,UNRESOLVED,UNRESOLVED,UNRESOLVED,icon/pm0726_00_00_00_0.png,60,120,180b1e77d1ae868dd8bde778c3d2f97e287f9383052953dbbbf67d65da7e33cb,True,True,True,True,True,False,assets/local/configs/LZA/pm0726.json,f9f43a304b9b45fc01faa107b1e8d4f20dbbe8d0d497b423aeb0786c06fef17f,freedom12/PokemonModelViewer,c5952930343748e6dcb4cae21ee383e0bd13b75c,public-derived-model-viewer-config-not-game-native-catalog,CROSSCHECK_PENDING,
LZA,pm0727,727,pm0727_00_00,0,0,UNRESOLVED,UNRESOLVED,UNRESOLVED,icon/pm0727_00_00_00_0.png,121,242,b49b2e5ae5442d3735b27cf4a3475ea43848c90fe1f354a4d241e81d23ec65d8,True,True,True,True,True,True,assets/local/configs/LZA/pm0727.json,69b1f1119f50f22b61480db205a43c52814cf6a2ce6624112fd3a023db70916b,freedom12/PokemonModelViewer,c5952930343748e6dcb4cae21ee383e0bd13b75c,public-derived-model-viewer-config-not-game-native-catalog,CROSSCHECK_PENDING,
LZA,pm0727,727,pm0727_51_00,51,0,UNRESOLVED,UNRESOLVED,UNRESOLVED,icon/pm0727_51_00_00_0.png,42,84,54d62164093c037fe5f196c2df80f2230c26a34ffcdd91a29c519bd8265b0ba7,False,True,True,True,True,False,assets/local/configs/LZA/pm0727.json,69b1f1119f50f22b61480db205a43c52814cf6a2ce6624112fd3a023db70916b,freedom12/PokemonModelViewer,c5952930343748e6dcb4cae21ee383e0bd13b75c,public-derived-model-viewer-config-not-game-native-catalog,CROSSCHECK_PENDING,
LZA,pm0728,728,pm0728_00_00,0,0,UNRESOLVED,UNRESOLVED,UNRESOLVED,icon/pm0728_00_00_00_0.png,64,128,cea67948fb9ab948537e8aa86d2f460d4410fd2b1a7439036885017b56196bff,True,True,True,True,True,False,assets/local/configs/LZA/pm0728.json,580229d3b28b969888a75878a247f221291f724f93c86687819bd343e69dad0c,freedom12/PokemonModelViewer,c5952930343748e6dcb4cae21ee383e0bd13b75c,public-derived-model-viewer-config-not-game-native-catalog,CROSSCHECK_PENDING,
LZA,pm0729,729,pm0729_00_00,0,0,UNRESOLVED,UNRESOLVED,UNRESOLVED,icon/pm0729_00_00_00_0.png,70,140,6ad223963bd3501375e3e72d114d4262d0413af1d2e1acfd2a6ecdf76af6999a,True,True,True,True,True,False,assets/local/configs/LZA/pm0729.json,177435ccfb20819e87fc366e95098288fc1720a16c1578f617710c433c4e63bc,freedom12/PokemonModelViewer,c5952930343748e6dcb4cae21ee383e0bd13b75c,public-derived-model-viewer-config-not-game-native-catalog,CROSSCHECK_PENDING,
LZA,pm0730,730,pm0730_00_00,0,0,UNRESOLVED,UNRESOLVED,UNRESOLVED,icon/pm0730_00_00_00_0.png,62,124,31100d8b2909c3c6a5f6647f14d5207554b7e484d0fbd965bbb8fd9f77d763bd,True,True,True,True,True,False,assets/local/configs/LZA/pm0730.json,d5777a414ec1a71a6e88f937f01d294d3a8d3c105795ce2f979a4aee65bb04b9,freedom12/PokemonModelViewer,c5952930343748e6dcb4cae21ee383e0bd13b75c,public-derived-model-viewer-config-not-game-native-catalog,CROSSCHECK_PENDING,
LZA,pm0731,731,pm0731_00_00,0,0,UNRESOLVED,UNRESOLVED,UNRESOLVED,icon/pm0731_00_00_00_0.png,63,126,f404fff33cc143e387dd280a1b89d0eb8aa413760a3436ccc345dbe9bf67fd08,True,True,True,True,True,False,assets/local/configs/LZA/pm0731.json,bb6d5d1a48c3de324c6210dc935038f256fa48da4473908c48a18a075d75ca30,freedom12/PokemonModelViewer,c5952930343748e6dcb4cae21ee383e0bd13b75c,public-derived-model-viewer-config-not-game-native-catalog,CROSSCHECK_PENDING,
LZA,pm0732,732,pm0732_00_00,0,0,UNRESOLVED,UNRESOLVED,UNRESOLVED,icon/pm0732_00_00_00_0.png,63,126,6687e995dd223185017f39b688b9e7e098a6771a22e4128c4156e36067f70e71,True,True,True,True,True,False,assets/local/configs/LZA/pm0732.json,6b70f56f71eaefdceb6b83ae332fa22c0d4e1422971afe3f3dd07a5941e36f48,freedom12/PokemonModelViewer,c5952930343748e6dcb4cae21ee383e0bd13b75c,public-derived-model-viewer-config-not-game-native-catalog,CROSSCHECK_PENDING,
LZA,pm0733,733,pm0733_00_00,0,0,UNRESOLVED,UNRESOLVED,UNRESOLVED,icon/pm0733_00_00_00_0.png,59,118,c5e5e7d2af5dab2470b21f2652b27c6dc2e3bd38a0315b5b1971c1bcd452ea5f,True,True,True,True,True,False,assets/local/configs/LZA/pm0733.json,2ef58b62fbd9db21b5709ff5339adfb1e39c23f9da5e8993522f3756d89f6c88,freedom12/PokemonModelViewer,c5952930343748e6dcb4cae21ee383e0bd13b75c,public-derived-model-viewer-config-not-game-native-catalog,CROSSCHECK_PENDING,
LZA,pm0734,734,pm0734_00_00,0,0,UNRESOLVED,UNRESOLVED,UNRESOLVED,icon/pm0734_00_00_00_0.png,57,114,d63ebf1b1a96a8057500cd4c18a3a089cada6c7cca15afb4e6961cd2d133275e,True,True,True,True,True,False,assets/local/configs/LZA/pm0734.json,f80603be2df9f47a17a6e3a7f3b3d07e98532c441dc8a14eb2f63bc5961f16a3,freedom12/PokemonModelViewer,c5952930343748e6dcb4cae21ee383e0bd13b75c,public-derived-model-viewer-config-not-game-native-catalog,CROSSCHECK_PENDING,
LZA,pm0734,734,pm0734_01_00,1,0,UNRESOLVED,UNRESOLVED,UNRESOLVED,icon/pm0734_01_00_00_0.png,57,114,d63ebf1b1a96a8057500cd4c18a3a089cada6c7cca15afb4e6961cd2d133275e,True,True,True,True,True,False,assets/local/configs/LZA/pm0734.json,f80603be2df9f47a17a6e3a7f3b3d07e98532c441dc8a14eb2f63bc5961f16a3,freedom12/PokemonModelViewer,c5952930343748e6dcb4cae21ee383e0bd13b75c,public-derived-model-viewer-config-not-game-native-catalog,CROSSCHECK_PENDING,
LZA,pm0734,734,pm0734_51_00,51,0,UNRESOLVED,UNRESOLVED,UNRESOLVED,icon/pm0734_51_00_00_0.png,42,84,46b8d1394e6217cfda9892306963cc42b2948dc5e9de2e88163eff60a1cea03e,False,True,True,True,False,False,assets/local/configs/LZA/pm0734.json,f80603be2df9f47a17a6e3a7f3b3d07e98532c441dc8a14eb2f63bc5961f16a3,freedom12/PokemonModelViewer,c5952930343748e6dcb4cae21ee383e0bd13b75c,public-derived-model-viewer-config-not-game-native-catalog,CROSSCHECK_PENDING,
LZA,pm0735,735,pm0735_11_00,11,0,UNRESOLVED,UNRESOLVED,UNRESOLVED,icon/pm0735_11_00_00_0.png,57,114,ddbfbf83169a397321d3dd8614b796b029b8be7ee5be064c6420bbb3f0c1500f,True,True,True,True,True,False,assets/local/configs/LZA/pm0735.json,e178f4f16e04009b2bdfaaf14c48cbb80418900d8beaa76d6492e5e9381947bb,freedom12/PokemonModelViewer,c5952930343748e6dcb4cae21ee383e0bd13b75c,public-derived-model-viewer-config-not-game-native-catalog,CROSSCHECK_PENDING,
LZA,pm0735,735,pm0735_12_00,12,0,UNRESOLVED,UNRESOLVED,UNRESOLVED,icon/pm0735_12_00_00_0.png,57,114,ddbfbf83169a397321d3dd8614b796b029b8be7ee5be064c6420bbb3f0c1500f,True,True,True,True,True,False,assets/local/configs/LZA/pm0735.json,e178f4f16e04009b2bdfaaf14c48cbb80418900d8beaa76d6492e5e9381947bb,freedom12/PokemonModelViewer,c5952930343748e6dcb4cae21ee383e0bd13b75c,public-derived-model-viewer-config-not-game-native-catalog,CROSSCHECK_PENDING,
LZA,pm0735,735,pm0735_13_00,13,0,UNRESOLVED,UNRESOLVED,UNRESOLVED,icon/pm0735_13_00_00_0.png,57,114,ddbfbf83169a397321d3dd8614b796b029b8be7ee5be064c6420bbb3f0c1500f,True,True,True,True,True,False,assets/local/configs/LZA/pm0735.json,e178f4f16e04009b2bdfaaf14c48cbb80418900d8beaa76d6492e5e9381947bb,freedom12/PokemonModelViewer,c5952930343748e6dcb4cae21ee383e0bd13b75c,public-derived-model-viewer-config-not-game-native-catalog,CROSSCHECK_PENDING,
LZA,pm0735,735,pm0735_14_00,14,0,UNRESOLVED,UNRESOLVED,UNRESOLVED,icon/pm0735_14_00_00_0.png,57,114,ddbfbf83169a397321d3dd8614b796b029b8be7ee5be064c6420bbb3f0c1500f,True,True,True,True,True,False,assets/local/configs/LZA/pm0735.json,e178f4f16e04009b2bdfaaf14c48cbb80418900d8beaa76d6492e5e9381947bb,freedom12/PokemonModelViewer,c5952930343748e6dcb4cae21ee383e0bd13b75c,public-derived-model-viewer-config-not-game-native-catalog,CROSSCHECK_PENDING,
LZA,pm0736,736,pm0736_11_00,11,0,UNRESOLVED,UNRESOLVED,UNRESOLVED,icon/pm0736_11_00_00_0.png,57,114,d63ebf1b1a96a8057500cd4c18a3a089cada6c7cca15afb4e6961cd2d133275e,True,True,True,True,True,False,assets/local/configs/LZA/pm0736.json,8d0150e9c06b14f320ebe1add6d4ecdf6a355c3cca73003def737a665b949201,freedom12/PokemonModelViewer,c5952930343748e6dcb4cae21ee383e0bd13b75c,public-derived-model-viewer-config-not-game-native-catalog,CROSSCHECK_PENDING,
LZA,pm0736,736,pm0736_12_00,12,0,UNRESOLVED,UNRESOLVED,UNRESOLVED,icon/pm0736_12_00_00_0.png,57,114,d63ebf1b1a96a8057500cd4c18a3a089cada6c7cca15afb4e6961cd2d133275e,True,True,True,True,True,False,assets/local/configs/LZA/pm0736.json,8d0150e9c06b14f320ebe1add6d4ecdf6a355c3cca73003def737a665b949201,freedom12/PokemonModelViewer,c5952930343748e6dcb4cae21ee383e0bd13b75c,public-derived-model-viewer-config-not-game-native-catalog,CROSSCHECK_PENDING,
LZA,pm0736,736,pm0736_13_00,13,0,UNRESOLVED,UNRESOLVED,UNRESOLVED,icon/pm0736_13_00_00_0.png,57,114,d63ebf1b1a96a8057500cd4c18a3a089cada6c7cca15afb4e6961cd2d133275e,True,True,True,True,True,False,assets/local/configs/LZA/pm0736.json,8d0150e9c06b14f320ebe1add6d4ecdf6a355c3cca73003def737a665b949201,freedom12/PokemonModelViewer,c5952930343748e6dcb4cae21ee383e0bd13b75c,public-derived-model-viewer-config-not-game-native-catalog,CROSSCHECK_PENDING,
LZA,pm0736,736,pm0736_14_00,14,0,UNRESOLVED,UNRESOLVED,UNRESOLVED,icon/pm0736_14_00_00_0.png,57,114,d63ebf1b1a96a8057500cd4c18a3a089cada6c7cca15afb4e6961cd2d133275e,True,True,True,True,True,False,assets/local/configs/LZA/pm0736.json,8d0150e9c06b14f320ebe1add6d4ecdf6a355c3cca73003def737a665b949201,freedom12/PokemonModelViewer,c5952930343748e6dcb4cae21ee383e0bd13b75c,public-derived-model-viewer-config-not-game-native-catalog,CROSSCHECK_PENDING,
LZA,pm0737,737,pm0737_00_00,0,0,UNRESOLVED,UNRESOLVED,UNRESOLVED,icon/pm0737_00_00_00_0.png,58,116,cee6ff729b8b5949fc5795bcf5a0b53870b7b8d9fd9182086ffc3a9edbabdb6d,True,True,True,True,True,False,assets/local/configs/LZA/pm0737.json,8ecb8cf242d153726c55e0e751205c04c40f56055c3312356bec9b78a86e0870,freedom12/PokemonModelViewer,c5952930343748e6dcb4cae21ee383e0bd13b75c,public-derived-model-viewer-config-not-game-native-catalog,CROSSCHECK_PENDING,
LZA,pm0738,738,pm0738_00_00,0,0,UNRESOLVED,UNRESOLVED,UNRESOLVED,icon/pm0738_00_00_00_0.png,59,118,c5e5e7d2af5dab2470b21f2652b27c6dc2e3bd38a0315b5b1971c1bcd452ea5f,True,True,True,True,True,False,assets/local/configs/LZA/pm0738.json,8c20defe3ea729e2f7aaf807f8f11567633cf6264b1f713054f19d8cda762bd0,freedom12/PokemonModelViewer,c5952930343748e6dcb4cae21ee383e0bd13b75c,public-derived-model-viewer-config-not-game-native-catalog,CROSSCHECK_PENDING,
LZA,pm0739,739,pm0739_00_00,0,0,UNRESOLVED,UNRESOLVED,UNRESOLVED,icon/pm0739_00_00_00_0.png,57,114,d63ebf1b1a96a8057500cd4c18a3a089cada6c7cca15afb4e6961cd2d133275e,True,True,True,True,True,False,assets/local/configs/LZA/pm0739.json,e569f36496645671d9449c6257e3efdcffd83ecccdbcf693a01b3e3f7f8d0cfc,freedom12/PokemonModelViewer,c5952930343748e6dcb4cae21ee383e0bd13b75c,public-derived-model-viewer-config-not-game-native-catalog,CROSSCHECK_PENDING,
LZA,pm0740,740,pm0740_00_00,0,0,UNRESOLVED,UNRESOLVED,UNRESOLVED,icon/pm0740_00_00_00_0.png,57,114,d63ebf1b1a96a8057500cd4c18a3a089cada6c7cca15afb4e6961cd2d133275e,True,True,True,True,True,False,assets/local/configs/LZA/pm0740.json,934e12f43abfbb94c4a8fc346c84a4964da977ffa9c3b9b299f22a5721af5054,freedom12/PokemonModelViewer,c5952930343748e6dcb4cae21ee383e0bd13b75c,public-derived-model-viewer-config-not-game-native-catalog,CROSSCHECK_PENDING,
LZA,pm0741,741,pm0741_00_00,0,0,UNRESOLVED,UNRESOLVED,UNRESOLVED,icon/pm0741_00_00_00_0.png,70,140,a2ce83e79faa46d03aafaf0c1a2b3f433505a4670ac039b49117320dff012635,True,True,True,True,True,False,assets/local/configs/LZA/pm0741.json,903a3ec7397a24e7e35a1c5cb3ffbd30b419df6ba0f20cf88e8f1726408317db,freedom12/PokemonModelViewer,c5952930343748e6dcb4cae21ee383e0bd13b75c,public-derived-model-viewer-config-not-game-native-catalog,CROSSCHECK_PENDING,
LZA,pm0742,742,pm0742_00_00,0,0,UNRESOLVED,UNRESOLVED,UNRESOLVED,icon/pm0742_00_00_00_0.png,116,232,fa7c4ae1f5c1baef3e35717691e18f902bab10b66bb5dffcfe97058c16e44b02,True,True,True,True,True,False,assets/local/configs/LZA/pm0742.json,bc20ffadb8582233840ce004015959f8d4840d4b38b7084428b5dcae53938f3d,freedom12/PokemonModelViewer,c5952930343748e6dcb4cae21ee383e0bd13b75c,public-derived-model-viewer-config-not-game-native-catalog,CROSSCHECK_PENDING,
LZA,pm0743,743,pm0743_00_00,0,0,UNRESOLVED,UNRESOLVED,UNRESOLVED,icon/pm0743_00_00_00_0.png,58,116,340b09b618322dc2950e1524ebf6443b8416c5d3ed8dfda0b9f4c712f468c7cd,True,True,True,True,True,False,assets/local/configs/LZA/pm0743.json,b2dd75c8e444ca25be0cf07da460017c8753ad0dd26860a528754999202c1b47,freedom12/PokemonModelViewer,c5952930343748e6dcb4cae21ee383e0bd13b75c,public-derived-model-viewer-config-not-game-native-catalog,CROSSCHECK_PENDING,
LZA,pm0744,744,pm0744_00_00,0,0,UNRESOLVED,UNRESOLVED,UNRESOLVED,icon/pm0744_00_00_00_0.png,62,124,38dc4589a6db45465e93dc65f1affbb3f19342799c93b3a4c5509a36668f65b4,True,True,True,True,True,False,assets/local/configs/LZA/pm0744.json,d6ca26adb2eb252101869f0322737a0426d5e6a8849af8416aa02a5eaf990030,freedom12/PokemonModelViewer,c5952930343748e6dcb4cae21ee383e0bd13b75c,public-derived-model-viewer-config-not-game-native-catalog,CROSSCHECK_PENDING,
LZA,pm0745,745,pm0745_00_00,0,0,UNRESOLVED,UNRESOLVED,UNRESOLVED,icon/pm0745_00_00_00_0.png,62,124,36a18bc39fa0ba44d0ad486ad64f6bdf15b4de4dd449445af61b5bf00da1e2b4,True,True,True,True,True,False,assets/local/configs/LZA/pm0745.json,e719ba5d79a4ba846bc235614e1f0ac6a0d15ffcc8997d7c59acd7dce46054c4,freedom12/PokemonModelViewer,c5952930343748e6dcb4cae21ee383e0bd13b75c,public-derived-model-viewer-config-not-game-native-catalog,CROSSCHECK_PENDING,
LZA,pm0746,746,pm0746_11_00,11,0,UNRESOLVED,UNRESOLVED,UNRESOLVED,icon/pm0746_11_00_00_0.png,59,118,d4006caaddecd0caad33070bddf4ea4d7232401e72a3d58150a0a836e0aeeb99,True,True,True,True,True,False,assets/local/configs/LZA/pm0746.json,539d7f84b12b40571b6965b49f0ff0acdbf439728a458b4811c1e8c20b91afb9,freedom12/PokemonModelViewer,c5952930343748e6dcb4cae21ee383e0bd13b75c,public-derived-model-viewer-config-not-game-native-catalog,CROSSCHECK_PENDING,
LZA,pm0746,746,pm0746_12_00,12,0,UNRESOLVED,UNRESOLVED,UNRESOLVED,icon/pm0746_12_00_00_0.png,59,118,d4006caaddecd0caad33070bddf4ea4d7232401e72a3d58150a0a836e0aeeb99,True,True,True,True,True,False,assets/local/configs/LZA/pm0746.json,539d7f84b12b40571b6965b49f0ff0acdbf439728a458b4811c1e8c20b91afb9,freedom12/PokemonModelViewer,c5952930343748e6dcb4cae21ee383e0bd13b75c,public-derived-model-viewer-config-not-game-native-catalog,CROSSCHECK_PENDING,
LZA,pm0747,747,pm0747_00_00,0,0,UNRESOLVED,UNRESOLVED,UNRESOLVED,icon/pm0747_00_00_00_0.png,60,120,77b74628784aff6e20d0ac6f422840862753da3431e420bb09dd3202b2f1d967,True,True,True,True,True,False,assets/local/configs/LZA/pm0747.json,023578d3f33853de0c7a5a189b465bfb68f92f50303732885b9293a3e0a56e02,freedom12/PokemonModelViewer,c5952930343748e6dcb4cae21ee383e0bd13b75c,public-derived-model-viewer-config-not-game-native-catalog,CROSSCHECK_PENDING,
LZA,pm0748,748,pm0748_00_00,0,0,UNRESOLVED,UNRESOLVED,UNRESOLVED,icon/pm0748_00_00_00_0.png,57,114,d63ebf1b1a96a8057500cd4c18a3a089cada6c7cca15afb4e6961cd2d133275e,True,True,True,True,True,False,assets/local/configs/LZA/pm0748.json,0b81fab94a1bc136650f377f742877d02835d4216429b4e02e12ad491e9986f9,freedom12/PokemonModelViewer,c5952930343748e6dcb4cae21ee383e0bd13b75c,public-derived-model-viewer-config-not-game-native-catalog,CROSSCHECK_PENDING,
LZA,pm0748,748,pm0748_51_00,51,0,UNRESOLVED,UNRESOLVED,UNRESOLVED,icon/pm0748_51_00_00_0.png,46,92,8dd27a2a349fa364c7be0d86db5a3e819c61983c9f93fe7e7b96e0db1ce47546,False,True,True,True,True,False,assets/local/configs/LZA/pm0748.json,0b81fab94a1bc136650f377f742877d02835d4216429b4e02e12ad491e9986f9,freedom12/PokemonModelViewer,c5952930343748e6dcb4cae21ee383e0bd13b75c,public-derived-model-viewer-config-not-game-native-catalog,CROSSCHECK_PENDING,
LZA,pm0749,749,pm0749_00_00,0,0,UNRESOLVED,UNRESOLVED,UNRESOLVED,icon/pm0749_00_00_00_0.png,115,230,19e471a27f5e8e15827382c9ced5be7c765f7b943e925f7ce329079f7dbe1859,True,True,True,True,True,False,assets/local/configs/LZA/pm0749.json,f3b25ab49fdf750a6bf64f33ad370138bf136231df8519678b19da272217c9e4,freedom12/PokemonModelViewer,c5952930343748e6dcb4cae21ee383e0bd13b75c,public-derived-model-viewer-config-not-game-native-catalog,CROSSCHECK_PENDING,
LZA,pm0751,751,pm0751_00_00,0,0,UNRESOLVED,UNRESOLVED,UNRESOLVED,icon/pm0751_00_00_00_0.png,113,226,105a5e98b6d9fafe1edfdf1167900b21fd788d10dc9e3c178cd1e82f66538d0e,True,True,True,True,True,False,assets/local/configs/LZA/pm0751.json,bed5714b300cbb98823187fd905d2d6d0e364dc1a11b67ef966543c6b9bdc906,freedom12/PokemonModelViewer,c5952930343748e6dcb4cae21ee383e0bd13b75c,public-derived-model-viewer-config-not-game-native-catalog,CROSSCHECK_PENDING,
LZA,pm0751,751,pm0751_00_41,0,41,UNRESOLVED,UNRESOLVED,UNRESOLVED,icon/pm0751_00_41_00.png,58,116,cee6ff729b8b5949fc5795bcf5a0b53870b7b8d9fd9182086ffc3a9edbabdb6d,True,True,True,True,True,False,assets/local/configs/LZA/pm0751.json,bed5714b300cbb98823187fd905d2d6d0e364dc1a11b67ef966543c6b9bdc906,freedom12/PokemonModelViewer,c5952930343748e6dcb4cae21ee383e0bd13b75c,public-derived-model-viewer-config-not-game-native-catalog,CROSSCHECK_PENDING,
LZA,pm0752,752,pm0752_00_00,0,0,UNRESOLVED,UNRESOLVED,UNRESOLVED,icon/pm0752_00_00_00_0.png,74,148,5f99c0c6bb4e084055a569da27b766dbf90bdb743b559a4a808a4fd00af13d47,True,True,True,True,True,False,assets/local/configs/LZA/pm0752.json,c6ea0ae027739885594a575d4d7b7b009f2e329fad92da27b324462657378a36,freedom12/PokemonModelViewer,c5952930343748e6dcb4cae21ee383e0bd13b75c,public-derived-model-viewer-config-not-game-native-catalog,CROSSCHECK_PENDING,
LZA,pm0753,753,pm0753_00_00,0,0,UNRESOLVED,UNRESOLVED,UNRESOLVED,icon/pm0753_00_00_00_0.png,114,228,8ff88f534b1d1a8a0a9e102b7f98f46e31dfe1c7bbab82b91b183a83ca76102f,True,True,True,True,True,False,assets/local/configs/LZA/pm0753.json,c38b1c0d8445fec601b32d0400fdbfac57e8b4b32de2c327986cd1bd941d490e,freedom12/PokemonModelViewer,c5952930343748e6dcb4cae21ee383e0bd13b75c,public-derived-model-viewer-config-not-game-native-catalog,CROSSCHECK_PENDING,
LZA,pm0754,754,pm0754_00_00,0,0,UNRESOLVED,UNRESOLVED,UNRESOLVED,icon/pm0754_00_00_00_0.png,121,242,b6c1fb7ee80b96a689794e022a30031d0187b43c6295ec75f028c3c08407538e,True,True,True,True,True,False,assets/local/configs/LZA/pm0754.json,8e162463e38584cf7ea24978974cf51f0ae9d40706a58024ad8e25006a9b3fc5,freedom12/PokemonModelViewer,c5952930343748e6dcb4cae21ee383e0bd13b75c,public-derived-model-viewer-config-not-game-native-catalog,CROSSCHECK_PENDING,
LZA,pm0755,755,pm0755_00_00,0,0,UNRESOLVED,UNRESOLVED,UNRESOLVED,icon/pm0755_00_00_00_0.png,121,242,b6c1fb7ee80b96a689794e022a30031d0187b43c6295ec75f028c3c08407538e,True,True,True,True,True,False,assets/local/configs/LZA/pm0755.json,ecbb8e076d9d42f9b861b101c76c4f0faea94e036c57d35a0665f8fef92a5a8d,freedom12/PokemonModelViewer,c5952930343748e6dcb4cae21ee383e0bd13b75c,public-derived-model-viewer-config-not-game-native-catalog,CROSSCHECK_PENDING,
LZA,pm0756,756,pm0756_00_00,0,0,UNRESOLVED,UNRESOLVED,UNRESOLVED,icon/pm0756_00_00_00_0.png,118,236,7c250de4c1d621a8bd6ae2fbf181293967c260cac2ea144b4332be175848902d,True,True,True,True,True,False,assets/local/configs/LZA/pm0756.json,4531a5f8896a61264e695e3d562154763a9cab5c21144a874fbef5a23604bf50,freedom12/PokemonModelViewer,c5952930343748e6dcb4cae21ee383e0bd13b75c,public-derived-model-viewer-config-not-game-native-catalog,CROSSCHECK_PENDING,
LZA,pm0757,757,pm0757_00_00,0,0,UNRESOLVED,UNRESOLVED,UNRESOLVED,icon/pm0757_00_00_00_0.png,60,120,cb2b9384e4a94c68a6b52195f63df9874813fd130f8fa01b44db1ef65e1612d4,True,False,True,True,True,False,assets/local/configs/LZA/pm0757.json,b3a2758bd0db54c4e2573add2b70b9541bf19ba7aace89cb814a5e32445df2e9,freedom12/PokemonModelViewer,c5952930343748e6dcb4cae21ee383e0bd13b75c,public-derived-model-viewer-config-not-game-native-catalog,CROSSCHECK_PENDING,
LZA,pm0758,758,pm0758_00_00,0,0,UNRESOLVED,UNRESOLVED,UNRESOLVED,icon/pm0758_00_00_00_0.png,59,118,c9fe632d86a9542f4fc539e3fa9f84b416d694664b14e46e3ce0fba9e039efa6,True,True,True,True,True,False,assets/local/configs/LZA/pm0758.json,0800619161ba4289931dd8c5692f048e702129c9603d9e2508fee86bc7d97432,freedom12/PokemonModelViewer,c5952930343748e6dcb4cae21ee383e0bd13b75c,public-derived-model-viewer-config-not-game-native-catalog,CROSSCHECK_PENDING,
LZA,pm0759,759,pm0759_00_00,0,0,UNRESOLVED,UNRESOLVED,UNRESOLVED,icon/pm0759_00_00_00_0.png,59,118,b822306a81db5b55525b5b71ed19a1c7163baf5edec428d3d280934d9b9462e5,True,True,True,True,True,False,assets/local/configs/LZA/pm0759.json,8a66d9e01aa91566bec372b422a844c7e73427a0472e3cc4881062b0d35d8a98,freedom12/PokemonModelViewer,c5952930343748e6dcb4cae21ee383e0bd13b75c,public-derived-model-viewer-config-not-game-native-catalog,CROSSCHECK_PENDING,
LZA,pm0760,760,pm0760_00_00,0,0,UNRESOLVED,UNRESOLVED,UNRESOLVED,icon/pm0760_00_00_00_0.png,59,118,c9fe632d86a9542f4fc539e3fa9f84b416d694664b14e46e3ce0fba9e039efa6,True,True,True,True,True,False,assets/local/configs/LZA/pm0760.json,d89d5c07317b4684a0a0c7a4e090ba5fe7afc4dcf579c74339a09d6168450a18,freedom12/PokemonModelViewer,c5952930343748e6dcb4cae21ee383e0bd13b75c,public-derived-model-viewer-config-not-game-native-catalog,CROSSCHECK_PENDING,
LZA,pm0761,761,pm0761_00_00,0,0,UNRESOLVED,UNRESOLVED,UNRESOLVED,icon/pm0761_00_00_00_0.png,113,226,40da6e624134c83d6a08ad188040be4ae5e2226b46561c4898c76750638c32ff,True,True,True,True,True,False,assets/local/configs/LZA/pm0761.json,90e746ee19c5679cedf754880169dd91ba99163a5c7be996936eb379597fd732,freedom12/PokemonModelViewer,c5952930343748e6dcb4cae21ee383e0bd13b75c,public-derived-model-viewer-config-not-game-native-catalog,CROSSCHECK_PENDING,
LZA,pm0761,761,pm0761_51_00,51,0,UNRESOLVED,UNRESOLVED,UNRESOLVED,icon/pm0761_51_00_00_0.png,85,170,07b50cb92b4a1682576f0ee948936968415562145ef1e842afd17cdb08e782d9,False,True,True,True,True,False,assets/local/configs/LZA/pm0761.json,90e746ee19c5679cedf754880169dd91ba99163a5c7be996936eb379597fd732,freedom12/PokemonModelViewer,c5952930343748e6dcb4cae21ee383e0bd13b75c,public-derived-model-viewer-config-not-game-native-catalog,CROSSCHECK_PENDING,
LZA,pm0762,762,pm0762_00_00,0,0,UNRESOLVED,UNRESOLVED,UNRESOLVED,icon/pm0762_00_00_00_0.png,127,254,39f0af216a93afde504c24b7517519daa3a708005243e3df131d4a8cc030083f,True,True,True,True,True,False,assets/local/configs/LZA/pm0762.json,d667ac5c7272ed5b5aea3ebe7bd31096fa95bb4591dd2fda56015980716b1bec,freedom12/PokemonModelViewer,c5952930343748e6dcb4cae21ee383e0bd13b75c,public-derived-model-viewer-config-not-game-native-catalog,CROSSCHECK_PENDING,
LZA,pm0763,763,pm0763_00_00,0,0,UNRESOLVED,UNRESOLVED,UNRESOLVED,icon/pm0763_00_00_00_0.png,57,114,d63ebf1b1a96a8057500cd4c18a3a089cada6c7cca15afb4e6961cd2d133275e,True,True,True,True,True,False,assets/local/configs/LZA/pm0763.json,9371f1cb8949d15ebd701f3ed212048ce9694e118bf44a9754b76bb034fba937,freedom12/PokemonModelViewer,c5952930343748e6dcb4cae21ee383e0bd13b75c,public-derived-model-viewer-config-not-game-native-catalog,CROSSCHECK_PENDING,
LZA,pm0764,764,pm0764_00_00,0,0,UNRESOLVED,UNRESOLVED,UNRESOLVED,icon/pm0764_00_00_00_0.png,57,114,d63ebf1b1a96a8057500cd4c18a3a089cada6c7cca15afb4e6961cd2d133275e,True,True,True,True,True,False,assets/local/configs/LZA/pm0764.json,e0b68a368d745eb698d76bebfd795b486b806a8292bea0bd419dfc96d661c4de,freedom12/PokemonModelViewer,c5952930343748e6dcb4cae21ee383e0bd13b75c,public-derived-model-viewer-config-not-game-native-catalog,CROSSCHECK_PENDING,
LZA,pm0764,764,pm0764_00_41,0,41,UNRESOLVED,UNRESOLVED,UNRESOLVED,icon/pm0764_00_41_00.png,57,114,d63ebf1b1a96a8057500cd4c18a3a089cada6c7cca15afb4e6961cd2d133275e,True,True,True,True,True,False,assets/local/configs/LZA/pm0764.json,e0b68a368d745eb698d76bebfd795b486b806a8292bea0bd419dfc96d661c4de,freedom12/PokemonModelViewer,c5952930343748e6dcb4cae21ee383e0bd13b75c,public-derived-model-viewer-config-not-game-native-catalog,CROSSCHECK_PENDING,
LZA,pm0765,765,pm0765_00_00,0,0,UNRESOLVED,UNRESOLVED,UNRESOLVED,icon/pm0765_00_00_00_0.png,64,128,c3a72b3116f29d1a891cb7b01746eafb1dff8f89c48527914d61894feccdb3a2,True,True,True,True,True,False,assets/local/configs/LZA/pm0765.json,a0beb50178cad692de9c9cd88b1aa842497e9b4de76bc1a7397fe06973cda533,freedom12/PokemonModelViewer,c5952930343748e6dcb4cae21ee383e0bd13b75c,public-derived-model-viewer-config-not-game-native-catalog,CROSSCHECK_PENDING,
LZA,pm0765,765,pm0765_00_41,0,41,UNRESOLVED,UNRESOLVED,UNRESOLVED,icon/pm0765_00_41_00.png,57,114,d63ebf1b1a96a8057500cd4c18a3a089cada6c7cca15afb4e6961cd2d133275e,True,True,True,True,True,False,assets/local/configs/LZA/pm0765.json,a0beb50178cad692de9c9cd88b1aa842497e9b4de76bc1a7397fe06973cda533,freedom12/PokemonModelViewer,c5952930343748e6dcb4cae21ee383e0bd13b75c,public-derived-model-viewer-config-not-game-native-catalog,CROSSCHECK_PENDING,
LZA,pm0766,766,pm0766_00_00,0,0,UNRESOLVED,UNRESOLVED,UNRESOLVED,icon/pm0766_00_00_00_0.png,61,122,b585bdadf6660a4e095cac003c3a94161936171c55022b5504adf644d7efe6da,True,True,True,True,True,False,assets/local/configs/LZA/pm0766.json,967fec5f45e3e1aeb1fc58aa02cf3e89b653e2be35750d037791320822701ea3,freedom12/PokemonModelViewer,c5952930343748e6dcb4cae21ee383e0bd13b75c,public-derived-model-viewer-config-not-game-native-catalog,CROSSCHECK_PENDING,
LZA,pm0767,767,pm0767_00_00,0,0,UNRESOLVED,UNRESOLVED,UNRESOLVED,icon/pm0767_00_00_00_0.png,114,228,40d1ea85d6834937832cfdedc9d35ec98260235e4e08b836bd1c67ab53e89f62,True,False,True,True,True,False,assets/local/configs/LZA/pm0767.json,19a16faa364ab5a31c027c4540f31e03566b507943d66744d9e2491270a0002f,freedom12/PokemonModelViewer,c5952930343748e6dcb4cae21ee383e0bd13b75c,public-derived-model-viewer-config-not-game-native-catalog,CROSSCHECK_PENDING,
LZA,pm0768,768,pm0768_00_00,0,0,UNRESOLVED,UNRESOLVED,UNRESOLVED,icon/pm0768_00_00_00_0.png,60,120,d458c988e5a0e1d3b1c07f757044fe7f5be1ebc5f91941f5995f36f732f9af7a,True,True,True,True,True,False,assets/local/configs/LZA/pm0768.json,82e7bc9cfa64c3082acc71455665d9cfbdb3f0badb1cf7056674ec51de522204,freedom12/PokemonModelViewer,c5952930343748e6dcb4cae21ee383e0bd13b75c,public-derived-model-viewer-config-not-game-native-catalog,CROSSCHECK_PENDING,
LZA,pm0769,769,pm0769_00_00,0,0,UNRESOLVED,UNRESOLVED,UNRESOLVED,icon/pm0769_00_00_00_0.png,118,236,583528c3ee1c3bcaada4dfbd70aa8be8f1cbfb1b1752ea98d67ca98e85f88324,True,True,True,True,True,False,assets/local/configs/LZA/pm0769.json,df854bb8b8e838e2777583d84659c8b9defbeb0c1e76036e7593eadbe65c5de0,freedom12/PokemonModelViewer,c5952930343748e6dcb4cae21ee383e0bd13b75c,public-derived-model-viewer-config-not-game-native-catalog,CROSSCHECK_PENDING,
LZA,pm0770,770,pm0770_11_00,11,0,UNRESOLVED,UNRESOLVED,UNRESOLVED,icon/pm0770_11_00_00_0.png,63,126,9bb5c15cea75cbdd21d824d91017c8f7d065e43a4bc186087fafa8faf8697456,True,True,True,True,True,False,assets/local/configs/LZA/pm0770.json,a9fa32ed5701cd5cb63dcf26cb2be668866765121d226e8c87730b58d90cfa65,freedom12/PokemonModelViewer,c5952930343748e6dcb4cae21ee383e0bd13b75c,public-derived-model-viewer-config-not-game-native-catalog,CROSSCHECK_PENDING,
LZA,pm0770,770,pm0770_12_00,12,0,UNRESOLVED,UNRESOLVED,UNRESOLVED,icon/pm0770_12_00_00_0.png,62,124,2b10e01461370a54f23866ddecf5e4cbf9c59cfe87e0065092124ff985dcbbb2,True,True,True,True,True,False,assets/local/configs/LZA/pm0770.json,a9fa32ed5701cd5cb63dcf26cb2be668866765121d226e8c87730b58d90cfa65,freedom12/PokemonModelViewer,c5952930343748e6dcb4cae21ee383e0bd13b75c,public-derived-model-viewer-config-not-game-native-catalog,CROSSCHECK_PENDING,
LZA,pm0770,770,pm0770_13_00,13,0,UNRESOLVED,UNRESOLVED,UNRESOLVED,icon/pm0770_13_00_00_0.png,127,254,ec31c0e120dff82874fcd9c1616beda8a3324eb5aa4c5f880c5d12da05923703,True,True,True,True,True,False,assets/local/configs/LZA/pm0770.json,a9fa32ed5701cd5cb63dcf26cb2be668866765121d226e8c87730b58d90cfa65,freedom12/PokemonModelViewer,c5952930343748e6dcb4cae21ee383e0bd13b75c,public-derived-model-viewer-config-not-game-native-catalog,CROSSCHECK_PENDING,
LZA,pm0770,770,pm0770_14_00,14,0,UNRESOLVED,UNRESOLVED,UNRESOLVED,icon/pm0770_14_00_00_0.png,22,44,d28bce6191f32cee2423eb886da84164fdc75baf99656d5272b7abf36f41ea91,True,False,False,False,True,False,assets/local/configs/LZA/pm0770.json,a9fa32ed5701cd5cb63dcf26cb2be668866765121d226e8c87730b58d90cfa65,freedom12/PokemonModelViewer,c5952930343748e6dcb4cae21ee383e0bd13b75c,public-derived-model-viewer-config-not-game-native-catalog,CROSSCHECK_PENDING,
LZA,pm0770,770,pm0770_15_00,15,0,UNRESOLVED,UNRESOLVED,UNRESOLVED,icon/pm0770_15_00_00_0.png,22,44,555509f7624dcc5fe74c281c044b08abdd1a432e94d1c402f0a1ba63e844e4f5,True,False,False,False,False,False,assets/local/configs/LZA/pm0770.json,a9fa32ed5701cd5cb63dcf26cb2be668866765121d226e8c87730b58d90cfa65,freedom12/PokemonModelViewer,c5952930343748e6dcb4cae21ee383e0bd13b75c,public-derived-model-viewer-config-not-game-native-catalog,CROSSCHECK_PENDING,
LZA,pm0770,770,pm0770_51_00,51,0,UNRESOLVED,UNRESOLVED,UNRESOLVED,icon/pm0770_51_00_00_0.png,41,82,8dea3c2e990438d7cfc2dc93a6fadedba6bf358f2cc04e4f248caa826aee741e,False,True,True,True,True,False,assets/local/configs/LZA/pm0770.json,a9fa32ed5701cd5cb63dcf26cb2be668866765121d226e8c87730b58d90cfa65,freedom12/PokemonModelViewer,c5952930343748e6dcb4cae21ee383e0bd13b75c,public-derived-model-viewer-config-not-game-native-catalog,CROSSCHECK_PENDING,
LZA,pm0772,772,pm0772_00_00,0,0,UNRESOLVED,UNRESOLVED,UNRESOLVED,icon/pm0772_00_00_00_0.png,57,114,ddbfbf83169a397321d3dd8614b796b029b8be7ee5be064c6420bbb3f0c1500f,True,True,True,True,True,False,assets/local/configs/LZA/pm0772.json,51d2f566a3bb6b24061f2b29ad743095999322983842a4e7241aec66b7748974,freedom12/PokemonModelViewer,c5952930343748e6dcb4cae21ee383e0bd13b75c,public-derived-model-viewer-config-not-game-native-catalog,CROSSCHECK_PENDING,
LZA,pm0772,772,pm0772_51_00,51,0,UNRESOLVED,UNRESOLVED,UNRESOLVED,icon/pm0772_51_00_00_0.png,39,78,0624e657f524b8edc6cc30ca04f069d86b27445c0531c7a194a3dc1245fd5587,False,True,True,True,True,False,assets/local/configs/LZA/pm0772.json,51d2f566a3bb6b24061f2b29ad743095999322983842a4e7241aec66b7748974,freedom12/PokemonModelViewer,c5952930343748e6dcb4cae21ee383e0bd13b75c,public-derived-model-viewer-config-not-game-native-catalog,CROSSCHECK_PENDING,
LZA,pm0773,773,pm0773_00_00,0,0,UNRESOLVED,UNRESOLVED,UNRESOLVED,icon/pm0773_00_00_00_0.png,57,114,d63ebf1b1a96a8057500cd4c18a3a089cada6c7cca15afb4e6961cd2d133275e,True,True,True,True,True,False,assets/local/configs/LZA/pm0773.json,3e8f2b9acca2be4c2f5a13a75b028392764e72c124dec8a31db92666d2f6ec9d,freedom12/PokemonModelViewer,c5952930343748e6dcb4cae21ee383e0bd13b75c,public-derived-model-viewer-config-not-game-native-catalog,CROSSCHECK_PENDING,
LZA,pm0774,774,pm0774_11_00,11,0,UNRESOLVED,UNRESOLVED,UNRESOLVED,icon/pm0774_11_00_00_0.png,62,124,56785f3eb9940cce50ca4c337a87ff2276e1249d99e95d44511768b9d52433b7,True,True,True,True,True,False,assets/local/configs/LZA/pm0774.json,59df99f31a826493b96d6c8994a10ffd42e3c39799b928a0983c02228602bce8,freedom12/PokemonModelViewer,c5952930343748e6dcb4cae21ee383e0bd13b75c,public-derived-model-viewer-config-not-game-native-catalog,CROSSCHECK_PENDING,
LZA,pm0774,774,pm0774_12_00,12,0,UNRESOLVED,UNRESOLVED,UNRESOLVED,icon/pm0774_12_00_00_0.png,60,120,38ca26c140e2465c1ec503cc72b6d57406c679f867f30f67987dc6a8e2afa7c5,True,True,True,True,True,False,assets/local/configs/LZA/pm0774.json,59df99f31a826493b96d6c8994a10ffd42e3c39799b928a0983c02228602bce8,freedom12/PokemonModelViewer,c5952930343748e6dcb4cae21ee383e0bd13b75c,public-derived-model-viewer-config-not-game-native-catalog,CROSSCHECK_PENDING,
LZA,pm0819,819,pm0819_11_00,11,0,UNRESOLVED,UNRESOLVED,UNRESOLVED,icon/pm0819_11_00_00_0.png,59,118,afc93cb4ab3b59ee07879de59bf4848497d1b8d781acfb47c186a012d4634a66,True,True,True,True,False,False,assets/local/configs/LZA/pm0819.json,8a8962598e0baedca22bd47311635d01781017315e3fcb1d05f87b2f546b5ed9,freedom12/PokemonModelViewer,c5952930343748e6dcb4cae21ee383e0bd13b75c,public-derived-model-viewer-config-not-game-native-catalog,CROSSCHECK_PENDING,
LZA,pm0819,819,pm0819_12_00,12,0,UNRESOLVED,UNRESOLVED,UNRESOLVED,icon/pm0819_12_00_00_0.png,59,118,afc93cb4ab3b59ee07879de59bf4848497d1b8d781acfb47c186a012d4634a66,True,True,True,True,False,False,assets/local/configs/LZA/pm0819.json,8a8962598e0baedca22bd47311635d01781017315e3fcb1d05f87b2f546b5ed9,freedom12/PokemonModelViewer,c5952930343748e6dcb4cae21ee383e0bd13b75c,public-derived-model-viewer-config-not-game-native-catalog,CROSSCHECK_PENDING,
LZA,pm0822,822,pm0822_00_00,0,0,UNRESOLVED,UNRESOLVED,UNRESOLVED,icon/pm0822_00_00_00_0.png,57,114,d63ebf1b1a96a8057500cd4c18a3a089cada6c7cca15afb4e6961cd2d133275e,True,True,True,True,True,False,assets/local/configs/LZA/pm0822.json,a76e026ab2b9d08ab787905f46b75b0c04d233cfae420133993ba0ab45e9033d,freedom12/PokemonModelViewer,c5952930343748e6dcb4cae21ee383e0bd13b75c,public-derived-model-viewer-config-not-game-native-catalog,CROSSCHECK_PENDING,
LZA,pm0823,823,pm0823_00_00,0,0,UNRESOLVED,UNRESOLVED,UNRESOLVED,icon/pm0823_00_00_00_0.png,58,116,f009a742384eac5a37c2319e8deaaf85d903cb1011fbdde66f932a2e7db4acc1,True,True,True,True,True,False,assets/local/configs/LZA/pm0823.json,121f8d0151d8af2bad2f0ba49321829ee92e8d841488a7f295ee8c7d43dea477,freedom12/PokemonModelViewer,c5952930343748e6dcb4cae21ee383e0bd13b75c,public-derived-model-viewer-config-not-game-native-catalog,CROSSCHECK_PENDING,
LZA,pm0856,856,pm0856_00_00,0,0,UNRESOLVED,UNRESOLVED,UNRESOLVED,icon/pm0856_00_00_00_0.png,59,118,9e7a28c4240c7d76c22826febe4aefb0196643287c831da86d820eadf08ee336,True,False,True,True,True,False,assets/local/configs/LZA/pm0856.json,2b955272edc0b49241a610250517de91a73d5ba946fd4bf218d6bd58df618baf,freedom12/PokemonModelViewer,c5952930343748e6dcb4cae21ee383e0bd13b75c,public-derived-model-viewer-config-not-game-native-catalog,CROSSCHECK_PENDING,
LZA,pm0856,856,pm0856_51_00,51,0,UNRESOLVED,UNRESOLVED,UNRESOLVED,icon/pm0856_51_00_00_0.png,39,78,0624e657f524b8edc6cc30ca04f069d86b27445c0531c7a194a3dc1245fd5587,False,True,True,True,True,False,assets/local/configs/LZA/pm0856.json,2b955272edc0b49241a610250517de91a73d5ba946fd4bf218d6bd58df618baf,freedom12/PokemonModelViewer,c5952930343748e6dcb4cae21ee383e0bd13b75c,public-derived-model-viewer-config-not-game-native-catalog,CROSSCHECK_PENDING,
LZA,pm0859,859,pm0859_00_00,0,0,UNRESOLVED,UNRESOLVED,UNRESOLVED,icon/pm0859_00_00_00_0.png,58,116,5a36686bbfa7534bc0bd04bcd62bc9d1ed1334ad54eff7d378fdfe92c8242222,True,True,True,True,True,False,assets/local/configs/LZA/pm0859.json,22c15645019443766820847bbc114d8b3d1120aea0e3186586f45f249358956f,freedom12/PokemonModelViewer,c5952930343748e6dcb4cae21ee383e0bd13b75c,public-derived-model-viewer-config-not-game-native-catalog,CROSSCHECK_PENDING,
LZA,pm0860,860,pm0860_00_00,0,0,UNRESOLVED,UNRESOLVED,UNRESOLVED,icon/pm0860_00_00_00_0.png,57,114,d63ebf1b1a96a8057500cd4c18a3a089cada6c7cca15afb4e6961cd2d133275e,True,True,True,True,True,False,assets/local/configs/LZA/pm0860.json,7b15c001024a403fbe4b7d2ea46c35c2855faecf4be44976d3f38f3c9c0a3bd9,freedom12/PokemonModelViewer,c5952930343748e6dcb4cae21ee383e0bd13b75c,public-derived-model-viewer-config-not-game-native-catalog,CROSSCHECK_PENDING,
LZA,pm0860,860,pm0860_51_00,51,0,UNRESOLVED,UNRESOLVED,UNRESOLVED,icon/pm0860_51_00_00_0.png,39,78,ecfaf8dab47ad52f4062b3ee313eba838a75677ad9719f5fd2f2fed938d6b81e,False,True,True,True,True,False,assets/local/configs/LZA/pm0860.json,7b15c001024a403fbe4b7d2ea46c35c2855faecf4be44976d3f38f3c9c0a3bd9,freedom12/PokemonModelViewer,c5952930343748e6dcb4cae21ee383e0bd13b75c,public-derived-model-viewer-config-not-game-native-catalog,CROSSCHECK_PENDING,
LZA,pm0866,866,pm0866_00_00,0,0,UNRESOLVED,UNRESOLVED,UNRESOLVED,icon/pm0866_00_00_00_0.png,113,226,105a5e98b6d9fafe1edfdf1167900b21fd788d10dc9e3c178cd1e82f66538d0e,True,True,True,True,True,False,assets/local/configs/LZA/pm0866.json,6c58f72dd21b2146dfbe093548cacac1ec707ea919134cc7893f5e471e18d0bc,freedom12/PokemonModelViewer,c5952930343748e6dcb4cae21ee383e0bd13b75c,public-derived-model-viewer-config-not-game-native-catalog,CROSSCHECK_PENDING,
LZA,pm0867,867,pm0867_00_00,0,0,UNRESOLVED,UNRESOLVED,UNRESOLVED,icon/pm0867_00_00_00_0.png,115,230,19e471a27f5e8e15827382c9ced5be7c765f7b943e925f7ce329079f7dbe1859,True,True,True,True,True,False,assets/local/configs/LZA/pm0867.json,113882c49c10bf92404d0000357abeaff1195ea6e4c1b71b8c2434244312f280,freedom12/PokemonModelViewer,c5952930343748e6dcb4cae21ee383e0bd13b75c,public-derived-model-viewer-config-not-game-native-catalog,CROSSCHECK_PENDING,
LZA,pm0867,867,pm0867_51_00,51,0,UNRESOLVED,UNRESOLVED,UNRESOLVED,icon/pm0867_51_00_00_0.png,40,80,b0afc84625f07a3d18196b12acddcc78dcf520678986f66600e0a1d9e7b617ff,False,True,True,True,True,False,assets/local/configs/LZA/pm0867.json,113882c49c10bf92404d0000357abeaff1195ea6e4c1b71b8c2434244312f280,freedom12/PokemonModelViewer,c5952930343748e6dcb4cae21ee383e0bd13b75c,public-derived-model-viewer-config-not-game-native-catalog,CROSSCHECK_PENDING,
LZA,pm0882,882,pm0882_11_00,11,0,UNRESOLVED,UNRESOLVED,UNRESOLVED,icon/pm0882_11_00_00_0.png,57,114,d63ebf1b1a96a8057500cd4c18a3a089cada6c7cca15afb4e6961cd2d133275e,True,True,True,True,True,False,assets/local/configs/LZA/pm0882.json,4ee6a25c6f447b0ec97dd3fcf66fd6a6d3a78e18cb373f7dda4f34c438272734,freedom12/PokemonModelViewer,c5952930343748e6dcb4cae21ee383e0bd13b75c,public-derived-model-viewer-config-not-game-native-catalog,CROSSCHECK_PENDING,
LZA,pm0882,882,pm0882_12_00,12,0,UNRESOLVED,UNRESOLVED,UNRESOLVED,icon/pm0882_12_00_00_0.png,57,114,d63ebf1b1a96a8057500cd4c18a3a089cada6c7cca15afb4e6961cd2d133275e,True,True,True,True,True,False,assets/local/configs/LZA/pm0882.json,4ee6a25c6f447b0ec97dd3fcf66fd6a6d3a78e18cb373f7dda4f34c438272734,freedom12/PokemonModelViewer,c5952930343748e6dcb4cae21ee383e0bd13b75c,public-derived-model-viewer-config-not-game-native-catalog,CROSSCHECK_PENDING,
LZA,pm0882,882,pm0882_51_00,51,0,UNRESOLVED,UNRESOLVED,UNRESOLVED,icon/pm0882_51_00_00_0.png,40,80,314259cee2b5f350fecc797c55f17d501f2ef233b6fe0a5af59dc026b753d13a,False,True,True,True,True,False,assets/local/configs/LZA/pm0882.json,4ee6a25c6f447b0ec97dd3fcf66fd6a6d3a78e18cb373f7dda4f34c438272734,freedom12/PokemonModelViewer,c5952930343748e6dcb4cae21ee383e0bd13b75c,public-derived-model-viewer-config-not-game-native-catalog,CROSSCHECK_PENDING,
LZA,pm0882,882,pm0882_52_00,52,0,UNRESOLVED,UNRESOLVED,UNRESOLVED,icon/pm0882_52_00_00_0.png,40,80,314259cee2b5f350fecc797c55f17d501f2ef233b6fe0a5af59dc026b753d13a,False,True,True,True,True,False,assets/local/configs/LZA/pm0882.json,4ee6a25c6f447b0ec97dd3fcf66fd6a6d3a78e18cb373f7dda4f34c438272734,freedom12/PokemonModelViewer,c5952930343748e6dcb4cae21ee383e0bd13b75c,public-derived-model-viewer-config-not-game-native-catalog,CROSSCHECK_PENDING,
LZA,pm0883,883,pm0883_00_00,0,0,UNRESOLVED,UNRESOLVED,UNRESOLVED,icon/pm0883_00_00_00_0.png,57,114,d63ebf1b1a96a8057500cd4c18a3a089cada6c7cca15afb4e6961cd2d133275e,True,True,True,True,True,False,assets/local/configs/LZA/pm0883.json,3fbf605ae155a8e6895d3b42db45e629f551f811cf57ad3672825db4a493301e,freedom12/PokemonModelViewer,c5952930343748e6dcb4cae21ee383e0bd13b75c,public-derived-model-viewer-config-not-game-native-catalog,CROSSCHECK_PENDING,
LZA,pm0888,888,pm0888_00_00,0,0,UNRESOLVED,UNRESOLVED,UNRESOLVED,icon/pm0888_00_00_00_0.png,60,120,5e549df3e9c86a54f24f24ce3eead315694b995dead08495afd4f2657c678c03,True,True,True,True,True,False,assets/local/configs/LZA/pm0888.json,135045113fb0d7d16753bccba26950f6e131e87ceb7a88609927ce43d709a88b,freedom12/PokemonModelViewer,c5952930343748e6dcb4cae21ee383e0bd13b75c,public-derived-model-viewer-config-not-game-native-catalog,CROSSCHECK_PENDING,
LZA,pm0888,888,pm0888_51_00,51,0,UNRESOLVED,UNRESOLVED,UNRESOLVED,icon/pm0888_51_00_00_0.png,45,90,33be038013e27a8250d7ea3cf3289b504ef3feab423f34413f0c8d158c9a80bd,False,True,True,True,True,False,assets/local/configs/LZA/pm0888.json,135045113fb0d7d16753bccba26950f6e131e87ceb7a88609927ce43d709a88b,freedom12/PokemonModelViewer,c5952930343748e6dcb4cae21ee383e0bd13b75c,public-derived-model-viewer-config-not-game-native-catalog,CROSSCHECK_PENDING,
LZA,pm0891,891,pm0891_00_00,0,0,UNRESOLVED,UNRESOLVED,UNRESOLVED,icon/pm0891_00_00_00_0.png,59,118,c5e5e7d2af5dab2470b21f2652b27c6dc2e3bd38a0315b5b1971c1bcd452ea5f,True,True,True,True,True,False,assets/local/configs/LZA/pm0891.json,eb2d6e424e4566a47fd526c25697ec881f02eae7017b428d9259588b49fe8cea,freedom12/PokemonModelViewer,c5952930343748e6dcb4cae21ee383e0bd13b75c,public-derived-model-viewer-config-not-game-native-catalog,CROSSCHECK_PENDING,
LZA,pm0892,892,pm0892_00_00,0,0,UNRESOLVED,UNRESOLVED,UNRESOLVED,icon/pm0892_00_00_00_0.png,57,114,d63ebf1b1a96a8057500cd4c18a3a089cada6c7cca15afb4e6961cd2d133275e,True,True,True,True,True,False,assets/local/configs/LZA/pm0892.json,62db15466874742716d66b1da43da10fd57cfc19d14ae06faf4488e53acaf026,freedom12/PokemonModelViewer,c5952930343748e6dcb4cae21ee383e0bd13b75c,public-derived-model-viewer-config-not-game-native-catalog,CROSSCHECK_PENDING,
LZA,pm0901,901,pm0901_00_00,0,0,UNRESOLVED,UNRESOLVED,UNRESOLVED,icon/pm0901_00_00_00_0.png,59,118,c5e5e7d2af5dab2470b21f2652b27c6dc2e3bd38a0315b5b1971c1bcd452ea5f,True,True,True,True,True,False,assets/local/configs/LZA/pm0901.json,f1f85c1d3936f935c58d9ee3205ab70de8fcbe1800e8e8462b1daa27df4ffe30,freedom12/PokemonModelViewer,c5952930343748e6dcb4cae21ee383e0bd13b75c,public-derived-model-viewer-config-not-game-native-catalog,CROSSCHECK_PENDING,
LZA,pm0902,902,pm0902_00_00,0,0,UNRESOLVED,UNRESOLVED,UNRESOLVED,icon/pm0902_00_00_00_0.png,59,118,c5e5e7d2af5dab2470b21f2652b27c6dc2e3bd38a0315b5b1971c1bcd452ea5f,True,True,True,True,True,False,assets/local/configs/LZA/pm0902.json,f090e7f82b2d28e9d489f46631fb7a1b4b7ac9632d2922f5207ab6e00f0f03b4,freedom12/PokemonModelViewer,c5952930343748e6dcb4cae21ee383e0bd13b75c,public-derived-model-viewer-config-not-game-native-catalog,CROSSCHECK_PENDING,
LZA,pm0918,918,pm0918_00_00,0,0,UNRESOLVED,UNRESOLVED,UNRESOLVED,icon/pm0918_00_00_00_0.png,117,234,ffe4942f85c2d05fc3c52bde08ddc85ae19de703ce2f6369a826b2abfa8ade9b,True,True,True,True,True,False,assets/local/configs/LZA/pm0918.json,88bb4741b6249c99177e70c97793fcc436819a8d288e3777d5a3c3cca1fe0774,freedom12/PokemonModelViewer,c5952930343748e6dcb4cae21ee383e0bd13b75c,public-derived-model-viewer-config-not-game-native-catalog,CROSSCHECK_PENDING,
LZA,pm0919,919,pm0919_00_00,0,0,UNRESOLVED,UNRESOLVED,UNRESOLVED,icon/pm0919_00_00_00_0.png,113,226,40da6e624134c83d6a08ad188040be4ae5e2226b46561c4898c76750638c32ff,True,True,True,True,True,False,assets/local/configs/LZA/pm0919.json,1830b00257380841a8036c89cab440309ef19a03f05ad560779e3cb3bd980ab6,freedom12/PokemonModelViewer,c5952930343748e6dcb4cae21ee383e0bd13b75c,public-derived-model-viewer-config-not-game-native-catalog,CROSSCHECK_PENDING,
LZA,pm0920,920,pm0920_00_00,0,0,UNRESOLVED,UNRESOLVED,UNRESOLVED,icon/pm0920_00_00_00_0.png,113,226,40da6e624134c83d6a08ad188040be4ae5e2226b46561c4898c76750638c32ff,True,True,True,True,True,False,assets/local/configs/LZA/pm0920.json,9f57701c77419af9ad66b6fff687cc1f0b174b611e74bf3486915c08f019eb19,freedom12/PokemonModelViewer,c5952930343748e6dcb4cae21ee383e0bd13b75c,public-derived-model-viewer-config-not-game-native-catalog,CROSSCHECK_PENDING,
LZA,pm0921,921,pm0921_00_00,0,0,UNRESOLVED,UNRESOLVED,UNRESOLVED,icon/pm0921_00_00_00_0.png,59,118,bf47c174dcb5e005be41e67aa0c0764205402a8f43b1ffdbd958b821b864c9e1,True,False,True,True,True,False,assets/local/configs/LZA/pm0921.json,f8cb5468f9e934eb770fca10c8b35d083de4be8ad281067d522b1f399bce72d8,freedom12/PokemonModelViewer,c5952930343748e6dcb4cae21ee383e0bd13b75c,public-derived-model-viewer-config-not-game-native-catalog,CROSSCHECK_PENDING,
LZA,pm0922,922,pm0922_11_00,11,0,UNRESOLVED,UNRESOLVED,UNRESOLVED,icon/pm0922_11_00_00_0.png,60,120,e24218dac357edd147450812127769bda06f3fc1161534af8136a96e5c4897f3,True,True,True,True,True,False,assets/local/configs/LZA/pm0922.json,090bb7a93bf01911e2c47fc449c216842334512188767709f81873497304ccf3,freedom12/PokemonModelViewer,c5952930343748e6dcb4cae21ee383e0bd13b75c,public-derived-model-viewer-config-not-game-native-catalog,CROSSCHECK_PENDING,
LZA,pm0922,922,pm0922_12_00,12,0,UNRESOLVED,UNRESOLVED,UNRESOLVED,icon/pm0922_12_00_00_0.png,60,120,e24218dac357edd147450812127769bda06f3fc1161534af8136a96e5c4897f3,True,True,True,True,True,False,assets/local/configs/LZA/pm0922.json,090bb7a93bf01911e2c47fc449c216842334512188767709f81873497304ccf3,freedom12/PokemonModelViewer,c5952930343748e6dcb4cae21ee383e0bd13b75c,public-derived-model-viewer-config-not-game-native-catalog,CROSSCHECK_PENDING,
LZA,pm0923,923,pm0923_00_00,0,0,UNRESOLVED,UNRESOLVED,UNRESOLVED,icon/pm0923_00_00_00_0.png,59,118,c5e5e7d2af5dab2470b21f2652b27c6dc2e3bd38a0315b5b1971c1bcd452ea5f,True,True,True,True,True,False,assets/local/configs/LZA/pm0923.json,ea2ce02498900a7e7e1c0aca7cffa65949703f31494d3087338cba4be83b3726,freedom12/PokemonModelViewer,c5952930343748e6dcb4cae21ee383e0bd13b75c,public-derived-model-viewer-config-not-game-native-catalog,CROSSCHECK_PENDING,
LZA,pm0923,923,pm0923_51_00,51,0,UNRESOLVED,UNRESOLVED,UNRESOLVED,icon/pm0923_51_00_00_0.png,40,80,b0afc84625f07a3d18196b12acddcc78dcf520678986f66600e0a1d9e7b617ff,False,True,True,True,True,False,assets/local/configs/LZA/pm0923.json,ea2ce02498900a7e7e1c0aca7cffa65949703f31494d3087338cba4be83b3726,freedom12/PokemonModelViewer,c5952930343748e6dcb4cae21ee383e0bd13b75c,public-derived-model-viewer-config-not-game-native-catalog,CROSSCHECK_PENDING,
LZA,pm0941,941,pm0941_11_00,11,0,UNRESOLVED,UNRESOLVED,UNRESOLVED,icon/pm0941_11_00_00_0.png,60,120,14d78977a49f5a52f18cde8e84ce2738b22e14d98868e92eaeb5e71d9b05aec7,True,True,True,True,True,False,assets/local/configs/LZA/pm0941.json,c321627dfaa1e06a24aa24f2856b9ec0d8e3f9a8b2e7a48bc82be690577f0152,freedom12/PokemonModelViewer,c5952930343748e6dcb4cae21ee383e0bd13b75c,public-derived-model-viewer-config-not-game-native-catalog,CROSSCHECK_PENDING,
LZA,pm0941,941,pm0941_12_00,12,0,UNRESOLVED,UNRESOLVED,UNRESOLVED,icon/pm0941_12_00_00_0.png,60,120,14d78977a49f5a52f18cde8e84ce2738b22e14d98868e92eaeb5e71d9b05aec7,True,True,True,True,True,False,assets/local/configs/LZA/pm0941.json,c321627dfaa1e06a24aa24f2856b9ec0d8e3f9a8b2e7a48bc82be690577f0152,freedom12/PokemonModelViewer,c5952930343748e6dcb4cae21ee383e0bd13b75c,public-derived-model-viewer-config-not-game-native-catalog,CROSSCHECK_PENDING,
LZA,pm0942,942,pm0942_00_00,0,0,UNRESOLVED,UNRESOLVED,UNRESOLVED,icon/pm0942_00_00_00_0.png,59,118,b3e0b00e9f70ebfc64f51ce56833f11608430b0738cfe9da57d0a19e16abda42,True,True,True,True,True,False,assets/local/configs/LZA/pm0942.json,fd40d64227986957c8bd948514d2278fde037a84e558a8cfe317db8cda6a659e,freedom12/PokemonModelViewer,c5952930343748e6dcb4cae21ee383e0bd13b75c,public-derived-model-viewer-config-not-game-native-catalog,CROSSCHECK_PENDING,
LZA,pm0942,942,pm0942_01_00,1,0,UNRESOLVED,UNRESOLVED,UNRESOLVED,icon/pm0942_01_00_00_0.png,59,118,c5e5e7d2af5dab2470b21f2652b27c6dc2e3bd38a0315b5b1971c1bcd452ea5f,True,True,True,True,True,False,assets/local/configs/LZA/pm0942.json,fd40d64227986957c8bd948514d2278fde037a84e558a8cfe317db8cda6a659e,freedom12/PokemonModelViewer,c5952930343748e6dcb4cae21ee383e0bd13b75c,public-derived-model-viewer-config-not-game-native-catalog,CROSSCHECK_PENDING,
LZA,pm0943,943,pm0943_00_31,0,31,UNRESOLVED,UNRESOLVED,UNRESOLVED,icon/pm0943_00_31_00_0.png,59,118,c5e5e7d2af5dab2470b21f2652b27c6dc2e3bd38a0315b5b1971c1bcd452ea5f,True,True,True,True,True,False,assets/local/configs/LZA/pm0943.json,e9f0a30ed0f3f1af73307aa36859fcc53ce6f253e7aeb8e4e0688f7ba33af71a,freedom12/PokemonModelViewer,c5952930343748e6dcb4cae21ee383e0bd13b75c,public-derived-model-viewer-config-not-game-native-catalog,CROSSCHECK_PENDING,
LZA,pm0964,964,pm0964_00_00,0,0,UNRESOLVED,UNRESOLVED,UNRESOLVED,icon/pm0964_00_00_00_0.png,117,234,7bb56cd6787e7cd1711a285f1915f249f8bee6c1b07bfa41c948de52797b10c4,True,True,True,True,True,False,assets/local/configs/LZA/pm0964.json,3db0617a70f06f098ed009a9b00d06ada3a4469c18ab768a8e0262da7d4c2def,freedom12/PokemonModelViewer,c5952930343748e6dcb4cae21ee383e0bd13b75c,public-derived-model-viewer-config-not-game-native-catalog,CROSSCHECK_PENDING,
LZA,pm0965,965,pm0965_00_00,0,0,UNRESOLVED,UNRESOLVED,UNRESOLVED,icon/pm0965_00_00_00_0.png,117,234,7bb56cd6787e7cd1711a285f1915f249f8bee6c1b07bfa41c948de52797b10c4,True,True,True,True,True,False,assets/local/configs/LZA/pm0965.json,42d4ce699349fa7aa12ac5fd760dd443caaaf45bb13b96f35f3f842d6ff14c2b,freedom12/PokemonModelViewer,c5952930343748e6dcb4cae21ee383e0bd13b75c,public-derived-model-viewer-config-not-game-native-catalog,CROSSCHECK_PENDING,
LZA,pm0979,979,pm0979_00_31,0,31,UNRESOLVED,UNRESOLVED,UNRESOLVED,icon/pm0979_00_31_00_0.png,117,234,be0b7da7b89215efaa2c0533c4aabd149ff83d5c801c2e3bd97e63e032eaaedb,True,True,True,True,True,False,assets/local/configs/LZA/pm0979.json,547148fcbf85777ef3db5a2ebd60a0c67081c922af1d3721d8c5ef0eaa1d8f6b,freedom12/PokemonModelViewer,c5952930343748e6dcb4cae21ee383e0bd13b75c,public-derived-model-viewer-config-not-game-native-catalog,CROSSCHECK_PENDING,
LZA,pm0980,980,pm0980_00_31,0,31,UNRESOLVED,UNRESOLVED,UNRESOLVED,icon/pm0980_00_31_00_0.png,57,114,d63ebf1b1a96a8057500cd4c18a3a089cada6c7cca15afb4e6961cd2d133275e,True,True,True,True,True,False,assets/local/configs/LZA/pm0980.json,363371bd09e79563db569dab2b686eaaa6261421f5fa51c0e01a32b31578621d,freedom12/PokemonModelViewer,c5952930343748e6dcb4cae21ee383e0bd13b75c,public-derived-model-viewer-config-not-game-native-catalog,CROSSCHECK_PENDING,
LZA,pm0981,981,pm0981_00_31,0,31,UNRESOLVED,UNRESOLVED,UNRESOLVED,icon/pm0981_00_31_00_0.png,57,114,d63ebf1b1a96a8057500cd4c18a3a089cada6c7cca15afb4e6961cd2d133275e,True,True,True,True,True,False,assets/local/configs/LZA/pm0981.json,d18e850cb02976b5d6a3d52691b0eb2683730e5698b0e52a240f202e3b0ccd62,freedom12/PokemonModelViewer,c5952930343748e6dcb4cae21ee383e0bd13b75c,public-derived-model-viewer-config-not-game-native-catalog,CROSSCHECK_PENDING,
LZA,pm1002,1002,pm1002_00_00,0,0,UNRESOLVED,UNRESOLVED,UNRESOLVED,icon/pm1002_00_00_00_0.png,59,118,c5e5e7d2af5dab2470b21f2652b27c6dc2e3bd38a0315b5b1971c1bcd452ea5f,True,True,True,True,True,False,assets/local/configs/LZA/pm1002.json,5c9c69c75943eb96abe17aec493c9e6450998220acd3ae7530c3fdc3f2e5b5a8,freedom12/PokemonModelViewer,c5952930343748e6dcb4cae21ee383e0bd13b75c,public-derived-model-viewer-config-not-game-native-catalog,CROSSCHECK_PENDING,
LZA,pm1005,1005,pm1005_00_41,0,41,UNRESOLVED,UNRESOLVED,UNRESOLVED,icon/pm1005_00_41_00_0.png,59,118,4210a9df48f8dc627b62c5391acf80992fbe5d31e20618c847b4aa28e157c29a,True,True,True,True,True,False,assets/local/configs/LZA/pm1005.json,0082feb4b9f916a5eb2baed924c0563762ac493c25d55025806e93090f587bfb,freedom12/PokemonModelViewer,c5952930343748e6dcb4cae21ee383e0bd13b75c,public-derived-model-viewer-config-not-game-native-catalog,CROSSCHECK_PENDING,
LZA,pm1028,1028,pm1028_00_00,0,0,UNRESOLVED,UNRESOLVED,UNRESOLVED,icon/pm1028_00_00_00_0.png,56,112,16a297103cde91f5baa9348115d433667aa755218bc55f0f758a43f2d6c798d5,True,True,True,True,False,False,assets/local/configs/LZA/pm1028.json,e49d4da24ab1f12570d474c0b61269b4f97b82482ed11cea54ec53d7f3a4571f,freedom12/PokemonModelViewer,c5952930343748e6dcb4cae21ee383e0bd13b75c,public-derived-model-viewer-config-not-game-native-catalog,CROSSCHECK_PENDING,
LZA,pm1029,1029,pm1029_00_00,0,0,UNRESOLVED,UNRESOLVED,UNRESOLVED,icon/pm1029_00_00_00_0.png,56,112,16a297103cde91f5baa9348115d433667aa755218bc55f0f758a43f2d6c798d5,True,True,True,True,False,False,assets/local/configs/LZA/pm1029.json,759feb2a2207b5bc8d400f6e636ea6a8d669853c02e1e27c8ccea9f5ee35b941,freedom12/PokemonModelViewer,c5952930343748e6dcb4cae21ee383e0bd13b75c,public-derived-model-viewer-config-not-game-native-catalog,CROSSCHECK_PENDING,
LZA,pm1035,1035,pm1035_00_00,0,0,UNRESOLVED,UNRESOLVED,UNRESOLVED,icon/pm1035_00_00_00_0.png,57,114,44c457fb487bd473b22a7a8a63e079be6a8147dda6682344556b51e15b68ba7c,True,True,True,True,True,False,assets/local/configs/LZA/pm1035.json,6022ec98a37d50cf03caa86c204e1c6943d0360febce79f0a59381d1913c309b,freedom12/PokemonModelViewer,c5952930343748e6dcb4cae21ee383e0bd13b75c,public-derived-model-viewer-config-not-game-native-catalog,CROSSCHECK_PENDING,
LZA,pm1042,1042,pm1042_00_00,0,0,UNRESOLVED,UNRESOLVED,UNRESOLVED,icon/pm1042_00_00_00_0.png,57,114,d63ebf1b1a96a8057500cd4c18a3a089cada6c7cca15afb4e6961cd2d133275e,True,True,True,True,True,False,assets/local/configs/LZA/pm1042.json,18b0f2d9bf3dd0a01715b7abe84ae2ee88471d43a940fcdc4cc85b90d6948abb,freedom12/PokemonModelViewer,c5952930343748e6dcb4cae21ee383e0bd13b75c,public-derived-model-viewer-config-not-game-native-catalog,CROSSCHECK_PENDING,
LZA,pm1043,1043,pm1043_00_00,0,0,UNRESOLVED,UNRESOLVED,UNRESOLVED,icon/pm1043_00_00_00_0.png,57,114,d63ebf1b1a96a8057500cd4c18a3a089cada6c7cca15afb4e6961cd2d133275e,True,True,True,True,True,False,assets/local/configs/LZA/pm1043.json,5d01992f7ea09e99928e094da1f87e75cc783a3e3c02322b7222ba976913ff30,freedom12/PokemonModelViewer,c5952930343748e6dcb4cae21ee383e0bd13b75c,public-derived-model-viewer-config-not-game-native-catalog,CROSSCHECK_PENDING,
LZA,pm1043,1043,pm1043_51_00,51,0,UNRESOLVED,UNRESOLVED,UNRESOLVED,icon/pm1043_51_00_00_0.png,39,78,ecfaf8dab47ad52f4062b3ee313eba838a75677ad9719f5fd2f2fed938d6b81e,False,True,True,True,True,False,assets/local/configs/LZA/pm1043.json,5d01992f7ea09e99928e094da1f87e75cc783a3e3c02322b7222ba976913ff30,freedom12/PokemonModelViewer,c5952930343748e6dcb4cae21ee383e0bd13b75c,public-derived-model-viewer-config-not-game-native-catalog,CROSSCHECK_PENDING,
LZA,pm1053,1053,pm1053_00_00,0,0,UNRESOLVED,UNRESOLVED,UNRESOLVED,icon/pm1053_00_00_00_0.png,59,118,c5e5e7d2af5dab2470b21f2652b27c6dc2e3bd38a0315b5b1971c1bcd452ea5f,True,True,True,True,True,False,assets/local/configs/LZA/pm1053.json,f4ede0e558c52f6bbf9dcb36fbcd845760fe281098ff839fd51ab138efad27d7,freedom12/PokemonModelViewer,c5952930343748e6dcb4cae21ee383e0bd13b75c,public-derived-model-viewer-config-not-game-native-catalog,CROSSCHECK_PENDING,
LZA,pm1054,1054,pm1054_00_00,0,0,UNRESOLVED,UNRESOLVED,UNRESOLVED,icon/pm1054_00_00_00_0.png,57,114,d63ebf1b1a96a8057500cd4c18a3a089cada6c7cca15afb4e6961cd2d133275e,True,True,True,True,True,False,assets/local/configs/LZA/pm1054.json,9d31eda409952cd5783acc3bb8d6fb965e0893b3513885df9020a19085e13f8d,freedom12/PokemonModelViewer,c5952930343748e6dcb4cae21ee383e0bd13b75c,public-derived-model-viewer-config-not-game-native-catalog,CROSSCHECK_PENDING,
LZA,pm1055,1055,pm1055_00_00,0,0,UNRESOLVED,UNRESOLVED,UNRESOLVED,icon/pm1055_00_00_00_0.png,59,118,c5e5e7d2af5dab2470b21f2652b27c6dc2e3bd38a0315b5b1971c1bcd452ea5f,True,True,True,True,True,False,assets/local/configs/LZA/pm1055.json,4ef608766f4580b4b62ed12db775144040d3a00c1eaf9dae651d06ac057c9129,freedom12/PokemonModelViewer,c5952930343748e6dcb4cae21ee383e0bd13b75c,public-derived-model-viewer-config-not-game-native-catalog,CROSSCHECK_PENDING,
LZA,pm1055,1055,pm1055_51_00,51,0,UNRESOLVED,UNRESOLVED,UNRESOLVED,icon/pm1055_51_00_00_0.png,39,78,ecfaf8dab47ad52f4062b3ee313eba838a75677ad9719f5fd2f2fed938d6b81e,False,True,True,True,True,False,assets/local/configs/LZA/pm1055.json,4ef608766f4580b4b62ed12db775144040d3a00c1eaf9dae651d06ac057c9129,freedom12/PokemonModelViewer,c5952930343748e6dcb4cae21ee383e0bd13b75c,public-derived-model-viewer-config-not-game-native-catalog,CROSSCHECK_PENDING,
LZA,pm1056,1056,pm1056_11_00,11,0,UNRESOLVED,UNRESOLVED,UNRESOLVED,icon/pm1056_11_00_00_0.png,117,234,55d22fce51ba6ff03c11d438862b379218fa87f7f5d87a6a5ab07d1b94ae4495,True,True,True,True,True,False,assets/local/configs/LZA/pm1056.json,7ae55fb2b93f2be1572b8adcbef9d5913763c143c69c40c714bd8a2a9ec91228,freedom12/PokemonModelViewer,c5952930343748e6dcb4cae21ee383e0bd13b75c,public-derived-model-viewer-config-not-game-native-catalog,CROSSCHECK_PENDING,
LZA,pm1056,1056,pm1056_12_00,12,0,UNRESOLVED,UNRESOLVED,UNRESOLVED,icon/pm1056_12_00_00_0.png,117,234,55d22fce51ba6ff03c11d438862b379218fa87f7f5d87a6a5ab07d1b94ae4495,True,True,True,True,True,False,assets/local/configs/LZA/pm1056.json,7ae55fb2b93f2be1572b8adcbef9d5913763c143c69c40c714bd8a2a9ec91228,freedom12/PokemonModelViewer,c5952930343748e6dcb4cae21ee383e0bd13b75c,public-derived-model-viewer-config-not-game-native-catalog,CROSSCHECK_PENDING,
LZA,pm1056,1056,pm1056_13_00,13,0,UNRESOLVED,UNRESOLVED,UNRESOLVED,icon/pm1056_13_00_00_0.png,117,234,55d22fce51ba6ff03c11d438862b379218fa87f7f5d87a6a5ab07d1b94ae4495,True,True,True,True,True,False,assets/local/configs/LZA/pm1056.json,7ae55fb2b93f2be1572b8adcbef9d5913763c143c69c40c714bd8a2a9ec91228,freedom12/PokemonModelViewer,c5952930343748e6dcb4cae21ee383e0bd13b75c,public-derived-model-viewer-config-not-game-native-catalog,CROSSCHECK_PENDING,
LZA,pm1056,1056,pm1056_51_00,51,0,UNRESOLVED,UNRESOLVED,UNRESOLVED,icon/pm1056_51_00_00_0_3.png,47,94,e3b629f8353950fdf4cf962e863926dae8dad2586aaad3df22d95ed73cf3a3d1,False,True,True,True,True,False,assets/local/configs/LZA/pm1056.json,7ae55fb2b93f2be1572b8adcbef9d5913763c143c69c40c714bd8a2a9ec91228,freedom12/PokemonModelViewer,c5952930343748e6dcb4cae21ee383e0bd13b75c,public-derived-model-viewer-config-not-game-native-catalog,CROSSCHECK_PENDING,
LZA,pm1057,1057,pm1057_00_00,0,0,UNRESOLVED,UNRESOLVED,UNRESOLVED,icon/pm1057_00_00_00_0.png,59,118,c5e5e7d2af5dab2470b21f2652b27c6dc2e3bd38a0315b5b1971c1bcd452ea5f,True,True,True,True,True,False,assets/local/configs/LZA/pm1057.json,360af30a758d2a31036b26313b0e35a6c7398a839f77e47d4a4cc2590317a157,freedom12/PokemonModelViewer,c5952930343748e6dcb4cae21ee383e0bd13b75c,public-derived-model-viewer-config-not-game-native-catalog,CROSSCHECK_PENDING,
LZA,pm1064,1064,pm1064_11_00,11,0,UNRESOLVED,UNRESOLVED,UNRESOLVED,icon/pm1064_11_00_00_0.png,113,226,40da6e624134c83d6a08ad188040be4ae5e2226b46561c4898c76750638c32ff,True,True,True,True,True,False,assets/local/configs/LZA/pm1064.json,86e25b1837f344327298ad280012ca075a52c7fe9da24a898a9bc0aea22736aa,freedom12/PokemonModelViewer,c5952930343748e6dcb4cae21ee383e0bd13b75c,public-derived-model-viewer-config-not-game-native-catalog,CROSSCHECK_PENDING,
LZA,pm1065,1065,pm1065_00_00,0,0,UNRESOLVED,UNRESOLVED,UNRESOLVED,icon/pm1065_00_00_00_0.png,113,226,40da6e624134c83d6a08ad188040be4ae5e2226b46561c4898c76750638c32ff,True,True,True,True,True,False,assets/local/configs/LZA/pm1065.json,9700def2fc5fc0832500e240502942fcbd8613a13723834d57b143457ef8ed8a,freedom12/PokemonModelViewer,c5952930343748e6dcb4cae21ee383e0bd13b75c,public-derived-model-viewer-config-not-game-native-catalog,CROSSCHECK_PENDING,
LZA,pm1067,1067,pm1067_00_00,0,0,UNRESOLVED,UNRESOLVED,UNRESOLVED,icon/pm1067_00_00_00_0.png,59,118,c5e5e7d2af5dab2470b21f2652b27c6dc2e3bd38a0315b5b1971c1bcd452ea5f,True,True,True,True,True,False,assets/local/configs/LZA/pm1067.json,4c99ef57914943adf7e9d65976e9ca7b389271576868f89b9cf91efa6556479c,freedom12/PokemonModelViewer,c5952930343748e6dcb4cae21ee383e0bd13b75c,public-derived-model-viewer-config-not-game-native-catalog,CROSSCHECK_PENDING,
LZA,pm1068,1068,pm1068_00_00,0,0,UNRESOLVED,UNRESOLVED,UNRESOLVED,icon/pm1068_00_00_00_0.png,59,118,c5e5e7d2af5dab2470b21f2652b27c6dc2e3bd38a0315b5b1971c1bcd452ea5f,True,True,True,True,True,False,assets/local/configs/LZA/pm1068.json,a6da7aba63f1ed618eec58a2dc03a427fb562824c7af4c2197b16095f30d02d1,freedom12/PokemonModelViewer,c5952930343748e6dcb4cae21ee383e0bd13b75c,public-derived-model-viewer-config-not-game-native-catalog,CROSSCHECK_PENDING,
LZA,pm1069,1069,pm1069_00_00,0,0,UNRESOLVED,UNRESOLVED,UNRESOLVED,icon/pm1069_00_00_00_0.png,59,118,c5e5e7d2af5dab2470b21f2652b27c6dc2e3bd38a0315b5b1971c1bcd452ea5f,True,True,True,True,True,False,assets/local/configs/LZA/pm1069.json,12a91fe89d1b53edce4c208381f5a34d8f72f6fc691544cac450fcd92e32fc49,freedom12/PokemonModelViewer,c5952930343748e6dcb4cae21ee383e0bd13b75c,public-derived-model-viewer-config-not-game-native-catalog,CROSSCHECK_PENDING,
LZA,pm1070,1070,pm1070_00_00,0,0,UNRESOLVED,UNRESOLVED,UNRESOLVED,icon/pm1070_00_00_00_0.png,61,122,8c76917e33fce3b22c063f04dcd79a09dc2cac9b78bd222667e877541f93220c,True,False,True,True,True,False,assets/local/configs/LZA/pm1070.json,9c1e9a71a1da18403187b940b2598f1d1aa7dd2132bd29dde1dcdd5422f8a33c,freedom12/PokemonModelViewer,c5952930343748e6dcb4cae21ee383e0bd13b75c,public-derived-model-viewer-config-not-game-native-catalog,CROSSCHECK_PENDING,
LZA,pm1071,1071,pm1071_00_00,0,0,UNRESOLVED,UNRESOLVED,UNRESOLVED,icon/pm1071_00_00_00_0.png,62,124,7639db85cd48fc58d33525dff4129bd929bc8382e1f36b755da89416727f9737,True,True,True,True,True,False,assets/local/configs/LZA/pm1071.json,39012ae44bc188c47bd5d4c25a95f0d5644d460754a7df57571f629d0e19a772,freedom12/PokemonModelViewer,c5952930343748e6dcb4cae21ee383e0bd13b75c,public-derived-model-viewer-config-not-game-native-catalog,CROSSCHECK_PENDING,
LZA,pm1071,1071,pm1071_51_00,51,0,UNRESOLVED,UNRESOLVED,UNRESOLVED,icon/pm1071_51_00_00_0.png,41,82,8dea3c2e990438d7cfc2dc93a6fadedba6bf358f2cc04e4f248caa826aee741e,False,True,True,True,True,False,assets/local/configs/LZA/pm1071.json,39012ae44bc188c47bd5d4c25a95f0d5644d460754a7df57571f629d0e19a772,freedom12/PokemonModelViewer,c5952930343748e6dcb4cae21ee383e0bd13b75c,public-derived-model-viewer-config-not-game-native-catalog,CROSSCHECK_PENDING,
LZA,pm1072,1072,pm1072_00_00,0,0,UNRESOLVED,UNRESOLVED,UNRESOLVED,icon/pm1072_00_00_00_0.png,59,118,c5e5e7d2af5dab2470b21f2652b27c6dc2e3bd38a0315b5b1971c1bcd452ea5f,True,True,True,True,True,False,assets/local/configs/LZA/pm1072.json,042df5cb0e08f87ae56d65beda536368b225074f7f2e09da3f6c42b165a3d219,freedom12/PokemonModelViewer,c5952930343748e6dcb4cae21ee383e0bd13b75c,public-derived-model-viewer-config-not-game-native-catalog,CROSSCHECK_PENDING,
LZA,pm1073,1073,pm1073_00_00,0,0,UNRESOLVED,UNRESOLVED,UNRESOLVED,icon/pm1073_00_00_00_0.png,59,118,c5e5e7d2af5dab2470b21f2652b27c6dc2e3bd38a0315b5b1971c1bcd452ea5f,True,True,True,True,True,False,assets/local/configs/LZA/pm1073.json,5a1cd0e8fd085f6b6c3eaff52fa1c636bc6d5ab5c9c38f604b40735af198be70,freedom12/PokemonModelViewer,c5952930343748e6dcb4cae21ee383e0bd13b75c,public-derived-model-viewer-config-not-game-native-catalog,CROSSCHECK_PENDING,
LZA,pm1074,1074,pm1074_00_00,0,0,UNRESOLVED,UNRESOLVED,UNRESOLVED,icon/pm1074_00_00_00_0.png,59,118,c5e5e7d2af5dab2470b21f2652b27c6dc2e3bd38a0315b5b1971c1bcd452ea5f,True,True,True,True,True,False,assets/local/configs/LZA/pm1074.json,80954e4869261c71062435e471987b66a7b21861a538f7e6e60a27565edefb02,freedom12/PokemonModelViewer,c5952930343748e6dcb4cae21ee383e0bd13b75c,public-derived-model-viewer-config-not-game-native-catalog,CROSSCHECK_PENDING,
LZA,pm1075,1075,pm1075_00_00,0,0,UNRESOLVED,UNRESOLVED,UNRESOLVED,icon/pm1075_00_00_00_0.png,59,118,c5e5e7d2af5dab2470b21f2652b27c6dc2e3bd38a0315b5b1971c1bcd452ea5f,True,True,True,True,True,False,assets/local/configs/LZA/pm1075.json,6783935a0029ee3ee9e23a93fadc815a8a80c6cc0f1876ea1ef49f220a86e5f2,freedom12/PokemonModelViewer,c5952930343748e6dcb4cae21ee383e0bd13b75c,public-derived-model-viewer-config-not-game-native-catalog,CROSSCHECK_PENDING,
LZA,pm1076,1076,pm1076_00_00,0,0,UNRESOLVED,UNRESOLVED,UNRESOLVED,icon/pm1076_00_00_00_0.png,59,118,c5e5e7d2af5dab2470b21f2652b27c6dc2e3bd38a0315b5b1971c1bcd452ea5f,True,True,True,True,True,False,assets/local/configs/LZA/pm1076.json,2baa64da107ebbd85f641febe950cac62fbfe14b8569615ddb719df740107b55,freedom12/PokemonModelViewer,c5952930343748e6dcb4cae21ee383e0bd13b75c,public-derived-model-viewer-config-not-game-native-catalog,CROSSCHECK_PENDING,
LZA,pm1077,1077,pm1077_00_00,0,0,UNRESOLVED,UNRESOLVED,UNRESOLVED,icon/pm1077_00_00_00_0.png,57,114,d63ebf1b1a96a8057500cd4c18a3a089cada6c7cca15afb4e6961cd2d133275e,True,True,True,True,True,False,assets/local/configs/LZA/pm1077.json,c2e31a037b383e5070996139728bafccb3ad3325d8672b870cea877ca565740c,freedom12/PokemonModelViewer,c5952930343748e6dcb4cae21ee383e0bd13b75c,public-derived-model-viewer-config-not-game-native-catalog,CROSSCHECK_PENDING,
LZA,pm1080,1080,pm1080_11_00,11,0,UNRESOLVED,UNRESOLVED,UNRESOLVED,icon/pm1080_11_00_00_0.png,59,118,c5e5e7d2af5dab2470b21f2652b27c6dc2e3bd38a0315b5b1971c1bcd452ea5f,True,True,True,True,True,False,assets/local/configs/LZA/pm1080.json,d0cc525acbe0ea94ba69cc9e749ab3547c7cde9b91e9800fb3dbe13b910db88d,freedom12/PokemonModelViewer,c5952930343748e6dcb4cae21ee383e0bd13b75c,public-derived-model-viewer-config-not-game-native-catalog,CROSSCHECK_PENDING,
LZA,pm1080,1080,pm1080_12_00,12,0,UNRESOLVED,UNRESOLVED,UNRESOLVED,icon/pm1080_12_00_00_0.png,59,118,c5e5e7d2af5dab2470b21f2652b27c6dc2e3bd38a0315b5b1971c1bcd452ea5f,True,True,True,True,True,False,assets/local/configs/LZA/pm1080.json,d0cc525acbe0ea94ba69cc9e749ab3547c7cde9b91e9800fb3dbe13b910db88d,freedom12/PokemonModelViewer,c5952930343748e6dcb4cae21ee383e0bd13b75c,public-derived-model-viewer-config-not-game-native-catalog,CROSSCHECK_PENDING,
LZA,pm1081,1081,pm1081_00_00,0,0,UNRESOLVED,UNRESOLVED,UNRESOLVED,icon/pm1081_00_00_00_0.png,113,226,105a5e98b6d9fafe1edfdf1167900b21fd788d10dc9e3c178cd1e82f66538d0e,True,True,True,True,True,False,assets/local/configs/LZA/pm1081.json,29d88ab1d745167a65d3894850bf6bd55016bf1384db4b663d8a59a52be79d9f,freedom12/PokemonModelViewer,c5952930343748e6dcb4cae21ee383e0bd13b75c,public-derived-model-viewer-config-not-game-native-catalog,CROSSCHECK_PENDING,
LZA,pm1104,1104,pm1104_00_00,0,0,UNRESOLVED,UNRESOLVED,UNRESOLVED,icon/pm1104_00_00_00_0.png,57,114,d63ebf1b1a96a8057500cd4c18a3a089cada6c7cca15afb4e6961cd2d133275e,True,True,True,True,True,False,assets/local/configs/LZA/pm1104.json,828ac3f1f722559c26a1099cd2734fdf2d0ed0232ab66bd577d5c8dd3a704b7b,freedom12/PokemonModelViewer,c5952930343748e6dcb4cae21ee383e0bd13b75c,public-derived-model-viewer-config-not-game-native-catalog,CROSSCHECK_PENDING,
LZA,pm1105,1105,pm1105_00_00,0,0,UNRESOLVED,UNRESOLVED,UNRESOLVED,icon/pm1105_00_00_00_0.png,59,118,b3e0b00e9f70ebfc64f51ce56833f11608430b0738cfe9da57d0a19e16abda42,True,True,True,True,True,False,assets/local/configs/LZA/pm1105.json,955558c8cb71eb004ae7ba474fc2d5418cd12b29b9630009503683abd396ea47,freedom12/PokemonModelViewer,c5952930343748e6dcb4cae21ee383e0bd13b75c,public-derived-model-viewer-config-not-game-native-catalog,CROSSCHECK_PENDING,
LZA,pm1106,1106,pm1106_00_00,0,0,UNRESOLVED,UNRESOLVED,UNRESOLVED,icon/pm1106_00_00_00_0.png,59,118,b3e0b00e9f70ebfc64f51ce56833f11608430b0738cfe9da57d0a19e16abda42,True,True,True,True,True,False,assets/local/configs/LZA/pm1106.json,7a814bd79a324a22102665deb4fee5fb3cbf7a87f1a4660679b141a68ec07613,freedom12/PokemonModelViewer,c5952930343748e6dcb4cae21ee383e0bd13b75c,public-derived-model-viewer-config-not-game-native-catalog,CROSSCHECK_PENDING,
LZA,pm1107,1107,pm1107_00_00,0,0,UNRESOLVED,UNRESOLVED,UNRESOLVED,icon/pm1107_00_00_00_0.png,58,116,f009a742384eac5a37c2319e8deaaf85d903cb1011fbdde66f932a2e7db4acc1,True,True,True,True,True,False,assets/local/configs/LZA/pm1107.json,d3995c4e7ccf0e75b0bf2eafb301daef666b24e8a1c32406be0ee4d8f328a8aa,freedom12/PokemonModelViewer,c5952930343748e6dcb4cae21ee383e0bd13b75c,public-derived-model-viewer-config-not-game-native-catalog,CROSSCHECK_PENDING,
LZA,pm1108,1108,pm1108_00_00,0,0,UNRESOLVED,UNRESOLVED,UNRESOLVED,icon/pm1108_00_00_00_0.png,58,116,f009a742384eac5a37c2319e8deaaf85d903cb1011fbdde66f932a2e7db4acc1,True,True,True,True,True,False,assets/local/configs/LZA/pm1108.json,bb51d357cbdbef162d4f740cdcfe6e867e682106b6b7ad1e6f262551fa8fd9ec,freedom12/PokemonModelViewer,c5952930343748e6dcb4cae21ee383e0bd13b75c,public-derived-model-viewer-config-not-game-native-catalog,CROSSCHECK_PENDING,
LZA,pm1109,1109,pm1109_00_00,0,0,UNRESOLVED,UNRESOLVED,UNRESOLVED,icon/pm1109_00_00_00_0.png,58,116,f009a742384eac5a37c2319e8deaaf85d903cb1011fbdde66f932a2e7db4acc1,True,True,True,True,True,False,assets/local/configs/LZA/pm1109.json,8ebb10d983bc72c12f6d41431cace4a93f55e6f3c34887aa6c32b475d8310048,freedom12/PokemonModelViewer,c5952930343748e6dcb4cae21ee383e0bd13b75c,public-derived-model-viewer-config-not-game-native-catalog,CROSSCHECK_PENDING,
LZA,pm1114,1114,pm1114_00_00,0,0,UNRESOLVED,UNRESOLVED,UNRESOLVED,icon/pm1114_00_00_00_0.png,59,118,c5e5e7d2af5dab2470b21f2652b27c6dc2e3bd38a0315b5b1971c1bcd452ea5f,True,True,True,True,True,False,assets/local/configs/LZA/pm1114.json,1750b617b60dc1f9ef44ee56a3ebac2d0dfb60f529257774983751067df8771f,freedom12/PokemonModelViewer,c5952930343748e6dcb4cae21ee383e0bd13b75c,public-derived-model-viewer-config-not-game-native-catalog,CROSSCHECK_PENDING,
LZA,pm9999,9999,pm9999_00_00,0,0,UNRESOLVED,UNRESOLVED,UNRESOLVED,icon/pm9999_00_00_00_big.png,11,22,827f8cf06475e18c9fdf4fb6179c2c8e12a7194811f3d04742b5c383a6b07a47,True,False,False,True,False,False,assets/local/configs/LZA/pm9999.json,7cb96b2a9c82992f9d7d105dfe9a023ca1632fd0581f67b6c2ef5e521c82e5b2,freedom12/PokemonModelViewer,c5952930343748e6dcb4cae21ee383e0bd13b75c,public-derived-model-viewer-config-not-game-native-catalog,CROSSCHECK_PENDING,
