family,pokemon_id,species_number,resource_id,config_form_index,config_variant_index,game_form,game_gender,normal_shiny_role,icon_path,animation_name_count,animation_file_count,animation_names_sha256,has_default_wait,has_battle_wait,has_attack,has_damage,has_eye_track,has_mouth_track,source_config_path,source_config_sha256,source_repo,source_commit,source_status,canonical_source_status,consistency_flags
SCVI,pm0000,0,pm0000_00_00,0,0,UNRESOLVED,UNRESOLVED,UNRESOLVED,icon/pm0000_00_00_00_big.png,3,6,034e9a21c0311ddf8bbe4768df5523e9d118327b8a7076aa0aa114e48de10814,True,False,False,False,False,False,assets/local/configs/SCVI/pm0000.json,d79fd565f7b1dc45a6beacc68a1b14c96ce9a00356ad51126f1f7c4db081ee87,freedom12/PokemonModelViewer,c5952930343748e6dcb4cae21ee383e0bd13b75c,public-derived-model-viewer-config-not-game-native-catalog,CROSSCHECK_PENDING,
SCVI,pm0001,1,pm0001_00_00,0,0,UNRESOLVED,UNRESOLVED,UNRESOLVED,icon/pm0001_00_00_00_big.png,46,92,5a9f1b52282756f578da62961c34c91c76fa2976b69f4c828615a1aa07a9ec65,True,True,True,True,True,True,assets/local/configs/SCVI/pm0001.json,1998fa822fd0caf58c7b43f66b5ede3ea95418704d09483ecc50d9d4bf534bc0,freedom12/PokemonModelViewer,c5952930343748e6dcb4cae21ee383e0bd13b75c,public-derived-model-viewer-config-not-game-native-catalog,CROSSCHECK_PENDING,
SCVI,pm0002,2,pm0002_00_00,0,0,UNRESOLVED,UNRESOLVED,UNRESOLVED,icon/pm0002_00_00_00_big.png,49,98,ec974bec80ed07a54924175cca7d753c2ad2709e2f07aebdfd99fa333b328ad3,True,True,True,True,True,True,assets/local/configs/SCVI/pm0002.json,c18603a1ae8c1a5b8fea7c7c4903befa9dbe51460c5e1c68d71c34429cf78736,freedom12/PokemonModelViewer,c5952930343748e6dcb4cae21ee383e0bd13b75c,public-derived-model-viewer-config-not-game-native-catalog,CROSSCHECK_PENDING,
SCVI,pm0003,3,pm0003_00_00,0,0,UNRESOLVED,UNRESOLVED,UNRESOLVED,icon/pm0003_00_00_00_big.png,49,98,ec974bec80ed07a54924175cca7d753c2ad2709e2f07aebdfd99fa333b328ad3,True,True,True,True,True,True,assets/local/configs/SCVI/pm0003.json,6c69ca3000f7e2366ef4fc71acb6d5be3f831b151b55e2b9381843afd855e50f,freedom12/PokemonModelViewer,c5952930343748e6dcb4cae21ee383e0bd13b75c,public-derived-model-viewer-config-not-game-native-catalog,CROSSCHECK_PENDING,
SCVI,pm0003,3,pm0003_01_00,1,0,UNRESOLVED,UNRESOLVED,UNRESOLVED,icon/pm0003_01_00_00_big.png,49,98,ec974bec80ed07a54924175cca7d753c2ad2709e2f07aebdfd99fa333b328ad3,True,True,True,True,True,True,assets/local/configs/SCVI/pm0003.json,6c69ca3000f7e2366ef4fc71acb6d5be3f831b151b55e2b9381843afd855e50f,freedom12/PokemonModelViewer,c5952930343748e6dcb4cae21ee383e0bd13b75c,public-derived-model-viewer-config-not-game-native-catalog,CROSSCHECK_PENDING,
SCVI,pm0004,4,pm0004_00_00,0,0,UNRESOLVED,UNRESOLVED,UNRESOLVED,icon/pm0004_00_00_00_big.png,50,100,a0ac961578b78843dbe718fb984ea2713dc1fcb3fedce1142d5e4f58ee3be2f1,True,True,True,True,True,True,assets/local/configs/SCVI/pm0004.json,92c4434836aabd443f7037acd1c1655e685e7207fadebbfe3132be6d6bb42262,freedom12/PokemonModelViewer,c5952930343748e6dcb4cae21ee383e0bd13b75c,public-derived-model-viewer-config-not-game-native-catalog,CROSSCHECK_PENDING,
SCVI,pm0005,5,pm0005_00_00,0,0,UNRESOLVED,UNRESOLVED,UNRESOLVED,icon/pm0005_00_00_00_big.png,50,100,a0ac961578b78843dbe718fb984ea2713dc1fcb3fedce1142d5e4f58ee3be2f1,True,True,True,True,True,True,assets/local/configs/SCVI/pm0005.json,1994686d8ea4f095d64f713f44bb75fbc9ee1eed1b26f153cd66ebea506a7c48,freedom12/PokemonModelViewer,c5952930343748e6dcb4cae21ee383e0bd13b75c,public-derived-model-viewer-config-not-game-native-catalog,CROSSCHECK_PENDING,
SCVI,pm0006,6,pm0006_00_00,0,0,UNRESOLVED,UNRESOLVED,UNRESOLVED,icon/pm0006_00_00_00_big.png,83,166,06865535e2fe72663158758e9a443f4fdf95d7a4867a8fdf97a910653b362a64,True,True,True,True,True,True,assets/local/configs/SCVI/pm0006.json,d0144bc1db67d7339d9bd5a1490cb44a57b591980024816676abaf2c7aa471fc,freedom12/PokemonModelViewer,c5952930343748e6dcb4cae21ee383e0bd13b75c,public-derived-model-viewer-config-not-game-native-catalog,CROSSCHECK_PENDING,
SCVI,pm0007,7,pm0007_00_00,0,0,UNRESOLVED,UNRESOLVED,UNRESOLVED,icon/pm0007_00_00_00_big.png,86,172,acf8f05a33d07ee35a3fc6067d9d03a9bf323af7bbd24d285c906d5e66efd136,True,True,True,True,True,True,assets/local/configs/SCVI/pm0007.json,29a545b9f917f5c528bc2f4f881923f0488344765d27fc0243b4263c9d1de183,freedom12/PokemonModelViewer,c5952930343748e6dcb4cae21ee383e0bd13b75c,public-derived-model-viewer-config-not-game-native-catalog,CROSSCHECK_PENDING,
SCVI,pm0008,8,pm0008_00_00,0,0,UNRESOLVED,UNRESOLVED,UNRESOLVED,icon/pm0008_00_00_00_big.png,83,166,1425519ba0ad5b7ee642c83ab167aa19ad6d87647bfa8de213dc14c220ac21ae,True,True,True,True,True,True,assets/local/configs/SCVI/pm0008.json,f7ff06313ace8f95e1ad89a184b112c49e114f6cc7fea095d579f750a2209fb8,freedom12/PokemonModelViewer,c5952930343748e6dcb4cae21ee383e0bd13b75c,public-derived-model-viewer-config-not-game-native-catalog,CROSSCHECK_PENDING,
SCVI,pm0009,9,pm0009_00_00,0,0,UNRESOLVED,UNRESOLVED,UNRESOLVED,icon/pm0009_00_00_00_big.png,86,172,acf8f05a33d07ee35a3fc6067d9d03a9bf323af7bbd24d285c906d5e66efd136,True,True,True,True,True,True,assets/local/configs/SCVI/pm0009.json,2909fdda77edfd10b812beaeed2c941f2cb1c7f826d35981895db4c154ad4f95,freedom12/PokemonModelViewer,c5952930343748e6dcb4cae21ee383e0bd13b75c,public-derived-model-viewer-config-not-game-native-catalog,CROSSCHECK_PENDING,
SCVI,pm0023,23,pm0023_00_00,0,0,UNRESOLVED,UNRESOLVED,UNRESOLVED,icon/pm0023_00_00_00_big.png,52,104,ed3a1cc17a9d0dbe2cb6819899757ebd0af50713364712b6f76a463b429eae5e,True,True,True,True,True,True,assets/local/configs/SCVI/pm0023.json,e243a693ebc37179a0593bc53efac5a52a167e49ee63e1f7e0ce543117837bb2,freedom12/PokemonModelViewer,c5952930343748e6dcb4cae21ee383e0bd13b75c,public-derived-model-viewer-config-not-game-native-catalog,CROSSCHECK_PENDING,
SCVI,pm0024,24,pm0024_00_00,0,0,UNRESOLVED,UNRESOLVED,UNRESOLVED,icon/pm0024_00_00_00_big.png,43,86,462aec9e7e5862573bbab24ccaed8bdc36a5b8068e0222fc06c6f2674d446906,True,True,True,True,True,True,assets/local/configs/SCVI/pm0024.json,260a3740b495ac80dfbfb5b056adb97c7c8517baed701ee718f550d174c978fa,freedom12/PokemonModelViewer,c5952930343748e6dcb4cae21ee383e0bd13b75c,public-derived-model-viewer-config-not-game-native-catalog,CROSSCHECK_PENDING,
SCVI,pm0025,25,pm0025_00_00,0,0,UNRESOLVED,UNRESOLVED,UNRESOLVED,icon/pm0025_00_00_00_big.png,78,156,954a3402ba685f2f66e14d87bbe37e62a6000fa419ed71da1b8d36e7d0de06d4,True,False,True,True,True,True,assets/local/configs/SCVI/pm0025.json,9e64e90a9e4e1ecf1629d644a1a8929be5f3668b16f3597f02027d9b00101c86,freedom12/PokemonModelViewer,c5952930343748e6dcb4cae21ee383e0bd13b75c,public-derived-model-viewer-config-not-game-native-catalog,CROSSCHECK_PENDING,
SCVI,pm0025,25,pm0025_01_00,1,0,UNRESOLVED,UNRESOLVED,UNRESOLVED,icon/pm0025_01_00_00_big.png,77,154,75834d5647b8944f07680b858403d93276f7f172575b089cb215be30e22d800b,True,False,True,True,True,True,assets/local/configs/SCVI/pm0025.json,9e64e90a9e4e1ecf1629d644a1a8929be5f3668b16f3597f02027d9b00101c86,freedom12/PokemonModelViewer,c5952930343748e6dcb4cae21ee383e0bd13b75c,public-derived-model-viewer-config-not-game-native-catalog,CROSSCHECK_PENDING,
SCVI,pm0025,25,pm0025_11_00,11,0,UNRESOLVED,UNRESOLVED,UNRESOLVED,icon/pm0025_11_00_00_big.png,76,152,75c6ea10453da865831278b1969013210f71c22bbb2d0cb94f12a5af718397fe,True,False,True,True,True,True,assets/local/configs/SCVI/pm0025.json,9e64e90a9e4e1ecf1629d644a1a8929be5f3668b16f3597f02027d9b00101c86,freedom12/PokemonModelViewer,c5952930343748e6dcb4cae21ee383e0bd13b75c,public-derived-model-viewer-config-not-game-native-catalog,CROSSCHECK_PENDING,
SCVI,pm0025,25,pm0025_12_00,12,0,UNRESOLVED,UNRESOLVED,UNRESOLVED,icon/pm0025_12_00_00_big.png,76,152,75c6ea10453da865831278b1969013210f71c22bbb2d0cb94f12a5af718397fe,True,False,True,True,True,True,assets/local/configs/SCVI/pm0025.json,9e64e90a9e4e1ecf1629d644a1a8929be5f3668b16f3597f02027d9b00101c86,freedom12/PokemonModelViewer,c5952930343748e6dcb4cae21ee383e0bd13b75c,public-derived-model-viewer-config-not-game-native-catalog,CROSSCHECK_PENDING,
SCVI,pm0025,25,pm0025_13_00,13,0,UNRESOLVED,UNRESOLVED,UNRESOLVED,icon/pm0025_13_00_00_big.png,76,152,75c6ea10453da865831278b1969013210f71c22bbb2d0cb94f12a5af718397fe,True,False,True,True,True,True,assets/local/configs/SCVI/pm0025.json,9e64e90a9e4e1ecf1629d644a1a8929be5f3668b16f3597f02027d9b00101c86,freedom12/PokemonModelViewer,c5952930343748e6dcb4cae21ee383e0bd13b75c,public-derived-model-viewer-config-not-game-native-catalog,CROSSCHECK_PENDING,
SCVI,pm0025,25,pm0025_14_00,14,0,UNRESOLVED,UNRESOLVED,UNRESOLVED,icon/pm0025_14_00_00_big.png,76,152,75c6ea10453da865831278b1969013210f71c22bbb2d0cb94f12a5af718397fe,True,False,True,True,True,True,assets/local/configs/SCVI/pm0025.json,9e64e90a9e4e1ecf1629d644a1a8929be5f3668b16f3597f02027d9b00101c86,freedom12/PokemonModelViewer,c5952930343748e6dcb4cae21ee383e0bd13b75c,public-derived-model-viewer-config-not-game-native-catalog,CROSSCHECK_PENDING,
SCVI,pm0025,25,pm0025_15_00,15,0,UNRESOLVED,UNRESOLVED,UNRESOLVED,icon/pm0025_15_00_00_big.png,76,152,75c6ea10453da865831278b1969013210f71c22bbb2d0cb94f12a5af718397fe,True,False,True,True,True,True,assets/local/configs/SCVI/pm0025.json,9e64e90a9e4e1ecf1629d644a1a8929be5f3668b16f3597f02027d9b00101c86,freedom12/PokemonModelViewer,c5952930343748e6dcb4cae21ee383e0bd13b75c,public-derived-model-viewer-config-not-game-native-catalog,CROSSCHECK_PENDING,
SCVI,pm0025,25,pm0025_16_00,16,0,UNRESOLVED,UNRESOLVED,UNRESOLVED,icon/pm0025_16_00_00_big.png,76,152,75c6ea10453da865831278b1969013210f71c22bbb2d0cb94f12a5af718397fe,True,False,True,True,True,True,assets/local/configs/SCVI/pm0025.json,9e64e90a9e4e1ecf1629d644a1a8929be5f3668b16f3597f02027d9b00101c86,freedom12/PokemonModelViewer,c5952930343748e6dcb4cae21ee383e0bd13b75c,public-derived-model-viewer-config-not-game-native-catalog,CROSSCHECK_PENDING,
SCVI,pm0025,25,pm0025_17_00,17,0,UNRESOLVED,UNRESOLVED,UNRESOLVED,icon/pm0025_17_00_00_big.png,76,152,75c6ea10453da865831278b1969013210f71c22bbb2d0cb94f12a5af718397fe,True,False,True,True,True,True,assets/local/configs/SCVI/pm0025.json,9e64e90a9e4e1ecf1629d644a1a8929be5f3668b16f3597f02027d9b00101c86,freedom12/PokemonModelViewer,c5952930343748e6dcb4cae21ee383e0bd13b75c,public-derived-model-viewer-config-not-game-native-catalog,CROSSCHECK_PENDING,
SCVI,pm0025,25,pm0025_18_00,18,0,UNRESOLVED,UNRESOLVED,UNRESOLVED,icon/pm0025_18_00_00_big.png,76,152,75c6ea10453da865831278b1969013210f71c22bbb2d0cb94f12a5af718397fe,True,False,True,True,True,True,assets/local/configs/SCVI/pm0025.json,9e64e90a9e4e1ecf1629d644a1a8929be5f3668b16f3597f02027d9b00101c86,freedom12/PokemonModelViewer,c5952930343748e6dcb4cae21ee383e0bd13b75c,public-derived-model-viewer-config-not-game-native-catalog,CROSSCHECK_PENDING,
SCVI,pm0026,26,pm0026_00_00,0,0,UNRESOLVED,UNRESOLVED,UNRESOLVED,icon/pm0026_00_00_00_big.png,77,154,a7d3baa618d572b13204fc43a2d11a111d945523012f8249cae6d497624efd4e,True,True,True,True,True,True,assets/local/configs/SCVI/pm0026.json,7ee0a3023c7ce649093d4ace2993aaf26387af4db20c60dfdd2446e66779c9ea,freedom12/PokemonModelViewer,c5952930343748e6dcb4cae21ee383e0bd13b75c,public-derived-model-viewer-config-not-game-native-catalog,CROSSCHECK_PENDING,
SCVI,pm0026,26,pm0026_00_11,0,11,UNRESOLVED,UNRESOLVED,UNRESOLVED,icon/pm0026_00_11_00_big.png,56,112,badef86e423d3bf850036c1de2ec7aca7bb65551eba3a97d2c8a6047d8bb8079,True,True,True,True,True,True,assets/local/configs/SCVI/pm0026.json,7ee0a3023c7ce649093d4ace2993aaf26387af4db20c60dfdd2446e66779c9ea,freedom12/PokemonModelViewer,c5952930343748e6dcb4cae21ee383e0bd13b75c,public-derived-model-viewer-config-not-game-native-catalog,CROSSCHECK_PENDING,
SCVI,pm0026,26,pm0026_01_00,1,0,UNRESOLVED,UNRESOLVED,UNRESOLVED,icon/pm0026_01_00_00_big.png,77,154,a7d3baa618d572b13204fc43a2d11a111d945523012f8249cae6d497624efd4e,True,True,True,True,True,True,assets/local/configs/SCVI/pm0026.json,7ee0a3023c7ce649093d4ace2993aaf26387af4db20c60dfdd2446e66779c9ea,freedom12/PokemonModelViewer,c5952930343748e6dcb4cae21ee383e0bd13b75c,public-derived-model-viewer-config-not-game-native-catalog,CROSSCHECK_PENDING,
SCVI,pm0027,27,pm0027_00_00,0,0,UNRESOLVED,UNRESOLVED,UNRESOLVED,icon/pm0027_00_00_00_big.png,47,94,9b3741d4cbdeabf6c7a97190d08df87246419adbd9004e3328034f5ac81255ac,True,False,True,True,True,False,assets/local/configs/SCVI/pm0027.json,7b15d4fe86f0babcdaa1a7d3dcd34ce5d73ef3c91e1f0a35ebed85022b47f857,freedom12/PokemonModelViewer,c5952930343748e6dcb4cae21ee383e0bd13b75c,public-derived-model-viewer-config-not-game-native-catalog,CROSSCHECK_PENDING,
SCVI,pm0027,27,pm0027_00_11,0,11,UNRESOLVED,UNRESOLVED,UNRESOLVED,icon/pm0027_00_11_00_big.png,42,84,ae27aeb1271bc0347b30691ea18bef23d7d0b221782f872f9f623d4698e3fb86,True,True,True,True,True,False,assets/local/configs/SCVI/pm0027.json,7b15d4fe86f0babcdaa1a7d3dcd34ce5d73ef3c91e1f0a35ebed85022b47f857,freedom12/PokemonModelViewer,c5952930343748e6dcb4cae21ee383e0bd13b75c,public-derived-model-viewer-config-not-game-native-catalog,CROSSCHECK_PENDING,
SCVI,pm0028,28,pm0028_00_00,0,0,UNRESOLVED,UNRESOLVED,UNRESOLVED,icon/pm0028_00_00_00_big.png,41,82,8ceb44e42cf948fd804b2d0a09d800df8e6171a18352c1cd381b1aad3bf8f8e8,True,False,True,True,True,False,assets/local/configs/SCVI/pm0028.json,c5b5836c465bc7a86c5c454735f01f17373faf6419edd3da1e8cc780bdc4f2c7,freedom12/PokemonModelViewer,c5952930343748e6dcb4cae21ee383e0bd13b75c,public-derived-model-viewer-config-not-game-native-catalog,CROSSCHECK_PENDING,
SCVI,pm0028,28,pm0028_00_11,0,11,UNRESOLVED,UNRESOLVED,UNRESOLVED,icon/pm0028_00_11_00_big.png,42,84,ae27aeb1271bc0347b30691ea18bef23d7d0b221782f872f9f623d4698e3fb86,True,True,True,True,True,False,assets/local/configs/SCVI/pm0028.json,c5b5836c465bc7a86c5c454735f01f17373faf6419edd3da1e8cc780bdc4f2c7,freedom12/PokemonModelViewer,c5952930343748e6dcb4cae21ee383e0bd13b75c,public-derived-model-viewer-config-not-game-native-catalog,CROSSCHECK_PENDING,
SCVI,pm0035,35,pm0035_00_00,0,0,UNRESOLVED,UNRESOLVED,UNRESOLVED,icon/pm0035_00_00_00_big.png,55,110,55f9ab3c55191569051583133e5aa4291c0687f1382778b65a0ea1782c5785ff,True,False,True,True,True,True,assets/local/configs/SCVI/pm0035.json,3ffbaa600a0cf5b39715a555d9588ed66086540b3dee8e9dd8884403c8aaca28,freedom12/PokemonModelViewer,c5952930343748e6dcb4cae21ee383e0bd13b75c,public-derived-model-viewer-config-not-game-native-catalog,CROSSCHECK_PENDING,
SCVI,pm0036,36,pm0036_00_00,0,0,UNRESOLVED,UNRESOLVED,UNRESOLVED,icon/pm0036_00_00_00_big.png,52,104,1e51122f2ead70a392c6ec002c829c4102be2185a86de500ba9d6c2f40f4317a,True,False,True,True,True,True,assets/local/configs/SCVI/pm0036.json,0952f416e8940169e04b0ca93d5e610fa59c63df9d0e09b1f0358e12138d8da0,freedom12/PokemonModelViewer,c5952930343748e6dcb4cae21ee383e0bd13b75c,public-derived-model-viewer-config-not-game-native-catalog,CROSSCHECK_PENDING,
SCVI,pm0037,37,pm0037_00_00,0,0,UNRESOLVED,UNRESOLVED,UNRESOLVED,icon/pm0037_00_00_00_big.png,50,100,b4321d80fcd7aeec2443296c2486dfe84dd37761ad3f19b7bb873a184f341f46,True,True,True,True,True,True,assets/local/configs/SCVI/pm0037.json,0e20fd7a269eeae2edc82b8e12e6eb983edd6be54c38f220ad51e9a06ea9e339,freedom12/PokemonModelViewer,c5952930343748e6dcb4cae21ee383e0bd13b75c,public-derived-model-viewer-config-not-game-native-catalog,CROSSCHECK_PENDING,
SCVI,pm0037,37,pm0037_00_11,0,11,UNRESOLVED,UNRESOLVED,UNRESOLVED,icon/pm0037_00_11_00_big.png,53,106,685d01e07e8b62cca7099f8398356b29d8e47b1ef9f9833a40fb6958ea15407f,True,True,True,True,True,True,assets/local/configs/SCVI/pm0037.json,0e20fd7a269eeae2edc82b8e12e6eb983edd6be54c38f220ad51e9a06ea9e339,freedom12/PokemonModelViewer,c5952930343748e6dcb4cae21ee383e0bd13b75c,public-derived-model-viewer-config-not-game-native-catalog,CROSSCHECK_PENDING,
SCVI,pm0038,38,pm0038_00_00,0,0,UNRESOLVED,UNRESOLVED,UNRESOLVED,icon/pm0038_00_00_00_big.png,50,100,1856cb0bc13541e2b689dc035bee1a527fa4384f84990071ba185c881ff14a84,True,True,True,True,True,True,assets/local/configs/SCVI/pm0038.json,115c90d51b6cc5174ae107dcf475fc318a443b5fce83da2084bef5a7e5992ccb,freedom12/PokemonModelViewer,c5952930343748e6dcb4cae21ee383e0bd13b75c,public-derived-model-viewer-config-not-game-native-catalog,CROSSCHECK_PENDING,
SCVI,pm0038,38,pm0038_00_11,0,11,UNRESOLVED,UNRESOLVED,UNRESOLVED,icon/pm0038_00_11_00_big.png,53,106,685d01e07e8b62cca7099f8398356b29d8e47b1ef9f9833a40fb6958ea15407f,True,True,True,True,True,True,assets/local/configs/SCVI/pm0038.json,115c90d51b6cc5174ae107dcf475fc318a443b5fce83da2084bef5a7e5992ccb,freedom12/PokemonModelViewer,c5952930343748e6dcb4cae21ee383e0bd13b75c,public-derived-model-viewer-config-not-game-native-catalog,CROSSCHECK_PENDING,
SCVI,pm0039,39,pm0039_00_00,0,0,UNRESOLVED,UNRESOLVED,UNRESOLVED,icon/pm0039_00_00_00_big.png,77,154,bc783de5bbadd33167f26260262f3b69e0bd1bd102518724f0848fc167f50704,True,True,True,True,True,True,assets/local/configs/SCVI/pm0039.json,5be0864eabb824daa7efdd32e87aa0ea9f01a4edfcbb5224e307f613252af8e2,freedom12/PokemonModelViewer,c5952930343748e6dcb4cae21ee383e0bd13b75c,public-derived-model-viewer-config-not-game-native-catalog,CROSSCHECK_PENDING,
SCVI,pm0040,40,pm0040_00_00,0,0,UNRESOLVED,UNRESOLVED,UNRESOLVED,icon/pm0040_00_00_00_big.png,77,154,bc783de5bbadd33167f26260262f3b69e0bd1bd102518724f0848fc167f50704,True,True,True,True,True,True,assets/local/configs/SCVI/pm0040.json,e992c4429d32f5072264d029c4dcd4a935a88987b25ba82905f8e930be9fa56d,freedom12/PokemonModelViewer,c5952930343748e6dcb4cae21ee383e0bd13b75c,public-derived-model-viewer-config-not-game-native-catalog,CROSSCHECK_PENDING,
SCVI,pm0043,43,pm0043_00_00,0,0,UNRESOLVED,UNRESOLVED,UNRESOLVED,icon/pm0043_00_00_00_big.png,50,100,b41c4073e8cb3ef87bd52c3f74cd3d87ea8346e08ba61107f3069c53ab3aa986,True,True,True,True,True,True,assets/local/configs/SCVI/pm0043.json,882868805fefe61e1e89d5935a1e43b1107d6114cadfa76fbc3ae2f668ebd43a,freedom12/PokemonModelViewer,c5952930343748e6dcb4cae21ee383e0bd13b75c,public-derived-model-viewer-config-not-game-native-catalog,CROSSCHECK_PENDING,
SCVI,pm0044,44,pm0044_00_00,0,0,UNRESOLVED,UNRESOLVED,UNRESOLVED,icon/pm0044_00_00_00_big.png,48,96,cc7ca4e462d7fa69e8b07dc96b5d9006a04a2a7fab335f0ed063707c845c8caf,True,True,True,True,False,True,assets/local/configs/SCVI/pm0044.json,ddc47cdff2bc93715fa0d9faeabc3edcfbfced6bfa1dc4e03240b88c6ace9232,freedom12/PokemonModelViewer,c5952930343748e6dcb4cae21ee383e0bd13b75c,public-derived-model-viewer-config-not-game-native-catalog,CROSSCHECK_PENDING,
SCVI,pm0044,44,pm0044_01_00,1,0,UNRESOLVED,UNRESOLVED,UNRESOLVED,icon/pm0044_01_00_00_big.png,48,96,cc7ca4e462d7fa69e8b07dc96b5d9006a04a2a7fab335f0ed063707c845c8caf,True,True,True,True,False,True,assets/local/configs/SCVI/pm0044.json,ddc47cdff2bc93715fa0d9faeabc3edcfbfced6bfa1dc4e03240b88c6ace9232,freedom12/PokemonModelViewer,c5952930343748e6dcb4cae21ee383e0bd13b75c,public-derived-model-viewer-config-not-game-native-catalog,CROSSCHECK_PENDING,
SCVI,pm0045,45,pm0045_00_00,0,0,UNRESOLVED,UNRESOLVED,UNRESOLVED,icon/pm0045_00_00_00_big.png,49,98,ec974bec80ed07a54924175cca7d753c2ad2709e2f07aebdfd99fa333b328ad3,True,True,True,True,True,True,assets/local/configs/SCVI/pm0045.json,e290f6b096f2562802776ea8c0a1e7850b26535a498eee2267d15edd066cef66,freedom12/PokemonModelViewer,c5952930343748e6dcb4cae21ee383e0bd13b75c,public-derived-model-viewer-config-not-game-native-catalog,CROSSCHECK_PENDING,
SCVI,pm0045,45,pm0045_01_00,1,0,UNRESOLVED,UNRESOLVED,UNRESOLVED,icon/pm0045_01_00_00_big.png,49,98,ec974bec80ed07a54924175cca7d753c2ad2709e2f07aebdfd99fa333b328ad3,True,True,True,True,True,True,assets/local/configs/SCVI/pm0045.json,e290f6b096f2562802776ea8c0a1e7850b26535a498eee2267d15edd066cef66,freedom12/PokemonModelViewer,c5952930343748e6dcb4cae21ee383e0bd13b75c,public-derived-model-viewer-config-not-game-native-catalog,CROSSCHECK_PENDING,
SCVI,pm0048,48,pm0048_00_00,0,0,UNRESOLVED,UNRESOLVED,UNRESOLVED,icon/pm0048_00_00_00_big.png,45,90,5191494ae53d51c3538883df353f95775a14551227aa3b72022ddd5d67ee3aea,True,False,True,True,True,False,assets/local/configs/SCVI/pm0048.json,44315579699eaf81d5f97ceca95624640c30a4ea462a2c35e62468fe33b81abe,freedom12/PokemonModelViewer,c5952930343748e6dcb4cae21ee383e0bd13b75c,public-derived-model-viewer-config-not-game-native-catalog,CROSSCHECK_PENDING,
SCVI,pm0049,49,pm0049_00_00,0,0,UNRESOLVED,UNRESOLVED,UNRESOLVED,icon/pm0049_00_00_00_big.png,42,84,5f4e65c3ddbb069fc3b20fb070c431c936d75fd11ff8f3a63cd657afa8de395d,True,False,True,True,True,True,assets/local/configs/SCVI/pm0049.json,a17f27ccefde482fa15c7d1412e66dde381c305319919f29dce8b3095bbf0841,freedom12/PokemonModelViewer,c5952930343748e6dcb4cae21ee383e0bd13b75c,public-derived-model-viewer-config-not-game-native-catalog,CROSSCHECK_PENDING,
SCVI,pm0050,50,pm0050_00_00,0,0,UNRESOLVED,UNRESOLVED,UNRESOLVED,icon/pm0050_00_00_00_big.png,39,78,740a2244df206f8d11395de559837aa5844ba7d684e42bbceb451cfeaf50dddc,True,False,True,True,True,False,assets/local/configs/SCVI/pm0050.json,3bee17f14c88652d146cb32305c981a63551470f999a91757bd0e0deebb2802e,freedom12/PokemonModelViewer,c5952930343748e6dcb4cae21ee383e0bd13b75c,public-derived-model-viewer-config-not-game-native-catalog,CROSSCHECK_PENDING,
SCVI,pm0050,50,pm0050_00_11,0,11,UNRESOLVED,UNRESOLVED,UNRESOLVED,icon/pm0050_00_11_00_big.png,39,78,740a2244df206f8d11395de559837aa5844ba7d684e42bbceb451cfeaf50dddc,True,False,True,True,True,False,assets/local/configs/SCVI/pm0050.json,3bee17f14c88652d146cb32305c981a63551470f999a91757bd0e0deebb2802e,freedom12/PokemonModelViewer,c5952930343748e6dcb4cae21ee383e0bd13b75c,public-derived-model-viewer-config-not-game-native-catalog,CROSSCHECK_PENDING,
SCVI,pm0051,51,pm0051_00_00,0,0,UNRESOLVED,UNRESOLVED,UNRESOLVED,icon/pm0051_00_00_00_big.png,40,80,34bb8c801ff3ddab59a824cf2eceec598d7e90665ca51dfa3144879c5168ca60,True,True,True,True,True,False,assets/local/configs/SCVI/pm0051.json,f828a5fd792d2482d5ff5e429205d40d396ffd56502025d4d170bd330ec15005,freedom12/PokemonModelViewer,c5952930343748e6dcb4cae21ee383e0bd13b75c,public-derived-model-viewer-config-not-game-native-catalog,CROSSCHECK_PENDING,
SCVI,pm0051,51,pm0051_00_11,0,11,UNRESOLVED,UNRESOLVED,UNRESOLVED,icon/pm0051_00_11_00_big.png,40,80,34bb8c801ff3ddab59a824cf2eceec598d7e90665ca51dfa3144879c5168ca60,True,True,True,True,True,False,assets/local/configs/SCVI/pm0051.json,f828a5fd792d2482d5ff5e429205d40d396ffd56502025d4d170bd330ec15005,freedom12/PokemonModelViewer,c5952930343748e6dcb4cae21ee383e0bd13b75c,public-derived-model-viewer-config-not-game-native-catalog,CROSSCHECK_PENDING,
SCVI,pm0052,52,pm0052_00_00,0,0,UNRESOLVED,UNRESOLVED,UNRESOLVED,icon/pm0052_00_00_00_big.png,49,98,ec974bec80ed07a54924175cca7d753c2ad2709e2f07aebdfd99fa333b328ad3,True,True,True,True,True,True,assets/local/configs/SCVI/pm0052.json,331e4c59b405735892a576239d874599f36c32bf69ccf2a1c8559c245a679248,freedom12/PokemonModelViewer,c5952930343748e6dcb4cae21ee383e0bd13b75c,public-derived-model-viewer-config-not-game-native-catalog,CROSSCHECK_PENDING,
SCVI,pm0052,52,pm0052_00_11,0,11,UNRESOLVED,UNRESOLVED,UNRESOLVED,icon/pm0052_00_11_00_big.png,42,84,646b711c8997b7eacbef90ef2d93401481139ae41e984b57cb1202f5fcefcff4,True,False,True,True,True,True,assets/local/configs/SCVI/pm0052.json,331e4c59b405735892a576239d874599f36c32bf69ccf2a1c8559c245a679248,freedom12/PokemonModelViewer,c5952930343748e6dcb4cae21ee383e0bd13b75c,public-derived-model-viewer-config-not-game-native-catalog,CROSSCHECK_PENDING,
SCVI,pm0052,52,pm0052_00_31,0,31,UNRESOLVED,UNRESOLVED,UNRESOLVED,icon/pm0052_00_31_00_big.png,49,98,ec974bec80ed07a54924175cca7d753c2ad2709e2f07aebdfd99fa333b328ad3,True,True,True,True,True,True,assets/local/configs/SCVI/pm0052.json,331e4c59b405735892a576239d874599f36c32bf69ccf2a1c8559c245a679248,freedom12/PokemonModelViewer,c5952930343748e6dcb4cae21ee383e0bd13b75c,public-derived-model-viewer-config-not-game-native-catalog,CROSSCHECK_PENDING,
SCVI,pm0053,53,pm0053_00_00,0,0,UNRESOLVED,UNRESOLVED,UNRESOLVED,icon/pm0053_00_00_00_big.png,49,98,ec974bec80ed07a54924175cca7d753c2ad2709e2f07aebdfd99fa333b328ad3,True,True,True,True,True,True,assets/local/configs/SCVI/pm0053.json,5eb74ff7d75bfe5f717b47604cce02312e79d372921e151706abb8f78e29240e,freedom12/PokemonModelViewer,c5952930343748e6dcb4cae21ee383e0bd13b75c,public-derived-model-viewer-config-not-game-native-catalog,CROSSCHECK_PENDING,
SCVI,pm0053,53,pm0053_00_11,0,11,UNRESOLVED,UNRESOLVED,UNRESOLVED,icon/pm0053_00_11_00_big.png,47,94,7b7418385c10564c97e85aca1dd6b1e0217745e030e63574c1a59b92e720692c,True,True,True,True,True,True,assets/local/configs/SCVI/pm0053.json,5eb74ff7d75bfe5f717b47604cce02312e79d372921e151706abb8f78e29240e,freedom12/PokemonModelViewer,c5952930343748e6dcb4cae21ee383e0bd13b75c,public-derived-model-viewer-config-not-game-native-catalog,CROSSCHECK_PENDING,
SCVI,pm0054,54,pm0054_00_00,0,0,UNRESOLVED,UNRESOLVED,UNRESOLVED,icon/pm0054_00_00_00_big.png,74,148,b2d66d529f860454eb442defc8c8c49369b26d830d63d8ca7c873cafd5fb48ad,True,False,True,True,True,True,assets/local/configs/SCVI/pm0054.json,a072e6961a2d8f732fc77d0d4ced2f7c6eb476fe723b552cd582fc2bddd2e019,freedom12/PokemonModelViewer,c5952930343748e6dcb4cae21ee383e0bd13b75c,public-derived-model-viewer-config-not-game-native-catalog,CROSSCHECK_PENDING,
SCVI,pm0055,55,pm0055_00_00,0,0,UNRESOLVED,UNRESOLVED,UNRESOLVED,icon/pm0055_00_00_00_big.png,72,144,fe3f70d0908092dd6785f6cef82c8a95a8e409630e6f8cb90dd44ba483235e3e,True,True,True,True,True,True,assets/local/configs/SCVI/pm0055.json,b3f60e10d22656a5508895f0fc814cb826a484c10a4e29205d4ab68d4c6cbca3,freedom12/PokemonModelViewer,c5952930343748e6dcb4cae21ee383e0bd13b75c,public-derived-model-viewer-config-not-game-native-catalog,CROSSCHECK_PENDING,
SCVI,pm0056,56,pm0056_00_00,0,0,UNRESOLVED,UNRESOLVED,UNRESOLVED,icon/pm0056_00_00_00_big.png,45,90,d4af9689acad3f3ab36b613cf7b221b35d0e239864f075354b5a7b350576a49b,True,True,True,True,True,False,assets/local/configs/SCVI/pm0056.json,735b716eea4609599971124bc0688a999acf1556ec9128a9c9e223c1ad7b9f4b,freedom12/PokemonModelViewer,c5952930343748e6dcb4cae21ee383e0bd13b75c,public-derived-model-viewer-config-not-game-native-catalog,CROSSCHECK_PENDING,
SCVI,pm0057,57,pm0057_00_00,0,0,UNRESOLVED,UNRESOLVED,UNRESOLVED,icon/pm0057_00_00_00_big.png,45,90,d4af9689acad3f3ab36b613cf7b221b35d0e239864f075354b5a7b350576a49b,True,True,True,True,True,False,assets/local/configs/SCVI/pm0057.json,e254bc60200febe84548937511bca9ac3949f410114fc4639db4e32499589bb0,freedom12/PokemonModelViewer,c5952930343748e6dcb4cae21ee383e0bd13b75c,public-derived-model-viewer-config-not-game-native-catalog,CROSSCHECK_PENDING,
SCVI,pm0058,58,pm0058_00_00,0,0,UNRESOLVED,UNRESOLVED,UNRESOLVED,icon/pm0058_00_00_00_big.png,49,98,ec974bec80ed07a54924175cca7d753c2ad2709e2f07aebdfd99fa333b328ad3,True,True,True,True,True,True,assets/local/configs/SCVI/pm0058.json,f05ccbb8d5448f0ad5d02b6ba59cdf659a484798168829b96108a0941d7c3ed4,freedom12/PokemonModelViewer,c5952930343748e6dcb4cae21ee383e0bd13b75c,public-derived-model-viewer-config-not-game-native-catalog,CROSSCHECK_PENDING,
SCVI,pm0058,58,pm0058_00_41,0,41,UNRESOLVED,UNRESOLVED,UNRESOLVED,icon/pm0058_00_41_00_big.png,48,96,cc7ca4e462d7fa69e8b07dc96b5d9006a04a2a7fab335f0ed063707c845c8caf,True,True,True,True,False,True,assets/local/configs/SCVI/pm0058.json,f05ccbb8d5448f0ad5d02b6ba59cdf659a484798168829b96108a0941d7c3ed4,freedom12/PokemonModelViewer,c5952930343748e6dcb4cae21ee383e0bd13b75c,public-derived-model-viewer-config-not-game-native-catalog,CROSSCHECK_PENDING,
SCVI,pm0059,59,pm0059_00_00,0,0,UNRESOLVED,UNRESOLVED,UNRESOLVED,icon/pm0059_00_00_00_big.png,46,92,5a9f1b52282756f578da62961c34c91c76fa2976b69f4c828615a1aa07a9ec65,True,True,True,True,True,True,assets/local/configs/SCVI/pm0059.json,a752885819e8b1448b8b23f3c3b0e2f648801883ddd9d39dcd8a66abcf1702bf,freedom12/PokemonModelViewer,c5952930343748e6dcb4cae21ee383e0bd13b75c,public-derived-model-viewer-config-not-game-native-catalog,CROSSCHECK_PENDING,
SCVI,pm0059,59,pm0059_00_41,0,41,UNRESOLVED,UNRESOLVED,UNRESOLVED,icon/pm0059_00_41_00_big.png,46,92,5a9f1b52282756f578da62961c34c91c76fa2976b69f4c828615a1aa07a9ec65,True,True,True,True,True,True,assets/local/configs/SCVI/pm0059.json,a752885819e8b1448b8b23f3c3b0e2f648801883ddd9d39dcd8a66abcf1702bf,freedom12/PokemonModelViewer,c5952930343748e6dcb4cae21ee383e0bd13b75c,public-derived-model-viewer-config-not-game-native-catalog,CROSSCHECK_PENDING,
SCVI,pm0060,60,pm0060_00_00,0,0,UNRESOLVED,UNRESOLVED,UNRESOLVED,icon/pm0060_00_00_00_big.png,91,182,f600a297d68725defb5a97280da5c2cae459491b35328e4688a3595d97f2d0d2,True,True,True,True,True,True,assets/local/configs/SCVI/pm0060.json,84c9757cf740b2ee86bd106dacfac27e1af71bc2c85a92a512898e406cf9e883,freedom12/PokemonModelViewer,c5952930343748e6dcb4cae21ee383e0bd13b75c,public-derived-model-viewer-config-not-game-native-catalog,CROSSCHECK_PENDING,
SCVI,pm0061,61,pm0061_00_00,0,0,UNRESOLVED,UNRESOLVED,UNRESOLVED,icon/pm0061_00_00_00_big.png,76,152,c37c5ba06b1ee5e3a5c8eb6f3705597d6ea26e8d37451f89c164ac62d63b329b,True,True,True,True,True,False,assets/local/configs/SCVI/pm0061.json,10b25106eb0663638c2ce2471d0e38ecc7b5e7c15300fc7da959f051ad07cde9,freedom12/PokemonModelViewer,c5952930343748e6dcb4cae21ee383e0bd13b75c,public-derived-model-viewer-config-not-game-native-catalog,CROSSCHECK_PENDING,
SCVI,pm0062,62,pm0062_00_00,0,0,UNRESOLVED,UNRESOLVED,UNRESOLVED,icon/pm0062_00_00_00_big.png,83,166,86e1eaf7442934d4c57ff964f04ffb72e8ca4364e281d6a64fc3c924350d4574,True,True,True,True,True,False,assets/local/configs/SCVI/pm0062.json,31d3d6d5742deacfc938939b8c4df0a27605269c88e2fb9caaed081af49bff56,freedom12/PokemonModelViewer,c5952930343748e6dcb4cae21ee383e0bd13b75c,public-derived-model-viewer-config-not-game-native-catalog,CROSSCHECK_PENDING,
SCVI,pm0069,69,pm0069_00_00,0,0,UNRESOLVED,UNRESOLVED,UNRESOLVED,icon/pm0069_00_00_00_big.png,53,106,685d01e07e8b62cca7099f8398356b29d8e47b1ef9f9833a40fb6958ea15407f,True,True,True,True,True,True,assets/local/configs/SCVI/pm0069.json,d434258e909031dcc2ff44087739fae3d54c5a009dbff5c3ddc9a8dbd4f77d81,freedom12/PokemonModelViewer,c5952930343748e6dcb4cae21ee383e0bd13b75c,public-derived-model-viewer-config-not-game-native-catalog,CROSSCHECK_PENDING,
SCVI,pm0070,70,pm0070_00_00,0,0,UNRESOLVED,UNRESOLVED,UNRESOLVED,icon/pm0070_00_00_00_big.png,50,100,04898c09b3d65e8b2d4092fada56a4454642217133f5046550e5eeef755789aa,True,True,True,True,True,True,assets/local/configs/SCVI/pm0070.json,24534be501bc2396f05392178affe6aa722022723c30011fa2326451a9ec1a31,freedom12/PokemonModelViewer,c5952930343748e6dcb4cae21ee383e0bd13b75c,public-derived-model-viewer-config-not-game-native-catalog,CROSSCHECK_PENDING,
SCVI,pm0071,71,pm0071_00_00,0,0,UNRESOLVED,UNRESOLVED,UNRESOLVED,icon/pm0071_00_00_00_big.png,45,90,49aaf6a61e0e3c0667700b2a8c49ab5640554f50bb8714e8e051fcee6e11f1c1,True,True,True,True,True,False,assets/local/configs/SCVI/pm0071.json,633d3229720188ae438f928f36d304096c5b147a234b48fbb73d7e790f13a24f,freedom12/PokemonModelViewer,c5952930343748e6dcb4cae21ee383e0bd13b75c,public-derived-model-viewer-config-not-game-native-catalog,CROSSCHECK_PENDING,
SCVI,pm0072,72,pm0072_00_00,0,0,UNRESOLVED,UNRESOLVED,UNRESOLVED,icon/pm0072_00_00_00_big.png,48,96,6720a0e1c57c565c77c3dc44fb652617ff28985819f44d9d926a9cd5f47e9106,True,False,True,True,True,False,assets/local/configs/SCVI/pm0072.json,969ef24dd811d994a2959cd5cd21e7ee3a582feefeeb450063b8101c8624907f,freedom12/PokemonModelViewer,c5952930343748e6dcb4cae21ee383e0bd13b75c,public-derived-model-viewer-config-not-game-native-catalog,CROSSCHECK_PENDING,
SCVI,pm0073,73,pm0073_00_00,0,0,UNRESOLVED,UNRESOLVED,UNRESOLVED,icon/pm0073_00_00_00_big.png,42,84,8796629288c587bd35bde4d9d66b332696843ef07a97f469709eaeb86aa03e35,True,True,True,True,True,False,assets/local/configs/SCVI/pm0073.json,924b8b366cb954af51e5269cf48a72459dd9ee32d8f8209fdcd6b1a35e144db5,freedom12/PokemonModelViewer,c5952930343748e6dcb4cae21ee383e0bd13b75c,public-derived-model-viewer-config-not-game-native-catalog,CROSSCHECK_PENDING,
SCVI,pm0074,74,pm0074_00_00,0,0,UNRESOLVED,UNRESOLVED,UNRESOLVED,icon/pm0074_00_00_00_big.png,46,92,8651905f0358589e961b116909e8868ec2e2b314ebc563085bff77d3c384992c,True,True,True,True,True,True,assets/local/configs/SCVI/pm0074.json,ffb9db87ae36779cae7d4c922e4b132c4154f7cadcf2df99da7effc043d8ba6b,freedom12/PokemonModelViewer,c5952930343748e6dcb4cae21ee383e0bd13b75c,public-derived-model-viewer-config-not-game-native-catalog,CROSSCHECK_PENDING,
SCVI,pm0074,74,pm0074_00_11,0,11,UNRESOLVED,UNRESOLVED,UNRESOLVED,icon/pm0074_00_11_00_big.png,43,86,4a7b075cb953519a1e9ddf275b9c4db1287045b88c4093b238ff4df19aba2889,True,True,True,True,True,True,assets/local/configs/SCVI/pm0074.json,ffb9db87ae36779cae7d4c922e4b132c4154f7cadcf2df99da7effc043d8ba6b,freedom12/PokemonModelViewer,c5952930343748e6dcb4cae21ee383e0bd13b75c,public-derived-model-viewer-config-not-game-native-catalog,CROSSCHECK_PENDING,
SCVI,pm0075,75,pm0075_00_00,0,0,UNRESOLVED,UNRESOLVED,UNRESOLVED,icon/pm0075_00_00_00_big.png,43,86,462aec9e7e5862573bbab24ccaed8bdc36a5b8068e0222fc06c6f2674d446906,True,True,True,True,True,True,assets/local/configs/SCVI/pm0075.json,e4747c2a0f5a77f0670fd409eacc4fba8fbfb6cb9dffb5d45deeeb99ad6d490c,freedom12/PokemonModelViewer,c5952930343748e6dcb4cae21ee383e0bd13b75c,public-derived-model-viewer-config-not-game-native-catalog,CROSSCHECK_PENDING,
SCVI,pm0075,75,pm0075_00_11,0,11,UNRESOLVED,UNRESOLVED,UNRESOLVED,icon/pm0075_00_11_00_big.png,43,86,462aec9e7e5862573bbab24ccaed8bdc36a5b8068e0222fc06c6f2674d446906,True,True,True,True,True,True,assets/local/configs/SCVI/pm0075.json,e4747c2a0f5a77f0670fd409eacc4fba8fbfb6cb9dffb5d45deeeb99ad6d490c,freedom12/PokemonModelViewer,c5952930343748e6dcb4cae21ee383e0bd13b75c,public-derived-model-viewer-config-not-game-native-catalog,CROSSCHECK_PENDING,
SCVI,pm0076,76,pm0076_00_00,0,0,UNRESOLVED,UNRESOLVED,UNRESOLVED,icon/pm0076_00_00_00_big.png,53,106,685d01e07e8b62cca7099f8398356b29d8e47b1ef9f9833a40fb6958ea15407f,True,True,True,True,True,True,assets/local/configs/SCVI/pm0076.json,a0bfddaed94dc534fb4820bfd1728cd568770bc0c7fa1fe670c725030d964a5f,freedom12/PokemonModelViewer,c5952930343748e6dcb4cae21ee383e0bd13b75c,public-derived-model-viewer-config-not-game-native-catalog,CROSSCHECK_PENDING,
SCVI,pm0076,76,pm0076_00_11,0,11,UNRESOLVED,UNRESOLVED,UNRESOLVED,icon/pm0076_00_11_00_big.png,53,106,685d01e07e8b62cca7099f8398356b29d8e47b1ef9f9833a40fb6958ea15407f,True,True,True,True,True,True,assets/local/configs/SCVI/pm0076.json,a0bfddaed94dc534fb4820bfd1728cd568770bc0c7fa1fe670c725030d964a5f,freedom12/PokemonModelViewer,c5952930343748e6dcb4cae21ee383e0bd13b75c,public-derived-model-viewer-config-not-game-native-catalog,CROSSCHECK_PENDING,
SCVI,pm0079,79,pm0079_00_00,0,0,UNRESOLVED,UNRESOLVED,UNRESOLVED,icon/pm0079_00_00_00_big.png,73,146,9323777bcb9ffec84e1dc38968c2950139bab6936b88ff1c4e06884807c1b109,True,False,True,True,True,True,assets/local/configs/SCVI/pm0079.json,cc27589b1c356f969a201fa4da20dd2ded1dd3defa7c5627d3436b6c2a8dbfdf,freedom12/PokemonModelViewer,c5952930343748e6dcb4cae21ee383e0bd13b75c,public-derived-model-viewer-config-not-game-native-catalog,CROSSCHECK_PENDING,
SCVI,pm0079,79,pm0079_00_31,0,31,UNRESOLVED,UNRESOLVED,UNRESOLVED,icon/pm0079_00_31_00_big.png,70,140,f060685c0bdec04e6f62c2b78556e47ef27302031f997629a2b132d807c33a77,True,False,True,True,True,True,assets/local/configs/SCVI/pm0079.json,cc27589b1c356f969a201fa4da20dd2ded1dd3defa7c5627d3436b6c2a8dbfdf,freedom12/PokemonModelViewer,c5952930343748e6dcb4cae21ee383e0bd13b75c,public-derived-model-viewer-config-not-game-native-catalog,CROSSCHECK_PENDING,
SCVI,pm0080,80,pm0080_00_00,0,0,UNRESOLVED,UNRESOLVED,UNRESOLVED,icon/pm0080_00_00_00_big.png,76,152,75c6ea10453da865831278b1969013210f71c22bbb2d0cb94f12a5af718397fe,True,False,True,True,True,True,assets/local/configs/SCVI/pm0080.json,9fbb6efe46512d94ee67f35b6ea1fde15196fed348752fbdc052db60cfe69f02,freedom12/PokemonModelViewer,c5952930343748e6dcb4cae21ee383e0bd13b75c,public-derived-model-viewer-config-not-game-native-catalog,CROSSCHECK_PENDING,
SCVI,pm0080,80,pm0080_00_31,0,31,UNRESOLVED,UNRESOLVED,UNRESOLVED,icon/pm0080_00_31_00_big.png,74,148,157f4a50f058b0a8b5f2306935337218f3cb0b735e600c86d2e80288aa6320d9,True,True,True,True,True,True,assets/local/configs/SCVI/pm0080.json,9fbb6efe46512d94ee67f35b6ea1fde15196fed348752fbdc052db60cfe69f02,freedom12/PokemonModelViewer,c5952930343748e6dcb4cae21ee383e0bd13b75c,public-derived-model-viewer-config-not-game-native-catalog,CROSSCHECK_PENDING,
SCVI,pm0081,81,pm0081_00_00,0,0,UNRESOLVED,UNRESOLVED,UNRESOLVED,icon/pm0081_00_00_00_big.png,41,82,f2d783ac7a8b4d94834e539186decc5099249ba3e43bf3682492c6aea2b81de8,True,False,True,True,True,False,assets/local/configs/SCVI/pm0081.json,24923e8b617cacf93ef9e4b11768a348633736ad759a74015214eb4644de2f5b,freedom12/PokemonModelViewer,c5952930343748e6dcb4cae21ee383e0bd13b75c,public-derived-model-viewer-config-not-game-native-catalog,CROSSCHECK_PENDING,
SCVI,pm0082,82,pm0082_00_00,0,0,UNRESOLVED,UNRESOLVED,UNRESOLVED,icon/pm0082_00_00_00_big.png,41,82,f2d783ac7a8b4d94834e539186decc5099249ba3e43bf3682492c6aea2b81de8,True,False,True,True,True,False,assets/local/configs/SCVI/pm0082.json,3ed4ec98920126812bf52aa60b1e93a5d0439ff668c748bdecb186ed6d6f5f17,freedom12/PokemonModelViewer,c5952930343748e6dcb4cae21ee383e0bd13b75c,public-derived-model-viewer-config-not-game-native-catalog,CROSSCHECK_PENDING,
SCVI,pm0084,84,pm0084_00_00,0,0,UNRESOLVED,UNRESOLVED,UNRESOLVED,icon/pm0084_00_00_00_big.png,49,98,ec974bec80ed07a54924175cca7d753c2ad2709e2f07aebdfd99fa333b328ad3,True,True,True,True,True,True,assets/local/configs/SCVI/pm0084.json,94dc3a298c24bd44b351c2b90ff2ffac131a3275731eac9e1da010da5b2dbd84,freedom12/PokemonModelViewer,c5952930343748e6dcb4cae21ee383e0bd13b75c,public-derived-model-viewer-config-not-game-native-catalog,CROSSCHECK_PENDING,
SCVI,pm0084,84,pm0084_01_00,1,0,UNRESOLVED,UNRESOLVED,UNRESOLVED,icon/pm0084_01_00_00_big.png,49,98,ec974bec80ed07a54924175cca7d753c2ad2709e2f07aebdfd99fa333b328ad3,True,True,True,True,True,True,assets/local/configs/SCVI/pm0084.json,94dc3a298c24bd44b351c2b90ff2ffac131a3275731eac9e1da010da5b2dbd84,freedom12/PokemonModelViewer,c5952930343748e6dcb4cae21ee383e0bd13b75c,public-derived-model-viewer-config-not-game-native-catalog,CROSSCHECK_PENDING,
SCVI,pm0085,85,pm0085_00_00,0,0,UNRESOLVED,UNRESOLVED,UNRESOLVED,icon/pm0085_00_00_00_big.png,49,98,ec974bec80ed07a54924175cca7d753c2ad2709e2f07aebdfd99fa333b328ad3,True,True,True,True,True,True,assets/local/configs/SCVI/pm0085.json,892f29d593f1013537c49cd9a3cc1175aecb2e595c96f46763dc977b8ba0d49d,freedom12/PokemonModelViewer,c5952930343748e6dcb4cae21ee383e0bd13b75c,public-derived-model-viewer-config-not-game-native-catalog,CROSSCHECK_PENDING,
SCVI,pm0085,85,pm0085_01_00,1,0,UNRESOLVED,UNRESOLVED,UNRESOLVED,icon/pm0085_01_00_00_big.png,49,98,ec974bec80ed07a54924175cca7d753c2ad2709e2f07aebdfd99fa333b328ad3,True,True,True,True,True,True,assets/local/configs/SCVI/pm0085.json,892f29d593f1013537c49cd9a3cc1175aecb2e595c96f46763dc977b8ba0d49d,freedom12/PokemonModelViewer,c5952930343748e6dcb4cae21ee383e0bd13b75c,public-derived-model-viewer-config-not-game-native-catalog,CROSSCHECK_PENDING,
SCVI,pm0086,86,pm0086_00_00,0,0,UNRESOLVED,UNRESOLVED,UNRESOLVED,icon/pm0086_00_00_00_big.png,77,154,8e8b2a32052928fc558c02ffd87ffef2cfa9e5bd7dc15a76a30fa3068587b612,True,True,True,True,True,False,assets/local/configs/SCVI/pm0086.json,4f604b81f40ca7f6b665d847ec9e859bad3543381560dbd626c05590d22d65c3,freedom12/PokemonModelViewer,c5952930343748e6dcb4cae21ee383e0bd13b75c,public-derived-model-viewer-config-not-game-native-catalog,CROSSCHECK_PENDING,
SCVI,pm0087,87,pm0087_00_00,0,0,UNRESOLVED,UNRESOLVED,UNRESOLVED,icon/pm0087_00_00_00_big.png,74,148,2f48ae81ee4bdf0bf991f4b220c5923e62acab0482539aa4f97f241f0b5845bf,True,True,True,True,True,True,assets/local/configs/SCVI/pm0087.json,dcc14070a10b63f86ed481177b715db5c22a4a7823772619cf97fea88b92c686,freedom12/PokemonModelViewer,c5952930343748e6dcb4cae21ee383e0bd13b75c,public-derived-model-viewer-config-not-game-native-catalog,CROSSCHECK_PENDING,
SCVI,pm0088,88,pm0088_00_00,0,0,UNRESOLVED,UNRESOLVED,UNRESOLVED,icon/pm0088_00_00_00_big.png,43,86,b18b59e7868216872827874f0f274a08921ba841628ce0f8ba2400dec97ead22,True,False,True,True,True,True,assets/local/configs/SCVI/pm0088.json,ee7126b25748de1f810140d240a94be20b6113cd50e43ad7a3b9683c8de6d1dc,freedom12/PokemonModelViewer,c5952930343748e6dcb4cae21ee383e0bd13b75c,public-derived-model-viewer-config-not-game-native-catalog,CROSSCHECK_PENDING,
SCVI,pm0088,88,pm0088_00_11,0,11,UNRESOLVED,UNRESOLVED,UNRESOLVED,icon/pm0088_00_11_00_big.png,43,86,b18b59e7868216872827874f0f274a08921ba841628ce0f8ba2400dec97ead22,True,False,True,True,True,True,assets/local/configs/SCVI/pm0088.json,ee7126b25748de1f810140d240a94be20b6113cd50e43ad7a3b9683c8de6d1dc,freedom12/PokemonModelViewer,c5952930343748e6dcb4cae21ee383e0bd13b75c,public-derived-model-viewer-config-not-game-native-catalog,CROSSCHECK_PENDING,
SCVI,pm0089,89,pm0089_00_00,0,0,UNRESOLVED,UNRESOLVED,UNRESOLVED,icon/pm0089_00_00_00_big.png,43,86,b18b59e7868216872827874f0f274a08921ba841628ce0f8ba2400dec97ead22,True,False,True,True,True,True,assets/local/configs/SCVI/pm0089.json,028b5abc90b73d26f4cd5dfd3e63c26e475e6afedf04c2317bfabcf7ba1c0ac4,freedom12/PokemonModelViewer,c5952930343748e6dcb4cae21ee383e0bd13b75c,public-derived-model-viewer-config-not-game-native-catalog,CROSSCHECK_PENDING,
SCVI,pm0089,89,pm0089_00_11,0,11,UNRESOLVED,UNRESOLVED,UNRESOLVED,icon/pm0089_00_11_00_big.png,43,86,b18b59e7868216872827874f0f274a08921ba841628ce0f8ba2400dec97ead22,True,False,True,True,True,True,assets/local/configs/SCVI/pm0089.json,028b5abc90b73d26f4cd5dfd3e63c26e475e6afedf04c2317bfabcf7ba1c0ac4,freedom12/PokemonModelViewer,c5952930343748e6dcb4cae21ee383e0bd13b75c,public-derived-model-viewer-config-not-game-native-catalog,CROSSCHECK_PENDING,
SCVI,pm0090,90,pm0090_00_00,0,0,UNRESOLVED,UNRESOLVED,UNRESOLVED,icon/pm0090_00_00_00_big.png,72,144,793377a2c69ca6b707e1a513ec58d132962e1be02e2d7c1dccb73c0833cb5e8c,True,False,True,True,True,False,assets/local/configs/SCVI/pm0090.json,6d1a3a779801637eb18159dabda99594f7a4950585c8f16cd39273f8b050385b,freedom12/PokemonModelViewer,c5952930343748e6dcb4cae21ee383e0bd13b75c,public-derived-model-viewer-config-not-game-native-catalog,CROSSCHECK_PENDING,
SCVI,pm0091,91,pm0091_00_00,0,0,UNRESOLVED,UNRESOLVED,UNRESOLVED,icon/pm0091_00_00_00_big.png,45,90,570217b8f8b7203f8708a565ead4f261eb9fb586b9a6fc5adfd50860e5c5dba9,True,False,True,True,True,True,assets/local/configs/SCVI/pm0091.json,a8946d3af1f040270fb2328fcabea1991f8e3200ca6c7d105a34756facaf06b7,freedom12/PokemonModelViewer,c5952930343748e6dcb4cae21ee383e0bd13b75c,public-derived-model-viewer-config-not-game-native-catalog,CROSSCHECK_PENDING,
SCVI,pm0092,92,pm0092_00_00,0,0,UNRESOLVED,UNRESOLVED,UNRESOLVED,icon/pm0092_00_00_00_big.png,44,88,8976b0c63cc38fc752b8a4af7f87fc0ddf04b68d133e351d231353392fdae813,True,True,True,True,True,True,assets/local/configs/SCVI/pm0092.json,69aa7b2b5b3dc8e81ffcde7f249331a99ddfbb6c030d47bdd16eebbf60b3e53f,freedom12/PokemonModelViewer,c5952930343748e6dcb4cae21ee383e0bd13b75c,public-derived-model-viewer-config-not-game-native-catalog,CROSSCHECK_PENDING,
SCVI,pm0093,93,pm0093_00_00,0,0,UNRESOLVED,UNRESOLVED,UNRESOLVED,icon/pm0093_00_00_00_big.png,46,92,9b673c78b41d94f3bd9756ba9946dd5966854cab5ca8b6a2ffef8c3b46dcad65,True,True,True,True,True,True,assets/local/configs/SCVI/pm0093.json,329e221c906d232e1724b34fbb65e7ddc05c198519528fd5652987dd225deddb,freedom12/PokemonModelViewer,c5952930343748e6dcb4cae21ee383e0bd13b75c,public-derived-model-viewer-config-not-game-native-catalog,CROSSCHECK_PENDING,
SCVI,pm0094,94,pm0094_00_00,0,0,UNRESOLVED,UNRESOLVED,UNRESOLVED,icon/pm0094_00_00_00_big.png,77,154,bc783de5bbadd33167f26260262f3b69e0bd1bd102518724f0848fc167f50704,True,True,True,True,True,True,assets/local/configs/SCVI/pm0094.json,ee54bbcdebce021d765636f666501b35073e9da2b0afea29dc548481eb51b7ec,freedom12/PokemonModelViewer,c5952930343748e6dcb4cae21ee383e0bd13b75c,public-derived-model-viewer-config-not-game-native-catalog,CROSSCHECK_PENDING,
SCVI,pm0096,96,pm0096_00_00,0,0,UNRESOLVED,UNRESOLVED,UNRESOLVED,icon/pm0096_00_00_00_big.png,50,100,1856cb0bc13541e2b689dc035bee1a527fa4384f84990071ba185c881ff14a84,True,True,True,True,True,True,assets/local/configs/SCVI/pm0096.json,f04d3d41cbc6aebb8baf3517fac73d19594d6a1f337d61e40e987fb73b3ea5e0,freedom12/PokemonModelViewer,c5952930343748e6dcb4cae21ee383e0bd13b75c,public-derived-model-viewer-config-not-game-native-catalog,CROSSCHECK_PENDING,
SCVI,pm0097,97,pm0097_00_00,0,0,UNRESOLVED,UNRESOLVED,UNRESOLVED,icon/pm0097_00_00_00_big.png,48,96,884122f8671ad1ce9011c092f7f695128f95ee26aa6fe4b3fa764eaf1178e1f4,True,True,True,True,True,False,assets/local/configs/SCVI/pm0097.json,1958f128409f2574309ec835dbdc89204940a5c9f87a9cd9dd869ea0d6187436,freedom12/PokemonModelViewer,c5952930343748e6dcb4cae21ee383e0bd13b75c,public-derived-model-viewer-config-not-game-native-catalog,CROSSCHECK_PENDING,
SCVI,pm0097,97,pm0097_01_00,1,0,UNRESOLVED,UNRESOLVED,UNRESOLVED,icon/pm0097_01_00_00_big.png,48,96,884122f8671ad1ce9011c092f7f695128f95ee26aa6fe4b3fa764eaf1178e1f4,True,True,True,True,True,False,assets/local/configs/SCVI/pm0097.json,1958f128409f2574309ec835dbdc89204940a5c9f87a9cd9dd869ea0d6187436,freedom12/PokemonModelViewer,c5952930343748e6dcb4cae21ee383e0bd13b75c,public-derived-model-viewer-config-not-game-native-catalog,CROSSCHECK_PENDING,
SCVI,pm0100,100,pm0100_00_00,0,0,UNRESOLVED,UNRESOLVED,UNRESOLVED,icon/pm0100_00_00_00_big.png,41,82,8ceb44e42cf948fd804b2d0a09d800df8e6171a18352c1cd381b1aad3bf8f8e8,True,False,True,True,True,False,assets/local/configs/SCVI/pm0100.json,0dc1de388d681fb8b99608e382b37a05eaf0d77bd20f96dc95ea14e58cbf86c5,freedom12/PokemonModelViewer,c5952930343748e6dcb4cae21ee383e0bd13b75c,public-derived-model-viewer-config-not-game-native-catalog,CROSSCHECK_PENDING,
SCVI,pm0100,100,pm0100_00_41,0,41,UNRESOLVED,UNRESOLVED,UNRESOLVED,icon/pm0100_00_41_00_big.png,42,84,ae27aeb1271bc0347b30691ea18bef23d7d0b221782f872f9f623d4698e3fb86,True,True,True,True,True,False,assets/local/configs/SCVI/pm0100.json,0dc1de388d681fb8b99608e382b37a05eaf0d77bd20f96dc95ea14e58cbf86c5,freedom12/PokemonModelViewer,c5952930343748e6dcb4cae21ee383e0bd13b75c,public-derived-model-viewer-config-not-game-native-catalog,CROSSCHECK_PENDING,
SCVI,pm0101,101,pm0101_00_00,0,0,UNRESOLVED,UNRESOLVED,UNRESOLVED,icon/pm0101_00_00_00_big.png,42,84,646b711c8997b7eacbef90ef2d93401481139ae41e984b57cb1202f5fcefcff4,True,False,True,True,True,True,assets/local/configs/SCVI/pm0101.json,4375186906d5abe3691cbb83442b88bd6770fa2f5719f242999027b0c1397d02,freedom12/PokemonModelViewer,c5952930343748e6dcb4cae21ee383e0bd13b75c,public-derived-model-viewer-config-not-game-native-catalog,CROSSCHECK_PENDING,
SCVI,pm0101,101,pm0101_00_41,0,41,UNRESOLVED,UNRESOLVED,UNRESOLVED,icon/pm0101_00_41_00_big.png,42,84,ae27aeb1271bc0347b30691ea18bef23d7d0b221782f872f9f623d4698e3fb86,True,True,True,True,True,False,assets/local/configs/SCVI/pm0101.json,4375186906d5abe3691cbb83442b88bd6770fa2f5719f242999027b0c1397d02,freedom12/PokemonModelViewer,c5952930343748e6dcb4cae21ee383e0bd13b75c,public-derived-model-viewer-config-not-game-native-catalog,CROSSCHECK_PENDING,
SCVI,pm0102,102,pm0102_00_00,0,0,UNRESOLVED,UNRESOLVED,UNRESOLVED,icon/pm0102_00_00_00_big.png,46,92,5a9f1b52282756f578da62961c34c91c76fa2976b69f4c828615a1aa07a9ec65,True,True,True,True,True,True,assets/local/configs/SCVI/pm0102.json,e75f41e5961d059ca39f2b65f1106811fe97b0400720d8467d4e3a9e7c0fc212,freedom12/PokemonModelViewer,c5952930343748e6dcb4cae21ee383e0bd13b75c,public-derived-model-viewer-config-not-game-native-catalog,CROSSCHECK_PENDING,
SCVI,pm0103,103,pm0103_00_00,0,0,UNRESOLVED,UNRESOLVED,UNRESOLVED,icon/pm0103_00_00_00_big.png,45,90,842c454b3b9e6258ca2343e6ee1ff3c25acd1b8b0d94ceab5e42944a83f8f4d8,True,False,True,True,True,True,assets/local/configs/SCVI/pm0103.json,bc6a10d05f4b60f8f70de6b144b94bd85e79c5fb56b116fb669f88fac959ffff,freedom12/PokemonModelViewer,c5952930343748e6dcb4cae21ee383e0bd13b75c,public-derived-model-viewer-config-not-game-native-catalog,CROSSCHECK_PENDING,
SCVI,pm0103,103,pm0103_00_11,0,11,UNRESOLVED,UNRESOLVED,UNRESOLVED,icon/pm0103_00_11_00_big.png,46,92,5a9f1b52282756f578da62961c34c91c76fa2976b69f4c828615a1aa07a9ec65,True,True,True,True,True,True,assets/local/configs/SCVI/pm0103.json,bc6a10d05f4b60f8f70de6b144b94bd85e79c5fb56b116fb669f88fac959ffff,freedom12/PokemonModelViewer,c5952930343748e6dcb4cae21ee383e0bd13b75c,public-derived-model-viewer-config-not-game-native-catalog,CROSSCHECK_PENDING,
SCVI,pm0106,106,pm0106_00_00,0,0,UNRESOLVED,UNRESOLVED,UNRESOLVED,icon/pm0106_00_00_00_big.png,45,90,196319619814aa85ae2dc1a175210dde3d8a8ed62658e9a29c6addd5ef555979,True,True,True,True,True,False,assets/local/configs/SCVI/pm0106.json,c8a68a2675b17ca5a1c0f7704aa65e358696e653e75415be1e651d39c02ce3c8,freedom12/PokemonModelViewer,c5952930343748e6dcb4cae21ee383e0bd13b75c,public-derived-model-viewer-config-not-game-native-catalog,CROSSCHECK_PENDING,
SCVI,pm0107,107,pm0107_00_00,0,0,UNRESOLVED,UNRESOLVED,UNRESOLVED,icon/pm0107_00_00_00_big.png,49,98,43c972548a52ad87495638bfd7b6a7f2af78b5c64b63b9b7df14ef9a31639b3c,True,True,True,True,True,True,assets/local/configs/SCVI/pm0107.json,d90c837d3578437dc70954d3c7c4a53c5b54e2a623852be33775f11c22b78458,freedom12/PokemonModelViewer,c5952930343748e6dcb4cae21ee383e0bd13b75c,public-derived-model-viewer-config-not-game-native-catalog,CROSSCHECK_PENDING,
SCVI,pm0109,109,pm0109_00_00,0,0,UNRESOLVED,UNRESOLVED,UNRESOLVED,icon/pm0109_00_00_00_big.png,44,88,8976b0c63cc38fc752b8a4af7f87fc0ddf04b68d133e351d231353392fdae813,True,True,True,True,True,True,assets/local/configs/SCVI/pm0109.json,316a76ae6e47cfa4898289b5d3310231e4b2e831ccd0c0940640f17c6ff2c48f,freedom12/PokemonModelViewer,c5952930343748e6dcb4cae21ee383e0bd13b75c,public-derived-model-viewer-config-not-game-native-catalog,CROSSCHECK_PENDING,
SCVI,pm0110,110,pm0110_00_00,0,0,UNRESOLVED,UNRESOLVED,UNRESOLVED,icon/pm0110_00_00_00_big.png,44,88,8976b0c63cc38fc752b8a4af7f87fc0ddf04b68d133e351d231353392fdae813,True,True,True,True,True,True,assets/local/configs/SCVI/pm0110.json,39f8fa8b1d8e9c4fd9ebe5ad872c58cafd6a2db303200388a6954443e813e46d,freedom12/PokemonModelViewer,c5952930343748e6dcb4cae21ee383e0bd13b75c,public-derived-model-viewer-config-not-game-native-catalog,CROSSCHECK_PENDING,
SCVI,pm0110,110,pm0110_00_31,0,31,UNRESOLVED,UNRESOLVED,UNRESOLVED,icon/pm0110_00_31_00_big.png,44,88,8976b0c63cc38fc752b8a4af7f87fc0ddf04b68d133e351d231353392fdae813,True,True,True,True,True,True,assets/local/configs/SCVI/pm0110.json,39f8fa8b1d8e9c4fd9ebe5ad872c58cafd6a2db303200388a6954443e813e46d,freedom12/PokemonModelViewer,c5952930343748e6dcb4cae21ee383e0bd13b75c,public-derived-model-viewer-config-not-game-native-catalog,CROSSCHECK_PENDING,
SCVI,pm0111,111,pm0111_00_00,0,0,UNRESOLVED,UNRESOLVED,UNRESOLVED,icon/pm0111_00_00_00_big.png,45,90,842c454b3b9e6258ca2343e6ee1ff3c25acd1b8b0d94ceab5e42944a83f8f4d8,True,False,True,True,True,True,assets/local/configs/SCVI/pm0111.json,5c9ac1d59411a2fc735062d14be363cecf9650d20af6480ced05f64c964ccaa5,freedom12/PokemonModelViewer,c5952930343748e6dcb4cae21ee383e0bd13b75c,public-derived-model-viewer-config-not-game-native-catalog,CROSSCHECK_PENDING,
SCVI,pm0111,111,pm0111_01_00,1,0,UNRESOLVED,UNRESOLVED,UNRESOLVED,icon/pm0111_01_00_00_big.png,45,90,842c454b3b9e6258ca2343e6ee1ff3c25acd1b8b0d94ceab5e42944a83f8f4d8,True,False,True,True,True,True,assets/local/configs/SCVI/pm0111.json,5c9ac1d59411a2fc735062d14be363cecf9650d20af6480ced05f64c964ccaa5,freedom12/PokemonModelViewer,c5952930343748e6dcb4cae21ee383e0bd13b75c,public-derived-model-viewer-config-not-game-native-catalog,CROSSCHECK_PENDING,
SCVI,pm0112,112,pm0112_00_00,0,0,UNRESOLVED,UNRESOLVED,UNRESOLVED,icon/pm0112_00_00_00_big.png,49,98,ec974bec80ed07a54924175cca7d753c2ad2709e2f07aebdfd99fa333b328ad3,True,True,True,True,True,True,assets/local/configs/SCVI/pm0112.json,50c5343078f63324a20eaeede67081a9c6ac4c57dc6da01b7deea64c5a619a50,freedom12/PokemonModelViewer,c5952930343748e6dcb4cae21ee383e0bd13b75c,public-derived-model-viewer-config-not-game-native-catalog,CROSSCHECK_PENDING,
SCVI,pm0112,112,pm0112_01_00,1,0,UNRESOLVED,UNRESOLVED,UNRESOLVED,icon/pm0112_01_00_00_big.png,49,98,ec974bec80ed07a54924175cca7d753c2ad2709e2f07aebdfd99fa333b328ad3,True,True,True,True,True,True,assets/local/configs/SCVI/pm0112.json,50c5343078f63324a20eaeede67081a9c6ac4c57dc6da01b7deea64c5a619a50,freedom12/PokemonModelViewer,c5952930343748e6dcb4cae21ee383e0bd13b75c,public-derived-model-viewer-config-not-game-native-catalog,CROSSCHECK_PENDING,
SCVI,pm0113,113,pm0113_00_00,0,0,UNRESOLVED,UNRESOLVED,UNRESOLVED,icon/pm0113_00_00_00_big.png,48,96,ad34af74990236154e0b1d8865527438543ed5af867240c056ed2e6353217b66,True,False,True,True,True,True,assets/local/configs/SCVI/pm0113.json,51a1f542e4344e280a8f84fc5f1ef7bd11b668b1c8f6534d794083f96b876759,freedom12/PokemonModelViewer,c5952930343748e6dcb4cae21ee383e0bd13b75c,public-derived-model-viewer-config-not-game-native-catalog,CROSSCHECK_PENDING,
SCVI,pm0116,116,pm0116_00_00,0,0,UNRESOLVED,UNRESOLVED,UNRESOLVED,icon/pm0116_00_00_00_big.png,47,94,8056e929ecf0a16a0affc16c8885cbb2be616bd64496172300fb836f2b902315,True,True,True,True,True,False,assets/local/configs/SCVI/pm0116.json,962b8d9199b578de0604f7c85783dbcc2b9328aaa30067b7863b950ad4591e90,freedom12/PokemonModelViewer,c5952930343748e6dcb4cae21ee383e0bd13b75c,public-derived-model-viewer-config-not-game-native-catalog,CROSSCHECK_PENDING,
SCVI,pm0117,117,pm0117_00_00,0,0,UNRESOLVED,UNRESOLVED,UNRESOLVED,icon/pm0117_00_00_00_big.png,49,98,ebabc6728a8211dd1a21cbdd2fe546a7b0d00644527084d874897816f9da1236,True,True,True,True,True,False,assets/local/configs/SCVI/pm0117.json,c84362a170b265a650b7abdd879c040be1b293d65b4344cd656a178abb215506,freedom12/PokemonModelViewer,c5952930343748e6dcb4cae21ee383e0bd13b75c,public-derived-model-viewer-config-not-game-native-catalog,CROSSCHECK_PENDING,
SCVI,pm0123,123,pm0123_00_00,0,0,UNRESOLVED,UNRESOLVED,UNRESOLVED,icon/pm0123_00_00_00_big.png,77,154,c59983717436f3a7c6a57c505618ce8e0e9da03191b514eb00841fb0e1296ca5,True,True,True,True,True,True,assets/local/configs/SCVI/pm0123.json,aa26b070e4a698d76877a9c00e9487625a1dda06112971a9598ece7249daab7b,freedom12/PokemonModelViewer,c5952930343748e6dcb4cae21ee383e0bd13b75c,public-derived-model-viewer-config-not-game-native-catalog,CROSSCHECK_PENDING,
SCVI,pm0123,123,pm0123_01_00,1,0,UNRESOLVED,UNRESOLVED,UNRESOLVED,icon/pm0123_01_00_00_big.png,77,154,c59983717436f3a7c6a57c505618ce8e0e9da03191b514eb00841fb0e1296ca5,True,True,True,True,True,True,assets/local/configs/SCVI/pm0123.json,aa26b070e4a698d76877a9c00e9487625a1dda06112971a9598ece7249daab7b,freedom12/PokemonModelViewer,c5952930343748e6dcb4cae21ee383e0bd13b75c,public-derived-model-viewer-config-not-game-native-catalog,CROSSCHECK_PENDING,
SCVI,pm0125,125,pm0125_00_00,0,0,UNRESOLVED,UNRESOLVED,UNRESOLVED,icon/pm0125_00_00_00_big.png,49,98,ec974bec80ed07a54924175cca7d753c2ad2709e2f07aebdfd99fa333b328ad3,True,True,True,True,True,True,assets/local/configs/SCVI/pm0125.json,2d5c0a5cc526683c8963b861cf3ad90b3164e7a1b020d0cfe824cf95ca3c5e6d,freedom12/PokemonModelViewer,c5952930343748e6dcb4cae21ee383e0bd13b75c,public-derived-model-viewer-config-not-game-native-catalog,CROSSCHECK_PENDING,
SCVI,pm0126,126,pm0126_00_00,0,0,UNRESOLVED,UNRESOLVED,UNRESOLVED,icon/pm0126_00_00_00_big.png,50,100,a0ac961578b78843dbe718fb984ea2713dc1fcb3fedce1142d5e4f58ee3be2f1,True,True,True,True,True,True,assets/local/configs/SCVI/pm0126.json,f6c020d7dbbdbc60456894c993574eaad47379d708c0660059d035ccdf3fe677,freedom12/PokemonModelViewer,c5952930343748e6dcb4cae21ee383e0bd13b75c,public-derived-model-viewer-config-not-game-native-catalog,CROSSCHECK_PENDING,
SCVI,pm0128,128,pm0128_00_00,0,0,UNRESOLVED,UNRESOLVED,UNRESOLVED,icon/pm0128_00_00_00_big.png,50,100,1856cb0bc13541e2b689dc035bee1a527fa4384f84990071ba185c881ff14a84,True,True,True,True,True,True,assets/local/configs/SCVI/pm0128.json,50622afddaabbc27fac8dbdd89670c46c3ce810cccacb149c9710111bc073a3d,freedom12/PokemonModelViewer,c5952930343748e6dcb4cae21ee383e0bd13b75c,public-derived-model-viewer-config-not-game-native-catalog,CROSSCHECK_PENDING,
SCVI,pm0128,128,pm0128_11_51,11,51,UNRESOLVED,UNRESOLVED,UNRESOLVED,icon/pm0128_11_51_00_big.png,49,98,ec974bec80ed07a54924175cca7d753c2ad2709e2f07aebdfd99fa333b328ad3,True,True,True,True,True,True,assets/local/configs/SCVI/pm0128.json,50622afddaabbc27fac8dbdd89670c46c3ce810cccacb149c9710111bc073a3d,freedom12/PokemonModelViewer,c5952930343748e6dcb4cae21ee383e0bd13b75c,public-derived-model-viewer-config-not-game-native-catalog,CROSSCHECK_PENDING,
SCVI,pm0128,128,pm0128_12_51,12,51,UNRESOLVED,UNRESOLVED,UNRESOLVED,icon/pm0128_12_51_00_big.png,49,98,ec974bec80ed07a54924175cca7d753c2ad2709e2f07aebdfd99fa333b328ad3,True,True,True,True,True,True,assets/local/configs/SCVI/pm0128.json,50622afddaabbc27fac8dbdd89670c46c3ce810cccacb149c9710111bc073a3d,freedom12/PokemonModelViewer,c5952930343748e6dcb4cae21ee383e0bd13b75c,public-derived-model-viewer-config-not-game-native-catalog,CROSSCHECK_PENDING,
SCVI,pm0128,128,pm0128_13_51,13,51,UNRESOLVED,UNRESOLVED,UNRESOLVED,icon/pm0128_13_51_00_big.png,78,156,3624e9e51c574962607392650f8c902e2f6c1ac8a2a7ec386a2ada011b38b034,True,True,True,True,True,True,assets/local/configs/SCVI/pm0128.json,50622afddaabbc27fac8dbdd89670c46c3ce810cccacb149c9710111bc073a3d,freedom12/PokemonModelViewer,c5952930343748e6dcb4cae21ee383e0bd13b75c,public-derived-model-viewer-config-not-game-native-catalog,CROSSCHECK_PENDING,
SCVI,pm0129,129,pm0129_00_00,0,0,UNRESOLVED,UNRESOLVED,UNRESOLVED,icon/pm0129_00_00_00_big.png,71,142,60e22ab8e4cefd9c67d999aa1d1e20ab50adafe058511c77c4c130de6ff203ac,True,True,True,True,True,True,assets/local/configs/SCVI/pm0129.json,b32211e407e4e864299e46236bd3a9749db48e02069f35a536f6d3076fc6c034,freedom12/PokemonModelViewer,c5952930343748e6dcb4cae21ee383e0bd13b75c,public-derived-model-viewer-config-not-game-native-catalog,CROSSCHECK_PENDING,
SCVI,pm0129,129,pm0129_01_00,1,0,UNRESOLVED,UNRESOLVED,UNRESOLVED,icon/pm0129_01_00_00_big.png,71,142,60e22ab8e4cefd9c67d999aa1d1e20ab50adafe058511c77c4c130de6ff203ac,True,True,True,True,True,True,assets/local/configs/SCVI/pm0129.json,b32211e407e4e864299e46236bd3a9749db48e02069f35a536f6d3076fc6c034,freedom12/PokemonModelViewer,c5952930343748e6dcb4cae21ee383e0bd13b75c,public-derived-model-viewer-config-not-game-native-catalog,CROSSCHECK_PENDING,
SCVI,pm0130,130,pm0130_00_00,0,0,UNRESOLVED,UNRESOLVED,UNRESOLVED,icon/pm0130_00_00_00_big.png,46,92,8a7d4e2e48d4ff3735b1cf0f25ac4ca41148f5f9d57760e1ee5f9c8a1dc5ebe3,True,True,True,True,True,True,assets/local/configs/SCVI/pm0130.json,1f937da1b905dc0564ca4cc67f8c9ea041b82c4211b7dce737fa586d5c71ed96,freedom12/PokemonModelViewer,c5952930343748e6dcb4cae21ee383e0bd13b75c,public-derived-model-viewer-config-not-game-native-catalog,CROSSCHECK_PENDING,
SCVI,pm0130,130,pm0130_01_00,1,0,UNRESOLVED,UNRESOLVED,UNRESOLVED,icon/pm0130_01_00_00_big.png,46,92,8a7d4e2e48d4ff3735b1cf0f25ac4ca41148f5f9d57760e1ee5f9c8a1dc5ebe3,True,True,True,True,True,True,assets/local/configs/SCVI/pm0130.json,1f937da1b905dc0564ca4cc67f8c9ea041b82c4211b7dce737fa586d5c71ed96,freedom12/PokemonModelViewer,c5952930343748e6dcb4cae21ee383e0bd13b75c,public-derived-model-viewer-config-not-game-native-catalog,CROSSCHECK_PENDING,
SCVI,pm0131,131,pm0131_00_00,0,0,UNRESOLVED,UNRESOLVED,UNRESOLVED,icon/pm0131_00_00_00_big.png,87,174,211c07ab80f6244f52561752bcac8958ff12b689b347766b6479ad7e1eca936e,True,True,True,True,True,True,assets/local/configs/SCVI/pm0131.json,fe7b8fd43bb8484e5f65619b8c1c00eba8b9dde060243d9b615f224cef2d3cb4,freedom12/PokemonModelViewer,c5952930343748e6dcb4cae21ee383e0bd13b75c,public-derived-model-viewer-config-not-game-native-catalog,CROSSCHECK_PENDING,
SCVI,pm0132,132,pm0132_00_00,0,0,UNRESOLVED,UNRESOLVED,UNRESOLVED,icon/pm0132_00_00_00_big.png,42,84,646b711c8997b7eacbef90ef2d93401481139ae41e984b57cb1202f5fcefcff4,True,False,True,True,True,True,assets/local/configs/SCVI/pm0132.json,973988f00608ce21e88f67bee20ec3fc67fe469fa9aabb2447b04c8ee4e97c25,freedom12/PokemonModelViewer,c5952930343748e6dcb4cae21ee383e0bd13b75c,public-derived-model-viewer-config-not-game-native-catalog,CROSSCHECK_PENDING,
SCVI,pm0133,133,pm0133_00_00,0,0,UNRESOLVED,UNRESOLVED,UNRESOLVED,icon/pm0133_00_00_00_big.png,77,154,a7d3baa618d572b13204fc43a2d11a111d945523012f8249cae6d497624efd4e,True,True,True,True,True,True,assets/local/configs/SCVI/pm0133.json,b308e180d7a27f9e23be6685185c7b064c1a619fc2081db67720cd2f38590c6b,freedom12/PokemonModelViewer,c5952930343748e6dcb4cae21ee383e0bd13b75c,public-derived-model-viewer-config-not-game-native-catalog,CROSSCHECK_PENDING,
SCVI,pm0133,133,pm0133_01_00,1,0,UNRESOLVED,UNRESOLVED,UNRESOLVED,icon/pm0133_01_00_00_big.png,77,154,a7d3baa618d572b13204fc43a2d11a111d945523012f8249cae6d497624efd4e,True,True,True,True,True,True,assets/local/configs/SCVI/pm0133.json,b308e180d7a27f9e23be6685185c7b064c1a619fc2081db67720cd2f38590c6b,freedom12/PokemonModelViewer,c5952930343748e6dcb4cae21ee383e0bd13b75c,public-derived-model-viewer-config-not-game-native-catalog,CROSSCHECK_PENDING,
SCVI,pm0134,134,pm0134_00_00,0,0,UNRESOLVED,UNRESOLVED,UNRESOLVED,icon/pm0134_00_00_00_big.png,77,154,a7d3baa618d572b13204fc43a2d11a111d945523012f8249cae6d497624efd4e,True,True,True,True,True,True,assets/local/configs/SCVI/pm0134.json,f3c585446e0410a49b7b2342669de147f47b72c7b29b36976e7b066b079c7d25,freedom12/PokemonModelViewer,c5952930343748e6dcb4cae21ee383e0bd13b75c,public-derived-model-viewer-config-not-game-native-catalog,CROSSCHECK_PENDING,
SCVI,pm0135,135,pm0135_00_00,0,0,UNRESOLVED,UNRESOLVED,UNRESOLVED,icon/pm0135_00_00_00_big.png,77,154,a7d3baa618d572b13204fc43a2d11a111d945523012f8249cae6d497624efd4e,True,True,True,True,True,True,assets/local/configs/SCVI/pm0135.json,713b9fd8b247b08142cc9b599eadef960c2d5ef6b6768133b55de37d5d4fbc78,freedom12/PokemonModelViewer,c5952930343748e6dcb4cae21ee383e0bd13b75c,public-derived-model-viewer-config-not-game-native-catalog,CROSSCHECK_PENDING,
SCVI,pm0136,136,pm0136_00_00,0,0,UNRESOLVED,UNRESOLVED,UNRESOLVED,icon/pm0136_00_00_00_big.png,77,154,a7d3baa618d572b13204fc43a2d11a111d945523012f8249cae6d497624efd4e,True,True,True,True,True,True,assets/local/configs/SCVI/pm0136.json,cb56984af237e39f1d0edbbc6351ae34e86145c88d611305cd3c97c62063ea9e,freedom12/PokemonModelViewer,c5952930343748e6dcb4cae21ee383e0bd13b75c,public-derived-model-viewer-config-not-game-native-catalog,CROSSCHECK_PENDING,
SCVI,pm0137,137,pm0137_00_00,0,0,UNRESOLVED,UNRESOLVED,UNRESOLVED,icon/pm0137_00_00_00_big.png,42,84,e15162622b8114c47da94d5cf40f19db3854d0d6c7052e6bad039d6ee31cb894,True,True,True,True,True,False,assets/local/configs/SCVI/pm0137.json,1c96f265444df00cf029f67331c4f22a079feb2b88aab890bea899af92f97002,freedom12/PokemonModelViewer,c5952930343748e6dcb4cae21ee383e0bd13b75c,public-derived-model-viewer-config-not-game-native-catalog,CROSSCHECK_PENDING,
SCVI,pm0143,143,pm0143_00_00,0,0,UNRESOLVED,UNRESOLVED,UNRESOLVED,icon/pm0143_00_00_00_big.png,48,96,cc7ca4e462d7fa69e8b07dc96b5d9006a04a2a7fab335f0ed063707c845c8caf,True,True,True,True,False,True,assets/local/configs/SCVI/pm0143.json,238956b20e5aa8d7597a4d07cf638eb856094abf274ba088f43b5096fbab1234,freedom12/PokemonModelViewer,c5952930343748e6dcb4cae21ee383e0bd13b75c,public-derived-model-viewer-config-not-game-native-catalog,CROSSCHECK_PENDING,
SCVI,pm0144,144,pm0144_00_00,0,0,UNRESOLVED,UNRESOLVED,UNRESOLVED,icon/pm0144_00_00_00_big.png,56,112,115b99f36923112474e2d237804210b3091c2fc0909eece324d94ada81c3597c,True,True,True,True,True,True,assets/local/configs/SCVI/pm0144.json,3e5ea889a05a9c8dd3720b4713a4e4317b04374f6e3892f1fe97f6eea00efac4,freedom12/PokemonModelViewer,c5952930343748e6dcb4cae21ee383e0bd13b75c,public-derived-model-viewer-config-not-game-native-catalog,CROSSCHECK_PENDING,
SCVI,pm0144,144,pm0144_00_31,0,31,UNRESOLVED,UNRESOLVED,UNRESOLVED,icon/pm0144_00_31_00_big.png,55,110,ee0c8adc02ff15962b81fbfd14599ae811098f5cd17ddb41273ba69b51089862,True,False,True,True,True,True,assets/local/configs/SCVI/pm0144.json,3e5ea889a05a9c8dd3720b4713a4e4317b04374f6e3892f1fe97f6eea00efac4,freedom12/PokemonModelViewer,c5952930343748e6dcb4cae21ee383e0bd13b75c,public-derived-model-viewer-config-not-game-native-catalog,CROSSCHECK_PENDING,
SCVI,pm0145,145,pm0145_00_00,0,0,UNRESOLVED,UNRESOLVED,UNRESOLVED,icon/pm0145_00_00_00_big.png,56,112,115b99f36923112474e2d237804210b3091c2fc0909eece324d94ada81c3597c,True,True,True,True,True,True,assets/local/configs/SCVI/pm0145.json,c571b5558a6d70813301dd22e2a3d7d088de6202f797474c4d6b1d7d19008b96,freedom12/PokemonModelViewer,c5952930343748e6dcb4cae21ee383e0bd13b75c,public-derived-model-viewer-config-not-game-native-catalog,CROSSCHECK_PENDING,
SCVI,pm0145,145,pm0145_00_31,0,31,UNRESOLVED,UNRESOLVED,UNRESOLVED,icon/pm0145_00_31_00_big.png,43,86,462aec9e7e5862573bbab24ccaed8bdc36a5b8068e0222fc06c6f2674d446906,True,True,True,True,True,True,assets/local/configs/SCVI/pm0145.json,c571b5558a6d70813301dd22e2a3d7d088de6202f797474c4d6b1d7d19008b96,freedom12/PokemonModelViewer,c5952930343748e6dcb4cae21ee383e0bd13b75c,public-derived-model-viewer-config-not-game-native-catalog,CROSSCHECK_PENDING,
SCVI,pm0146,146,pm0146_00_00,0,0,UNRESOLVED,UNRESOLVED,UNRESOLVED,icon/pm0146_00_00_00_big.png,57,114,2954eadf8a56308f6ad44fa5d6465df1a59b45a23b048b7168666eb2a627a131,True,True,True,True,True,True,assets/local/configs/SCVI/pm0146.json,a8796a9477e92b74fc4e28448182f275d1d62ec9abc75532591d6e47a65a0e50,freedom12/PokemonModelViewer,c5952930343748e6dcb4cae21ee383e0bd13b75c,public-derived-model-viewer-config-not-game-native-catalog,CROSSCHECK_PENDING,
SCVI,pm0146,146,pm0146_00_31,0,31,UNRESOLVED,UNRESOLVED,UNRESOLVED,icon/pm0146_00_31_00_big.png,57,114,2954eadf8a56308f6ad44fa5d6465df1a59b45a23b048b7168666eb2a627a131,True,True,True,True,True,True,assets/local/configs/SCVI/pm0146.json,a8796a9477e92b74fc4e28448182f275d1d62ec9abc75532591d6e47a65a0e50,freedom12/PokemonModelViewer,c5952930343748e6dcb4cae21ee383e0bd13b75c,public-derived-model-viewer-config-not-game-native-catalog,CROSSCHECK_PENDING,
SCVI,pm0147,147,pm0147_00_00,0,0,UNRESOLVED,UNRESOLVED,UNRESOLVED,icon/pm0147_00_00_00_big.png,74,148,8116419a783a324addd4a3b7ca548e58c6667f56fe10a44fa9130b51cbd98659,True,True,True,True,True,True,assets/local/configs/SCVI/pm0147.json,e9816ac19a3eccb0c75efe1cbfd169230f1e3e49b9ad9f8aa3c10b20470fe291,freedom12/PokemonModelViewer,c5952930343748e6dcb4cae21ee383e0bd13b75c,public-derived-model-viewer-config-not-game-native-catalog,CROSSCHECK_PENDING,
SCVI,pm0148,148,pm0148_00_00,0,0,UNRESOLVED,UNRESOLVED,UNRESOLVED,icon/pm0148_00_00_00_big.png,74,148,8116419a783a324addd4a3b7ca548e58c6667f56fe10a44fa9130b51cbd98659,True,True,True,True,True,True,assets/local/configs/SCVI/pm0148.json,c8b33734418696604940ca982428725ae2f1a06f9956a864d5539ea834ddefea,freedom12/PokemonModelViewer,c5952930343748e6dcb4cae21ee383e0bd13b75c,public-derived-model-viewer-config-not-game-native-catalog,CROSSCHECK_PENDING,
SCVI,pm0149,149,pm0149_00_00,0,0,UNRESOLVED,UNRESOLVED,UNRESOLVED,icon/pm0149_00_00_00_big.png,62,124,416258b8d4e0055164e9954388b52babb8961713ba416523ee861c40eb71fbd6,True,True,True,True,True,True,assets/local/configs/SCVI/pm0149.json,5db2fc0f73e585e012e32daf5ab3356ffd885e85249f820a84fe0b1afb923cbf,freedom12/PokemonModelViewer,c5952930343748e6dcb4cae21ee383e0bd13b75c,public-derived-model-viewer-config-not-game-native-catalog,CROSSCHECK_PENDING,
SCVI,pm0150,150,pm0150_00_00,0,0,UNRESOLVED,UNRESOLVED,UNRESOLVED,icon/pm0150_00_00_00_big.png,71,142,8d07165378989d653928fefffb2507fb2a671338e224087e76674910a2a4ae6e,True,True,True,True,True,True,assets/local/configs/SCVI/pm0150.json,8e4b290b6f87f4584cef2a0efcfadd0fa356bc83d6274d2c9cdb3cbafc7440df,freedom12/PokemonModelViewer,c5952930343748e6dcb4cae21ee383e0bd13b75c,public-derived-model-viewer-config-not-game-native-catalog,CROSSCHECK_PENDING,
SCVI,pm0151,151,pm0151_00_00,0,0,UNRESOLVED,UNRESOLVED,UNRESOLVED,icon/pm0151_00_00_00_big.png,43,86,4a7b075cb953519a1e9ddf275b9c4db1287045b88c4093b238ff4df19aba2889,True,True,True,True,True,True,assets/local/configs/SCVI/pm0151.json,ccf2fb90c66c1c673d97531d7bfdcad54b5d64d03f1cb2856cd38a8e5aeb7608,freedom12/PokemonModelViewer,c5952930343748e6dcb4cae21ee383e0bd13b75c,public-derived-model-viewer-config-not-game-native-catalog,CROSSCHECK_PENDING,
SCVI,pm0152,152,pm0152_00_00,0,0,UNRESOLVED,UNRESOLVED,UNRESOLVED,icon/pm0152_00_00_00_big.png,49,98,ec974bec80ed07a54924175cca7d753c2ad2709e2f07aebdfd99fa333b328ad3,True,True,True,True,True,True,assets/local/configs/SCVI/pm0152.json,8193a6103f1c87f3462bdacd841ac1da2738ef8826fad6b2e3d24749f18aa100,freedom12/PokemonModelViewer,c5952930343748e6dcb4cae21ee383e0bd13b75c,public-derived-model-viewer-config-not-game-native-catalog,CROSSCHECK_PENDING,
SCVI,pm0153,153,pm0153_00_00,0,0,UNRESOLVED,UNRESOLVED,UNRESOLVED,icon/pm0153_00_00_00_big.png,49,98,ec974bec80ed07a54924175cca7d753c2ad2709e2f07aebdfd99fa333b328ad3,True,True,True,True,True,True,assets/local/configs/SCVI/pm0153.json,72932b25fdc9486ddee312212bfec46d69e0ff68d91820b1be319012fa5c5402,freedom12/PokemonModelViewer,c5952930343748e6dcb4cae21ee383e0bd13b75c,public-derived-model-viewer-config-not-game-native-catalog,CROSSCHECK_PENDING,
SCVI,pm0154,154,pm0154_00_00,0,0,UNRESOLVED,UNRESOLVED,UNRESOLVED,icon/pm0154_00_00_00_big.png,49,98,ec974bec80ed07a54924175cca7d753c2ad2709e2f07aebdfd99fa333b328ad3,True,True,True,True,True,True,assets/local/configs/SCVI/pm0154.json,026c9daa7c4f7e34fa71166c1e984d6623b307d450e56e497e4827eb65bf0463,freedom12/PokemonModelViewer,c5952930343748e6dcb4cae21ee383e0bd13b75c,public-derived-model-viewer-config-not-game-native-catalog,CROSSCHECK_PENDING,
SCVI,pm0154,154,pm0154_01_00,1,0,UNRESOLVED,UNRESOLVED,UNRESOLVED,icon/pm0154_01_00_00_big.png,49,98,ec974bec80ed07a54924175cca7d753c2ad2709e2f07aebdfd99fa333b328ad3,True,True,True,True,True,True,assets/local/configs/SCVI/pm0154.json,026c9daa7c4f7e34fa71166c1e984d6623b307d450e56e497e4827eb65bf0463,freedom12/PokemonModelViewer,c5952930343748e6dcb4cae21ee383e0bd13b75c,public-derived-model-viewer-config-not-game-native-catalog,CROSSCHECK_PENDING,
SCVI,pm0155,155,pm0155_00_00,0,0,UNRESOLVED,UNRESOLVED,UNRESOLVED,icon/pm0155_00_00_00_big.png,49,98,c22d94ba24c024b07f10de2f68db6b40f9acbb0510c626a56dca701b81a8b275,True,True,True,True,True,True,assets/local/configs/SCVI/pm0155.json,cf5aff429ad76d2e72bc49f01e1f77371ae835731a61988a0fcf39d90de33be0,freedom12/PokemonModelViewer,c5952930343748e6dcb4cae21ee383e0bd13b75c,public-derived-model-viewer-config-not-game-native-catalog,CROSSCHECK_PENDING,
SCVI,pm0156,156,pm0156_00_00,0,0,UNRESOLVED,UNRESOLVED,UNRESOLVED,icon/pm0156_00_00_00_big.png,49,98,c22d94ba24c024b07f10de2f68db6b40f9acbb0510c626a56dca701b81a8b275,True,True,True,True,True,True,assets/local/configs/SCVI/pm0156.json,e36b832b3ee4c0369c0823938e0eaab1b333459e4254d1c8cd2edf54ecbece39,freedom12/PokemonModelViewer,c5952930343748e6dcb4cae21ee383e0bd13b75c,public-derived-model-viewer-config-not-game-native-catalog,CROSSCHECK_PENDING,
SCVI,pm0157,157,pm0157_00_00,0,0,UNRESOLVED,UNRESOLVED,UNRESOLVED,icon/pm0157_00_00_00_big.png,49,98,c22d94ba24c024b07f10de2f68db6b40f9acbb0510c626a56dca701b81a8b275,True,True,True,True,True,True,assets/local/configs/SCVI/pm0157.json,86af694654fb45123e9b75cee25b332ef669578e4f61681fa977aa873d1e894e,freedom12/PokemonModelViewer,c5952930343748e6dcb4cae21ee383e0bd13b75c,public-derived-model-viewer-config-not-game-native-catalog,CROSSCHECK_PENDING,
SCVI,pm0157,157,pm0157_00_41,0,41,UNRESOLVED,UNRESOLVED,UNRESOLVED,icon/pm0157_00_41_00_big.png,49,98,c22d94ba24c024b07f10de2f68db6b40f9acbb0510c626a56dca701b81a8b275,True,True,True,True,True,True,assets/local/configs/SCVI/pm0157.json,86af694654fb45123e9b75cee25b332ef669578e4f61681fa977aa873d1e894e,freedom12/PokemonModelViewer,c5952930343748e6dcb4cae21ee383e0bd13b75c,public-derived-model-viewer-config-not-game-native-catalog,CROSSCHECK_PENDING,
SCVI,pm0158,158,pm0158_00_00,0,0,UNRESOLVED,UNRESOLVED,UNRESOLVED,icon/pm0158_00_00_00_big.png,83,166,1425519ba0ad5b7ee642c83ab167aa19ad6d87647bfa8de213dc14c220ac21ae,True,True,True,True,True,True,assets/local/configs/SCVI/pm0158.json,ee31a9f92acee6baf2dee1ff14107290efd482ba912b5e1cccc3ee1abdcee709,freedom12/PokemonModelViewer,c5952930343748e6dcb4cae21ee383e0bd13b75c,public-derived-model-viewer-config-not-game-native-catalog,CROSSCHECK_PENDING,
SCVI,pm0159,159,pm0159_00_00,0,0,UNRESOLVED,UNRESOLVED,UNRESOLVED,icon/pm0159_00_00_00_big.png,83,166,1425519ba0ad5b7ee642c83ab167aa19ad6d87647bfa8de213dc14c220ac21ae,True,True,True,True,True,True,assets/local/configs/SCVI/pm0159.json,11afcff8ce4788fa24948eac81a84ea3b79bac57ff524d024be3504bfa548c44,freedom12/PokemonModelViewer,c5952930343748e6dcb4cae21ee383e0bd13b75c,public-derived-model-viewer-config-not-game-native-catalog,CROSSCHECK_PENDING,
SCVI,pm0160,160,pm0160_00_00,0,0,UNRESOLVED,UNRESOLVED,UNRESOLVED,icon/pm0160_00_00_00_big.png,83,166,1425519ba0ad5b7ee642c83ab167aa19ad6d87647bfa8de213dc14c220ac21ae,True,True,True,True,True,True,assets/local/configs/SCVI/pm0160.json,c133f5c5361b0b8970a334464ac7e989a43476f7909feeb2eb0d60137511db61,freedom12/PokemonModelViewer,c5952930343748e6dcb4cae21ee383e0bd13b75c,public-derived-model-viewer-config-not-game-native-catalog,CROSSCHECK_PENDING,
SCVI,pm0161,161,pm0161_00_00,0,0,UNRESOLVED,UNRESOLVED,UNRESOLVED,icon/pm0161_00_00_00_big.png,49,98,ec974bec80ed07a54924175cca7d753c2ad2709e2f07aebdfd99fa333b328ad3,True,True,True,True,True,True,assets/local/configs/SCVI/pm0161.json,0f97943cda5d9b09beff33635f98fc393c670a41d697489f58827caaff144ecd,freedom12/PokemonModelViewer,c5952930343748e6dcb4cae21ee383e0bd13b75c,public-derived-model-viewer-config-not-game-native-catalog,CROSSCHECK_PENDING,
SCVI,pm0162,162,pm0162_00_00,0,0,UNRESOLVED,UNRESOLVED,UNRESOLVED,icon/pm0162_00_00_00_big.png,49,98,ec974bec80ed07a54924175cca7d753c2ad2709e2f07aebdfd99fa333b328ad3,True,True,True,True,True,True,assets/local/configs/SCVI/pm0162.json,c9783e035a352d5c907f930206baaac0dbf1d1710ed347b555af624162e40464,freedom12/PokemonModelViewer,c5952930343748e6dcb4cae21ee383e0bd13b75c,public-derived-model-viewer-config-not-game-native-catalog,CROSSCHECK_PENDING,
SCVI,pm0163,163,pm0163_00_00,0,0,UNRESOLVED,UNRESOLVED,UNRESOLVED,icon/pm0163_00_00_00_big.png,87,174,bd8965c503c497006468cc4b3de7e5fddb381d6de978ee0b6495e8eecea21d5c,True,True,True,True,True,True,assets/local/configs/SCVI/pm0163.json,521f9881e4631117a3d8357734a43561d77fa86030fbc8a81d934405f8d20fff,freedom12/PokemonModelViewer,c5952930343748e6dcb4cae21ee383e0bd13b75c,public-derived-model-viewer-config-not-game-native-catalog,CROSSCHECK_PENDING,
SCVI,pm0164,164,pm0164_00_00,0,0,UNRESOLVED,UNRESOLVED,UNRESOLVED,icon/pm0164_00_00_00_big.png,68,136,02c3a8938c0abe8c74081c568dd8f1c3af4c001a4258b49c59585a999275c796,True,False,True,True,True,True,assets/local/configs/SCVI/pm0164.json,2ebff08765734b4752e51527bd2e4ceb2028e2feba8dfb47f8003c7cf10057f8,freedom12/PokemonModelViewer,c5952930343748e6dcb4cae21ee383e0bd13b75c,public-derived-model-viewer-config-not-game-native-catalog,CROSSCHECK_PENDING,
SCVI,pm0167,167,pm0167_00_00,0,0,UNRESOLVED,UNRESOLVED,UNRESOLVED,icon/pm0167_00_00_00_big.png,53,106,25bc65d8d702eb555ea18b312bec514d316bfd3a854ff3671d173fbd31412379,True,True,True,True,True,True,assets/local/configs/SCVI/pm0167.json,f222f8e76d57e5f17b995df5903dc392b7691f6efbeaf45a21a521d1c7d3df4c,freedom12/PokemonModelViewer,c5952930343748e6dcb4cae21ee383e0bd13b75c,public-derived-model-viewer-config-not-game-native-catalog,CROSSCHECK_PENDING,
SCVI,pm0168,168,pm0168_00_00,0,0,UNRESOLVED,UNRESOLVED,UNRESOLVED,icon/pm0168_00_00_00_big.png,53,106,25bc65d8d702eb555ea18b312bec514d316bfd3a854ff3671d173fbd31412379,True,True,True,True,True,True,assets/local/configs/SCVI/pm0168.json,26638b2e3f6d29ba6080579b6d142ec4eec3fe3f895dba3af5e8eaa8f65a19e7,freedom12/PokemonModelViewer,c5952930343748e6dcb4cae21ee383e0bd13b75c,public-derived-model-viewer-config-not-game-native-catalog,CROSSCHECK_PENDING,
SCVI,pm0170,170,pm0170_00_00,0,0,UNRESOLVED,UNRESOLVED,UNRESOLVED,icon/pm0170_00_00_00_big.png,49,98,3965bc6f6b545babafec188b7251e9956f3cb3cc1c574687dff330a74ed0870d,True,True,True,True,False,True,assets/local/configs/SCVI/pm0170.json,eb77449b4397c29832af4422eb9f43d778a1dfbf8ce65f0b4d30012f3eb8f92a,freedom12/PokemonModelViewer,c5952930343748e6dcb4cae21ee383e0bd13b75c,public-derived-model-viewer-config-not-game-native-catalog,CROSSCHECK_PENDING,
SCVI,pm0171,171,pm0171_00_00,0,0,UNRESOLVED,UNRESOLVED,UNRESOLVED,icon/pm0171_00_00_00_big.png,43,86,6d9d5cf2c966306a269deecd14a4214d3ab85772ecbcdc7e4db68f7652f31055,True,True,True,True,True,True,assets/local/configs/SCVI/pm0171.json,87e27e052905e0f2e327cf5a07741fe275e56ab075848b003e057cc7130d4374,freedom12/PokemonModelViewer,c5952930343748e6dcb4cae21ee383e0bd13b75c,public-derived-model-viewer-config-not-game-native-catalog,CROSSCHECK_PENDING,
SCVI,pm0172,172,pm0172_00_00,0,0,UNRESOLVED,UNRESOLVED,UNRESOLVED,icon/pm0172_00_00_00_big.png,74,148,157f4a50f058b0a8b5f2306935337218f3cb0b735e600c86d2e80288aa6320d9,True,True,True,True,True,True,assets/local/configs/SCVI/pm0172.json,ab0286d5def46fd17523195bf06ddaf119c13069e62e7be71cc06949ff551217,freedom12/PokemonModelViewer,c5952930343748e6dcb4cae21ee383e0bd13b75c,public-derived-model-viewer-config-not-game-native-catalog,CROSSCHECK_PENDING,
SCVI,pm0173,173,pm0173_00_00,0,0,UNRESOLVED,UNRESOLVED,UNRESOLVED,icon/pm0173_00_00_00_big.png,52,104,1e51122f2ead70a392c6ec002c829c4102be2185a86de500ba9d6c2f40f4317a,True,False,True,True,True,True,assets/local/configs/SCVI/pm0173.json,f9ee2b5c6b63e65766c1cdc2e0e7b8513dc1398ae8f820bdbc50681562f1ece8,freedom12/PokemonModelViewer,c5952930343748e6dcb4cae21ee383e0bd13b75c,public-derived-model-viewer-config-not-game-native-catalog,CROSSCHECK_PENDING,
SCVI,pm0174,174,pm0174_00_00,0,0,UNRESOLVED,UNRESOLVED,UNRESOLVED,icon/pm0174_00_00_00_big.png,74,148,90cc77b6a6c841d0d5c25520fe4bef458ab325229723556f63de0f7f627999ce,True,True,True,True,True,True,assets/local/configs/SCVI/pm0174.json,1576a7a84b0527115f8c2713a52d962157fbc05dc25ac15a88bb0d1c1476e10a,freedom12/PokemonModelViewer,c5952930343748e6dcb4cae21ee383e0bd13b75c,public-derived-model-viewer-config-not-game-native-catalog,CROSSCHECK_PENDING,
SCVI,pm0179,179,pm0179_00_00,0,0,UNRESOLVED,UNRESOLVED,UNRESOLVED,icon/pm0179_00_00_00_big.png,49,98,ec974bec80ed07a54924175cca7d753c2ad2709e2f07aebdfd99fa333b328ad3,True,True,True,True,True,True,assets/local/configs/SCVI/pm0179.json,edcb1026faea2c416c4cf0d94be31d429d0ae999e6b93ef70a76a0d7551afdf5,freedom12/PokemonModelViewer,c5952930343748e6dcb4cae21ee383e0bd13b75c,public-derived-model-viewer-config-not-game-native-catalog,CROSSCHECK_PENDING,
SCVI,pm0180,180,pm0180_00_00,0,0,UNRESOLVED,UNRESOLVED,UNRESOLVED,icon/pm0180_00_00_00_big.png,49,98,ec974bec80ed07a54924175cca7d753c2ad2709e2f07aebdfd99fa333b328ad3,True,True,True,True,True,True,assets/local/configs/SCVI/pm0180.json,8d3aff10c3c9b76781b9b346536c676c4c72231a0df6f85a6cac5d55a20802b8,freedom12/PokemonModelViewer,c5952930343748e6dcb4cae21ee383e0bd13b75c,public-derived-model-viewer-config-not-game-native-catalog,CROSSCHECK_PENDING,
SCVI,pm0181,181,pm0181_00_00,0,0,UNRESOLVED,UNRESOLVED,UNRESOLVED,icon/pm0181_00_00_00_big.png,49,98,ec974bec80ed07a54924175cca7d753c2ad2709e2f07aebdfd99fa333b328ad3,True,True,True,True,True,True,assets/local/configs/SCVI/pm0181.json,1e8b67266e2faed45bdda1ab8df66352b4fba9bbcc0b5f058409538674da4363,freedom12/PokemonModelViewer,c5952930343748e6dcb4cae21ee383e0bd13b75c,public-derived-model-viewer-config-not-game-native-catalog,CROSSCHECK_PENDING,
SCVI,pm0182,182,pm0182_00_00,0,0,UNRESOLVED,UNRESOLVED,UNRESOLVED,icon/pm0182_00_00_00_big.png,90,180,406f4ebf0c05bf04168d9867a270c067a3765c991a592e9a7a7cccb0a222282b,True,True,True,True,True,True,assets/local/configs/SCVI/pm0182.json,56e16b7d54173e0843d5ac5dbe91d673b4301517e4e2757c7b0ba0d7aaef739f,freedom12/PokemonModelViewer,c5952930343748e6dcb4cae21ee383e0bd13b75c,public-derived-model-viewer-config-not-game-native-catalog,CROSSCHECK_PENDING,
SCVI,pm0183,183,pm0183_00_00,0,0,UNRESOLVED,UNRESOLVED,UNRESOLVED,icon/pm0183_00_00_00_big.png,74,148,157f4a50f058b0a8b5f2306935337218f3cb0b735e600c86d2e80288aa6320d9,True,True,True,True,True,True,assets/local/configs/SCVI/pm0183.json,1337527bfe518394b6d45a9d727e6b146a09619bb9e7d421fa4c24546370288b,freedom12/PokemonModelViewer,c5952930343748e6dcb4cae21ee383e0bd13b75c,public-derived-model-viewer-config-not-game-native-catalog,CROSSCHECK_PENDING,
SCVI,pm0184,184,pm0184_00_00,0,0,UNRESOLVED,UNRESOLVED,UNRESOLVED,icon/pm0184_00_00_00_big.png,74,148,157f4a50f058b0a8b5f2306935337218f3cb0b735e600c86d2e80288aa6320d9,True,True,True,True,True,True,assets/local/configs/SCVI/pm0184.json,c63d17d9092113e0f8a46b3a20679c29c9f84aa86bafef51a99d70635a3b5e01,freedom12/PokemonModelViewer,c5952930343748e6dcb4cae21ee383e0bd13b75c,public-derived-model-viewer-config-not-game-native-catalog,CROSSCHECK_PENDING,
SCVI,pm0185,185,pm0185_00_00,0,0,UNRESOLVED,UNRESOLVED,UNRESOLVED,icon/pm0185_00_00_00_big.png,46,92,5a9f1b52282756f578da62961c34c91c76fa2976b69f4c828615a1aa07a9ec65,True,True,True,True,True,True,assets/local/configs/SCVI/pm0185.json,6b5a240a08f44d2c431612a2c633b9bd7c2467355dff2f5c901e36174f026831,freedom12/PokemonModelViewer,c5952930343748e6dcb4cae21ee383e0bd13b75c,public-derived-model-viewer-config-not-game-native-catalog,CROSSCHECK_PENDING,
SCVI,pm0185,185,pm0185_01_00,1,0,UNRESOLVED,UNRESOLVED,UNRESOLVED,icon/pm0185_01_00_00_big.png,46,92,5a9f1b52282756f578da62961c34c91c76fa2976b69f4c828615a1aa07a9ec65,True,True,True,True,True,True,assets/local/configs/SCVI/pm0185.json,6b5a240a08f44d2c431612a2c633b9bd7c2467355dff2f5c901e36174f026831,freedom12/PokemonModelViewer,c5952930343748e6dcb4cae21ee383e0bd13b75c,public-derived-model-viewer-config-not-game-native-catalog,CROSSCHECK_PENDING,
SCVI,pm0186,186,pm0186_00_00,0,0,UNRESOLVED,UNRESOLVED,UNRESOLVED,icon/pm0186_00_00_00_big.png,71,142,71e200f876fd115593af20416fde7405ad27aff97632b5253e965595f23eafd3,True,True,True,True,True,True,assets/local/configs/SCVI/pm0186.json,56dcb827674d14e00aa4c982ffc4aaa33411f3ef18cced7a5380bb7f9165414c,freedom12/PokemonModelViewer,c5952930343748e6dcb4cae21ee383e0bd13b75c,public-derived-model-viewer-config-not-game-native-catalog,CROSSCHECK_PENDING,
SCVI,pm0186,186,pm0186_01_00,1,0,UNRESOLVED,UNRESOLVED,UNRESOLVED,icon/pm0186_01_00_00_big.png,71,142,71e200f876fd115593af20416fde7405ad27aff97632b5253e965595f23eafd3,True,True,True,True,True,True,assets/local/configs/SCVI/pm0186.json,56dcb827674d14e00aa4c982ffc4aaa33411f3ef18cced7a5380bb7f9165414c,freedom12/PokemonModelViewer,c5952930343748e6dcb4cae21ee383e0bd13b75c,public-derived-model-viewer-config-not-game-native-catalog,CROSSCHECK_PENDING,
SCVI,pm0187,187,pm0187_00_00,0,0,UNRESOLVED,UNRESOLVED,UNRESOLVED,icon/pm0187_00_00_00_big.png,59,118,04b40ee8c09189dcc58efe1fab9142ced351d55f2c6ea6e25a05401d3034bcff,True,False,True,True,True,True,assets/local/configs/SCVI/pm0187.json,5f4f0132a3896c43403c2e67288ea5f91f85ee3026bec67f15d5f981fa5a86aa,freedom12/PokemonModelViewer,c5952930343748e6dcb4cae21ee383e0bd13b75c,public-derived-model-viewer-config-not-game-native-catalog,CROSSCHECK_PENDING,
SCVI,pm0188,188,pm0188_00_00,0,0,UNRESOLVED,UNRESOLVED,UNRESOLVED,icon/pm0188_00_00_00_big.png,59,118,04b40ee8c09189dcc58efe1fab9142ced351d55f2c6ea6e25a05401d3034bcff,True,False,True,True,True,True,assets/local/configs/SCVI/pm0188.json,ff331864c613d6b5b0823ec787e51e3465851e23643954ca1c205a01eb7ae82e,freedom12/PokemonModelViewer,c5952930343748e6dcb4cae21ee383e0bd13b75c,public-derived-model-viewer-config-not-game-native-catalog,CROSSCHECK_PENDING,
SCVI,pm0189,189,pm0189_00_00,0,0,UNRESOLVED,UNRESOLVED,UNRESOLVED,icon/pm0189_00_00_00_big.png,58,116,d8d27eb9880e73985cd8c900a0040048c3a1918d03c928913bfe513f07c11e5d,True,False,True,True,True,True,assets/local/configs/SCVI/pm0189.json,843e35b07c3c42049870461aac40894b7841e01950c1d5f891b8d276548664ef,freedom12/PokemonModelViewer,c5952930343748e6dcb4cae21ee383e0bd13b75c,public-derived-model-viewer-config-not-game-native-catalog,CROSSCHECK_PENDING,
SCVI,pm0190,190,pm0190_00_00,0,0,UNRESOLVED,UNRESOLVED,UNRESOLVED,icon/pm0190_00_00_00_big.png,45,90,a1476087ee8923808ee29e6061b0a4cc9517fc64ba3eb5617245dcc37053cfaf,True,True,True,True,True,False,assets/local/configs/SCVI/pm0190.json,1d5b27c4cd711797e3d8b0fd717bd9409cb45cee5360d82c6896e52121e7ad18,freedom12/PokemonModelViewer,c5952930343748e6dcb4cae21ee383e0bd13b75c,public-derived-model-viewer-config-not-game-native-catalog,CROSSCHECK_PENDING,
SCVI,pm0190,190,pm0190_01_00,1,0,UNRESOLVED,UNRESOLVED,UNRESOLVED,icon/pm0190_01_00_00_big.png,45,90,a1476087ee8923808ee29e6061b0a4cc9517fc64ba3eb5617245dcc37053cfaf,True,True,True,True,True,False,assets/local/configs/SCVI/pm0190.json,1d5b27c4cd711797e3d8b0fd717bd9409cb45cee5360d82c6896e52121e7ad18,freedom12/PokemonModelViewer,c5952930343748e6dcb4cae21ee383e0bd13b75c,public-derived-model-viewer-config-not-game-native-catalog,CROSSCHECK_PENDING,
SCVI,pm0191,191,pm0191_00_00,0,0,UNRESOLVED,UNRESOLVED,UNRESOLVED,icon/pm0191_00_00_00_big.png,43,86,462aec9e7e5862573bbab24ccaed8bdc36a5b8068e0222fc06c6f2674d446906,True,True,True,True,True,True,assets/local/configs/SCVI/pm0191.json,32cbbf9548aec182469fe8dc38a6b3a7bf8f13d4474f7aee79e07de310e36a17,freedom12/PokemonModelViewer,c5952930343748e6dcb4cae21ee383e0bd13b75c,public-derived-model-viewer-config-not-game-native-catalog,CROSSCHECK_PENDING,
SCVI,pm0192,192,pm0192_00_00,0,0,UNRESOLVED,UNRESOLVED,UNRESOLVED,icon/pm0192_00_00_00_big.png,52,104,ed3a1cc17a9d0dbe2cb6819899757ebd0af50713364712b6f76a463b429eae5e,True,True,True,True,True,True,assets/local/configs/SCVI/pm0192.json,f52c2fee05f80ad95935d17f19e0d8fec353b38b7ace103b47d91cfae43caa42,freedom12/PokemonModelViewer,c5952930343748e6dcb4cae21ee383e0bd13b75c,public-derived-model-viewer-config-not-game-native-catalog,CROSSCHECK_PENDING,
SCVI,pm0193,193,pm0193_00_00,0,0,UNRESOLVED,UNRESOLVED,UNRESOLVED,icon/pm0193_00_00_00_big.png,44,88,8976b0c63cc38fc752b8a4af7f87fc0ddf04b68d133e351d231353392fdae813,True,True,True,True,True,True,assets/local/configs/SCVI/pm0193.json,6158a6a6e94f0c843f6db88dac04dc451ce4c89378323578dc3db29c382c4de8,freedom12/PokemonModelViewer,c5952930343748e6dcb4cae21ee383e0bd13b75c,public-derived-model-viewer-config-not-game-native-catalog,CROSSCHECK_PENDING,
SCVI,pm0194,194,pm0194_00_00,0,0,UNRESOLVED,UNRESOLVED,UNRESOLVED,icon/pm0194_00_00_00_big.png,74,148,157f4a50f058b0a8b5f2306935337218f3cb0b735e600c86d2e80288aa6320d9,True,True,True,True,True,True,assets/local/configs/SCVI/pm0194.json,9e5b2b3fff248ab0b9c811b8b02de3632a14b8ed6c203f61dbffef9700bfdc35,freedom12/PokemonModelViewer,c5952930343748e6dcb4cae21ee383e0bd13b75c,public-derived-model-viewer-config-not-game-native-catalog,CROSSCHECK_PENDING,
SCVI,pm0194,194,pm0194_00_51,0,51,UNRESOLVED,UNRESOLVED,UNRESOLVED,icon/pm0194_00_51_00_big.png,83,166,18947e448e9c79dde992526422aa3b405a4fe467ba4156185b37c0af9aab47c1,True,True,True,True,True,True,assets/local/configs/SCVI/pm0194.json,9e5b2b3fff248ab0b9c811b8b02de3632a14b8ed6c203f61dbffef9700bfdc35,freedom12/PokemonModelViewer,c5952930343748e6dcb4cae21ee383e0bd13b75c,public-derived-model-viewer-config-not-game-native-catalog,CROSSCHECK_PENDING,
SCVI,pm0194,194,pm0194_01_00,1,0,UNRESOLVED,UNRESOLVED,UNRESOLVED,icon/pm0194_01_00_00_big.png,74,148,157f4a50f058b0a8b5f2306935337218f3cb0b735e600c86d2e80288aa6320d9,True,True,True,True,True,True,assets/local/configs/SCVI/pm0194.json,9e5b2b3fff248ab0b9c811b8b02de3632a14b8ed6c203f61dbffef9700bfdc35,freedom12/PokemonModelViewer,c5952930343748e6dcb4cae21ee383e0bd13b75c,public-derived-model-viewer-config-not-game-native-catalog,CROSSCHECK_PENDING,
SCVI,pm0195,195,pm0195_00_00,0,0,UNRESOLVED,UNRESOLVED,UNRESOLVED,icon/pm0195_00_00_00_big.png,77,154,a7d3baa618d572b13204fc43a2d11a111d945523012f8249cae6d497624efd4e,True,True,True,True,True,True,assets/local/configs/SCVI/pm0195.json,d4cbb88e599614d1925a09eafb3d217509aa0700df9210c964457a719f062fb7,freedom12/PokemonModelViewer,c5952930343748e6dcb4cae21ee383e0bd13b75c,public-derived-model-viewer-config-not-game-native-catalog,CROSSCHECK_PENDING,
SCVI,pm0195,195,pm0195_01_00,1,0,UNRESOLVED,UNRESOLVED,UNRESOLVED,icon/pm0195_01_00_00_big.png,77,154,a7d3baa618d572b13204fc43a2d11a111d945523012f8249cae6d497624efd4e,True,True,True,True,True,True,assets/local/configs/SCVI/pm0195.json,d4cbb88e599614d1925a09eafb3d217509aa0700df9210c964457a719f062fb7,freedom12/PokemonModelViewer,c5952930343748e6dcb4cae21ee383e0bd13b75c,public-derived-model-viewer-config-not-game-native-catalog,CROSSCHECK_PENDING,
SCVI,pm0196,196,pm0196_00_00,0,0,UNRESOLVED,UNRESOLVED,UNRESOLVED,icon/pm0196_00_00_00_big.png,77,154,a7d3baa618d572b13204fc43a2d11a111d945523012f8249cae6d497624efd4e,True,True,True,True,True,True,assets/local/configs/SCVI/pm0196.json,eadac54837ce2af0dbd5d34695b1cea1f19e44d8dda39de7fd662478857675d4,freedom12/PokemonModelViewer,c5952930343748e6dcb4cae21ee383e0bd13b75c,public-derived-model-viewer-config-not-game-native-catalog,CROSSCHECK_PENDING,
SCVI,pm0197,197,pm0197_00_00,0,0,UNRESOLVED,UNRESOLVED,UNRESOLVED,icon/pm0197_00_00_00_big.png,77,154,a7d3baa618d572b13204fc43a2d11a111d945523012f8249cae6d497624efd4e,True,True,True,True,True,True,assets/local/configs/SCVI/pm0197.json,cfdb04558d214182789069adcd5367306f13b2437ac6a800c3f6312d16d86fa0,freedom12/PokemonModelViewer,c5952930343748e6dcb4cae21ee383e0bd13b75c,public-derived-model-viewer-config-not-game-native-catalog,CROSSCHECK_PENDING,
SCVI,pm0198,198,pm0198_00_00,0,0,UNRESOLVED,UNRESOLVED,UNRESOLVED,icon/pm0198_00_00_00_big.png,59,118,8da3f44b37ad9b7da9ec91bc87cf9dc927a5ab56b09a943cb926548af646780a,True,False,True,True,True,True,assets/local/configs/SCVI/pm0198.json,b531508d0929f4a6ee3c51d2fb59104eb3db934bbdd8032ecd3ed8d294db4c70,freedom12/PokemonModelViewer,c5952930343748e6dcb4cae21ee383e0bd13b75c,public-derived-model-viewer-config-not-game-native-catalog,CROSSCHECK_PENDING,
SCVI,pm0198,198,pm0198_01_00,1,0,UNRESOLVED,UNRESOLVED,UNRESOLVED,icon/pm0198_01_00_00_big.png,59,118,8da3f44b37ad9b7da9ec91bc87cf9dc927a5ab56b09a943cb926548af646780a,True,False,True,True,True,True,assets/local/configs/SCVI/pm0198.json,b531508d0929f4a6ee3c51d2fb59104eb3db934bbdd8032ecd3ed8d294db4c70,freedom12/PokemonModelViewer,c5952930343748e6dcb4cae21ee383e0bd13b75c,public-derived-model-viewer-config-not-game-native-catalog,CROSSCHECK_PENDING,
SCVI,pm0199,199,pm0199_00_00,0,0,UNRESOLVED,UNRESOLVED,UNRESOLVED,icon/pm0199_00_00_00_big.png,74,148,157f4a50f058b0a8b5f2306935337218f3cb0b735e600c86d2e80288aa6320d9,True,True,True,True,True,True,assets/local/configs/SCVI/pm0199.json,416b72110e92945d2d395b04e83fae11311727220e6596342bc86a4e758fd690,freedom12/PokemonModelViewer,c5952930343748e6dcb4cae21ee383e0bd13b75c,public-derived-model-viewer-config-not-game-native-catalog,CROSSCHECK_PENDING,
SCVI,pm0199,199,pm0199_00_31,0,31,UNRESOLVED,UNRESOLVED,UNRESOLVED,icon/pm0199_00_31_00_big.png,74,148,157f4a50f058b0a8b5f2306935337218f3cb0b735e600c86d2e80288aa6320d9,True,True,True,True,True,True,assets/local/configs/SCVI/pm0199.json,416b72110e92945d2d395b04e83fae11311727220e6596342bc86a4e758fd690,freedom12/PokemonModelViewer,c5952930343748e6dcb4cae21ee383e0bd13b75c,public-derived-model-viewer-config-not-game-native-catalog,CROSSCHECK_PENDING,
SCVI,pm0200,200,pm0200_00_00,0,0,UNRESOLVED,UNRESOLVED,UNRESOLVED,icon/pm0200_00_00_00_big.png,46,92,8651905f0358589e961b116909e8868ec2e2b314ebc563085bff77d3c384992c,True,True,True,True,True,True,assets/local/configs/SCVI/pm0200.json,790bb06977bfa368a0b65aa93ebb72e9c077a6819ac85787cbacc935b5dc8188,freedom12/PokemonModelViewer,c5952930343748e6dcb4cae21ee383e0bd13b75c,public-derived-model-viewer-config-not-game-native-catalog,CROSSCHECK_PENDING,
SCVI,pm0203,203,pm0203_00_00,0,0,UNRESOLVED,UNRESOLVED,UNRESOLVED,icon/pm0203_00_00_00_big.png,50,100,1856cb0bc13541e2b689dc035bee1a527fa4384f84990071ba185c881ff14a84,True,True,True,True,True,True,assets/local/configs/SCVI/pm0203.json,d0f9b61ac2bdefa4697b2cd444bf3ef2e76ff6bf6b2a130bb5bb29d40cd07434,freedom12/PokemonModelViewer,c5952930343748e6dcb4cae21ee383e0bd13b75c,public-derived-model-viewer-config-not-game-native-catalog,CROSSCHECK_PENDING,
SCVI,pm0203,203,pm0203_01_00,1,0,UNRESOLVED,UNRESOLVED,UNRESOLVED,icon/pm0203_01_00_00_big.png,50,100,1856cb0bc13541e2b689dc035bee1a527fa4384f84990071ba185c881ff14a84,True,True,True,True,True,True,assets/local/configs/SCVI/pm0203.json,d0f9b61ac2bdefa4697b2cd444bf3ef2e76ff6bf6b2a130bb5bb29d40cd07434,freedom12/PokemonModelViewer,c5952930343748e6dcb4cae21ee383e0bd13b75c,public-derived-model-viewer-config-not-game-native-catalog,CROSSCHECK_PENDING,
SCVI,pm0204,204,pm0204_00_00,0,0,UNRESOLVED,UNRESOLVED,UNRESOLVED,icon/pm0204_00_00_00_big.png,44,88,edbc06354dbd206231525ac00714feaa5a58b3fc1e25b5b8a8a774502af4cdf6,True,False,True,True,True,False,assets/local/configs/SCVI/pm0204.json,8eeacf8ebb71e3bff99d745b0a0262c50ef0d9c82cb204c9b92e0e8898783e60,freedom12/PokemonModelViewer,c5952930343748e6dcb4cae21ee383e0bd13b75c,public-derived-model-viewer-config-not-game-native-catalog,CROSSCHECK_PENDING,
SCVI,pm0205,205,pm0205_00_00,0,0,UNRESOLVED,UNRESOLVED,UNRESOLVED,icon/pm0205_00_00_00_big.png,41,82,f2d783ac7a8b4d94834e539186decc5099249ba3e43bf3682492c6aea2b81de8,True,False,True,True,True,False,assets/local/configs/SCVI/pm0205.json,7df8d18651fe2093f2d83e3f1bb0833e3f78666ea1989187ef52d7bfd60d469a,freedom12/PokemonModelViewer,c5952930343748e6dcb4cae21ee383e0bd13b75c,public-derived-model-viewer-config-not-game-native-catalog,CROSSCHECK_PENDING,
SCVI,pm0206,206,pm0206_00_00,0,0,UNRESOLVED,UNRESOLVED,UNRESOLVED,icon/pm0206_00_00_00_big.png,44,88,1da197fb0bfd730557cf6988e699bebd1fcc3fd5f8b11ce5e8c9ae2fa2d20938,True,False,True,True,False,True,assets/local/configs/SCVI/pm0206.json,6ecdbd3596f0a8f9a64646030ce37fe1d1ad7065179de03c416e7adfeac81d28,freedom12/PokemonModelViewer,c5952930343748e6dcb4cae21ee383e0bd13b75c,public-derived-model-viewer-config-not-game-native-catalog,CROSSCHECK_PENDING,
SCVI,pm0207,207,pm0207_00_00,0,0,UNRESOLVED,UNRESOLVED,UNRESOLVED,icon/pm0207_00_00_00_big.png,77,154,b77240929f1c8afda7ea7977fe95e838be1f07d68d670b2038749b3f99e02a68,True,True,True,True,True,True,assets/local/configs/SCVI/pm0207.json,fbb781b815530bdf842b9040d78270b68aedfe6882f55ca23c2e2b62620b2e8e,freedom12/PokemonModelViewer,c5952930343748e6dcb4cae21ee383e0bd13b75c,public-derived-model-viewer-config-not-game-native-catalog,CROSSCHECK_PENDING,
SCVI,pm0207,207,pm0207_01_00,1,0,UNRESOLVED,UNRESOLVED,UNRESOLVED,icon/pm0207_01_00_00_big.png,77,154,b77240929f1c8afda7ea7977fe95e838be1f07d68d670b2038749b3f99e02a68,True,True,True,True,True,True,assets/local/configs/SCVI/pm0207.json,fbb781b815530bdf842b9040d78270b68aedfe6882f55ca23c2e2b62620b2e8e,freedom12/PokemonModelViewer,c5952930343748e6dcb4cae21ee383e0bd13b75c,public-derived-model-viewer-config-not-game-native-catalog,CROSSCHECK_PENDING,
SCVI,pm0209,209,pm0209_00_00,0,0,UNRESOLVED,UNRESOLVED,UNRESOLVED,icon/pm0209_00_00_00_big.png,52,104,ed3a1cc17a9d0dbe2cb6819899757ebd0af50713364712b6f76a463b429eae5e,True,True,True,True,True,True,assets/local/configs/SCVI/pm0209.json,ffe7d2c0eb564c43f2fa4cc2f0d50c3fc180bc0741e99e0f3bbcc4ffed8164ee,freedom12/PokemonModelViewer,c5952930343748e6dcb4cae21ee383e0bd13b75c,public-derived-model-viewer-config-not-game-native-catalog,CROSSCHECK_PENDING,
SCVI,pm0210,210,pm0210_00_00,0,0,UNRESOLVED,UNRESOLVED,UNRESOLVED,icon/pm0210_00_00_00_big.png,50,100,315874233d6bf8c6fc1362b62e2d2450fc0495078a1c5628f59c297d0e51979b,True,True,True,True,True,True,assets/local/configs/SCVI/pm0210.json,aa2655850b5f2c60e77efed5d20be1fb9403e1deb9a8f1fe8522e5dddbb854c2,freedom12/PokemonModelViewer,c5952930343748e6dcb4cae21ee383e0bd13b75c,public-derived-model-viewer-config-not-game-native-catalog,CROSSCHECK_PENDING,
SCVI,pm0211,211,pm0211_00_00,0,0,UNRESOLVED,UNRESOLVED,UNRESOLVED,icon/pm0211_00_00_00_big.png,46,92,738457756e5bfdf503c3ef04ee998eda66434fa1a51c3ad39ed70c57bd0b6e40,True,True,True,True,True,True,assets/local/configs/SCVI/pm0211.json,831c54bf76f125aa58526f1f2164380e1e47dcc74fc0d1b834a0c2f266d259be,freedom12/PokemonModelViewer,c5952930343748e6dcb4cae21ee383e0bd13b75c,public-derived-model-viewer-config-not-game-native-catalog,CROSSCHECK_PENDING,
SCVI,pm0211,211,pm0211_00_41,0,41,UNRESOLVED,UNRESOLVED,UNRESOLVED,icon/pm0211_00_41_00_big.png,46,92,738457756e5bfdf503c3ef04ee998eda66434fa1a51c3ad39ed70c57bd0b6e40,True,True,True,True,True,True,assets/local/configs/SCVI/pm0211.json,831c54bf76f125aa58526f1f2164380e1e47dcc74fc0d1b834a0c2f266d259be,freedom12/PokemonModelViewer,c5952930343748e6dcb4cae21ee383e0bd13b75c,public-derived-model-viewer-config-not-game-native-catalog,CROSSCHECK_PENDING,
SCVI,pm0212,212,pm0212_00_00,0,0,UNRESOLVED,UNRESOLVED,UNRESOLVED,icon/pm0212_00_00_00_big.png,75,150,23307a515e3fe4f1b4add90b57e4912b993b2e2585c252753d85f1b8b08abadb,True,True,True,True,True,True,assets/local/configs/SCVI/pm0212.json,bbf5facfbe5feae96e4a5619d1a39597e8c91d191aafb00cba0f584161595c38,freedom12/PokemonModelViewer,c5952930343748e6dcb4cae21ee383e0bd13b75c,public-derived-model-viewer-config-not-game-native-catalog,CROSSCHECK_PENDING,
SCVI,pm0212,212,pm0212_01_00,1,0,UNRESOLVED,UNRESOLVED,UNRESOLVED,icon/pm0212_01_00_00_big.png,75,150,23307a515e3fe4f1b4add90b57e4912b993b2e2585c252753d85f1b8b08abadb,True,True,True,True,True,True,assets/local/configs/SCVI/pm0212.json,bbf5facfbe5feae96e4a5619d1a39597e8c91d191aafb00cba0f584161595c38,freedom12/PokemonModelViewer,c5952930343748e6dcb4cae21ee383e0bd13b75c,public-derived-model-viewer-config-not-game-native-catalog,CROSSCHECK_PENDING,
SCVI,pm0214,214,pm0214_00_00,0,0,UNRESOLVED,UNRESOLVED,UNRESOLVED,icon/pm0214_00_00_00_big.png,75,150,92ac23413d6dfe527dd347a25e719b89b6ab3bc766674ef4b949fbca28642233,True,True,True,True,True,True,assets/local/configs/SCVI/pm0214.json,f2165c58271b5c066babc0a221f1b7edd99335a67c6f254b3641cd6ed88a5688,freedom12/PokemonModelViewer,c5952930343748e6dcb4cae21ee383e0bd13b75c,public-derived-model-viewer-config-not-game-native-catalog,CROSSCHECK_PENDING,
SCVI,pm0214,214,pm0214_01_00,1,0,UNRESOLVED,UNRESOLVED,UNRESOLVED,icon/pm0214_01_00_00_big.png,75,150,92ac23413d6dfe527dd347a25e719b89b6ab3bc766674ef4b949fbca28642233,True,True,True,True,True,True,assets/local/configs/SCVI/pm0214.json,f2165c58271b5c066babc0a221f1b7edd99335a67c6f254b3641cd6ed88a5688,freedom12/PokemonModelViewer,c5952930343748e6dcb4cae21ee383e0bd13b75c,public-derived-model-viewer-config-not-game-native-catalog,CROSSCHECK_PENDING,
SCVI,pm0215,215,pm0215_00_00,0,0,UNRESOLVED,UNRESOLVED,UNRESOLVED,icon/pm0215_00_00_00_big.png,46,92,5a9f1b52282756f578da62961c34c91c76fa2976b69f4c828615a1aa07a9ec65,True,True,True,True,True,True,assets/local/configs/SCVI/pm0215.json,e1c70d7d3a8f05728ad35568360a4dadb83449aff9678d1d4d43878627b7f9cb,freedom12/PokemonModelViewer,c5952930343748e6dcb4cae21ee383e0bd13b75c,public-derived-model-viewer-config-not-game-native-catalog,CROSSCHECK_PENDING,
SCVI,pm0215,215,pm0215_00_41,0,41,UNRESOLVED,UNRESOLVED,UNRESOLVED,icon/pm0215_00_41_00_big.png,46,92,5a9f1b52282756f578da62961c34c91c76fa2976b69f4c828615a1aa07a9ec65,True,True,True,True,True,True,assets/local/configs/SCVI/pm0215.json,e1c70d7d3a8f05728ad35568360a4dadb83449aff9678d1d4d43878627b7f9cb,freedom12/PokemonModelViewer,c5952930343748e6dcb4cae21ee383e0bd13b75c,public-derived-model-viewer-config-not-game-native-catalog,CROSSCHECK_PENDING,
SCVI,pm0215,215,pm0215_01_00,1,0,UNRESOLVED,UNRESOLVED,UNRESOLVED,icon/pm0215_01_00_00_big.png,46,92,5a9f1b52282756f578da62961c34c91c76fa2976b69f4c828615a1aa07a9ec65,True,True,True,True,True,True,assets/local/configs/SCVI/pm0215.json,e1c70d7d3a8f05728ad35568360a4dadb83449aff9678d1d4d43878627b7f9cb,freedom12/PokemonModelViewer,c5952930343748e6dcb4cae21ee383e0bd13b75c,public-derived-model-viewer-config-not-game-native-catalog,CROSSCHECK_PENDING,
SCVI,pm0215,215,pm0215_01_41,1,41,UNRESOLVED,UNRESOLVED,UNRESOLVED,icon/pm0215_01_41_00_big.png,46,92,5a9f1b52282756f578da62961c34c91c76fa2976b69f4c828615a1aa07a9ec65,True,True,True,True,True,True,assets/local/configs/SCVI/pm0215.json,e1c70d7d3a8f05728ad35568360a4dadb83449aff9678d1d4d43878627b7f9cb,freedom12/PokemonModelViewer,c5952930343748e6dcb4cae21ee383e0bd13b75c,public-derived-model-viewer-config-not-game-native-catalog,CROSSCHECK_PENDING,
SCVI,pm0216,216,pm0216_00_00,0,0,UNRESOLVED,UNRESOLVED,UNRESOLVED,icon/pm0216_00_00_00_big.png,49,98,ec974bec80ed07a54924175cca7d753c2ad2709e2f07aebdfd99fa333b328ad3,True,True,True,True,True,True,assets/local/configs/SCVI/pm0216.json,ea807141caf0d4265a3c2afc9ae0b5551116ec1b61c9e9a0bbc96ccac02571d1,freedom12/PokemonModelViewer,c5952930343748e6dcb4cae21ee383e0bd13b75c,public-derived-model-viewer-config-not-game-native-catalog,CROSSCHECK_PENDING,
SCVI,pm0217,217,pm0217_00_00,0,0,UNRESOLVED,UNRESOLVED,UNRESOLVED,icon/pm0217_00_00_00_big.png,49,98,ec974bec80ed07a54924175cca7d753c2ad2709e2f07aebdfd99fa333b328ad3,True,True,True,True,True,True,assets/local/configs/SCVI/pm0217.json,1e1b1a3192513c9fd467ed9a966c898198da61e5acfe0fd18d507c802ecf446a,freedom12/PokemonModelViewer,c5952930343748e6dcb4cae21ee383e0bd13b75c,public-derived-model-viewer-config-not-game-native-catalog,CROSSCHECK_PENDING,
SCVI,pm0217,217,pm0217_01_00,1,0,UNRESOLVED,UNRESOLVED,UNRESOLVED,icon/pm0217_01_00_00_big.png,49,98,ec974bec80ed07a54924175cca7d753c2ad2709e2f07aebdfd99fa333b328ad3,True,True,True,True,True,True,assets/local/configs/SCVI/pm0217.json,1e1b1a3192513c9fd467ed9a966c898198da61e5acfe0fd18d507c802ecf446a,freedom12/PokemonModelViewer,c5952930343748e6dcb4cae21ee383e0bd13b75c,public-derived-model-viewer-config-not-game-native-catalog,CROSSCHECK_PENDING,
SCVI,pm0218,218,pm0218_00_00,0,0,UNRESOLVED,UNRESOLVED,UNRESOLVED,icon/pm0218_00_00_00_big.png,44,88,4a33e026cf0ec86c29ffd4bb689809b4cd3ad23ecca67510fd7588d713ad4b08,True,True,True,True,True,True,assets/local/configs/SCVI/pm0218.json,3584b30b8f9b60baa246ff699c6e0934ca70aeec924b3b3ab63201a32edd48a3,freedom12/PokemonModelViewer,c5952930343748e6dcb4cae21ee383e0bd13b75c,public-derived-model-viewer-config-not-game-native-catalog,CROSSCHECK_PENDING,
SCVI,pm0219,219,pm0219_00_00,0,0,UNRESOLVED,UNRESOLVED,UNRESOLVED,icon/pm0219_00_00_00_big.png,44,88,4a33e026cf0ec86c29ffd4bb689809b4cd3ad23ecca67510fd7588d713ad4b08,True,True,True,True,True,True,assets/local/configs/SCVI/pm0219.json,873d8233a5fd9d4839c8d4936835fbd86178d6218f8b147611e13f4f6ff1dfb5,freedom12/PokemonModelViewer,c5952930343748e6dcb4cae21ee383e0bd13b75c,public-derived-model-viewer-config-not-game-native-catalog,CROSSCHECK_PENDING,
SCVI,pm0220,220,pm0220_00_00,0,0,UNRESOLVED,UNRESOLVED,UNRESOLVED,icon/pm0220_00_00_00_big.png,42,84,49b11bbff06f4c442bf087777726ee447ab54cd1ab756910ad61b525900c1a8f,True,True,True,True,False,True,assets/local/configs/SCVI/pm0220.json,9385b087deeca5011ac61324e89d5ce1b7c5313b11d0f566903634e49116210f,freedom12/PokemonModelViewer,c5952930343748e6dcb4cae21ee383e0bd13b75c,public-derived-model-viewer-config-not-game-native-catalog,CROSSCHECK_PENDING,
SCVI,pm0221,221,pm0221_00_00,0,0,UNRESOLVED,UNRESOLVED,UNRESOLVED,icon/pm0221_00_00_00_big.png,43,86,462aec9e7e5862573bbab24ccaed8bdc36a5b8068e0222fc06c6f2674d446906,True,True,True,True,True,True,assets/local/configs/SCVI/pm0221.json,49063d10e1545d988d82d13e0572c3e2df4356f6c3c708f9924356bca3512832,freedom12/PokemonModelViewer,c5952930343748e6dcb4cae21ee383e0bd13b75c,public-derived-model-viewer-config-not-game-native-catalog,CROSSCHECK_PENDING,
SCVI,pm0221,221,pm0221_01_00,1,0,UNRESOLVED,UNRESOLVED,UNRESOLVED,icon/pm0221_01_00_00_big.png,43,86,462aec9e7e5862573bbab24ccaed8bdc36a5b8068e0222fc06c6f2674d446906,True,True,True,True,True,True,assets/local/configs/SCVI/pm0221.json,49063d10e1545d988d82d13e0572c3e2df4356f6c3c708f9924356bca3512832,freedom12/PokemonModelViewer,c5952930343748e6dcb4cae21ee383e0bd13b75c,public-derived-model-viewer-config-not-game-native-catalog,CROSSCHECK_PENDING,
SCVI,pm0225,225,pm0225_00_00,0,0,UNRESOLVED,UNRESOLVED,UNRESOLVED,icon/pm0225_00_00_00_big.png,77,154,bc783de5bbadd33167f26260262f3b69e0bd1bd102518724f0848fc167f50704,True,True,True,True,True,True,assets/local/configs/SCVI/pm0225.json,f71ff6595f7573fced855dfa6f1c6a347d6e6b9485e498cd6369f32fa7395a23,freedom12/PokemonModelViewer,c5952930343748e6dcb4cae21ee383e0bd13b75c,public-derived-model-viewer-config-not-game-native-catalog,CROSSCHECK_PENDING,
SCVI,pm0227,227,pm0227_00_00,0,0,UNRESOLVED,UNRESOLVED,UNRESOLVED,icon/pm0227_00_00_00_big.png,56,112,115b99f36923112474e2d237804210b3091c2fc0909eece324d94ada81c3597c,True,True,True,True,True,True,assets/local/configs/SCVI/pm0227.json,4a57a0d07563d3cd784eb7321f251b561ff23e5650fe7d6337be1a14e95ead40,freedom12/PokemonModelViewer,c5952930343748e6dcb4cae21ee383e0bd13b75c,public-derived-model-viewer-config-not-game-native-catalog,CROSSCHECK_PENDING,
SCVI,pm0228,228,pm0228_00_00,0,0,UNRESOLVED,UNRESOLVED,UNRESOLVED,icon/pm0228_00_00_00_big.png,49,98,ec974bec80ed07a54924175cca7d753c2ad2709e2f07aebdfd99fa333b328ad3,True,True,True,True,True,True,assets/local/configs/SCVI/pm0228.json,4926b82d99a39ce58d4de8245214d81385220a8a24a03eedbbbf7af9e5bab760,freedom12/PokemonModelViewer,c5952930343748e6dcb4cae21ee383e0bd13b75c,public-derived-model-viewer-config-not-game-native-catalog,CROSSCHECK_PENDING,
SCVI,pm0229,229,pm0229_00_00,0,0,UNRESOLVED,UNRESOLVED,UNRESOLVED,icon/pm0229_00_00_00_big.png,47,94,04c111b1202026d0c7f04dddd3bfa79d50058f7f93a0f6ae6ff9f77d41024ab4,True,True,True,True,True,True,assets/local/configs/SCVI/pm0229.json,401b03c6654026a98d1bd717d570202d38cd877fe6fe7dbd4602336db7ab336f,freedom12/PokemonModelViewer,c5952930343748e6dcb4cae21ee383e0bd13b75c,public-derived-model-viewer-config-not-game-native-catalog,CROSSCHECK_PENDING,
SCVI,pm0229,229,pm0229_01_00,1,0,UNRESOLVED,UNRESOLVED,UNRESOLVED,icon/pm0229_01_00_00_big.png,47,94,04c111b1202026d0c7f04dddd3bfa79d50058f7f93a0f6ae6ff9f77d41024ab4,True,True,True,True,True,True,assets/local/configs/SCVI/pm0229.json,401b03c6654026a98d1bd717d570202d38cd877fe6fe7dbd4602336db7ab336f,freedom12/PokemonModelViewer,c5952930343748e6dcb4cae21ee383e0bd13b75c,public-derived-model-viewer-config-not-game-native-catalog,CROSSCHECK_PENDING,
SCVI,pm0230,230,pm0230_00_00,0,0,UNRESOLVED,UNRESOLVED,UNRESOLVED,icon/pm0230_00_00_00_big.png,49,98,ebabc6728a8211dd1a21cbdd2fe546a7b0d00644527084d874897816f9da1236,True,True,True,True,True,False,assets/local/configs/SCVI/pm0230.json,657af749ac6e428203c69472bbb5282c99bae34977db908d0f34d7f20e3374d5,freedom12/PokemonModelViewer,c5952930343748e6dcb4cae21ee383e0bd13b75c,public-derived-model-viewer-config-not-game-native-catalog,CROSSCHECK_PENDING,
SCVI,pm0231,231,pm0231_00_00,0,0,UNRESOLVED,UNRESOLVED,UNRESOLVED,icon/pm0231_00_00_00_big.png,49,98,ec974bec80ed07a54924175cca7d753c2ad2709e2f07aebdfd99fa333b328ad3,True,True,True,True,True,True,assets/local/configs/SCVI/pm0231.json,9d236a864308503606a114c5a7ef14940c06ac47421ead0ac2f4ba96b384b40b,freedom12/PokemonModelViewer,c5952930343748e6dcb4cae21ee383e0bd13b75c,public-derived-model-viewer-config-not-game-native-catalog,CROSSCHECK_PENDING,
SCVI,pm0232,232,pm0232_00_00,0,0,UNRESOLVED,UNRESOLVED,UNRESOLVED,icon/pm0232_00_00_00_big.png,49,98,ec974bec80ed07a54924175cca7d753c2ad2709e2f07aebdfd99fa333b328ad3,True,True,True,True,True,True,assets/local/configs/SCVI/pm0232.json,971f786ab56510cd8ae324c0ead9a762c0198c4eaf31dd064f3812f4fe770c56,freedom12/PokemonModelViewer,c5952930343748e6dcb4cae21ee383e0bd13b75c,public-derived-model-viewer-config-not-game-native-catalog,CROSSCHECK_PENDING,
SCVI,pm0232,232,pm0232_01_00,1,0,UNRESOLVED,UNRESOLVED,UNRESOLVED,icon/pm0232_01_00_00_big.png,49,98,ec974bec80ed07a54924175cca7d753c2ad2709e2f07aebdfd99fa333b328ad3,True,True,True,True,True,True,assets/local/configs/SCVI/pm0232.json,971f786ab56510cd8ae324c0ead9a762c0198c4eaf31dd064f3812f4fe770c56,freedom12/PokemonModelViewer,c5952930343748e6dcb4cae21ee383e0bd13b75c,public-derived-model-viewer-config-not-game-native-catalog,CROSSCHECK_PENDING,
SCVI,pm0233,233,pm0233_00_00,0,0,UNRESOLVED,UNRESOLVED,UNRESOLVED,icon/pm0233_00_00_00_big.png,49,98,99fea1cd86c1d5d4d432a7a2f5ab815e8adfff317c75fb30514be4a7c48d7c92,True,True,True,True,True,False,assets/local/configs/SCVI/pm0233.json,39bb8330fd7fe3c3907dd4746a17c68dba8b540dcfeebc4718f91b858aa62fb4,freedom12/PokemonModelViewer,c5952930343748e6dcb4cae21ee383e0bd13b75c,public-derived-model-viewer-config-not-game-native-catalog,CROSSCHECK_PENDING,
SCVI,pm0234,234,pm0234_00_00,0,0,UNRESOLVED,UNRESOLVED,UNRESOLVED,icon/pm0234_00_00_00_big.png,49,98,ec974bec80ed07a54924175cca7d753c2ad2709e2f07aebdfd99fa333b328ad3,True,True,True,True,True,True,assets/local/configs/SCVI/pm0234.json,7b1e5039837c23460a20286bd4394315f75c7f2accf931675f47504f1a39d877,freedom12/PokemonModelViewer,c5952930343748e6dcb4cae21ee383e0bd13b75c,public-derived-model-viewer-config-not-game-native-catalog,CROSSCHECK_PENDING,
SCVI,pm0235,235,pm0235_00_00,0,0,UNRESOLVED,UNRESOLVED,UNRESOLVED,icon/pm0235_00_00_00_big.png,49,98,ec974bec80ed07a54924175cca7d753c2ad2709e2f07aebdfd99fa333b328ad3,True,True,True,True,True,True,assets/local/configs/SCVI/pm0235.json,f0084377551a4104924798f048c35e6aabe246179dd5f30eb73e9941dc4121c7,freedom12/PokemonModelViewer,c5952930343748e6dcb4cae21ee383e0bd13b75c,public-derived-model-viewer-config-not-game-native-catalog,CROSSCHECK_PENDING,
SCVI,pm0236,236,pm0236_00_00,0,0,UNRESOLVED,UNRESOLVED,UNRESOLVED,icon/pm0236_00_00_00_big.png,49,98,ec974bec80ed07a54924175cca7d753c2ad2709e2f07aebdfd99fa333b328ad3,True,True,True,True,True,True,assets/local/configs/SCVI/pm0236.json,2cd43b8aaa381cf99b5435145b9e8e061502af86b5c0ceb6dce01315f2e0fb86,freedom12/PokemonModelViewer,c5952930343748e6dcb4cae21ee383e0bd13b75c,public-derived-model-viewer-config-not-game-native-catalog,CROSSCHECK_PENDING,
SCVI,pm0237,237,pm0237_00_00,0,0,UNRESOLVED,UNRESOLVED,UNRESOLVED,icon/pm0237_00_00_00_big.png,52,104,ed3a1cc17a9d0dbe2cb6819899757ebd0af50713364712b6f76a463b429eae5e,True,True,True,True,True,True,assets/local/configs/SCVI/pm0237.json,fa1308e571fc5419b5e398b00d5584bee10e215d552ba323ef11e09c98202455,freedom12/PokemonModelViewer,c5952930343748e6dcb4cae21ee383e0bd13b75c,public-derived-model-viewer-config-not-game-native-catalog,CROSSCHECK_PENDING,
SCVI,pm0239,239,pm0239_00_00,0,0,UNRESOLVED,UNRESOLVED,UNRESOLVED,icon/pm0239_00_00_00_big.png,49,98,ec974bec80ed07a54924175cca7d753c2ad2709e2f07aebdfd99fa333b328ad3,True,True,True,True,True,True,assets/local/configs/SCVI/pm0239.json,f022507160fb689bbddb7a9c93bf934a1be8a6fa716dc8666b6b3c0d82165303,freedom12/PokemonModelViewer,c5952930343748e6dcb4cae21ee383e0bd13b75c,public-derived-model-viewer-config-not-game-native-catalog,CROSSCHECK_PENDING,
SCVI,pm0240,240,pm0240_00_00,0,0,UNRESOLVED,UNRESOLVED,UNRESOLVED,icon/pm0240_00_00_00_big.png,49,98,ec974bec80ed07a54924175cca7d753c2ad2709e2f07aebdfd99fa333b328ad3,True,True,True,True,True,True,assets/local/configs/SCVI/pm0240.json,8cedc9563f358be20ab6e07cc25849659f8c4cd0dcc0f56a9a8d551c7e6e7216,freedom12/PokemonModelViewer,c5952930343748e6dcb4cae21ee383e0bd13b75c,public-derived-model-viewer-config-not-game-native-catalog,CROSSCHECK_PENDING,
SCVI,pm0242,242,pm0242_00_00,0,0,UNRESOLVED,UNRESOLVED,UNRESOLVED,icon/pm0242_00_00_00_big.png,49,98,ec974bec80ed07a54924175cca7d753c2ad2709e2f07aebdfd99fa333b328ad3,True,True,True,True,True,True,assets/local/configs/SCVI/pm0242.json,3e0f2ebbf2c79e3e9b4e80b5c14c3413ae0cb6c6ceb6f84e36e2833609ea223a,freedom12/PokemonModelViewer,c5952930343748e6dcb4cae21ee383e0bd13b75c,public-derived-model-viewer-config-not-game-native-catalog,CROSSCHECK_PENDING,
SCVI,pm0243,243,pm0243_00_00,0,0,UNRESOLVED,UNRESOLVED,UNRESOLVED,icon/pm0243_00_00_00_big.png,43,86,462aec9e7e5862573bbab24ccaed8bdc36a5b8068e0222fc06c6f2674d446906,True,True,True,True,True,True,assets/local/configs/SCVI/pm0243.json,2243b84a701bf36e68239db14f6bb9f7ad9115bd0d7c8c5b6065696bcefd8236,freedom12/PokemonModelViewer,c5952930343748e6dcb4cae21ee383e0bd13b75c,public-derived-model-viewer-config-not-game-native-catalog,CROSSCHECK_PENDING,
SCVI,pm0244,244,pm0244_00_00,0,0,UNRESOLVED,UNRESOLVED,UNRESOLVED,icon/pm0244_00_00_00_big.png,45,90,50ede760e6a5627b857173fc0c3cb7ea398ae26072efd6715ffb8e2b557e5394,True,True,True,True,True,True,assets/local/configs/SCVI/pm0244.json,dc267859b95f7ff23bedd2e68f5b27be966bf146577de0b2cddf642b97574dfe,freedom12/PokemonModelViewer,c5952930343748e6dcb4cae21ee383e0bd13b75c,public-derived-model-viewer-config-not-game-native-catalog,CROSSCHECK_PENDING,
SCVI,pm0245,245,pm0245_00_00,0,0,UNRESOLVED,UNRESOLVED,UNRESOLVED,icon/pm0245_00_00_00_big.png,74,148,77913fb18a67fe8ac1af15cb27dee4821cac3ec89d2ac9815a960159f0acf6e8,True,True,True,True,True,True,assets/local/configs/SCVI/pm0245.json,26b92df440bc7b2401cc60adb913cda53429342fe2212b2574cc2823b4c60fc9,freedom12/PokemonModelViewer,c5952930343748e6dcb4cae21ee383e0bd13b75c,public-derived-model-viewer-config-not-game-native-catalog,CROSSCHECK_PENDING,
SCVI,pm0246,246,pm0246_00_00,0,0,UNRESOLVED,UNRESOLVED,UNRESOLVED,icon/pm0246_00_00_00_big.png,49,98,ec974bec80ed07a54924175cca7d753c2ad2709e2f07aebdfd99fa333b328ad3,True,True,True,True,True,True,assets/local/configs/SCVI/pm0246.json,801000b680f282fcefc5107092f6f8ee070627a16ddeb71672299022002e56eb,freedom12/PokemonModelViewer,c5952930343748e6dcb4cae21ee383e0bd13b75c,public-derived-model-viewer-config-not-game-native-catalog,CROSSCHECK_PENDING,
SCVI,pm0247,247,pm0247_00_00,0,0,UNRESOLVED,UNRESOLVED,UNRESOLVED,icon/pm0247_00_00_00_big.png,41,82,8ceb44e42cf948fd804b2d0a09d800df8e6171a18352c1cd381b1aad3bf8f8e8,True,False,True,True,True,False,assets/local/configs/SCVI/pm0247.json,4008839d0a25784593c115be113e22c7c765f6c0401ffc604a766a612de484d1,freedom12/PokemonModelViewer,c5952930343748e6dcb4cae21ee383e0bd13b75c,public-derived-model-viewer-config-not-game-native-catalog,CROSSCHECK_PENDING,
SCVI,pm0248,248,pm0248_00_00,0,0,UNRESOLVED,UNRESOLVED,UNRESOLVED,icon/pm0248_00_00_00_big.png,46,92,5a9f1b52282756f578da62961c34c91c76fa2976b69f4c828615a1aa07a9ec65,True,True,True,True,True,True,assets/local/configs/SCVI/pm0248.json,b21858ec130e200c50d9c4eba65e6c3f9b0f66852f29e5478b5d9db97c41edbd,freedom12/PokemonModelViewer,c5952930343748e6dcb4cae21ee383e0bd13b75c,public-derived-model-viewer-config-not-game-native-catalog,CROSSCHECK_PENDING,
SCVI,pm0249,249,pm0249_00_00,0,0,UNRESOLVED,UNRESOLVED,UNRESOLVED,icon/pm0249_00_00_00_big.png,84,168,36707b40114a9166682d416e3a3336611c6d49298807aec32ca64c7b8562410c,True,True,True,True,True,True,assets/local/configs/SCVI/pm0249.json,c2452840ecfdc03b791fcef67deb0723be6bb8ddf5a095250dd05b1334952411,freedom12/PokemonModelViewer,c5952930343748e6dcb4cae21ee383e0bd13b75c,public-derived-model-viewer-config-not-game-native-catalog,CROSSCHECK_PENDING,
SCVI,pm0250,250,pm0250_00_00,0,0,UNRESOLVED,UNRESOLVED,UNRESOLVED,icon/pm0250_00_00_00_big.png,56,112,115b99f36923112474e2d237804210b3091c2fc0909eece324d94ada81c3597c,True,True,True,True,True,True,assets/local/configs/SCVI/pm0250.json,4fb0f58be9207c5c7cf8fcf48370e23150439949c76eb47d8ab16189d6c3ea6e,freedom12/PokemonModelViewer,c5952930343748e6dcb4cae21ee383e0bd13b75c,public-derived-model-viewer-config-not-game-native-catalog,CROSSCHECK_PENDING,
SCVI,pm0252,252,pm0252_00_00,0,0,UNRESOLVED,UNRESOLVED,UNRESOLVED,icon/pm0252_00_00_00_big.png,56,112,ccd03b0e508759370679e9a9b8440983904c2f36b3b1e34fe7b1f2b7f4e8914d,True,True,True,True,True,True,assets/local/configs/SCVI/pm0252.json,a372143133b5c5932364983abb38424024e0a729179c9b687c25e032854120cd,freedom12/PokemonModelViewer,c5952930343748e6dcb4cae21ee383e0bd13b75c,public-derived-model-viewer-config-not-game-native-catalog,CROSSCHECK_PENDING,
SCVI,pm0253,253,pm0253_00_00,0,0,UNRESOLVED,UNRESOLVED,UNRESOLVED,icon/pm0253_00_00_00_big.png,49,98,ec974bec80ed07a54924175cca7d753c2ad2709e2f07aebdfd99fa333b328ad3,True,True,True,True,True,True,assets/local/configs/SCVI/pm0253.json,c53af3529321d74ff98b7f2df0fc795c6db7e7ef0ab42c913670dc0c409331dc,freedom12/PokemonModelViewer,c5952930343748e6dcb4cae21ee383e0bd13b75c,public-derived-model-viewer-config-not-game-native-catalog,CROSSCHECK_PENDING,
SCVI,pm0254,254,pm0254_00_00,0,0,UNRESOLVED,UNRESOLVED,UNRESOLVED,icon/pm0254_00_00_00_big.png,49,98,ec974bec80ed07a54924175cca7d753c2ad2709e2f07aebdfd99fa333b328ad3,True,True,True,True,True,True,assets/local/configs/SCVI/pm0254.json,d6446428133fa4e29df0c566e5f597d3a19ddcb77764d2066498ef43d5db7f32,freedom12/PokemonModelViewer,c5952930343748e6dcb4cae21ee383e0bd13b75c,public-derived-model-viewer-config-not-game-native-catalog,CROSSCHECK_PENDING,
SCVI,pm0255,255,pm0255_00_00,0,0,UNRESOLVED,UNRESOLVED,UNRESOLVED,icon/pm0255_00_00_00_big.png,49,98,ec974bec80ed07a54924175cca7d753c2ad2709e2f07aebdfd99fa333b328ad3,True,True,True,True,True,True,assets/local/configs/SCVI/pm0255.json,226050870eb3881ed6e6da3c76992cea1484ec694fd62b5b8ccf7622967d3dfe,freedom12/PokemonModelViewer,c5952930343748e6dcb4cae21ee383e0bd13b75c,public-derived-model-viewer-config-not-game-native-catalog,CROSSCHECK_PENDING,
SCVI,pm0255,255,pm0255_01_00,1,0,UNRESOLVED,UNRESOLVED,UNRESOLVED,icon/pm0255_01_00_00_big.png,49,98,ec974bec80ed07a54924175cca7d753c2ad2709e2f07aebdfd99fa333b328ad3,True,True,True,True,True,True,assets/local/configs/SCVI/pm0255.json,226050870eb3881ed6e6da3c76992cea1484ec694fd62b5b8ccf7622967d3dfe,freedom12/PokemonModelViewer,c5952930343748e6dcb4cae21ee383e0bd13b75c,public-derived-model-viewer-config-not-game-native-catalog,CROSSCHECK_PENDING,
SCVI,pm0256,256,pm0256_00_00,0,0,UNRESOLVED,UNRESOLVED,UNRESOLVED,icon/pm0256_00_00_00_big.png,49,98,ec974bec80ed07a54924175cca7d753c2ad2709e2f07aebdfd99fa333b328ad3,True,True,True,True,True,True,assets/local/configs/SCVI/pm0256.json,8137c29c83feab770e3d6c67fdd154cfb1d2fca85a867cd619abd93d401dc7bc,freedom12/PokemonModelViewer,c5952930343748e6dcb4cae21ee383e0bd13b75c,public-derived-model-viewer-config-not-game-native-catalog,CROSSCHECK_PENDING,
SCVI,pm0256,256,pm0256_01_00,1,0,UNRESOLVED,UNRESOLVED,UNRESOLVED,icon/pm0256_01_00_00_big.png,49,98,ec974bec80ed07a54924175cca7d753c2ad2709e2f07aebdfd99fa333b328ad3,True,True,True,True,True,True,assets/local/configs/SCVI/pm0256.json,8137c29c83feab770e3d6c67fdd154cfb1d2fca85a867cd619abd93d401dc7bc,freedom12/PokemonModelViewer,c5952930343748e6dcb4cae21ee383e0bd13b75c,public-derived-model-viewer-config-not-game-native-catalog,CROSSCHECK_PENDING,
SCVI,pm0257,257,pm0257_00_00,0,0,UNRESOLVED,UNRESOLVED,UNRESOLVED,icon/pm0257_00_00_00_big.png,49,98,ec974bec80ed07a54924175cca7d753c2ad2709e2f07aebdfd99fa333b328ad3,True,True,True,True,True,True,assets/local/configs/SCVI/pm0257.json,f7df0ff6b800f2d0110546b290d4f60cf23112fc40553ecc6ab0cfbfee3baf5a,freedom12/PokemonModelViewer,c5952930343748e6dcb4cae21ee383e0bd13b75c,public-derived-model-viewer-config-not-game-native-catalog,CROSSCHECK_PENDING,
SCVI,pm0257,257,pm0257_01_00,1,0,UNRESOLVED,UNRESOLVED,UNRESOLVED,icon/pm0257_01_00_00_big.png,49,98,ec974bec80ed07a54924175cca7d753c2ad2709e2f07aebdfd99fa333b328ad3,True,True,True,True,True,True,assets/local/configs/SCVI/pm0257.json,f7df0ff6b800f2d0110546b290d4f60cf23112fc40553ecc6ab0cfbfee3baf5a,freedom12/PokemonModelViewer,c5952930343748e6dcb4cae21ee383e0bd13b75c,public-derived-model-viewer-config-not-game-native-catalog,CROSSCHECK_PENDING,
SCVI,pm0258,258,pm0258_00_00,0,0,UNRESOLVED,UNRESOLVED,UNRESOLVED,icon/pm0258_00_00_00_big.png,83,166,1425519ba0ad5b7ee642c83ab167aa19ad6d87647bfa8de213dc14c220ac21ae,True,True,True,True,True,True,assets/local/configs/SCVI/pm0258.json,b0622d15719c73aa2590eeff2ef717c8d17ccf59039627dd7209a963fcde22a6,freedom12/PokemonModelViewer,c5952930343748e6dcb4cae21ee383e0bd13b75c,public-derived-model-viewer-config-not-game-native-catalog,CROSSCHECK_PENDING,
SCVI,pm0259,259,pm0259_00_00,0,0,UNRESOLVED,UNRESOLVED,UNRESOLVED,icon/pm0259_00_00_00_big.png,83,166,1425519ba0ad5b7ee642c83ab167aa19ad6d87647bfa8de213dc14c220ac21ae,True,True,True,True,True,True,assets/local/configs/SCVI/pm0259.json,9d0bed28c15facb5ee16a87916fa4d61d1fd7869418cfac1b876fb09dfa45021,freedom12/PokemonModelViewer,c5952930343748e6dcb4cae21ee383e0bd13b75c,public-derived-model-viewer-config-not-game-native-catalog,CROSSCHECK_PENDING,
SCVI,pm0260,260,pm0260_00_00,0,0,UNRESOLVED,UNRESOLVED,UNRESOLVED,icon/pm0260_00_00_00_big.png,83,166,1425519ba0ad5b7ee642c83ab167aa19ad6d87647bfa8de213dc14c220ac21ae,True,True,True,True,True,True,assets/local/configs/SCVI/pm0260.json,ca0ca8e6e248f756e9b9ec3889bd7fc44b1346d62a1703bccec4830c75840a26,freedom12/PokemonModelViewer,c5952930343748e6dcb4cae21ee383e0bd13b75c,public-derived-model-viewer-config-not-game-native-catalog,CROSSCHECK_PENDING,
SCVI,pm0261,261,pm0261_00_00,0,0,UNRESOLVED,UNRESOLVED,UNRESOLVED,icon/pm0261_00_00_00_big.png,49,98,ec974bec80ed07a54924175cca7d753c2ad2709e2f07aebdfd99fa333b328ad3,True,True,True,True,True,True,assets/local/configs/SCVI/pm0261.json,d24a319370756fac9a41862b50c046c3fa03b66f8a0c508bfecf00c971b5756c,freedom12/PokemonModelViewer,c5952930343748e6dcb4cae21ee383e0bd13b75c,public-derived-model-viewer-config-not-game-native-catalog,CROSSCHECK_PENDING,
SCVI,pm0262,262,pm0262_00_00,0,0,UNRESOLVED,UNRESOLVED,UNRESOLVED,icon/pm0262_00_00_00_big.png,53,106,685d01e07e8b62cca7099f8398356b29d8e47b1ef9f9833a40fb6958ea15407f,True,True,True,True,True,True,assets/local/configs/SCVI/pm0262.json,d8ba7e132698befb86afc42f68a61a8eee1f70c12821d4ed0dfe7afddd7b41ec,freedom12/PokemonModelViewer,c5952930343748e6dcb4cae21ee383e0bd13b75c,public-derived-model-viewer-config-not-game-native-catalog,CROSSCHECK_PENDING,
SCVI,pm0270,270,pm0270_00_00,0,0,UNRESOLVED,UNRESOLVED,UNRESOLVED,icon/pm0270_00_00_00_big.png,71,142,71e200f876fd115593af20416fde7405ad27aff97632b5253e965595f23eafd3,True,True,True,True,True,True,assets/local/configs/SCVI/pm0270.json,168d7337cbb1984b60db7b7422c51960e74b0e0c745fe11f2924bd30c0567161,freedom12/PokemonModelViewer,c5952930343748e6dcb4cae21ee383e0bd13b75c,public-derived-model-viewer-config-not-game-native-catalog,CROSSCHECK_PENDING,
SCVI,pm0271,271,pm0271_00_00,0,0,UNRESOLVED,UNRESOLVED,UNRESOLVED,icon/pm0271_00_00_00_big.png,90,180,201f254a827b3ff2d906e6fc59f165b9bdecad1a2559fac56e649ad7a7b4a136,True,True,True,True,True,True,assets/local/configs/SCVI/pm0271.json,48b5c92d94b5b3ee5066846672a327c0ab481d2135371a9c8b8caacf58f255ef,freedom12/PokemonModelViewer,c5952930343748e6dcb4cae21ee383e0bd13b75c,public-derived-model-viewer-config-not-game-native-catalog,CROSSCHECK_PENDING,
SCVI,pm0272,272,pm0272_00_00,0,0,UNRESOLVED,UNRESOLVED,UNRESOLVED,icon/pm0272_00_00_00_big.png,71,142,71e200f876fd115593af20416fde7405ad27aff97632b5253e965595f23eafd3,True,True,True,True,True,True,assets/local/configs/SCVI/pm0272.json,1366ee8cb41846fb9c81459759e0c04c068b3773b6ce4e8e5262d617ed8acd00,freedom12/PokemonModelViewer,c5952930343748e6dcb4cae21ee383e0bd13b75c,public-derived-model-viewer-config-not-game-native-catalog,CROSSCHECK_PENDING,
SCVI,pm0272,272,pm0272_01_00,1,0,UNRESOLVED,UNRESOLVED,UNRESOLVED,icon/pm0272_01_00_00_big.png,71,142,71e200f876fd115593af20416fde7405ad27aff97632b5253e965595f23eafd3,True,True,True,True,True,True,assets/local/configs/SCVI/pm0272.json,1366ee8cb41846fb9c81459759e0c04c068b3773b6ce4e8e5262d617ed8acd00,freedom12/PokemonModelViewer,c5952930343748e6dcb4cae21ee383e0bd13b75c,public-derived-model-viewer-config-not-game-native-catalog,CROSSCHECK_PENDING,
SCVI,pm0273,273,pm0273_00_00,0,0,UNRESOLVED,UNRESOLVED,UNRESOLVED,icon/pm0273_00_00_00_big.png,52,104,c31a52b6d312201a306f3b823033a6af8094013f04979c5db6b6ece73309ce39,True,True,True,True,True,False,assets/local/configs/SCVI/pm0273.json,e27619f520983596c65bd1a2caaf4e8c7cc8aa3f4870f1c2928f8b237dc25054,freedom12/PokemonModelViewer,c5952930343748e6dcb4cae21ee383e0bd13b75c,public-derived-model-viewer-config-not-game-native-catalog,CROSSCHECK_PENDING,
SCVI,pm0274,274,pm0274_00_00,0,0,UNRESOLVED,UNRESOLVED,UNRESOLVED,icon/pm0274_00_00_00_big.png,43,86,462aec9e7e5862573bbab24ccaed8bdc36a5b8068e0222fc06c6f2674d446906,True,True,True,True,True,True,assets/local/configs/SCVI/pm0274.json,e3af1f3b100a87118d20cd50cd1ac4af11b0f04e053886d83b950d10691143f7,freedom12/PokemonModelViewer,c5952930343748e6dcb4cae21ee383e0bd13b75c,public-derived-model-viewer-config-not-game-native-catalog,CROSSCHECK_PENDING,
SCVI,pm0274,274,pm0274_01_00,1,0,UNRESOLVED,UNRESOLVED,UNRESOLVED,icon/pm0274_01_00_00_big.png,43,86,462aec9e7e5862573bbab24ccaed8bdc36a5b8068e0222fc06c6f2674d446906,True,True,True,True,True,True,assets/local/configs/SCVI/pm0274.json,e3af1f3b100a87118d20cd50cd1ac4af11b0f04e053886d83b950d10691143f7,freedom12/PokemonModelViewer,c5952930343748e6dcb4cae21ee383e0bd13b75c,public-derived-model-viewer-config-not-game-native-catalog,CROSSCHECK_PENDING,
SCVI,pm0275,275,pm0275_00_00,0,0,UNRESOLVED,UNRESOLVED,UNRESOLVED,icon/pm0275_00_00_00_big.png,53,106,685d01e07e8b62cca7099f8398356b29d8e47b1ef9f9833a40fb6958ea15407f,True,True,True,True,True,True,assets/local/configs/SCVI/pm0275.json,d55bb0a6adf48d9f28f377bc1d8fe46ecdd3776a6db9c027bf070cb0f8ac0051,freedom12/PokemonModelViewer,c5952930343748e6dcb4cae21ee383e0bd13b75c,public-derived-model-viewer-config-not-game-native-catalog,CROSSCHECK_PENDING,
SCVI,pm0275,275,pm0275_01_00,1,0,UNRESOLVED,UNRESOLVED,UNRESOLVED,icon/pm0275_01_00_00_big.png,53,106,685d01e07e8b62cca7099f8398356b29d8e47b1ef9f9833a40fb6958ea15407f,True,True,True,True,True,True,assets/local/configs/SCVI/pm0275.json,d55bb0a6adf48d9f28f377bc1d8fe46ecdd3776a6db9c027bf070cb0f8ac0051,freedom12/PokemonModelViewer,c5952930343748e6dcb4cae21ee383e0bd13b75c,public-derived-model-viewer-config-not-game-native-catalog,CROSSCHECK_PENDING,
SCVI,pm0278,278,pm0278_00_00,0,0,UNRESOLVED,UNRESOLVED,UNRESOLVED,icon/pm0278_00_00_00_big.png,55,110,ee0c8adc02ff15962b81fbfd14599ae811098f5cd17ddb41273ba69b51089862,True,False,True,True,True,True,assets/local/configs/SCVI/pm0278.json,e5956688afa8edc537ffd9d6cc8e822a04bf45272faca42ba5eff3030d44dc2a,freedom12/PokemonModelViewer,c5952930343748e6dcb4cae21ee383e0bd13b75c,public-derived-model-viewer-config-not-game-native-catalog,CROSSCHECK_PENDING,
SCVI,pm0279,279,pm0279_00_00,0,0,UNRESOLVED,UNRESOLVED,UNRESOLVED,icon/pm0279_00_00_00_big.png,55,110,ee0c8adc02ff15962b81fbfd14599ae811098f5cd17ddb41273ba69b51089862,True,False,True,True,True,True,assets/local/configs/SCVI/pm0279.json,4e9be07142ddb4c7d9ab0157b49c55e1c1bbef705e8fd7698ff609b9fbc39684,freedom12/PokemonModelViewer,c5952930343748e6dcb4cae21ee383e0bd13b75c,public-derived-model-viewer-config-not-game-native-catalog,CROSSCHECK_PENDING,
SCVI,pm0280,280,pm0280_00_00,0,0,UNRESOLVED,UNRESOLVED,UNRESOLVED,icon/pm0280_00_00_00_big.png,48,96,ad34af74990236154e0b1d8865527438543ed5af867240c056ed2e6353217b66,True,False,True,True,True,True,assets/local/configs/SCVI/pm0280.json,cf664d62fdfc4ec27e87c968a69d26c8dea4a7aed85b586b48bf44054ffbbfad,freedom12/PokemonModelViewer,c5952930343748e6dcb4cae21ee383e0bd13b75c,public-derived-model-viewer-config-not-game-native-catalog,CROSSCHECK_PENDING,
SCVI,pm0281,281,pm0281_00_00,0,0,UNRESOLVED,UNRESOLVED,UNRESOLVED,icon/pm0281_00_00_00_big.png,49,98,ec974bec80ed07a54924175cca7d753c2ad2709e2f07aebdfd99fa333b328ad3,True,True,True,True,True,True,assets/local/configs/SCVI/pm0281.json,9e563c5d608a2ff5d236ccc299318a0f5ec8117e71a119ac6a709a114d5a12e4,freedom12/PokemonModelViewer,c5952930343748e6dcb4cae21ee383e0bd13b75c,public-derived-model-viewer-config-not-game-native-catalog,CROSSCHECK_PENDING,
SCVI,pm0282,282,pm0282_00_00,0,0,UNRESOLVED,UNRESOLVED,UNRESOLVED,icon/pm0282_00_00_00_big.png,49,98,ec974bec80ed07a54924175cca7d753c2ad2709e2f07aebdfd99fa333b328ad3,True,True,True,True,True,True,assets/local/configs/SCVI/pm0282.json,bd06d297e89d5fe1bc76e593cabc13ba9e8aa42481e920b125b45225c6127a48,freedom12/PokemonModelViewer,c5952930343748e6dcb4cae21ee383e0bd13b75c,public-derived-model-viewer-config-not-game-native-catalog,CROSSCHECK_PENDING,
SCVI,pm0283,283,pm0283_00_00,0,0,UNRESOLVED,UNRESOLVED,UNRESOLVED,icon/pm0283_00_00_00_big.png,76,152,7872e2ef02aa72f57f772d923454e11c12b3e694b03dfbbde1e913de783e149d,True,True,True,True,True,False,assets/local/configs/SCVI/pm0283.json,72f1953707cad8223c898b3d64a9e274b7e5c63f3d287f4f9c1295e8287f5a4d,freedom12/PokemonModelViewer,c5952930343748e6dcb4cae21ee383e0bd13b75c,public-derived-model-viewer-config-not-game-native-catalog,CROSSCHECK_PENDING,
SCVI,pm0284,284,pm0284_00_00,0,0,UNRESOLVED,UNRESOLVED,UNRESOLVED,icon/pm0284_00_00_00_big.png,42,84,d93e4c20a5cb5a03ce09b7fb7124c6e7f8db27eebd2c6a00cc7abad0c68d71e4,True,False,True,True,True,False,assets/local/configs/SCVI/pm0284.json,1cd2c2777996068925401c7129686ada92824cea4aa3c32eecb5f19445c78059,freedom12/PokemonModelViewer,c5952930343748e6dcb4cae21ee383e0bd13b75c,public-derived-model-viewer-config-not-game-native-catalog,CROSSCHECK_PENDING,
SCVI,pm0285,285,pm0285_00_00,0,0,UNRESOLVED,UNRESOLVED,UNRESOLVED,icon/pm0285_00_00_00_big.png,46,92,5a9f1b52282756f578da62961c34c91c76fa2976b69f4c828615a1aa07a9ec65,True,True,True,True,True,True,assets/local/configs/SCVI/pm0285.json,9079829be9ac6e25211c2e1590b6fb544ac78f2996d682cf179f66944876d08a,freedom12/PokemonModelViewer,c5952930343748e6dcb4cae21ee383e0bd13b75c,public-derived-model-viewer-config-not-game-native-catalog,CROSSCHECK_PENDING,
SCVI,pm0286,286,pm0286_00_00,0,0,UNRESOLVED,UNRESOLVED,UNRESOLVED,icon/pm0286_00_00_00_big.png,49,98,ec974bec80ed07a54924175cca7d753c2ad2709e2f07aebdfd99fa333b328ad3,True,True,True,True,True,True,assets/local/configs/SCVI/pm0286.json,2bd2f2261e2810402d7ae286b5a5c7b201733dd747e1d4613db7ae4026f597ee,freedom12/PokemonModelViewer,c5952930343748e6dcb4cae21ee383e0bd13b75c,public-derived-model-viewer-config-not-game-native-catalog,CROSSCHECK_PENDING,
SCVI,pm0287,287,pm0287_00_00,0,0,UNRESOLVED,UNRESOLVED,UNRESOLVED,icon/pm0287_00_00_00_big.png,46,174,91851d1a0141af816b37e723c302d0b0f86bbcb21e839a4eb482b0294d658593,True,True,True,True,True,True,assets/local/configs/SCVI/pm0287.json,16d45e94859eca9356e30c2c52c725196d415aa2f5965e8a5a6438d62ce22880,freedom12/PokemonModelViewer,c5952930343748e6dcb4cae21ee383e0bd13b75c,public-derived-model-viewer-config-not-game-native-catalog,CROSSCHECK_PENDING,
SCVI,pm0288,288,pm0288_00_00,0,0,UNRESOLVED,UNRESOLVED,UNRESOLVED,icon/pm0288_00_00_00_big.png,49,98,4966ecbb5a82cf7bc472023f13a6bbc85fa5ca86ad0068eb6a13f469d23b4880,True,True,True,True,True,True,assets/local/configs/SCVI/pm0288.json,1f955a902048e16ce56dbafce1be729330bb7f6a946d902739e9574782fefcd5,freedom12/PokemonModelViewer,c5952930343748e6dcb4cae21ee383e0bd13b75c,public-derived-model-viewer-config-not-game-native-catalog,CROSSCHECK_PENDING,
SCVI,pm0289,289,pm0289_00_00,0,0,UNRESOLVED,UNRESOLVED,UNRESOLVED,icon/pm0289_00_00_00_big.png,42,84,646b711c8997b7eacbef90ef2d93401481139ae41e984b57cb1202f5fcefcff4,True,False,True,True,True,True,assets/local/configs/SCVI/pm0289.json,3b06d4d06a7a25202958fe0a98f8b9fbf49125bdfa34637fdb1abad63f7eb85a,freedom12/PokemonModelViewer,c5952930343748e6dcb4cae21ee383e0bd13b75c,public-derived-model-viewer-config-not-game-native-catalog,CROSSCHECK_PENDING,
SCVI,pm0296,296,pm0296_00_00,0,0,UNRESOLVED,UNRESOLVED,UNRESOLVED,icon/pm0296_00_00_00_big.png,48,96,cc7ca4e462d7fa69e8b07dc96b5d9006a04a2a7fab335f0ed063707c845c8caf,True,True,True,True,False,True,assets/local/configs/SCVI/pm0296.json,ffbffb6cae80636fbb4aab4467eb5223b08c21184221b53c5c0646168f80db00,freedom12/PokemonModelViewer,c5952930343748e6dcb4cae21ee383e0bd13b75c,public-derived-model-viewer-config-not-game-native-catalog,CROSSCHECK_PENDING,
SCVI,pm0297,297,pm0297_00_00,0,0,UNRESOLVED,UNRESOLVED,UNRESOLVED,icon/pm0297_00_00_00_big.png,49,98,4b39bd66dfd2d531fef4617ee8b39f7cbc7693755c38370e56f469d7e031275a,True,True,True,True,True,False,assets/local/configs/SCVI/pm0297.json,4aa910781c1214ce21a89c8d969360a242d0c2aaf525f53047959fd81a83e242,freedom12/PokemonModelViewer,c5952930343748e6dcb4cae21ee383e0bd13b75c,public-derived-model-viewer-config-not-game-native-catalog,CROSSCHECK_PENDING,
SCVI,pm0298,298,pm0298_00_00,0,0,UNRESOLVED,UNRESOLVED,UNRESOLVED,icon/pm0298_00_00_00_big.png,74,148,157f4a50f058b0a8b5f2306935337218f3cb0b735e600c86d2e80288aa6320d9,True,True,True,True,True,True,assets/local/configs/SCVI/pm0298.json,9f45fbb91c5813b3f71fc42690ccec641c4a43ea7e0f014dfe7e85ccf06d23e3,freedom12/PokemonModelViewer,c5952930343748e6dcb4cae21ee383e0bd13b75c,public-derived-model-viewer-config-not-game-native-catalog,CROSSCHECK_PENDING,
SCVI,pm0299,299,pm0299_00_00,0,0,UNRESOLVED,UNRESOLVED,UNRESOLVED,icon/pm0299_00_00_00_big.png,41,82,0de6a2dcec1f1b5d73372f58a48a5ce4ce7c140a8280dcb3a979da4596ca1613,True,True,True,True,False,False,assets/local/configs/SCVI/pm0299.json,2d813c15bfc7fd0aa9cbe05e0e1d4c83fa5c0197a92daadfa829acb4bf46aa0f,freedom12/PokemonModelViewer,c5952930343748e6dcb4cae21ee383e0bd13b75c,public-derived-model-viewer-config-not-game-native-catalog,CROSSCHECK_PENDING,
SCVI,pm0302,302,pm0302_00_00,0,0,UNRESOLVED,UNRESOLVED,UNRESOLVED,icon/pm0302_00_00_00_big.png,48,96,cc7ca4e462d7fa69e8b07dc96b5d9006a04a2a7fab335f0ed063707c845c8caf,True,True,True,True,False,True,assets/local/configs/SCVI/pm0302.json,3b718a9b3bca83bcc2ef2825791c5fa499897210ee46200b1c6672f5133250d7,freedom12/PokemonModelViewer,c5952930343748e6dcb4cae21ee383e0bd13b75c,public-derived-model-viewer-config-not-game-native-catalog,CROSSCHECK_PENDING,
SCVI,pm0307,307,pm0307_00_00,0,0,UNRESOLVED,UNRESOLVED,UNRESOLVED,icon/pm0307_00_00_00_big.png,49,98,ec974bec80ed07a54924175cca7d753c2ad2709e2f07aebdfd99fa333b328ad3,True,True,True,True,True,True,assets/local/configs/SCVI/pm0307.json,c99112ff4617e79c45a9eb5f909b695c6b05a0afdadef787fc1e31ab1e4f4a10,freedom12/PokemonModelViewer,c5952930343748e6dcb4cae21ee383e0bd13b75c,public-derived-model-viewer-config-not-game-native-catalog,CROSSCHECK_PENDING,
SCVI,pm0307,307,pm0307_01_00,1,0,UNRESOLVED,UNRESOLVED,UNRESOLVED,icon/pm0307_01_00_00_big.png,49,98,ec974bec80ed07a54924175cca7d753c2ad2709e2f07aebdfd99fa333b328ad3,True,True,True,True,True,True,assets/local/configs/SCVI/pm0307.json,c99112ff4617e79c45a9eb5f909b695c6b05a0afdadef787fc1e31ab1e4f4a10,freedom12/PokemonModelViewer,c5952930343748e6dcb4cae21ee383e0bd13b75c,public-derived-model-viewer-config-not-game-native-catalog,CROSSCHECK_PENDING,
SCVI,pm0308,308,pm0308_00_00,0,0,UNRESOLVED,UNRESOLVED,UNRESOLVED,icon/pm0308_00_00_00_big.png,49,98,ec974bec80ed07a54924175cca7d753c2ad2709e2f07aebdfd99fa333b328ad3,True,True,True,True,True,True,assets/local/configs/SCVI/pm0308.json,1de239eddbe1e45e0e9e2dca90765984ac8562eb7999944eb08da87dc754006f,freedom12/PokemonModelViewer,c5952930343748e6dcb4cae21ee383e0bd13b75c,public-derived-model-viewer-config-not-game-native-catalog,CROSSCHECK_PENDING,
SCVI,pm0308,308,pm0308_01_00,1,0,UNRESOLVED,UNRESOLVED,UNRESOLVED,icon/pm0308_01_00_00_big.png,49,98,ec974bec80ed07a54924175cca7d753c2ad2709e2f07aebdfd99fa333b328ad3,True,True,True,True,True,True,assets/local/configs/SCVI/pm0308.json,1de239eddbe1e45e0e9e2dca90765984ac8562eb7999944eb08da87dc754006f,freedom12/PokemonModelViewer,c5952930343748e6dcb4cae21ee383e0bd13b75c,public-derived-model-viewer-config-not-game-native-catalog,CROSSCHECK_PENDING,
SCVI,pm0311,311,pm0311_00_00,0,0,UNRESOLVED,UNRESOLVED,UNRESOLVED,icon/pm0311_00_00_00_big.png,49,98,ec974bec80ed07a54924175cca7d753c2ad2709e2f07aebdfd99fa333b328ad3,True,True,True,True,True,True,assets/local/configs/SCVI/pm0311.json,b5ee4f4cf0d8d312ccbe266b643190dcb09ae0e67bd15fc8c1403be2f51652be,freedom12/PokemonModelViewer,c5952930343748e6dcb4cae21ee383e0bd13b75c,public-derived-model-viewer-config-not-game-native-catalog,CROSSCHECK_PENDING,
SCVI,pm0312,312,pm0312_00_00,0,0,UNRESOLVED,UNRESOLVED,UNRESOLVED,icon/pm0312_00_00_00_big.png,49,98,ec974bec80ed07a54924175cca7d753c2ad2709e2f07aebdfd99fa333b328ad3,True,True,True,True,True,True,assets/local/configs/SCVI/pm0312.json,ce1c6cbf78cd97da5fa21966b67ac2d3620cf4fa0ad71cde6b86330b9ff1418e,freedom12/PokemonModelViewer,c5952930343748e6dcb4cae21ee383e0bd13b75c,public-derived-model-viewer-config-not-game-native-catalog,CROSSCHECK_PENDING,
SCVI,pm0313,313,pm0313_00_00,0,0,UNRESOLVED,UNRESOLVED,UNRESOLVED,icon/pm0313_00_00_00_big.png,72,144,d1cf8ee40ef8490672d8faf532bb57918c4a3b7f0d5ce86576e89087a70080c7,True,True,True,True,True,True,assets/local/configs/SCVI/pm0313.json,b25dd8badc7f3facbdad5f5fbd3e1d29d7c7dce8909f8a208764886e7a0e580a,freedom12/PokemonModelViewer,c5952930343748e6dcb4cae21ee383e0bd13b75c,public-derived-model-viewer-config-not-game-native-catalog,CROSSCHECK_PENDING,
SCVI,pm0314,314,pm0314_00_00,0,0,UNRESOLVED,UNRESOLVED,UNRESOLVED,icon/pm0314_00_00_00_big.png,72,144,d1cf8ee40ef8490672d8faf532bb57918c4a3b7f0d5ce86576e89087a70080c7,True,True,True,True,True,True,assets/local/configs/SCVI/pm0314.json,795ad297f8d995970ed4a64cde230fc18d8138be873042d33c5c4a275557e200,freedom12/PokemonModelViewer,c5952930343748e6dcb4cae21ee383e0bd13b75c,public-derived-model-viewer-config-not-game-native-catalog,CROSSCHECK_PENDING,
SCVI,pm0316,316,pm0316_00_00,0,0,UNRESOLVED,UNRESOLVED,UNRESOLVED,icon/pm0316_00_00_00_big.png,41,82,2763a1f452f85f20ca15fb62ec7bc7c0d01546e55aa66e3fed320d390155a310,True,False,True,True,False,True,assets/local/configs/SCVI/pm0316.json,8d0bc762982f5d0e99d22a9c153e2e96a256203732875bbc2e7e86c0e99f3721,freedom12/PokemonModelViewer,c5952930343748e6dcb4cae21ee383e0bd13b75c,public-derived-model-viewer-config-not-game-native-catalog,CROSSCHECK_PENDING,
SCVI,pm0316,316,pm0316_01_00,1,0,UNRESOLVED,UNRESOLVED,UNRESOLVED,icon/pm0316_01_00_00_big.png,41,82,2763a1f452f85f20ca15fb62ec7bc7c0d01546e55aa66e3fed320d390155a310,True,False,True,True,False,True,assets/local/configs/SCVI/pm0316.json,8d0bc762982f5d0e99d22a9c153e2e96a256203732875bbc2e7e86c0e99f3721,freedom12/PokemonModelViewer,c5952930343748e6dcb4cae21ee383e0bd13b75c,public-derived-model-viewer-config-not-game-native-catalog,CROSSCHECK_PENDING,
SCVI,pm0317,317,pm0317_00_00,0,0,UNRESOLVED,UNRESOLVED,UNRESOLVED,icon/pm0317_00_00_00_big.png,43,86,462aec9e7e5862573bbab24ccaed8bdc36a5b8068e0222fc06c6f2674d446906,True,True,True,True,True,True,assets/local/configs/SCVI/pm0317.json,bf2ff2be080e52a7e20a95176952158eeee97e2e8fa9c66f00a3ae7424c7a8ab,freedom12/PokemonModelViewer,c5952930343748e6dcb4cae21ee383e0bd13b75c,public-derived-model-viewer-config-not-game-native-catalog,CROSSCHECK_PENDING,
SCVI,pm0317,317,pm0317_01_00,1,0,UNRESOLVED,UNRESOLVED,UNRESOLVED,icon/pm0317_01_00_00_big.png,43,86,462aec9e7e5862573bbab24ccaed8bdc36a5b8068e0222fc06c6f2674d446906,True,True,True,True,True,True,assets/local/configs/SCVI/pm0317.json,bf2ff2be080e52a7e20a95176952158eeee97e2e8fa9c66f00a3ae7424c7a8ab,freedom12/PokemonModelViewer,c5952930343748e6dcb4cae21ee383e0bd13b75c,public-derived-model-viewer-config-not-game-native-catalog,CROSSCHECK_PENDING,
SCVI,pm0322,322,pm0322_00_00,0,0,UNRESOLVED,UNRESOLVED,UNRESOLVED,icon/pm0322_00_00_00_big.png,48,96,ad34af74990236154e0b1d8865527438543ed5af867240c056ed2e6353217b66,True,False,True,True,True,True,assets/local/configs/SCVI/pm0322.json,1b90f8ee6d8552147eef8357b8e6c48e1a1652957ab5a0109f593b47121ce95c,freedom12/PokemonModelViewer,c5952930343748e6dcb4cae21ee383e0bd13b75c,public-derived-model-viewer-config-not-game-native-catalog,CROSSCHECK_PENDING,
SCVI,pm0322,322,pm0322_01_00,1,0,UNRESOLVED,UNRESOLVED,UNRESOLVED,icon/pm0322_01_00_00_big.png,48,96,ad34af74990236154e0b1d8865527438543ed5af867240c056ed2e6353217b66,True,False,True,True,True,True,assets/local/configs/SCVI/pm0322.json,1b90f8ee6d8552147eef8357b8e6c48e1a1652957ab5a0109f593b47121ce95c,freedom12/PokemonModelViewer,c5952930343748e6dcb4cae21ee383e0bd13b75c,public-derived-model-viewer-config-not-game-native-catalog,CROSSCHECK_PENDING,
SCVI,pm0323,323,pm0323_00_00,0,0,UNRESOLVED,UNRESOLVED,UNRESOLVED,icon/pm0323_00_00_00_big.png,49,98,ec974bec80ed07a54924175cca7d753c2ad2709e2f07aebdfd99fa333b328ad3,True,True,True,True,True,True,assets/local/configs/SCVI/pm0323.json,23e4720868de9cb6b5ec128fc92978960e016c0cbb7f3c8432f6da02bfd7c481,freedom12/PokemonModelViewer,c5952930343748e6dcb4cae21ee383e0bd13b75c,public-derived-model-viewer-config-not-game-native-catalog,CROSSCHECK_PENDING,
SCVI,pm0323,323,pm0323_01_00,1,0,UNRESOLVED,UNRESOLVED,UNRESOLVED,icon/pm0323_01_00_00_big.png,49,98,ec974bec80ed07a54924175cca7d753c2ad2709e2f07aebdfd99fa333b328ad3,True,True,True,True,True,True,assets/local/configs/SCVI/pm0323.json,23e4720868de9cb6b5ec128fc92978960e016c0cbb7f3c8432f6da02bfd7c481,freedom12/PokemonModelViewer,c5952930343748e6dcb4cae21ee383e0bd13b75c,public-derived-model-viewer-config-not-game-native-catalog,CROSSCHECK_PENDING,
SCVI,pm0324,324,pm0324_00_00,0,0,UNRESOLVED,UNRESOLVED,UNRESOLVED,icon/pm0324_00_00_00_big.png,43,86,b18b59e7868216872827874f0f274a08921ba841628ce0f8ba2400dec97ead22,True,False,True,True,True,True,assets/local/configs/SCVI/pm0324.json,8100f8f82beb3ec5936a31137aeea29924e86afc91799f169d982c7e35941e02,freedom12/PokemonModelViewer,c5952930343748e6dcb4cae21ee383e0bd13b75c,public-derived-model-viewer-config-not-game-native-catalog,CROSSCHECK_PENDING,
SCVI,pm0325,325,pm0325_00_00,0,0,UNRESOLVED,UNRESOLVED,UNRESOLVED,icon/pm0325_00_00_00_big.png,42,84,ae27aeb1271bc0347b30691ea18bef23d7d0b221782f872f9f623d4698e3fb86,True,True,True,True,True,False,assets/local/configs/SCVI/pm0325.json,c4647d76c8dd227552270e31288e14237982ed88ce475aafcfe05efd7b5ab3c8,freedom12/PokemonModelViewer,c5952930343748e6dcb4cae21ee383e0bd13b75c,public-derived-model-viewer-config-not-game-native-catalog,CROSSCHECK_PENDING,
SCVI,pm0326,326,pm0326_00_00,0,0,UNRESOLVED,UNRESOLVED,UNRESOLVED,icon/pm0326_00_00_00_big.png,49,98,ec974bec80ed07a54924175cca7d753c2ad2709e2f07aebdfd99fa333b328ad3,True,True,True,True,True,True,assets/local/configs/SCVI/pm0326.json,ad639a151cc8510b7313f510e2520946ec73785129eb96af7be94a5dd73fd04a,freedom12/PokemonModelViewer,c5952930343748e6dcb4cae21ee383e0bd13b75c,public-derived-model-viewer-config-not-game-native-catalog,CROSSCHECK_PENDING,
SCVI,pm0328,328,pm0328_00_00,0,0,UNRESOLVED,UNRESOLVED,UNRESOLVED,icon/pm0328_00_00_00_big.png,45,90,0632c6a40b76637c856d7295647280b55d3b26879dea238932ec31a1e9617434,True,False,True,True,True,True,assets/local/configs/SCVI/pm0328.json,a3861af10749f814636e6417d9afb65d893dc70b81eba09286a64881f1bf5c62,freedom12/PokemonModelViewer,c5952930343748e6dcb4cae21ee383e0bd13b75c,public-derived-model-viewer-config-not-game-native-catalog,CROSSCHECK_PENDING,
SCVI,pm0329,329,pm0329_00_00,0,0,UNRESOLVED,UNRESOLVED,UNRESOLVED,icon/pm0329_00_00_00_big.png,56,112,115b99f36923112474e2d237804210b3091c2fc0909eece324d94ada81c3597c,True,True,True,True,True,True,assets/local/configs/SCVI/pm0329.json,61fd355ec839ccc7135e48e8fa4328728a2fa8cdf1ce0bb88038ecca24e90408,freedom12/PokemonModelViewer,c5952930343748e6dcb4cae21ee383e0bd13b75c,public-derived-model-viewer-config-not-game-native-catalog,CROSSCHECK_PENDING,
SCVI,pm0330,330,pm0330_00_00,0,0,UNRESOLVED,UNRESOLVED,UNRESOLVED,icon/pm0330_00_00_00_big.png,62,124,a8ea8cfd1635756bcfd8fdc7d9a1df6afae538c1c7d427202a0f3a297347b7d2,True,True,True,True,True,True,assets/local/configs/SCVI/pm0330.json,734c67ef04d1134107c02af283d0183ffb539f0674001e17039f855068ef7449,freedom12/PokemonModelViewer,c5952930343748e6dcb4cae21ee383e0bd13b75c,public-derived-model-viewer-config-not-game-native-catalog,CROSSCHECK_PENDING,
SCVI,pm0331,331,pm0331_00_00,0,0,UNRESOLVED,UNRESOLVED,UNRESOLVED,icon/pm0331_00_00_00_big.png,43,86,462aec9e7e5862573bbab24ccaed8bdc36a5b8068e0222fc06c6f2674d446906,True,True,True,True,True,True,assets/local/configs/SCVI/pm0331.json,144565172795dd752f5f5c565ce968602380eeb09f119a15b08e9d2a5621007d,freedom12/PokemonModelViewer,c5952930343748e6dcb4cae21ee383e0bd13b75c,public-derived-model-viewer-config-not-game-native-catalog,CROSSCHECK_PENDING,
SCVI,pm0332,332,pm0332_00_00,0,0,UNRESOLVED,UNRESOLVED,UNRESOLVED,icon/pm0332_00_00_00_big.png,46,92,5a9f1b52282756f578da62961c34c91c76fa2976b69f4c828615a1aa07a9ec65,True,True,True,True,True,True,assets/local/configs/SCVI/pm0332.json,54dbbee91c7df98c5212ad091f1aa02cdcdbbe530fff2b099898f6737105df08,freedom12/PokemonModelViewer,c5952930343748e6dcb4cae21ee383e0bd13b75c,public-derived-model-viewer-config-not-game-native-catalog,CROSSCHECK_PENDING,
SCVI,pm0332,332,pm0332_01_00,1,0,UNRESOLVED,UNRESOLVED,UNRESOLVED,icon/pm0332_01_00_00_big.png,46,92,5a9f1b52282756f578da62961c34c91c76fa2976b69f4c828615a1aa07a9ec65,True,True,True,True,True,True,assets/local/configs/SCVI/pm0332.json,54dbbee91c7df98c5212ad091f1aa02cdcdbbe530fff2b099898f6737105df08,freedom12/PokemonModelViewer,c5952930343748e6dcb4cae21ee383e0bd13b75c,public-derived-model-viewer-config-not-game-native-catalog,CROSSCHECK_PENDING,
SCVI,pm0333,333,pm0333_00_00,0,0,UNRESOLVED,UNRESOLVED,UNRESOLVED,icon/pm0333_00_00_00_big.png,59,118,8da3f44b37ad9b7da9ec91bc87cf9dc927a5ab56b09a943cb926548af646780a,True,False,True,True,True,True,assets/local/configs/SCVI/pm0333.json,041eb03d551de57590ca6aac92653ca3640f0f3371b5f18f33f3adba2634405b,freedom12/PokemonModelViewer,c5952930343748e6dcb4cae21ee383e0bd13b75c,public-derived-model-viewer-config-not-game-native-catalog,CROSSCHECK_PENDING,
SCVI,pm0334,334,pm0334_00_00,0,0,UNRESOLVED,UNRESOLVED,UNRESOLVED,icon/pm0334_00_00_00_big.png,58,116,9044b6d956d2759a6f6d986a6df81f1a7ebc0730e4ba246d85e5d439bec6062b,True,False,True,True,True,True,assets/local/configs/SCVI/pm0334.json,90d9f75d92a63844247eb15fa55b212560a590ce267f65d71533089d81d5f377,freedom12/PokemonModelViewer,c5952930343748e6dcb4cae21ee383e0bd13b75c,public-derived-model-viewer-config-not-game-native-catalog,CROSSCHECK_PENDING,
SCVI,pm0335,335,pm0335_00_00,0,0,UNRESOLVED,UNRESOLVED,UNRESOLVED,icon/pm0335_00_00_00_big.png,49,98,ec974bec80ed07a54924175cca7d753c2ad2709e2f07aebdfd99fa333b328ad3,True,True,True,True,True,True,assets/local/configs/SCVI/pm0335.json,9acdf22b989a2f4ce2e0970c7ce59e63a727297ad99e968169c27503756f31e2,freedom12/PokemonModelViewer,c5952930343748e6dcb4cae21ee383e0bd13b75c,public-derived-model-viewer-config-not-game-native-catalog,CROSSCHECK_PENDING,
SCVI,pm0336,336,pm0336_00_00,0,0,UNRESOLVED,UNRESOLVED,UNRESOLVED,icon/pm0336_00_00_00_big.png,46,92,91851d1a0141af816b37e723c302d0b0f86bbcb21e839a4eb482b0294d658593,True,True,True,True,True,True,assets/local/configs/SCVI/pm0336.json,c10f2c96214ed33e3a00daa189781026987ecc6b30f2e88897776b2c94223c06,freedom12/PokemonModelViewer,c5952930343748e6dcb4cae21ee383e0bd13b75c,public-derived-model-viewer-config-not-game-native-catalog,CROSSCHECK_PENDING,
SCVI,pm0339,339,pm0339_00_00,0,0,UNRESOLVED,UNRESOLVED,UNRESOLVED,icon/pm0339_00_00_00_big.png,43,86,6d9d5cf2c966306a269deecd14a4214d3ab85772ecbcdc7e4db68f7652f31055,True,True,True,True,True,True,assets/local/configs/SCVI/pm0339.json,6928e276006cb48726a54237d1f55bb96aa2347f57abbd5d427e06f570ae7c30,freedom12/PokemonModelViewer,c5952930343748e6dcb4cae21ee383e0bd13b75c,public-derived-model-viewer-config-not-game-native-catalog,CROSSCHECK_PENDING,
SCVI,pm0340,340,pm0340_00_00,0,0,UNRESOLVED,UNRESOLVED,UNRESOLVED,icon/pm0340_00_00_00_big.png,43,86,6d9d5cf2c966306a269deecd14a4214d3ab85772ecbcdc7e4db68f7652f31055,True,True,True,True,True,True,assets/local/configs/SCVI/pm0340.json,037f47fa95d42938cf4549cdbb92f85f3f13f8e09f572675b78dc493f6ae31b9,freedom12/PokemonModelViewer,c5952930343748e6dcb4cae21ee383e0bd13b75c,public-derived-model-viewer-config-not-game-native-catalog,CROSSCHECK_PENDING,
SCVI,pm0341,341,pm0341_00_00,0,0,UNRESOLVED,UNRESOLVED,UNRESOLVED,icon/pm0341_00_00_00_big.png,71,142,71e200f876fd115593af20416fde7405ad27aff97632b5253e965595f23eafd3,True,True,True,True,True,True,assets/local/configs/SCVI/pm0341.json,6a82416a80930736a24c012d02d5191d94072c35a212005cadbd784075bdf25a,freedom12/PokemonModelViewer,c5952930343748e6dcb4cae21ee383e0bd13b75c,public-derived-model-viewer-config-not-game-native-catalog,CROSSCHECK_PENDING,
SCVI,pm0342,342,pm0342_00_00,0,0,UNRESOLVED,UNRESOLVED,UNRESOLVED,icon/pm0342_00_00_00_big.png,71,142,71e200f876fd115593af20416fde7405ad27aff97632b5253e965595f23eafd3,True,True,True,True,True,True,assets/local/configs/SCVI/pm0342.json,79ea65d4e6fdbbf455ba32d057baac848a6515ced643297683ebc1b222a05b40,freedom12/PokemonModelViewer,c5952930343748e6dcb4cae21ee383e0bd13b75c,public-derived-model-viewer-config-not-game-native-catalog,CROSSCHECK_PENDING,
SCVI,pm0349,349,pm0349_00_00,0,0,UNRESOLVED,UNRESOLVED,UNRESOLVED,icon/pm0349_00_00_00_big.png,50,100,3a5f7dfdcfb270bd7fbffea427e0ac9b9885825f7235cfc1f667ecd52194f850,True,True,True,True,True,True,assets/local/configs/SCVI/pm0349.json,22520f1b5933a018f0f7ee40647d6727ae8699a04730dd53d7e69c233e04676f,freedom12/PokemonModelViewer,c5952930343748e6dcb4cae21ee383e0bd13b75c,public-derived-model-viewer-config-not-game-native-catalog,CROSSCHECK_PENDING,
SCVI,pm0350,350,pm0350_00_00,0,0,UNRESOLVED,UNRESOLVED,UNRESOLVED,icon/pm0350_00_00_00_big.png,75,150,fc7efe8f352cfe9d08d8ba9358e1037eb77e74bd01adf1290bc69dc386a7198d,True,True,True,True,True,True,assets/local/configs/SCVI/pm0350.json,ab2203043faac80d64286a71635f1f5d890d0f84cd5c39426321613134bf6719,freedom12/PokemonModelViewer,c5952930343748e6dcb4cae21ee383e0bd13b75c,public-derived-model-viewer-config-not-game-native-catalog,CROSSCHECK_PENDING,
SCVI,pm0350,350,pm0350_01_00,1,0,UNRESOLVED,UNRESOLVED,UNRESOLVED,icon/pm0350_01_00_00_big.png,75,150,fc7efe8f352cfe9d08d8ba9358e1037eb77e74bd01adf1290bc69dc386a7198d,True,True,True,True,True,True,assets/local/configs/SCVI/pm0350.json,ab2203043faac80d64286a71635f1f5d890d0f84cd5c39426321613134bf6719,freedom12/PokemonModelViewer,c5952930343748e6dcb4cae21ee383e0bd13b75c,public-derived-model-viewer-config-not-game-native-catalog,CROSSCHECK_PENDING,
SCVI,pm0353,353,pm0353_00_00,0,0,UNRESOLVED,UNRESOLVED,UNRESOLVED,icon/pm0353_00_00_00_big.png,49,98,050ddcbccdffb5987fa02c4d52e53edfe29d60202a8c2e853dd95bbf837f5973,True,True,True,True,True,True,assets/local/configs/SCVI/pm0353.json,da05cecacf737ba31f3bd18c0de132e9348bc7f197df444c0500f16120e0c929,freedom12/PokemonModelViewer,c5952930343748e6dcb4cae21ee383e0bd13b75c,public-derived-model-viewer-config-not-game-native-catalog,CROSSCHECK_PENDING,
SCVI,pm0354,354,pm0354_00_00,0,0,UNRESOLVED,UNRESOLVED,UNRESOLVED,icon/pm0354_00_00_00_big.png,49,98,ec974bec80ed07a54924175cca7d753c2ad2709e2f07aebdfd99fa333b328ad3,True,True,True,True,True,True,assets/local/configs/SCVI/pm0354.json,ccb2acc436e3bd72ba0a9720b699ab52c434722bb8d4632147579bc40672fc65,freedom12/PokemonModelViewer,c5952930343748e6dcb4cae21ee383e0bd13b75c,public-derived-model-viewer-config-not-game-native-catalog,CROSSCHECK_PENDING,
SCVI,pm0355,355,pm0355_00_00,0,0,UNRESOLVED,UNRESOLVED,UNRESOLVED,icon/pm0355_00_00_00_big.png,42,84,e15162622b8114c47da94d5cf40f19db3854d0d6c7052e6bad039d6ee31cb894,True,True,True,True,True,False,assets/local/configs/SCVI/pm0355.json,cf347ca1327c9ae216ed6654b63ce5cfe0f9838d55676dfb2fb8a0982106ff8e,freedom12/PokemonModelViewer,c5952930343748e6dcb4cae21ee383e0bd13b75c,public-derived-model-viewer-config-not-game-native-catalog,CROSSCHECK_PENDING,
SCVI,pm0356,356,pm0356_00_00,0,0,UNRESOLVED,UNRESOLVED,UNRESOLVED,icon/pm0356_00_00_00_big.png,43,86,462aec9e7e5862573bbab24ccaed8bdc36a5b8068e0222fc06c6f2674d446906,True,True,True,True,True,True,assets/local/configs/SCVI/pm0356.json,2cabd847de922c7e10d14d4e78e9d484fe6a3c00c14cea23f550e1ca4dcae570,freedom12/PokemonModelViewer,c5952930343748e6dcb4cae21ee383e0bd13b75c,public-derived-model-viewer-config-not-game-native-catalog,CROSSCHECK_PENDING,
SCVI,pm0357,357,pm0357_00_00,0,0,UNRESOLVED,UNRESOLVED,UNRESOLVED,icon/pm0357_00_00_00_big.png,77,154,bc783de5bbadd33167f26260262f3b69e0bd1bd102518724f0848fc167f50704,True,True,True,True,True,True,assets/local/configs/SCVI/pm0357.json,d3d0b9cb9b001b5834ddff062c4aa88df0a3d307b4a69bd58b8b8432b32c8398,freedom12/PokemonModelViewer,c5952930343748e6dcb4cae21ee383e0bd13b75c,public-derived-model-viewer-config-not-game-native-catalog,CROSSCHECK_PENDING,
SCVI,pm0358,358,pm0358_00_00,0,0,UNRESOLVED,UNRESOLVED,UNRESOLVED,icon/pm0358_00_00_00_big.png,53,106,13caaca9d8fd4992f96a4ac8ecd4cd7a6c26fa1c40a83d9a7a3c8599daf920ee,True,True,True,True,True,True,assets/local/configs/SCVI/pm0358.json,61a733621327eea742ad74660019a996a709cfa3c06f80e3ea2e051daa2a16ee,freedom12/PokemonModelViewer,c5952930343748e6dcb4cae21ee383e0bd13b75c,public-derived-model-viewer-config-not-game-native-catalog,CROSSCHECK_PENDING,
SCVI,pm0361,361,pm0361_00_00,0,0,UNRESOLVED,UNRESOLVED,UNRESOLVED,icon/pm0361_00_00_00_big.png,46,92,5a9f1b52282756f578da62961c34c91c76fa2976b69f4c828615a1aa07a9ec65,True,True,True,True,True,True,assets/local/configs/SCVI/pm0361.json,66e44f40437450090c4e1c7222e4bff4c4eff1ab079cca1f222e2f0c6f5ebd4b,freedom12/PokemonModelViewer,c5952930343748e6dcb4cae21ee383e0bd13b75c,public-derived-model-viewer-config-not-game-native-catalog,CROSSCHECK_PENDING,
SCVI,pm0362,362,pm0362_00_00,0,0,UNRESOLVED,UNRESOLVED,UNRESOLVED,icon/pm0362_00_00_00_big.png,45,90,a62d4ee6feadae63b87ef1d939dd4c451875376f0f0c6d4dc4242417d4ed3cee,True,False,True,True,True,True,assets/local/configs/SCVI/pm0362.json,74d1b21b762851d25fb315864616f90d728398bd6432f8af5c70576a2ebeede6,freedom12/PokemonModelViewer,c5952930343748e6dcb4cae21ee383e0bd13b75c,public-derived-model-viewer-config-not-game-native-catalog,CROSSCHECK_PENDING,
SCVI,pm0370,370,pm0370_00_00,0,0,UNRESOLVED,UNRESOLVED,UNRESOLVED,icon/pm0370_00_00_00_big.png,42,84,1589305a7836e07cca0d2f812bb472277cbf1d7b9e20f8d59d0233c145c66af1,True,False,True,True,True,True,assets/local/configs/SCVI/pm0370.json,5fbe0c3a82442b84e8010f1e2e8892874a6ff78759dd2552aeeb69d1b76512f3,freedom12/PokemonModelViewer,c5952930343748e6dcb4cae21ee383e0bd13b75c,public-derived-model-viewer-config-not-game-native-catalog,CROSSCHECK_PENDING,
SCVI,pm0371,371,pm0371_00_00,0,0,UNRESOLVED,UNRESOLVED,UNRESOLVED,icon/pm0371_00_00_00_big.png,49,98,ec974bec80ed07a54924175cca7d753c2ad2709e2f07aebdfd99fa333b328ad3,True,True,True,True,True,True,assets/local/configs/SCVI/pm0371.json,c619bb054292721e8f06102d8f522a36f79d8ee3a280a6cc058dac012bf09ec7,freedom12/PokemonModelViewer,c5952930343748e6dcb4cae21ee383e0bd13b75c,public-derived-model-viewer-config-not-game-native-catalog,CROSSCHECK_PENDING,
SCVI,pm0372,372,pm0372_00_00,0,0,UNRESOLVED,UNRESOLVED,UNRESOLVED,icon/pm0372_00_00_00_big.png,45,90,196319619814aa85ae2dc1a175210dde3d8a8ed62658e9a29c6addd5ef555979,True,True,True,True,True,False,assets/local/configs/SCVI/pm0372.json,dcb888a76a6614cacebcf1174afed37cf71fe0b6a8ee83e7f37aba06b718bf0d,freedom12/PokemonModelViewer,c5952930343748e6dcb4cae21ee383e0bd13b75c,public-derived-model-viewer-config-not-game-native-catalog,CROSSCHECK_PENDING,
SCVI,pm0373,373,pm0373_00_00,0,0,UNRESOLVED,UNRESOLVED,UNRESOLVED,icon/pm0373_00_00_00_big.png,62,124,416258b8d4e0055164e9954388b52babb8961713ba416523ee861c40eb71fbd6,True,True,True,True,True,True,assets/local/configs/SCVI/pm0373.json,3e6bfa37fbb46a0682950b4d5e5020b347c762f041beed2b9186f596e7766bb0,freedom12/PokemonModelViewer,c5952930343748e6dcb4cae21ee383e0bd13b75c,public-derived-model-viewer-config-not-game-native-catalog,CROSSCHECK_PENDING,
SCVI,pm0374,374,pm0374_00_00,0,0,UNRESOLVED,UNRESOLVED,UNRESOLVED,icon/pm0374_00_00_00_big.png,42,84,e15162622b8114c47da94d5cf40f19db3854d0d6c7052e6bad039d6ee31cb894,True,True,True,True,True,False,assets/local/configs/SCVI/pm0374.json,8f5f8d9be7f65b5af34bf5690abb8b4769d2aa50477674ca4cee89e356dcca32,freedom12/PokemonModelViewer,c5952930343748e6dcb4cae21ee383e0bd13b75c,public-derived-model-viewer-config-not-game-native-catalog,CROSSCHECK_PENDING,
SCVI,pm0375,375,pm0375_00_00,0,0,UNRESOLVED,UNRESOLVED,UNRESOLVED,icon/pm0375_00_00_00_big.png,42,84,e15162622b8114c47da94d5cf40f19db3854d0d6c7052e6bad039d6ee31cb894,True,True,True,True,True,False,assets/local/configs/SCVI/pm0375.json,ed83703a78754ada77ec19b06b64343764c8297ff384d471cd9526bbf792302b,freedom12/PokemonModelViewer,c5952930343748e6dcb4cae21ee383e0bd13b75c,public-derived-model-viewer-config-not-game-native-catalog,CROSSCHECK_PENDING,
SCVI,pm0376,376,pm0376_00_00,0,0,UNRESOLVED,UNRESOLVED,UNRESOLVED,icon/pm0376_00_00_00_big.png,71,142,8d07165378989d653928fefffb2507fb2a671338e224087e76674910a2a4ae6e,True,True,True,True,True,True,assets/local/configs/SCVI/pm0376.json,6047b6e388ebb936f2b0785f098e2608d88a6af736d63a78e50c712e17160f78,freedom12/PokemonModelViewer,c5952930343748e6dcb4cae21ee383e0bd13b75c,public-derived-model-viewer-config-not-game-native-catalog,CROSSCHECK_PENDING,
SCVI,pm0377,377,pm0377_00_00,0,0,UNRESOLVED,UNRESOLVED,UNRESOLVED,icon/pm0377_00_00_00_big.png,42,84,ae27aeb1271bc0347b30691ea18bef23d7d0b221782f872f9f623d4698e3fb86,True,True,True,True,True,False,assets/local/configs/SCVI/pm0377.json,44e9244cec6099ef7aa175c08d8344e7072e5581a901893876af2f85969c0201,freedom12/PokemonModelViewer,c5952930343748e6dcb4cae21ee383e0bd13b75c,public-derived-model-viewer-config-not-game-native-catalog,CROSSCHECK_PENDING,
SCVI,pm0378,378,pm0378_00_00,0,0,UNRESOLVED,UNRESOLVED,UNRESOLVED,icon/pm0378_00_00_00_big.png,42,84,ae27aeb1271bc0347b30691ea18bef23d7d0b221782f872f9f623d4698e3fb86,True,True,True,True,True,False,assets/local/configs/SCVI/pm0378.json,4fbf19210ca2c18fb7ca7f45edcf72e9d461564e548c6f13cccdd7ab2a08268e,freedom12/PokemonModelViewer,c5952930343748e6dcb4cae21ee383e0bd13b75c,public-derived-model-viewer-config-not-game-native-catalog,CROSSCHECK_PENDING,
SCVI,pm0379,379,pm0379_00_00,0,0,UNRESOLVED,UNRESOLVED,UNRESOLVED,icon/pm0379_00_00_00_big.png,48,96,c6b6d4e691329d7b0ec82397914363ae3535d8c4aafd8df7bbf3fb5a20ed76b0,True,True,True,True,True,False,assets/local/configs/SCVI/pm0379.json,6a564f44c03d688d3b17948a68db2380d2fcbb3d3502d59634cffa1346746002,freedom12/PokemonModelViewer,c5952930343748e6dcb4cae21ee383e0bd13b75c,public-derived-model-viewer-config-not-game-native-catalog,CROSSCHECK_PENDING,
SCVI,pm0380,380,pm0380_00_00,0,0,UNRESOLVED,UNRESOLVED,UNRESOLVED,icon/pm0380_00_00_00_big.png,43,86,4a7b075cb953519a1e9ddf275b9c4db1287045b88c4093b238ff4df19aba2889,True,True,True,True,True,True,assets/local/configs/SCVI/pm0380.json,2a19011c751847c22e9e470835660fbeafc2a1f7c931256ca3b6da6ae24c8940,freedom12/PokemonModelViewer,c5952930343748e6dcb4cae21ee383e0bd13b75c,public-derived-model-viewer-config-not-game-native-catalog,CROSSCHECK_PENDING,
SCVI,pm0381,381,pm0381_00_00,0,0,UNRESOLVED,UNRESOLVED,UNRESOLVED,icon/pm0381_00_00_00_big.png,47,94,e2d2009e926df7a597adb4eab6903591ca94f5ee3a810b77579606ea92990a5e,True,True,True,True,True,True,assets/local/configs/SCVI/pm0381.json,cd6d840a4f58f6084cf7eba8600df182636854614945071c0300c22e5d669bf8,freedom12/PokemonModelViewer,c5952930343748e6dcb4cae21ee383e0bd13b75c,public-derived-model-viewer-config-not-game-native-catalog,CROSSCHECK_PENDING,
SCVI,pm0382,382,pm0382_00_00,0,0,UNRESOLVED,UNRESOLVED,UNRESOLVED,icon/pm0382_00_00_00_big.png,43,86,6d9d5cf2c966306a269deecd14a4214d3ab85772ecbcdc7e4db68f7652f31055,True,True,True,True,True,True,assets/local/configs/SCVI/pm0382.json,9f3eebcade3d07c23a6ede12e2245b69c605a153877d5c6858a8330e2ac4030b,freedom12/PokemonModelViewer,c5952930343748e6dcb4cae21ee383e0bd13b75c,public-derived-model-viewer-config-not-game-native-catalog,CROSSCHECK_PENDING,
SCVI,pm0383,383,pm0383_00_00,0,0,UNRESOLVED,UNRESOLVED,UNRESOLVED,icon/pm0383_00_00_00_big.png,46,92,91851d1a0141af816b37e723c302d0b0f86bbcb21e839a4eb482b0294d658593,True,True,True,True,True,True,assets/local/configs/SCVI/pm0383.json,a292b0a0c2ceb7c67af98a87c72dc4005f73994e05dd3e29a19c610f7588d819,freedom12/PokemonModelViewer,c5952930343748e6dcb4cae21ee383e0bd13b75c,public-derived-model-viewer-config-not-game-native-catalog,CROSSCHECK_PENDING,
SCVI,pm0384,384,pm0384_00_00,0,0,UNRESOLVED,UNRESOLVED,UNRESOLVED,icon/pm0384_00_00_00_big.png,46,92,9b673c78b41d94f3bd9756ba9946dd5966854cab5ca8b6a2ffef8c3b46dcad65,True,True,True,True,True,True,assets/local/configs/SCVI/pm0384.json,d21d16d0f4292c7ea1b15e9759fa904d6187c7344d74dcdc5718bcfe86d3122d,freedom12/PokemonModelViewer,c5952930343748e6dcb4cae21ee383e0bd13b75c,public-derived-model-viewer-config-not-game-native-catalog,CROSSCHECK_PENDING,
SCVI,pm0385,385,pm0385_00_00,0,0,UNRESOLVED,UNRESOLVED,UNRESOLVED,icon/pm0385_00_00_00_big.png,43,86,4a7b075cb953519a1e9ddf275b9c4db1287045b88c4093b238ff4df19aba2889,True,True,True,True,True,True,assets/local/configs/SCVI/pm0385.json,7b517ff3515e7dc659517cc1748d3c5fcb6d9fc2e9f9790d1689f6d764ed7b28,freedom12/PokemonModelViewer,c5952930343748e6dcb4cae21ee383e0bd13b75c,public-derived-model-viewer-config-not-game-native-catalog,CROSSCHECK_PENDING,
SCVI,pm0386,386,pm0386_11_00,11,0,UNRESOLVED,UNRESOLVED,UNRESOLVED,icon/pm0386_11_00_00_big.png,74,148,efa8cb927ac29e58d1b3984361c949a75251fd182932b426959e2e015734320d,True,True,True,True,True,False,assets/local/configs/SCVI/pm0386.json,3342f98b3ae4da8fdc0a92a7fadd82de2604280d7eff3c65226991d26045c44f,freedom12/PokemonModelViewer,c5952930343748e6dcb4cae21ee383e0bd13b75c,public-derived-model-viewer-config-not-game-native-catalog,CROSSCHECK_PENDING,
SCVI,pm0386,386,pm0386_12_00,12,0,UNRESOLVED,UNRESOLVED,UNRESOLVED,icon/pm0386_12_00_00_big.png,74,148,efa8cb927ac29e58d1b3984361c949a75251fd182932b426959e2e015734320d,True,True,True,True,True,False,assets/local/configs/SCVI/pm0386.json,3342f98b3ae4da8fdc0a92a7fadd82de2604280d7eff3c65226991d26045c44f,freedom12/PokemonModelViewer,c5952930343748e6dcb4cae21ee383e0bd13b75c,public-derived-model-viewer-config-not-game-native-catalog,CROSSCHECK_PENDING,
SCVI,pm0386,386,pm0386_13_00,13,0,UNRESOLVED,UNRESOLVED,UNRESOLVED,icon/pm0386_13_00_00_big.png,74,148,efa8cb927ac29e58d1b3984361c949a75251fd182932b426959e2e015734320d,True,True,True,True,True,False,assets/local/configs/SCVI/pm0386.json,3342f98b3ae4da8fdc0a92a7fadd82de2604280d7eff3c65226991d26045c44f,freedom12/PokemonModelViewer,c5952930343748e6dcb4cae21ee383e0bd13b75c,public-derived-model-viewer-config-not-game-native-catalog,CROSSCHECK_PENDING,
SCVI,pm0386,386,pm0386_14_00,14,0,UNRESOLVED,UNRESOLVED,UNRESOLVED,icon/pm0386_14_00_00_big.png,74,148,efa8cb927ac29e58d1b3984361c949a75251fd182932b426959e2e015734320d,True,True,True,True,True,False,assets/local/configs/SCVI/pm0386.json,3342f98b3ae4da8fdc0a92a7fadd82de2604280d7eff3c65226991d26045c44f,freedom12/PokemonModelViewer,c5952930343748e6dcb4cae21ee383e0bd13b75c,public-derived-model-viewer-config-not-game-native-catalog,CROSSCHECK_PENDING,
SCVI,pm0387,387,pm0387_00_00,0,0,UNRESOLVED,UNRESOLVED,UNRESOLVED,icon/pm0387_00_00_00_big.png,45,90,842c454b3b9e6258ca2343e6ee1ff3c25acd1b8b0d94ceab5e42944a83f8f4d8,True,False,True,True,True,True,assets/local/configs/SCVI/pm0387.json,0b729fd7e8c099802b9833dfa054ed1be9edaf210afa128d3b0e4f8f38a8d8e9,freedom12/PokemonModelViewer,c5952930343748e6dcb4cae21ee383e0bd13b75c,public-derived-model-viewer-config-not-game-native-catalog,CROSSCHECK_PENDING,
SCVI,pm0388,388,pm0388_00_00,0,0,UNRESOLVED,UNRESOLVED,UNRESOLVED,icon/pm0388_00_00_00_big.png,43,86,462aec9e7e5862573bbab24ccaed8bdc36a5b8068e0222fc06c6f2674d446906,True,True,True,True,True,True,assets/local/configs/SCVI/pm0388.json,ffd571b57942eba5d26b3481a76fcd2eca51a69ff07ce87502175bcb97f60019,freedom12/PokemonModelViewer,c5952930343748e6dcb4cae21ee383e0bd13b75c,public-derived-model-viewer-config-not-game-native-catalog,CROSSCHECK_PENDING,
SCVI,pm0389,389,pm0389_00_00,0,0,UNRESOLVED,UNRESOLVED,UNRESOLVED,icon/pm0389_00_00_00_big.png,50,100,b41c4073e8cb3ef87bd52c3f74cd3d87ea8346e08ba61107f3069c53ab3aa986,True,True,True,True,True,True,assets/local/configs/SCVI/pm0389.json,a60c43e6f69149dc825ce50d0d2cad093f072d48d5b366c6b65a8f82bbda3c91,freedom12/PokemonModelViewer,c5952930343748e6dcb4cae21ee383e0bd13b75c,public-derived-model-viewer-config-not-game-native-catalog,CROSSCHECK_PENDING,
SCVI,pm0390,390,pm0390_00_00,0,0,UNRESOLVED,UNRESOLVED,UNRESOLVED,icon/pm0390_00_00_00_big.png,50,100,a0ac961578b78843dbe718fb984ea2713dc1fcb3fedce1142d5e4f58ee3be2f1,True,True,True,True,True,True,assets/local/configs/SCVI/pm0390.json,73e4b47cd5b4b0202ba7a8f518961708277c91cff73951d22ca594d3d2ba712b,freedom12/PokemonModelViewer,c5952930343748e6dcb4cae21ee383e0bd13b75c,public-derived-model-viewer-config-not-game-native-catalog,CROSSCHECK_PENDING,
SCVI,pm0391,391,pm0391_00_00,0,0,UNRESOLVED,UNRESOLVED,UNRESOLVED,icon/pm0391_00_00_00_big.png,44,88,4a33e026cf0ec86c29ffd4bb689809b4cd3ad23ecca67510fd7588d713ad4b08,True,True,True,True,True,True,assets/local/configs/SCVI/pm0391.json,4783aa59c83f930eee4f979edfea39f165a8541cbac90a6644916f372eecb7cc,freedom12/PokemonModelViewer,c5952930343748e6dcb4cae21ee383e0bd13b75c,public-derived-model-viewer-config-not-game-native-catalog,CROSSCHECK_PENDING,
SCVI,pm0392,392,pm0392_00_00,0,0,UNRESOLVED,UNRESOLVED,UNRESOLVED,icon/pm0392_00_00_00_big.png,44,88,4a33e026cf0ec86c29ffd4bb689809b4cd3ad23ecca67510fd7588d713ad4b08,True,True,True,True,True,True,assets/local/configs/SCVI/pm0392.json,e8b63d333d9184f663b8cc80884bbe7882b0c70efc70eb8ea4388f5ee32e9420,freedom12/PokemonModelViewer,c5952930343748e6dcb4cae21ee383e0bd13b75c,public-derived-model-viewer-config-not-game-native-catalog,CROSSCHECK_PENDING,
SCVI,pm0393,393,pm0393_00_00,0,0,UNRESOLVED,UNRESOLVED,UNRESOLVED,icon/pm0393_00_00_00_big.png,83,166,1425519ba0ad5b7ee642c83ab167aa19ad6d87647bfa8de213dc14c220ac21ae,True,True,True,True,True,True,assets/local/configs/SCVI/pm0393.json,d7134e861d36ba09b3012b39fbaf277a48542863e945176a157ffbd72842b09e,freedom12/PokemonModelViewer,c5952930343748e6dcb4cae21ee383e0bd13b75c,public-derived-model-viewer-config-not-game-native-catalog,CROSSCHECK_PENDING,
SCVI,pm0394,394,pm0394_00_00,0,0,UNRESOLVED,UNRESOLVED,UNRESOLVED,icon/pm0394_00_00_00_big.png,71,142,71e200f876fd115593af20416fde7405ad27aff97632b5253e965595f23eafd3,True,True,True,True,True,True,assets/local/configs/SCVI/pm0394.json,c0867a0eafdd2cb56c587ad6e9a1bc5a2e0a64fe11e77f5fdc66636ff379a86d,freedom12/PokemonModelViewer,c5952930343748e6dcb4cae21ee383e0bd13b75c,public-derived-model-viewer-config-not-game-native-catalog,CROSSCHECK_PENDING,
SCVI,pm0395,395,pm0395_00_00,0,0,UNRESOLVED,UNRESOLVED,UNRESOLVED,icon/pm0395_00_00_00_big.png,71,142,71e200f876fd115593af20416fde7405ad27aff97632b5253e965595f23eafd3,True,True,True,True,True,True,assets/local/configs/SCVI/pm0395.json,0056c147778aae4f5a5b47c69698b24b55ff1564c9c25540c399477e162f9616,freedom12/PokemonModelViewer,c5952930343748e6dcb4cae21ee383e0bd13b75c,public-derived-model-viewer-config-not-game-native-catalog,CROSSCHECK_PENDING,
SCVI,pm0396,396,pm0396_00_00,0,0,UNRESOLVED,UNRESOLVED,UNRESOLVED,icon/pm0396_00_00_00_big.png,59,118,8da3f44b37ad9b7da9ec91bc87cf9dc927a5ab56b09a943cb926548af646780a,True,False,True,True,True,True,assets/local/configs/SCVI/pm0396.json,15d402d74c4eaa7e4f20372e2fd2a21c40bd834e8066a06dc177b2fa54702e6f,freedom12/PokemonModelViewer,c5952930343748e6dcb4cae21ee383e0bd13b75c,public-derived-model-viewer-config-not-game-native-catalog,CROSSCHECK_PENDING,
SCVI,pm0396,396,pm0396_01_00,1,0,UNRESOLVED,UNRESOLVED,UNRESOLVED,icon/pm0396_01_00_00_big.png,59,118,8da3f44b37ad9b7da9ec91bc87cf9dc927a5ab56b09a943cb926548af646780a,True,False,True,True,True,True,assets/local/configs/SCVI/pm0396.json,15d402d74c4eaa7e4f20372e2fd2a21c40bd834e8066a06dc177b2fa54702e6f,freedom12/PokemonModelViewer,c5952930343748e6dcb4cae21ee383e0bd13b75c,public-derived-model-viewer-config-not-game-native-catalog,CROSSCHECK_PENDING,
SCVI,pm0397,397,pm0397_00_00,0,0,UNRESOLVED,UNRESOLVED,UNRESOLVED,icon/pm0397_00_00_00_big.png,59,118,8da3f44b37ad9b7da9ec91bc87cf9dc927a5ab56b09a943cb926548af646780a,True,False,True,True,True,True,assets/local/configs/SCVI/pm0397.json,c48f2c10608b7b888d0cb3d5cbd711209af956f4af47f8857d006461bafde7de,freedom12/PokemonModelViewer,c5952930343748e6dcb4cae21ee383e0bd13b75c,public-derived-model-viewer-config-not-game-native-catalog,CROSSCHECK_PENDING,
SCVI,pm0397,397,pm0397_01_00,1,0,UNRESOLVED,UNRESOLVED,UNRESOLVED,icon/pm0397_01_00_00_big.png,59,118,8da3f44b37ad9b7da9ec91bc87cf9dc927a5ab56b09a943cb926548af646780a,True,False,True,True,True,True,assets/local/configs/SCVI/pm0397.json,c48f2c10608b7b888d0cb3d5cbd711209af956f4af47f8857d006461bafde7de,freedom12/PokemonModelViewer,c5952930343748e6dcb4cae21ee383e0bd13b75c,public-derived-model-viewer-config-not-game-native-catalog,CROSSCHECK_PENDING,
SCVI,pm0398,398,pm0398_00_00,0,0,UNRESOLVED,UNRESOLVED,UNRESOLVED,icon/pm0398_00_00_00_big.png,59,118,8da3f44b37ad9b7da9ec91bc87cf9dc927a5ab56b09a943cb926548af646780a,True,False,True,True,True,True,assets/local/configs/SCVI/pm0398.json,546e34844a523642211175665f1e5debc49e20e984429cdb88d5cd7c2840c4b7,freedom12/PokemonModelViewer,c5952930343748e6dcb4cae21ee383e0bd13b75c,public-derived-model-viewer-config-not-game-native-catalog,CROSSCHECK_PENDING,
SCVI,pm0398,398,pm0398_01_00,1,0,UNRESOLVED,UNRESOLVED,UNRESOLVED,icon/pm0398_01_00_00_big.png,59,118,8da3f44b37ad9b7da9ec91bc87cf9dc927a5ab56b09a943cb926548af646780a,True,False,True,True,True,True,assets/local/configs/SCVI/pm0398.json,546e34844a523642211175665f1e5debc49e20e984429cdb88d5cd7c2840c4b7,freedom12/PokemonModelViewer,c5952930343748e6dcb4cae21ee383e0bd13b75c,public-derived-model-viewer-config-not-game-native-catalog,CROSSCHECK_PENDING,
SCVI,pm0401,401,pm0401_00_00,0,0,UNRESOLVED,UNRESOLVED,UNRESOLVED,icon/pm0401_00_00_00_big.png,48,96,884122f8671ad1ce9011c092f7f695128f95ee26aa6fe4b3fa764eaf1178e1f4,True,True,True,True,True,False,assets/local/configs/SCVI/pm0401.json,a569c556ad694f8486955fa9522b3b022d9dedf4d76920f0dd788566fef451e0,freedom12/PokemonModelViewer,c5952930343748e6dcb4cae21ee383e0bd13b75c,public-derived-model-viewer-config-not-game-native-catalog,CROSSCHECK_PENDING,
SCVI,pm0401,401,pm0401_01_00,1,0,UNRESOLVED,UNRESOLVED,UNRESOLVED,icon/pm0401_01_00_00_big.png,48,96,884122f8671ad1ce9011c092f7f695128f95ee26aa6fe4b3fa764eaf1178e1f4,True,True,True,True,True,False,assets/local/configs/SCVI/pm0401.json,a569c556ad694f8486955fa9522b3b022d9dedf4d76920f0dd788566fef451e0,freedom12/PokemonModelViewer,c5952930343748e6dcb4cae21ee383e0bd13b75c,public-derived-model-viewer-config-not-game-native-catalog,CROSSCHECK_PENDING,
SCVI,pm0402,402,pm0402_00_00,0,0,UNRESOLVED,UNRESOLVED,UNRESOLVED,icon/pm0402_00_00_00_big.png,76,152,48b710c8113694ac3ed9c9d8cb5aa467b1f28f32084a7088485ba8100458705e,True,True,True,True,True,False,assets/local/configs/SCVI/pm0402.json,f101e34a5d9b62cbd863376fce206228fc410d46c588349b1d45839c274b305d,freedom12/PokemonModelViewer,c5952930343748e6dcb4cae21ee383e0bd13b75c,public-derived-model-viewer-config-not-game-native-catalog,CROSSCHECK_PENDING,
SCVI,pm0402,402,pm0402_01_00,1,0,UNRESOLVED,UNRESOLVED,UNRESOLVED,icon/pm0402_01_00_00_big.png,76,152,48b710c8113694ac3ed9c9d8cb5aa467b1f28f32084a7088485ba8100458705e,True,True,True,True,True,False,assets/local/configs/SCVI/pm0402.json,f101e34a5d9b62cbd863376fce206228fc410d46c588349b1d45839c274b305d,freedom12/PokemonModelViewer,c5952930343748e6dcb4cae21ee383e0bd13b75c,public-derived-model-viewer-config-not-game-native-catalog,CROSSCHECK_PENDING,
SCVI,pm0403,403,pm0403_00_00,0,0,UNRESOLVED,UNRESOLVED,UNRESOLVED,icon/pm0403_00_00_00_big.png,50,100,1856cb0bc13541e2b689dc035bee1a527fa4384f84990071ba185c881ff14a84,True,True,True,True,True,True,assets/local/configs/SCVI/pm0403.json,b7c029e3ed91e29c9db739df5bd30f041a63689c3715fe9c92a23094a6a6a58c,freedom12/PokemonModelViewer,c5952930343748e6dcb4cae21ee383e0bd13b75c,public-derived-model-viewer-config-not-game-native-catalog,CROSSCHECK_PENDING,
SCVI,pm0403,403,pm0403_01_00,1,0,UNRESOLVED,UNRESOLVED,UNRESOLVED,icon/pm0403_01_00_00_big.png,50,100,1856cb0bc13541e2b689dc035bee1a527fa4384f84990071ba185c881ff14a84,True,True,True,True,True,True,assets/local/configs/SCVI/pm0403.json,b7c029e3ed91e29c9db739df5bd30f041a63689c3715fe9c92a23094a6a6a58c,freedom12/PokemonModelViewer,c5952930343748e6dcb4cae21ee383e0bd13b75c,public-derived-model-viewer-config-not-game-native-catalog,CROSSCHECK_PENDING,
SCVI,pm0404,404,pm0404_00_00,0,0,UNRESOLVED,UNRESOLVED,UNRESOLVED,icon/pm0404_00_00_00_big.png,48,96,ad34af74990236154e0b1d8865527438543ed5af867240c056ed2e6353217b66,True,False,True,True,True,True,assets/local/configs/SCVI/pm0404.json,8e58e310524e724abe2a673c58b2e5a791277798b921867fcb56b8cb690a4f73,freedom12/PokemonModelViewer,c5952930343748e6dcb4cae21ee383e0bd13b75c,public-derived-model-viewer-config-not-game-native-catalog,CROSSCHECK_PENDING,
SCVI,pm0404,404,pm0404_01_00,1,0,UNRESOLVED,UNRESOLVED,UNRESOLVED,icon/pm0404_01_00_00_big.png,48,96,ad34af74990236154e0b1d8865527438543ed5af867240c056ed2e6353217b66,True,False,True,True,True,True,assets/local/configs/SCVI/pm0404.json,8e58e310524e724abe2a673c58b2e5a791277798b921867fcb56b8cb690a4f73,freedom12/PokemonModelViewer,c5952930343748e6dcb4cae21ee383e0bd13b75c,public-derived-model-viewer-config-not-game-native-catalog,CROSSCHECK_PENDING,
SCVI,pm0405,405,pm0405_00_00,0,0,UNRESOLVED,UNRESOLVED,UNRESOLVED,icon/pm0405_00_00_00_big.png,49,98,ec974bec80ed07a54924175cca7d753c2ad2709e2f07aebdfd99fa333b328ad3,True,True,True,True,True,True,assets/local/configs/SCVI/pm0405.json,295f5811f9375b2cb1459492d8d08dcc007a6458f288b97e418d72f385ca521a,freedom12/PokemonModelViewer,c5952930343748e6dcb4cae21ee383e0bd13b75c,public-derived-model-viewer-config-not-game-native-catalog,CROSSCHECK_PENDING,
SCVI,pm0405,405,pm0405_01_00,1,0,UNRESOLVED,UNRESOLVED,UNRESOLVED,icon/pm0405_01_00_00_big.png,49,98,ec974bec80ed07a54924175cca7d753c2ad2709e2f07aebdfd99fa333b328ad3,True,True,True,True,True,True,assets/local/configs/SCVI/pm0405.json,295f5811f9375b2cb1459492d8d08dcc007a6458f288b97e418d72f385ca521a,freedom12/PokemonModelViewer,c5952930343748e6dcb4cae21ee383e0bd13b75c,public-derived-model-viewer-config-not-game-native-catalog,CROSSCHECK_PENDING,
SCVI,pm0408,408,pm0408_00_00,0,0,UNRESOLVED,UNRESOLVED,UNRESOLVED,icon/pm0408_00_00_00_big.png,49,98,ec974bec80ed07a54924175cca7d753c2ad2709e2f07aebdfd99fa333b328ad3,True,True,True,True,True,True,assets/local/configs/SCVI/pm0408.json,8414a62b9f16879080ec57ae9abdaeed2f54efebf1e20106b194ce68d392cfb0,freedom12/PokemonModelViewer,c5952930343748e6dcb4cae21ee383e0bd13b75c,public-derived-model-viewer-config-not-game-native-catalog,CROSSCHECK_PENDING,
SCVI,pm0409,409,pm0409_00_00,0,0,UNRESOLVED,UNRESOLVED,UNRESOLVED,icon/pm0409_00_00_00_big.png,49,98,ec974bec80ed07a54924175cca7d753c2ad2709e2f07aebdfd99fa333b328ad3,True,True,True,True,True,True,assets/local/configs/SCVI/pm0409.json,72cd325a0e62bff6892298bb9d079be48e40bb728e76c9e5c64577993c88284e,freedom12/PokemonModelViewer,c5952930343748e6dcb4cae21ee383e0bd13b75c,public-derived-model-viewer-config-not-game-native-catalog,CROSSCHECK_PENDING,
SCVI,pm0410,410,pm0410_00_00,0,0,UNRESOLVED,UNRESOLVED,UNRESOLVED,icon/pm0410_00_00_00_big.png,48,96,ad34af74990236154e0b1d8865527438543ed5af867240c056ed2e6353217b66,True,False,True,True,True,True,assets/local/configs/SCVI/pm0410.json,0c7010a08adea13b838134ecb461546ca86eed4ce78d85569adb51924ad788f2,freedom12/PokemonModelViewer,c5952930343748e6dcb4cae21ee383e0bd13b75c,public-derived-model-viewer-config-not-game-native-catalog,CROSSCHECK_PENDING,
SCVI,pm0411,411,pm0411_00_00,0,0,UNRESOLVED,UNRESOLVED,UNRESOLVED,icon/pm0411_00_00_00_big.png,49,98,ec974bec80ed07a54924175cca7d753c2ad2709e2f07aebdfd99fa333b328ad3,True,True,True,True,True,True,assets/local/configs/SCVI/pm0411.json,5dc4bc2ccaffdb1708cba761383b5862bba5f8709cf919eb117155083d5a703a,freedom12/PokemonModelViewer,c5952930343748e6dcb4cae21ee383e0bd13b75c,public-derived-model-viewer-config-not-game-native-catalog,CROSSCHECK_PENDING,
SCVI,pm0415,415,pm0415_00_00,0,0,UNRESOLVED,UNRESOLVED,UNRESOLVED,icon/pm0415_00_00_00_big.png,44,88,8976b0c63cc38fc752b8a4af7f87fc0ddf04b68d133e351d231353392fdae813,True,True,True,True,True,True,assets/local/configs/SCVI/pm0415.json,1defc54b59c0a0d62ae2184ac5c79b68a6de9cacc7366c722a4d874d73bb8e48,freedom12/PokemonModelViewer,c5952930343748e6dcb4cae21ee383e0bd13b75c,public-derived-model-viewer-config-not-game-native-catalog,CROSSCHECK_PENDING,
SCVI,pm0415,415,pm0415_01_00,1,0,UNRESOLVED,UNRESOLVED,UNRESOLVED,icon/pm0415_01_00_00_big.png,44,88,8976b0c63cc38fc752b8a4af7f87fc0ddf04b68d133e351d231353392fdae813,True,True,True,True,True,True,assets/local/configs/SCVI/pm0415.json,1defc54b59c0a0d62ae2184ac5c79b68a6de9cacc7366c722a4d874d73bb8e48,freedom12/PokemonModelViewer,c5952930343748e6dcb4cae21ee383e0bd13b75c,public-derived-model-viewer-config-not-game-native-catalog,CROSSCHECK_PENDING,
SCVI,pm0416,416,pm0416_00_00,0,0,UNRESOLVED,UNRESOLVED,UNRESOLVED,icon/pm0416_00_00_00_big.png,47,94,b33d4868ddd5a8220c542323262413f7859aeac3a5aa98a5c5be3657c15737ad,True,True,True,True,True,True,assets/local/configs/SCVI/pm0416.json,45c105c02aa2defa63a746bd8e8a7d6d4352bb8221ccd0e61bf59418daeeab39,freedom12/PokemonModelViewer,c5952930343748e6dcb4cae21ee383e0bd13b75c,public-derived-model-viewer-config-not-game-native-catalog,CROSSCHECK_PENDING,
SCVI,pm0417,417,pm0417_00_00,0,0,UNRESOLVED,UNRESOLVED,UNRESOLVED,icon/pm0417_00_00_00_big.png,49,98,43c972548a52ad87495638bfd7b6a7f2af78b5c64b63b9b7df14ef9a31639b3c,True,True,True,True,True,True,assets/local/configs/SCVI/pm0417.json,112bb2cf379b83a58eb1864bd7bff4117736eb7a28ad80e03805e4e01db0823b,freedom12/PokemonModelViewer,c5952930343748e6dcb4cae21ee383e0bd13b75c,public-derived-model-viewer-config-not-game-native-catalog,CROSSCHECK_PENDING,
SCVI,pm0417,417,pm0417_01_00,1,0,UNRESOLVED,UNRESOLVED,UNRESOLVED,icon/pm0417_01_00_00_big.png,49,98,43c972548a52ad87495638bfd7b6a7f2af78b5c64b63b9b7df14ef9a31639b3c,True,True,True,True,True,True,assets/local/configs/SCVI/pm0417.json,112bb2cf379b83a58eb1864bd7bff4117736eb7a28ad80e03805e4e01db0823b,freedom12/PokemonModelViewer,c5952930343748e6dcb4cae21ee383e0bd13b75c,public-derived-model-viewer-config-not-game-native-catalog,CROSSCHECK_PENDING,
SCVI,pm0418,418,pm0418_00_00,0,0,UNRESOLVED,UNRESOLVED,UNRESOLVED,icon/pm0418_00_00_00_big.png,74,148,c54b9a68ba9b3ab8962228fb9c86019c5d87bfec14620f75d9ab1ee88b2a7a03,True,False,True,True,True,True,assets/local/configs/SCVI/pm0418.json,82a1f2d1d25518fa3638e88283800ae6c17c4b406b7a3dc8e069753820145d83,freedom12/PokemonModelViewer,c5952930343748e6dcb4cae21ee383e0bd13b75c,public-derived-model-viewer-config-not-game-native-catalog,CROSSCHECK_PENDING,
SCVI,pm0418,418,pm0418_01_00,1,0,UNRESOLVED,UNRESOLVED,UNRESOLVED,icon/pm0418_01_00_00_big.png,74,148,c54b9a68ba9b3ab8962228fb9c86019c5d87bfec14620f75d9ab1ee88b2a7a03,True,False,True,True,True,True,assets/local/configs/SCVI/pm0418.json,82a1f2d1d25518fa3638e88283800ae6c17c4b406b7a3dc8e069753820145d83,freedom12/PokemonModelViewer,c5952930343748e6dcb4cae21ee383e0bd13b75c,public-derived-model-viewer-config-not-game-native-catalog,CROSSCHECK_PENDING,
SCVI,pm0419,419,pm0419_00_00,0,0,UNRESOLVED,UNRESOLVED,UNRESOLVED,icon/pm0419_00_00_00_big.png,73,146,9323777bcb9ffec84e1dc38968c2950139bab6936b88ff1c4e06884807c1b109,True,False,True,True,True,True,assets/local/configs/SCVI/pm0419.json,48999b1e830db476b4ca94e5ba758d8589a3a39666c5d80ac1403ecf05dfe75f,freedom12/PokemonModelViewer,c5952930343748e6dcb4cae21ee383e0bd13b75c,public-derived-model-viewer-config-not-game-native-catalog,CROSSCHECK_PENDING,
SCVI,pm0419,419,pm0419_01_00,1,0,UNRESOLVED,UNRESOLVED,UNRESOLVED,icon/pm0419_01_00_00_big.png,73,146,9323777bcb9ffec84e1dc38968c2950139bab6936b88ff1c4e06884807c1b109,True,False,True,True,True,True,assets/local/configs/SCVI/pm0419.json,48999b1e830db476b4ca94e5ba758d8589a3a39666c5d80ac1403ecf05dfe75f,freedom12/PokemonModelViewer,c5952930343748e6dcb4cae21ee383e0bd13b75c,public-derived-model-viewer-config-not-game-native-catalog,CROSSCHECK_PENDING,
SCVI,pm0422,422,pm0422_11_00,11,0,UNRESOLVED,UNRESOLVED,UNRESOLVED,icon/pm0422_11_00_00_big.png,43,86,462aec9e7e5862573bbab24ccaed8bdc36a5b8068e0222fc06c6f2674d446906,True,True,True,True,True,True,assets/local/configs/SCVI/pm0422.json,cc63a67543ecb2e581a3cd30873c0f0e68aea1329272313aa49b933d22cd1c05,freedom12/PokemonModelViewer,c5952930343748e6dcb4cae21ee383e0bd13b75c,public-derived-model-viewer-config-not-game-native-catalog,CROSSCHECK_PENDING,
SCVI,pm0422,422,pm0422_12_00,12,0,UNRESOLVED,UNRESOLVED,UNRESOLVED,icon/pm0422_12_00_00_big.png,43,86,462aec9e7e5862573bbab24ccaed8bdc36a5b8068e0222fc06c6f2674d446906,True,True,True,True,True,True,assets/local/configs/SCVI/pm0422.json,cc63a67543ecb2e581a3cd30873c0f0e68aea1329272313aa49b933d22cd1c05,freedom12/PokemonModelViewer,c5952930343748e6dcb4cae21ee383e0bd13b75c,public-derived-model-viewer-config-not-game-native-catalog,CROSSCHECK_PENDING,
SCVI,pm0423,423,pm0423_11_00,11,0,UNRESOLVED,UNRESOLVED,UNRESOLVED,icon/pm0423_11_00_00_big.png,42,84,49b11bbff06f4c442bf087777726ee447ab54cd1ab756910ad61b525900c1a8f,True,True,True,True,False,True,assets/local/configs/SCVI/pm0423.json,0861945d98aeb1bdcadd23cad61dad9fcd76ab5af65990d1f96027b8bd216f81,freedom12/PokemonModelViewer,c5952930343748e6dcb4cae21ee383e0bd13b75c,public-derived-model-viewer-config-not-game-native-catalog,CROSSCHECK_PENDING,
SCVI,pm0423,423,pm0423_12_00,12,0,UNRESOLVED,UNRESOLVED,UNRESOLVED,icon/pm0423_12_00_00_big.png,42,84,49b11bbff06f4c442bf087777726ee447ab54cd1ab756910ad61b525900c1a8f,True,True,True,True,False,True,assets/local/configs/SCVI/pm0423.json,0861945d98aeb1bdcadd23cad61dad9fcd76ab5af65990d1f96027b8bd216f81,freedom12/PokemonModelViewer,c5952930343748e6dcb4cae21ee383e0bd13b75c,public-derived-model-viewer-config-not-game-native-catalog,CROSSCHECK_PENDING,
SCVI,pm0424,424,pm0424_00_00,0,0,UNRESOLVED,UNRESOLVED,UNRESOLVED,icon/pm0424_00_00_00_big.png,43,86,462aec9e7e5862573bbab24ccaed8bdc36a5b8068e0222fc06c6f2674d446906,True,True,True,True,True,True,assets/local/configs/SCVI/pm0424.json,45c8cd3e1b02b144e9b7c2a1d3d18fd586ade7a29b9033d2f40078e10fb1d38b,freedom12/PokemonModelViewer,c5952930343748e6dcb4cae21ee383e0bd13b75c,public-derived-model-viewer-config-not-game-native-catalog,CROSSCHECK_PENDING,
SCVI,pm0424,424,pm0424_01_00,1,0,UNRESOLVED,UNRESOLVED,UNRESOLVED,icon/pm0424_01_00_00_big.png,43,86,462aec9e7e5862573bbab24ccaed8bdc36a5b8068e0222fc06c6f2674d446906,True,True,True,True,True,True,assets/local/configs/SCVI/pm0424.json,45c8cd3e1b02b144e9b7c2a1d3d18fd586ade7a29b9033d2f40078e10fb1d38b,freedom12/PokemonModelViewer,c5952930343748e6dcb4cae21ee383e0bd13b75c,public-derived-model-viewer-config-not-game-native-catalog,CROSSCHECK_PENDING,
SCVI,pm0425,425,pm0425_00_00,0,0,UNRESOLVED,UNRESOLVED,UNRESOLVED,icon/pm0425_00_00_00_big.png,42,84,5f4e65c3ddbb069fc3b20fb070c431c936d75fd11ff8f3a63cd657afa8de395d,True,False,True,True,True,True,assets/local/configs/SCVI/pm0425.json,0eeb93515ccee99ba91800440ef2367c1e21c66d89a6b01ea6e9fcd9bd2eb347,freedom12/PokemonModelViewer,c5952930343748e6dcb4cae21ee383e0bd13b75c,public-derived-model-viewer-config-not-game-native-catalog,CROSSCHECK_PENDING,
SCVI,pm0426,426,pm0426_00_00,0,0,UNRESOLVED,UNRESOLVED,UNRESOLVED,icon/pm0426_00_00_00_big.png,42,84,5f4e65c3ddbb069fc3b20fb070c431c936d75fd11ff8f3a63cd657afa8de395d,True,False,True,True,True,True,assets/local/configs/SCVI/pm0426.json,0a0f75afc54191f60c1d457d932874ce9d6e16b806561d7353f322383f6ffffc,freedom12/PokemonModelViewer,c5952930343748e6dcb4cae21ee383e0bd13b75c,public-derived-model-viewer-config-not-game-native-catalog,CROSSCHECK_PENDING,
SCVI,pm0429,429,pm0429_00_00,0,0,UNRESOLVED,UNRESOLVED,UNRESOLVED,icon/pm0429_00_00_00_big.png,46,92,8651905f0358589e961b116909e8868ec2e2b314ebc563085bff77d3c384992c,True,True,True,True,True,True,assets/local/configs/SCVI/pm0429.json,47e49a1073a55060c0899144d1849db0220942f37969813fa57b45fd287418f8,freedom12/PokemonModelViewer,c5952930343748e6dcb4cae21ee383e0bd13b75c,public-derived-model-viewer-config-not-game-native-catalog,CROSSCHECK_PENDING,
SCVI,pm0430,430,pm0430_00_00,0,0,UNRESOLVED,UNRESOLVED,UNRESOLVED,icon/pm0430_00_00_00_big.png,55,110,ee0c8adc02ff15962b81fbfd14599ae811098f5cd17ddb41273ba69b51089862,True,False,True,True,True,True,assets/local/configs/SCVI/pm0430.json,7ee1960fa2a2fce540c46e966458290c43bdf9b8f6126f3e0868001ad5e2ea4c,freedom12/PokemonModelViewer,c5952930343748e6dcb4cae21ee383e0bd13b75c,public-derived-model-viewer-config-not-game-native-catalog,CROSSCHECK_PENDING,
SCVI,pm0433,433,pm0433_00_00,0,0,UNRESOLVED,UNRESOLVED,UNRESOLVED,icon/pm0433_00_00_00_big.png,43,86,4a7b075cb953519a1e9ddf275b9c4db1287045b88c4093b238ff4df19aba2889,True,True,True,True,True,True,assets/local/configs/SCVI/pm0433.json,f14d4f3cdc90422ad83ee7ac4d38abd2714e0d6dc70a9c080d7ef1f133cfefd9,freedom12/PokemonModelViewer,c5952930343748e6dcb4cae21ee383e0bd13b75c,public-derived-model-viewer-config-not-game-native-catalog,CROSSCHECK_PENDING,
SCVI,pm0434,434,pm0434_00_00,0,0,UNRESOLVED,UNRESOLVED,UNRESOLVED,icon/pm0434_00_00_00_big.png,46,92,5a9f1b52282756f578da62961c34c91c76fa2976b69f4c828615a1aa07a9ec65,True,True,True,True,True,True,assets/local/configs/SCVI/pm0434.json,9d736ef7f47cdbd9dea31c209f0ba7fd5b163d205458420224e7aa806cc5d4f7,freedom12/PokemonModelViewer,c5952930343748e6dcb4cae21ee383e0bd13b75c,public-derived-model-viewer-config-not-game-native-catalog,CROSSCHECK_PENDING,
SCVI,pm0435,435,pm0435_00_00,0,0,UNRESOLVED,UNRESOLVED,UNRESOLVED,icon/pm0435_00_00_00_big.png,46,92,5a9f1b52282756f578da62961c34c91c76fa2976b69f4c828615a1aa07a9ec65,True,True,True,True,True,True,assets/local/configs/SCVI/pm0435.json,b9bc28d19a54776a44946b96e66b533bc6903034884e6fe94425143bbfdb29c0,freedom12/PokemonModelViewer,c5952930343748e6dcb4cae21ee383e0bd13b75c,public-derived-model-viewer-config-not-game-native-catalog,CROSSCHECK_PENDING,
SCVI,pm0436,436,pm0436_00_00,0,0,UNRESOLVED,UNRESOLVED,UNRESOLVED,icon/pm0436_00_00_00_big.png,42,84,e15162622b8114c47da94d5cf40f19db3854d0d6c7052e6bad039d6ee31cb894,True,True,True,True,True,False,assets/local/configs/SCVI/pm0436.json,271e5ae525b812308612a53cc4d38715a8059117acf321fa50834ebd23bb459d,freedom12/PokemonModelViewer,c5952930343748e6dcb4cae21ee383e0bd13b75c,public-derived-model-viewer-config-not-game-native-catalog,CROSSCHECK_PENDING,
SCVI,pm0437,437,pm0437_00_00,0,0,UNRESOLVED,UNRESOLVED,UNRESOLVED,icon/pm0437_00_00_00_big.png,41,82,cf6509b55b77bef08af136dd74d3cf79c72474c0575bb5e368fdb7ec70af8ee0,True,True,True,True,False,False,assets/local/configs/SCVI/pm0437.json,182bfa445b96b0ec75321b119a4f00b1bc788d4f04cca01b6461ab608edb7926,freedom12/PokemonModelViewer,c5952930343748e6dcb4cae21ee383e0bd13b75c,public-derived-model-viewer-config-not-game-native-catalog,CROSSCHECK_PENDING,
SCVI,pm0438,438,pm0438_00_00,0,0,UNRESOLVED,UNRESOLVED,UNRESOLVED,icon/pm0438_00_00_00_big.png,46,92,5a9f1b52282756f578da62961c34c91c76fa2976b69f4c828615a1aa07a9ec65,True,True,True,True,True,True,assets/local/configs/SCVI/pm0438.json,700550f3f751b1a9aafa3f4967080467bb7e39a30286163e9af9dfea1064d822,freedom12/PokemonModelViewer,c5952930343748e6dcb4cae21ee383e0bd13b75c,public-derived-model-viewer-config-not-game-native-catalog,CROSSCHECK_PENDING,
SCVI,pm0440,440,pm0440_00_00,0,0,UNRESOLVED,UNRESOLVED,UNRESOLVED,icon/pm0440_00_00_00_big.png,46,92,5a9f1b52282756f578da62961c34c91c76fa2976b69f4c828615a1aa07a9ec65,True,True,True,True,True,True,assets/local/configs/SCVI/pm0440.json,8f382c31c57ad864cb0d9a39f44419fc3e747464afb0b4094ace00e61cc51eed,freedom12/PokemonModelViewer,c5952930343748e6dcb4cae21ee383e0bd13b75c,public-derived-model-viewer-config-not-game-native-catalog,CROSSCHECK_PENDING,
SCVI,pm0442,442,pm0442_00_00,0,0,UNRESOLVED,UNRESOLVED,UNRESOLVED,icon/pm0442_00_00_00_big.png,43,86,462aec9e7e5862573bbab24ccaed8bdc36a5b8068e0222fc06c6f2674d446906,True,True,True,True,True,True,assets/local/configs/SCVI/pm0442.json,2e0247d82090ec522516dfa1881c57c2119f702981fa32d2e9e21fc7633c8413,freedom12/PokemonModelViewer,c5952930343748e6dcb4cae21ee383e0bd13b75c,public-derived-model-viewer-config-not-game-native-catalog,CROSSCHECK_PENDING,
SCVI,pm0443,443,pm0443_00_00,0,0,UNRESOLVED,UNRESOLVED,UNRESOLVED,icon/pm0443_00_00_00_big.png,46,92,5a9f1b52282756f578da62961c34c91c76fa2976b69f4c828615a1aa07a9ec65,True,True,True,True,True,True,assets/local/configs/SCVI/pm0443.json,9a0103109c3ed6f3c278fa980818da0fa00acc54d56ecad5b37306965be23b29,freedom12/PokemonModelViewer,c5952930343748e6dcb4cae21ee383e0bd13b75c,public-derived-model-viewer-config-not-game-native-catalog,CROSSCHECK_PENDING,
SCVI,pm0443,443,pm0443_01_00,1,0,UNRESOLVED,UNRESOLVED,UNRESOLVED,icon/pm0443_01_00_00_big.png,46,92,5a9f1b52282756f578da62961c34c91c76fa2976b69f4c828615a1aa07a9ec65,True,True,True,True,True,True,assets/local/configs/SCVI/pm0443.json,9a0103109c3ed6f3c278fa980818da0fa00acc54d56ecad5b37306965be23b29,freedom12/PokemonModelViewer,c5952930343748e6dcb4cae21ee383e0bd13b75c,public-derived-model-viewer-config-not-game-native-catalog,CROSSCHECK_PENDING,
SCVI,pm0444,444,pm0444_00_00,0,0,UNRESOLVED,UNRESOLVED,UNRESOLVED,icon/pm0444_00_00_00_big.png,46,92,5a9f1b52282756f578da62961c34c91c76fa2976b69f4c828615a1aa07a9ec65,True,True,True,True,True,True,assets/local/configs/SCVI/pm0444.json,4e8eed5780b53e4f45b25580a0876a196ae266cd8fbe5dff5ae2ded9b2be8b2c,freedom12/PokemonModelViewer,c5952930343748e6dcb4cae21ee383e0bd13b75c,public-derived-model-viewer-config-not-game-native-catalog,CROSSCHECK_PENDING,
SCVI,pm0444,444,pm0444_01_00,1,0,UNRESOLVED,UNRESOLVED,UNRESOLVED,icon/pm0444_01_00_00_big.png,46,92,5a9f1b52282756f578da62961c34c91c76fa2976b69f4c828615a1aa07a9ec65,True,True,True,True,True,True,assets/local/configs/SCVI/pm0444.json,4e8eed5780b53e4f45b25580a0876a196ae266cd8fbe5dff5ae2ded9b2be8b2c,freedom12/PokemonModelViewer,c5952930343748e6dcb4cae21ee383e0bd13b75c,public-derived-model-viewer-config-not-game-native-catalog,CROSSCHECK_PENDING,
SCVI,pm0445,445,pm0445_00_00,0,0,UNRESOLVED,UNRESOLVED,UNRESOLVED,icon/pm0445_00_00_00_big.png,74,148,90cc77b6a6c841d0d5c25520fe4bef458ab325229723556f63de0f7f627999ce,True,True,True,True,True,True,assets/local/configs/SCVI/pm0445.json,ff9933adc41cb2f22d7c129da3045cf8a451c5a4a7f36f3c6083455a05277a9a,freedom12/PokemonModelViewer,c5952930343748e6dcb4cae21ee383e0bd13b75c,public-derived-model-viewer-config-not-game-native-catalog,CROSSCHECK_PENDING,
SCVI,pm0445,445,pm0445_01_00,1,0,UNRESOLVED,UNRESOLVED,UNRESOLVED,icon/pm0445_01_00_00_big.png,74,148,90cc77b6a6c841d0d5c25520fe4bef458ab325229723556f63de0f7f627999ce,True,True,True,True,True,True,assets/local/configs/SCVI/pm0445.json,ff9933adc41cb2f22d7c129da3045cf8a451c5a4a7f36f3c6083455a05277a9a,freedom12/PokemonModelViewer,c5952930343748e6dcb4cae21ee383e0bd13b75c,public-derived-model-viewer-config-not-game-native-catalog,CROSSCHECK_PENDING,
SCVI,pm0446,446,pm0446_00_00,0,0,UNRESOLVED,UNRESOLVED,UNRESOLVED,icon/pm0446_00_00_00_big.png,46,92,91851d1a0141af816b37e723c302d0b0f86bbcb21e839a4eb482b0294d658593,True,True,True,True,True,True,assets/local/configs/SCVI/pm0446.json,4a15a60446d9dcf58733ebf634084878d95edbdf0b59c75c06857fc3adbb4f4d,freedom12/PokemonModelViewer,c5952930343748e6dcb4cae21ee383e0bd13b75c,public-derived-model-viewer-config-not-game-native-catalog,CROSSCHECK_PENDING,
SCVI,pm0447,447,pm0447_00_00,0,0,UNRESOLVED,UNRESOLVED,UNRESOLVED,icon/pm0447_00_00_00_big.png,49,98,ec974bec80ed07a54924175cca7d753c2ad2709e2f07aebdfd99fa333b328ad3,True,True,True,True,True,True,assets/local/configs/SCVI/pm0447.json,6a386a3ef3946ab721ee09c0408f531e2cfc05c6752d8d71125d83ca147e7b56,freedom12/PokemonModelViewer,c5952930343748e6dcb4cae21ee383e0bd13b75c,public-derived-model-viewer-config-not-game-native-catalog,CROSSCHECK_PENDING,
SCVI,pm0448,448,pm0448_00_00,0,0,UNRESOLVED,UNRESOLVED,UNRESOLVED,icon/pm0448_00_00_00_big.png,49,98,ec974bec80ed07a54924175cca7d753c2ad2709e2f07aebdfd99fa333b328ad3,True,True,True,True,True,True,assets/local/configs/SCVI/pm0448.json,44bb621508347ae6c363dc377364852bc7241415fb01f8557a65980138e504d2,freedom12/PokemonModelViewer,c5952930343748e6dcb4cae21ee383e0bd13b75c,public-derived-model-viewer-config-not-game-native-catalog,CROSSCHECK_PENDING,
SCVI,pm0449,449,pm0449_00_00,0,0,UNRESOLVED,UNRESOLVED,UNRESOLVED,icon/pm0449_00_00_00_big.png,60,120,5758c0cfb3fc7bab63d1e12e6b13a59ba65dfaf4443b2153cae9f1e358f591e1,True,True,True,True,True,True,assets/local/configs/SCVI/pm0449.json,9301f0449ec0d17e8b0391f8cec357a850864f5da21bcbd6ea8494b2e218044f,freedom12/PokemonModelViewer,c5952930343748e6dcb4cae21ee383e0bd13b75c,public-derived-model-viewer-config-not-game-native-catalog,CROSSCHECK_PENDING,
SCVI,pm0449,449,pm0449_01_00,1,0,UNRESOLVED,UNRESOLVED,UNRESOLVED,icon/pm0449_01_00_00_big.png,60,120,5758c0cfb3fc7bab63d1e12e6b13a59ba65dfaf4443b2153cae9f1e358f591e1,True,True,True,True,True,True,assets/local/configs/SCVI/pm0449.json,9301f0449ec0d17e8b0391f8cec357a850864f5da21bcbd6ea8494b2e218044f,freedom12/PokemonModelViewer,c5952930343748e6dcb4cae21ee383e0bd13b75c,public-derived-model-viewer-config-not-game-native-catalog,CROSSCHECK_PENDING,
SCVI,pm0450,450,pm0450_00_00,0,0,UNRESOLVED,UNRESOLVED,UNRESOLVED,icon/pm0450_00_00_00_big.png,59,118,246dad1a39c45cbc4e34401646fad269e21e506d4e821fc43da10f7ffbbe69fd,True,True,True,True,True,True,assets/local/configs/SCVI/pm0450.json,9c2693790abfd186f67481b6f83714968114913632566cb685959239c848bc2f,freedom12/PokemonModelViewer,c5952930343748e6dcb4cae21ee383e0bd13b75c,public-derived-model-viewer-config-not-game-native-catalog,CROSSCHECK_PENDING,
SCVI,pm0450,450,pm0450_01_00,1,0,UNRESOLVED,UNRESOLVED,UNRESOLVED,icon/pm0450_01_00_00_big.png,59,118,246dad1a39c45cbc4e34401646fad269e21e506d4e821fc43da10f7ffbbe69fd,True,True,True,True,True,True,assets/local/configs/SCVI/pm0450.json,9c2693790abfd186f67481b6f83714968114913632566cb685959239c848bc2f,freedom12/PokemonModelViewer,c5952930343748e6dcb4cae21ee383e0bd13b75c,public-derived-model-viewer-config-not-game-native-catalog,CROSSCHECK_PENDING,
SCVI,pm0453,453,pm0453_00_00,0,0,UNRESOLVED,UNRESOLVED,UNRESOLVED,icon/pm0453_00_00_00_big.png,49,98,ec974bec80ed07a54924175cca7d753c2ad2709e2f07aebdfd99fa333b328ad3,True,True,True,True,True,True,assets/local/configs/SCVI/pm0453.json,3f054167e5e86a033398a8d314cf3adb302cf816ebe95378d05fc4da7f35b34a,freedom12/PokemonModelViewer,c5952930343748e6dcb4cae21ee383e0bd13b75c,public-derived-model-viewer-config-not-game-native-catalog,CROSSCHECK_PENDING,
SCVI,pm0453,453,pm0453_01_00,1,0,UNRESOLVED,UNRESOLVED,UNRESOLVED,icon/pm0453_01_00_00_big.png,49,98,ec974bec80ed07a54924175cca7d753c2ad2709e2f07aebdfd99fa333b328ad3,True,True,True,True,True,True,assets/local/configs/SCVI/pm0453.json,3f054167e5e86a033398a8d314cf3adb302cf816ebe95378d05fc4da7f35b34a,freedom12/PokemonModelViewer,c5952930343748e6dcb4cae21ee383e0bd13b75c,public-derived-model-viewer-config-not-game-native-catalog,CROSSCHECK_PENDING,
SCVI,pm0454,454,pm0454_00_00,0,0,UNRESOLVED,UNRESOLVED,UNRESOLVED,icon/pm0454_00_00_00_big.png,46,92,5a9f1b52282756f578da62961c34c91c76fa2976b69f4c828615a1aa07a9ec65,True,True,True,True,True,True,assets/local/configs/SCVI/pm0454.json,8dc148951a7990005c1eb3b7964acc0b2323d8edc56f2f7063161ff11d67ef52,freedom12/PokemonModelViewer,c5952930343748e6dcb4cae21ee383e0bd13b75c,public-derived-model-viewer-config-not-game-native-catalog,CROSSCHECK_PENDING,
SCVI,pm0454,454,pm0454_01_00,1,0,UNRESOLVED,UNRESOLVED,UNRESOLVED,icon/pm0454_01_00_00_big.png,46,92,5a9f1b52282756f578da62961c34c91c76fa2976b69f4c828615a1aa07a9ec65,True,True,True,True,True,True,assets/local/configs/SCVI/pm0454.json,8dc148951a7990005c1eb3b7964acc0b2323d8edc56f2f7063161ff11d67ef52,freedom12/PokemonModelViewer,c5952930343748e6dcb4cae21ee383e0bd13b75c,public-derived-model-viewer-config-not-game-native-catalog,CROSSCHECK_PENDING,
SCVI,pm0456,456,pm0456_00_00,0,0,UNRESOLVED,UNRESOLVED,UNRESOLVED,icon/pm0456_00_00_00_big.png,45,90,570217b8f8b7203f8708a565ead4f261eb9fb586b9a6fc5adfd50860e5c5dba9,True,False,True,True,True,True,assets/local/configs/SCVI/pm0456.json,5453d7aa96fa230d5de93feff8591a9e3e4dc14320b0c30db3002be5dab18929,freedom12/PokemonModelViewer,c5952930343748e6dcb4cae21ee383e0bd13b75c,public-derived-model-viewer-config-not-game-native-catalog,CROSSCHECK_PENDING,
SCVI,pm0456,456,pm0456_01_00,1,0,UNRESOLVED,UNRESOLVED,UNRESOLVED,icon/pm0456_01_00_00_big.png,45,90,570217b8f8b7203f8708a565ead4f261eb9fb586b9a6fc5adfd50860e5c5dba9,True,False,True,True,True,True,assets/local/configs/SCVI/pm0456.json,5453d7aa96fa230d5de93feff8591a9e3e4dc14320b0c30db3002be5dab18929,freedom12/PokemonModelViewer,c5952930343748e6dcb4cae21ee383e0bd13b75c,public-derived-model-viewer-config-not-game-native-catalog,CROSSCHECK_PENDING,
SCVI,pm0457,457,pm0457_00_00,0,0,UNRESOLVED,UNRESOLVED,UNRESOLVED,icon/pm0457_00_00_00_big.png,45,90,570217b8f8b7203f8708a565ead4f261eb9fb586b9a6fc5adfd50860e5c5dba9,True,False,True,True,True,True,assets/local/configs/SCVI/pm0457.json,aaeb9873c61730bdaa803fc7e804ed0c2c977f11c8a37e2a9ae40f010ba522e5,freedom12/PokemonModelViewer,c5952930343748e6dcb4cae21ee383e0bd13b75c,public-derived-model-viewer-config-not-game-native-catalog,CROSSCHECK_PENDING,
SCVI,pm0457,457,pm0457_01_00,1,0,UNRESOLVED,UNRESOLVED,UNRESOLVED,icon/pm0457_01_00_00_big.png,45,90,570217b8f8b7203f8708a565ead4f261eb9fb586b9a6fc5adfd50860e5c5dba9,True,False,True,True,True,True,assets/local/configs/SCVI/pm0457.json,aaeb9873c61730bdaa803fc7e804ed0c2c977f11c8a37e2a9ae40f010ba522e5,freedom12/PokemonModelViewer,c5952930343748e6dcb4cae21ee383e0bd13b75c,public-derived-model-viewer-config-not-game-native-catalog,CROSSCHECK_PENDING,
SCVI,pm0459,459,pm0459_00_00,0,0,UNRESOLVED,UNRESOLVED,UNRESOLVED,icon/pm0459_00_00_00_big.png,48,96,884122f8671ad1ce9011c092f7f695128f95ee26aa6fe4b3fa764eaf1178e1f4,True,True,True,True,True,False,assets/local/configs/SCVI/pm0459.json,5422b9e3bba322e9a681b00acda8f9811b27edaa65dbf5b64e1c01915c692693,freedom12/PokemonModelViewer,c5952930343748e6dcb4cae21ee383e0bd13b75c,public-derived-model-viewer-config-not-game-native-catalog,CROSSCHECK_PENDING,
SCVI,pm0459,459,pm0459_01_00,1,0,UNRESOLVED,UNRESOLVED,UNRESOLVED,icon/pm0459_01_00_00_big.png,48,96,884122f8671ad1ce9011c092f7f695128f95ee26aa6fe4b3fa764eaf1178e1f4,True,True,True,True,True,False,assets/local/configs/SCVI/pm0459.json,5422b9e3bba322e9a681b00acda8f9811b27edaa65dbf5b64e1c01915c692693,freedom12/PokemonModelViewer,c5952930343748e6dcb4cae21ee383e0bd13b75c,public-derived-model-viewer-config-not-game-native-catalog,CROSSCHECK_PENDING,
SCVI,pm0460,460,pm0460_00_00,0,0,UNRESOLVED,UNRESOLVED,UNRESOLVED,icon/pm0460_00_00_00_big.png,49,98,ec974bec80ed07a54924175cca7d753c2ad2709e2f07aebdfd99fa333b328ad3,True,True,True,True,True,True,assets/local/configs/SCVI/pm0460.json,bf0e8586e857d2a8803e4440ff550bd91d11c5bb20270e7b2b6e12dbc44d7def,freedom12/PokemonModelViewer,c5952930343748e6dcb4cae21ee383e0bd13b75c,public-derived-model-viewer-config-not-game-native-catalog,CROSSCHECK_PENDING,
SCVI,pm0460,460,pm0460_01_00,1,0,UNRESOLVED,UNRESOLVED,UNRESOLVED,icon/pm0460_01_00_00_big.png,49,98,ec974bec80ed07a54924175cca7d753c2ad2709e2f07aebdfd99fa333b328ad3,True,True,True,True,True,True,assets/local/configs/SCVI/pm0460.json,bf0e8586e857d2a8803e4440ff550bd91d11c5bb20270e7b2b6e12dbc44d7def,freedom12/PokemonModelViewer,c5952930343748e6dcb4cae21ee383e0bd13b75c,public-derived-model-viewer-config-not-game-native-catalog,CROSSCHECK_PENDING,
SCVI,pm0461,461,pm0461_00_00,0,0,UNRESOLVED,UNRESOLVED,UNRESOLVED,icon/pm0461_00_00_00_big.png,49,98,ec974bec80ed07a54924175cca7d753c2ad2709e2f07aebdfd99fa333b328ad3,True,True,True,True,True,True,assets/local/configs/SCVI/pm0461.json,02593f96fb4ddd2a12c48f95a712b539b0c747ddda9f8bb1f2acb305361eb759,freedom12/PokemonModelViewer,c5952930343748e6dcb4cae21ee383e0bd13b75c,public-derived-model-viewer-config-not-game-native-catalog,CROSSCHECK_PENDING,
SCVI,pm0461,461,pm0461_01_00,1,0,UNRESOLVED,UNRESOLVED,UNRESOLVED,icon/pm0461_01_00_00_big.png,49,98,ec974bec80ed07a54924175cca7d753c2ad2709e2f07aebdfd99fa333b328ad3,True,True,True,True,True,True,assets/local/configs/SCVI/pm0461.json,02593f96fb4ddd2a12c48f95a712b539b0c747ddda9f8bb1f2acb305361eb759,freedom12/PokemonModelViewer,c5952930343748e6dcb4cae21ee383e0bd13b75c,public-derived-model-viewer-config-not-game-native-catalog,CROSSCHECK_PENDING,
SCVI,pm0462,462,pm0462_00_00,0,0,UNRESOLVED,UNRESOLVED,UNRESOLVED,icon/pm0462_00_00_00_big.png,42,84,e15162622b8114c47da94d5cf40f19db3854d0d6c7052e6bad039d6ee31cb894,True,True,True,True,True,False,assets/local/configs/SCVI/pm0462.json,454483882ce8da344caa4af769004a33c3fbb136065a6c32da89107ff3d6a1b2,freedom12/PokemonModelViewer,c5952930343748e6dcb4cae21ee383e0bd13b75c,public-derived-model-viewer-config-not-game-native-catalog,CROSSCHECK_PENDING,
SCVI,pm0464,464,pm0464_00_00,0,0,UNRESOLVED,UNRESOLVED,UNRESOLVED,icon/pm0464_00_00_00_big.png,49,98,ec974bec80ed07a54924175cca7d753c2ad2709e2f07aebdfd99fa333b328ad3,True,True,True,True,True,True,assets/local/configs/SCVI/pm0464.json,3b53b2d33d6a4d6e94d8f7188d29aebd70ef1e4d258b2afa59426405bc967ace,freedom12/PokemonModelViewer,c5952930343748e6dcb4cae21ee383e0bd13b75c,public-derived-model-viewer-config-not-game-native-catalog,CROSSCHECK_PENDING,
SCVI,pm0464,464,pm0464_01_00,1,0,UNRESOLVED,UNRESOLVED,UNRESOLVED,icon/pm0464_01_00_00_big.png,49,98,ec974bec80ed07a54924175cca7d753c2ad2709e2f07aebdfd99fa333b328ad3,True,True,True,True,True,True,assets/local/configs/SCVI/pm0464.json,3b53b2d33d6a4d6e94d8f7188d29aebd70ef1e4d258b2afa59426405bc967ace,freedom12/PokemonModelViewer,c5952930343748e6dcb4cae21ee383e0bd13b75c,public-derived-model-viewer-config-not-game-native-catalog,CROSSCHECK_PENDING,
SCVI,pm0466,466,pm0466_00_00,0,0,UNRESOLVED,UNRESOLVED,UNRESOLVED,icon/pm0466_00_00_00_big.png,49,98,ec974bec80ed07a54924175cca7d753c2ad2709e2f07aebdfd99fa333b328ad3,True,True,True,True,True,True,assets/local/configs/SCVI/pm0466.json,240deaac22ca6067330d87b658c1581d9b342abba218b044dacfb45564f5d3c4,freedom12/PokemonModelViewer,c5952930343748e6dcb4cae21ee383e0bd13b75c,public-derived-model-viewer-config-not-game-native-catalog,CROSSCHECK_PENDING,
SCVI,pm0467,467,pm0467_00_00,0,0,UNRESOLVED,UNRESOLVED,UNRESOLVED,icon/pm0467_00_00_00_big.png,51,102,e3efeda293a6179065abb6accbceaa190f60d625f0dc8c787a5b2edded496c71,True,True,True,True,True,True,assets/local/configs/SCVI/pm0467.json,ff70e73482dbf049719ba0796dd9defb031e3c5f16c40696eebca785d554ad94,freedom12/PokemonModelViewer,c5952930343748e6dcb4cae21ee383e0bd13b75c,public-derived-model-viewer-config-not-game-native-catalog,CROSSCHECK_PENDING,
SCVI,pm0469,469,pm0469_00_00,0,0,UNRESOLVED,UNRESOLVED,UNRESOLVED,icon/pm0469_00_00_00_big.png,43,86,4a7b075cb953519a1e9ddf275b9c4db1287045b88c4093b238ff4df19aba2889,True,True,True,True,True,True,assets/local/configs/SCVI/pm0469.json,4a961fed5d4b38ec322cc354b0436bb280c9ca28b2da1006da7337735a34e4b3,freedom12/PokemonModelViewer,c5952930343748e6dcb4cae21ee383e0bd13b75c,public-derived-model-viewer-config-not-game-native-catalog,CROSSCHECK_PENDING,
SCVI,pm0470,470,pm0470_00_00,0,0,UNRESOLVED,UNRESOLVED,UNRESOLVED,icon/pm0470_00_00_00_big.png,77,154,a7d3baa618d572b13204fc43a2d11a111d945523012f8249cae6d497624efd4e,True,True,True,True,True,True,assets/local/configs/SCVI/pm0470.json,1d4e49d19b07fbd9e92342ea853af04b953e6ac786de10af29d3ecb707d02d47,freedom12/PokemonModelViewer,c5952930343748e6dcb4cae21ee383e0bd13b75c,public-derived-model-viewer-config-not-game-native-catalog,CROSSCHECK_PENDING,
SCVI,pm0471,471,pm0471_00_00,0,0,UNRESOLVED,UNRESOLVED,UNRESOLVED,icon/pm0471_00_00_00_big.png,77,154,a7d3baa618d572b13204fc43a2d11a111d945523012f8249cae6d497624efd4e,True,True,True,True,True,True,assets/local/configs/SCVI/pm0471.json,59b79f8e5551a07342233a2e1570ec03d73cb595352b5f1bd9c067595d2908a2,freedom12/PokemonModelViewer,c5952930343748e6dcb4cae21ee383e0bd13b75c,public-derived-model-viewer-config-not-game-native-catalog,CROSSCHECK_PENDING,
SCVI,pm0472,472,pm0472_00_00,0,0,UNRESOLVED,UNRESOLVED,UNRESOLVED,icon/pm0472_00_00_00_big.png,71,142,8d07165378989d653928fefffb2507fb2a671338e224087e76674910a2a4ae6e,True,True,True,True,True,True,assets/local/configs/SCVI/pm0472.json,a5864f5b0c9c9dfbb12e60ad066c78425b340dd3259ecb723bdd4f41eb715818,freedom12/PokemonModelViewer,c5952930343748e6dcb4cae21ee383e0bd13b75c,public-derived-model-viewer-config-not-game-native-catalog,CROSSCHECK_PENDING,
SCVI,pm0473,473,pm0473_00_00,0,0,UNRESOLVED,UNRESOLVED,UNRESOLVED,icon/pm0473_00_00_00_big.png,46,92,91851d1a0141af816b37e723c302d0b0f86bbcb21e839a4eb482b0294d658593,True,True,True,True,True,True,assets/local/configs/SCVI/pm0473.json,aa3dafdf689593cab6b1522f22d06d334a3d95266913789e0699f3a22b1b2e2a,freedom12/PokemonModelViewer,c5952930343748e6dcb4cae21ee383e0bd13b75c,public-derived-model-viewer-config-not-game-native-catalog,CROSSCHECK_PENDING,
SCVI,pm0473,473,pm0473_01_00,1,0,UNRESOLVED,UNRESOLVED,UNRESOLVED,icon/pm0473_01_00_00_big.png,46,92,91851d1a0141af816b37e723c302d0b0f86bbcb21e839a4eb482b0294d658593,True,True,True,True,True,True,assets/local/configs/SCVI/pm0473.json,aa3dafdf689593cab6b1522f22d06d334a3d95266913789e0699f3a22b1b2e2a,freedom12/PokemonModelViewer,c5952930343748e6dcb4cae21ee383e0bd13b75c,public-derived-model-viewer-config-not-game-native-catalog,CROSSCHECK_PENDING,
SCVI,pm0474,474,pm0474_00_00,0,0,UNRESOLVED,UNRESOLVED,UNRESOLVED,icon/pm0474_00_00_00_big.png,49,98,99fea1cd86c1d5d4d432a7a2f5ab815e8adfff317c75fb30514be4a7c48d7c92,True,True,True,True,True,False,assets/local/configs/SCVI/pm0474.json,0a3948ea7e4120dde47a9b200ba2206b65957708cd1b6c4d6c4ea86e4c4907e5,freedom12/PokemonModelViewer,c5952930343748e6dcb4cae21ee383e0bd13b75c,public-derived-model-viewer-config-not-game-native-catalog,CROSSCHECK_PENDING,
SCVI,pm0475,475,pm0475_00_00,0,0,UNRESOLVED,UNRESOLVED,UNRESOLVED,icon/pm0475_00_00_00_big.png,49,98,ec974bec80ed07a54924175cca7d753c2ad2709e2f07aebdfd99fa333b328ad3,True,True,True,True,True,True,assets/local/configs/SCVI/pm0475.json,9fcb3fddcb225a937889c6f1d2ff087d7379a3c92c4ea7cb5cdff0e0ad5b8872,freedom12/PokemonModelViewer,c5952930343748e6dcb4cae21ee383e0bd13b75c,public-derived-model-viewer-config-not-game-native-catalog,CROSSCHECK_PENDING,
SCVI,pm0476,476,pm0476_00_00,0,0,UNRESOLVED,UNRESOLVED,UNRESOLVED,icon/pm0476_00_00_00_big.png,42,84,e15162622b8114c47da94d5cf40f19db3854d0d6c7052e6bad039d6ee31cb894,True,True,True,True,True,False,assets/local/configs/SCVI/pm0476.json,88367526841aadb5cd211deb11d49abcbf12fd00598ba74c228d5b563e8d43cf,freedom12/PokemonModelViewer,c5952930343748e6dcb4cae21ee383e0bd13b75c,public-derived-model-viewer-config-not-game-native-catalog,CROSSCHECK_PENDING,
SCVI,pm0477,477,pm0477_00_00,0,0,UNRESOLVED,UNRESOLVED,UNRESOLVED,icon/pm0477_00_00_00_big.png,43,86,4a7b075cb953519a1e9ddf275b9c4db1287045b88c4093b238ff4df19aba2889,True,True,True,True,True,True,assets/local/configs/SCVI/pm0477.json,220967098b8ff2d5d22db08c148b4ba885c3a257001fe7727b8665da1db17465,freedom12/PokemonModelViewer,c5952930343748e6dcb4cae21ee383e0bd13b75c,public-derived-model-viewer-config-not-game-native-catalog,CROSSCHECK_PENDING,
SCVI,pm0478,478,pm0478_00_00,0,0,UNRESOLVED,UNRESOLVED,UNRESOLVED,icon/pm0478_00_00_00_big.png,46,92,8651905f0358589e961b116909e8868ec2e2b314ebc563085bff77d3c384992c,True,True,True,True,True,True,assets/local/configs/SCVI/pm0478.json,91e31f006fa334606eb79f6bb3fa3e8b9ead3bd22ce769cdd60afc78e1820305,freedom12/PokemonModelViewer,c5952930343748e6dcb4cae21ee383e0bd13b75c,public-derived-model-viewer-config-not-game-native-catalog,CROSSCHECK_PENDING,
SCVI,pm0479,479,pm0479_11_00,11,0,UNRESOLVED,UNRESOLVED,UNRESOLVED,icon/pm0479_11_00_00_big.png,42,84,1207e5c213ccea9857b4a8a73752bc3ba1fe15a04b05ac3608417ba1398bfa6f,True,True,True,True,False,True,assets/local/configs/SCVI/pm0479.json,63f0e0bbf76fe6e501ac2ebc389f1bb35a6b4334b2e61ac5dae8990fb1e38c0c,freedom12/PokemonModelViewer,c5952930343748e6dcb4cae21ee383e0bd13b75c,public-derived-model-viewer-config-not-game-native-catalog,CROSSCHECK_PENDING,
SCVI,pm0479,479,pm0479_12_00,12,0,UNRESOLVED,UNRESOLVED,UNRESOLVED,icon/pm0479_12_00_00_big.png,42,84,1207e5c213ccea9857b4a8a73752bc3ba1fe15a04b05ac3608417ba1398bfa6f,True,True,True,True,False,True,assets/local/configs/SCVI/pm0479.json,63f0e0bbf76fe6e501ac2ebc389f1bb35a6b4334b2e61ac5dae8990fb1e38c0c,freedom12/PokemonModelViewer,c5952930343748e6dcb4cae21ee383e0bd13b75c,public-derived-model-viewer-config-not-game-native-catalog,CROSSCHECK_PENDING,
SCVI,pm0479,479,pm0479_13_00,13,0,UNRESOLVED,UNRESOLVED,UNRESOLVED,icon/pm0479_13_00_00_big.png,42,84,1207e5c213ccea9857b4a8a73752bc3ba1fe15a04b05ac3608417ba1398bfa6f,True,True,True,True,False,True,assets/local/configs/SCVI/pm0479.json,63f0e0bbf76fe6e501ac2ebc389f1bb35a6b4334b2e61ac5dae8990fb1e38c0c,freedom12/PokemonModelViewer,c5952930343748e6dcb4cae21ee383e0bd13b75c,public-derived-model-viewer-config-not-game-native-catalog,CROSSCHECK_PENDING,
SCVI,pm0479,479,pm0479_14_00,14,0,UNRESOLVED,UNRESOLVED,UNRESOLVED,icon/pm0479_14_00_00_big.png,42,84,1207e5c213ccea9857b4a8a73752bc3ba1fe15a04b05ac3608417ba1398bfa6f,True,True,True,True,False,True,assets/local/configs/SCVI/pm0479.json,63f0e0bbf76fe6e501ac2ebc389f1bb35a6b4334b2e61ac5dae8990fb1e38c0c,freedom12/PokemonModelViewer,c5952930343748e6dcb4cae21ee383e0bd13b75c,public-derived-model-viewer-config-not-game-native-catalog,CROSSCHECK_PENDING,
SCVI,pm0479,479,pm0479_15_00,15,0,UNRESOLVED,UNRESOLVED,UNRESOLVED,icon/pm0479_15_00_00_big.png,42,84,1207e5c213ccea9857b4a8a73752bc3ba1fe15a04b05ac3608417ba1398bfa6f,True,True,True,True,False,True,assets/local/configs/SCVI/pm0479.json,63f0e0bbf76fe6e501ac2ebc389f1bb35a6b4334b2e61ac5dae8990fb1e38c0c,freedom12/PokemonModelViewer,c5952930343748e6dcb4cae21ee383e0bd13b75c,public-derived-model-viewer-config-not-game-native-catalog,CROSSCHECK_PENDING,
SCVI,pm0479,479,pm0479_16_00,16,0,UNRESOLVED,UNRESOLVED,UNRESOLVED,icon/pm0479_16_00_00_big.png,42,84,1207e5c213ccea9857b4a8a73752bc3ba1fe15a04b05ac3608417ba1398bfa6f,True,True,True,True,False,True,assets/local/configs/SCVI/pm0479.json,63f0e0bbf76fe6e501ac2ebc389f1bb35a6b4334b2e61ac5dae8990fb1e38c0c,freedom12/PokemonModelViewer,c5952930343748e6dcb4cae21ee383e0bd13b75c,public-derived-model-viewer-config-not-game-native-catalog,CROSSCHECK_PENDING,
SCVI,pm0480,480,pm0480_00_00,0,0,UNRESOLVED,UNRESOLVED,UNRESOLVED,icon/pm0480_00_00_00_big.png,41,82,7414908814e4358955d28a56cb24f0452fa80e2247ee6dfcf7db0e54d4d3b7fb,True,False,True,True,False,True,assets/local/configs/SCVI/pm0480.json,87d895a9aa3e360a7a15db9a45b9669e9c8ef16a5302ded89a054ee639605733,freedom12/PokemonModelViewer,c5952930343748e6dcb4cae21ee383e0bd13b75c,public-derived-model-viewer-config-not-game-native-catalog,CROSSCHECK_PENDING,
SCVI,pm0481,481,pm0481_00_00,0,0,UNRESOLVED,UNRESOLVED,UNRESOLVED,icon/pm0481_00_00_00_big.png,42,84,5f4e65c3ddbb069fc3b20fb070c431c936d75fd11ff8f3a63cd657afa8de395d,True,False,True,True,True,True,assets/local/configs/SCVI/pm0481.json,790ada05ee3a223188630bfc9a0064249c8600b1ef72db66af8cee155e1b3ae2,freedom12/PokemonModelViewer,c5952930343748e6dcb4cae21ee383e0bd13b75c,public-derived-model-viewer-config-not-game-native-catalog,CROSSCHECK_PENDING,
SCVI,pm0482,482,pm0482_00_00,0,0,UNRESOLVED,UNRESOLVED,UNRESOLVED,icon/pm0482_00_00_00_big.png,42,84,5f4e65c3ddbb069fc3b20fb070c431c936d75fd11ff8f3a63cd657afa8de395d,True,False,True,True,True,True,assets/local/configs/SCVI/pm0482.json,d1afc518e12042a485d40ad8372c6d75e79863b96849b10f728378d91b2f5b25,freedom12/PokemonModelViewer,c5952930343748e6dcb4cae21ee383e0bd13b75c,public-derived-model-viewer-config-not-game-native-catalog,CROSSCHECK_PENDING,
SCVI,pm0483,483,pm0483_11_00,11,0,UNRESOLVED,UNRESOLVED,UNRESOLVED,icon/pm0483_11_00_00_big.png,71,142,8d07165378989d653928fefffb2507fb2a671338e224087e76674910a2a4ae6e,True,True,True,True,True,True,assets/local/configs/SCVI/pm0483.json,675a246509d047247a0ee77cb55958755ff89a0df9266e0d55f2adbc57b38d33,freedom12/PokemonModelViewer,c5952930343748e6dcb4cae21ee383e0bd13b75c,public-derived-model-viewer-config-not-game-native-catalog,CROSSCHECK_PENDING,
SCVI,pm0483,483,pm0483_12_00,12,0,UNRESOLVED,UNRESOLVED,UNRESOLVED,icon/pm0483_12_00_00_big.png,71,142,8d07165378989d653928fefffb2507fb2a671338e224087e76674910a2a4ae6e,True,True,True,True,True,True,assets/local/configs/SCVI/pm0483.json,675a246509d047247a0ee77cb55958755ff89a0df9266e0d55f2adbc57b38d33,freedom12/PokemonModelViewer,c5952930343748e6dcb4cae21ee383e0bd13b75c,public-derived-model-viewer-config-not-game-native-catalog,CROSSCHECK_PENDING,
SCVI,pm0484,484,pm0484_11_00,11,0,UNRESOLVED,UNRESOLVED,UNRESOLVED,icon/pm0484_11_00_00_big.png,71,142,8d07165378989d653928fefffb2507fb2a671338e224087e76674910a2a4ae6e,True,True,True,True,True,True,assets/local/configs/SCVI/pm0484.json,6851bb4d77b3cf6d025542aa346443b9e8718435a540be7cd6cb4ca99e3962ca,freedom12/PokemonModelViewer,c5952930343748e6dcb4cae21ee383e0bd13b75c,public-derived-model-viewer-config-not-game-native-catalog,CROSSCHECK_PENDING,
SCVI,pm0484,484,pm0484_12_00,12,0,UNRESOLVED,UNRESOLVED,UNRESOLVED,icon/pm0484_12_00_00_big.png,71,142,8d07165378989d653928fefffb2507fb2a671338e224087e76674910a2a4ae6e,True,True,True,True,True,True,assets/local/configs/SCVI/pm0484.json,6851bb4d77b3cf6d025542aa346443b9e8718435a540be7cd6cb4ca99e3962ca,freedom12/PokemonModelViewer,c5952930343748e6dcb4cae21ee383e0bd13b75c,public-derived-model-viewer-config-not-game-native-catalog,CROSSCHECK_PENDING,
SCVI,pm0485,485,pm0485_00_00,0,0,UNRESOLVED,UNRESOLVED,UNRESOLVED,icon/pm0485_00_00_00_big.png,43,86,462aec9e7e5862573bbab24ccaed8bdc36a5b8068e0222fc06c6f2674d446906,True,True,True,True,True,True,assets/local/configs/SCVI/pm0485.json,9a4cbfc02d2aea5bdfc5534955ec02b47a67e90cb6cb122cef58b1d653d5cc54,freedom12/PokemonModelViewer,c5952930343748e6dcb4cae21ee383e0bd13b75c,public-derived-model-viewer-config-not-game-native-catalog,CROSSCHECK_PENDING,
SCVI,pm0486,486,pm0486_00_00,0,0,UNRESOLVED,UNRESOLVED,UNRESOLVED,icon/pm0486_00_00_00_big.png,41,82,0de6a2dcec1f1b5d73372f58a48a5ce4ce7c140a8280dcb3a979da4596ca1613,True,True,True,True,False,False,assets/local/configs/SCVI/pm0486.json,3982c6228a5b0e3fee965faaf1282e4872999785b9520615a8e18fc354bd5232,freedom12/PokemonModelViewer,c5952930343748e6dcb4cae21ee383e0bd13b75c,public-derived-model-viewer-config-not-game-native-catalog,CROSSCHECK_PENDING,
SCVI,pm0487,487,pm0487_11_00,11,0,UNRESOLVED,UNRESOLVED,UNRESOLVED,icon/pm0487_11_00_00_big.png,70,140,417b6aed2797998d1adb93945a40cf5a0ede304107532fe0ff789966bb96805d,True,False,True,True,True,True,assets/local/configs/SCVI/pm0487.json,5c843dfd3e95d7fee5bbfc9ae7eb96c9142f1401340c80f7df9c387c1a0787ad,freedom12/PokemonModelViewer,c5952930343748e6dcb4cae21ee383e0bd13b75c,public-derived-model-viewer-config-not-game-native-catalog,CROSSCHECK_PENDING,
SCVI,pm0487,487,pm0487_12_00,12,0,UNRESOLVED,UNRESOLVED,UNRESOLVED,icon/pm0487_12_00_00_big.png,43,86,4a7b075cb953519a1e9ddf275b9c4db1287045b88c4093b238ff4df19aba2889,True,True,True,True,True,True,assets/local/configs/SCVI/pm0487.json,5c843dfd3e95d7fee5bbfc9ae7eb96c9142f1401340c80f7df9c387c1a0787ad,freedom12/PokemonModelViewer,c5952930343748e6dcb4cae21ee383e0bd13b75c,public-derived-model-viewer-config-not-game-native-catalog,CROSSCHECK_PENDING,
SCVI,pm0488,488,pm0488_00_00,0,0,UNRESOLVED,UNRESOLVED,UNRESOLVED,icon/pm0488_00_00_00_big.png,43,86,4a7b075cb953519a1e9ddf275b9c4db1287045b88c4093b238ff4df19aba2889,True,True,True,True,True,True,assets/local/configs/SCVI/pm0488.json,e13f99d837cdb106aaa7c91eed18a8d5c6e063a4879eecbb81290fe0b79f166a,freedom12/PokemonModelViewer,c5952930343748e6dcb4cae21ee383e0bd13b75c,public-derived-model-viewer-config-not-game-native-catalog,CROSSCHECK_PENDING,
SCVI,pm0489,489,pm0489_00_00,0,0,UNRESOLVED,UNRESOLVED,UNRESOLVED,icon/pm0489_00_00_00_big.png,46,92,91f6ef5179c71fff0807e0fd961d078a71d1109d48a8c28e8ee0e3a332e9d22e,True,False,True,True,True,True,assets/local/configs/SCVI/pm0489.json,24943dc846f6d487ef93a0f9a9d05547005147da6517fe72096869680884d92a,freedom12/PokemonModelViewer,c5952930343748e6dcb4cae21ee383e0bd13b75c,public-derived-model-viewer-config-not-game-native-catalog,CROSSCHECK_PENDING,
SCVI,pm0490,490,pm0490_00_00,0,0,UNRESOLVED,UNRESOLVED,UNRESOLVED,icon/pm0490_00_00_00_big.png,73,146,4fea7761588a879e6b6ba046660c2b1c89108e8f82f4d3b9fd547edbd3150205,True,False,True,True,True,True,assets/local/configs/SCVI/pm0490.json,27700a287eec12f92a3d8e3bbacb0d3e6e9cdc23defa857f12764fc51f35b135,freedom12/PokemonModelViewer,c5952930343748e6dcb4cae21ee383e0bd13b75c,public-derived-model-viewer-config-not-game-native-catalog,CROSSCHECK_PENDING,
SCVI,pm0491,491,pm0491_00_00,0,0,UNRESOLVED,UNRESOLVED,UNRESOLVED,icon/pm0491_00_00_00_big.png,42,84,e15162622b8114c47da94d5cf40f19db3854d0d6c7052e6bad039d6ee31cb894,True,True,True,True,True,False,assets/local/configs/SCVI/pm0491.json,bba740c9f95f9da3f4f3b32a710ce74db1efcd9a208e85939ccf94772716092a,freedom12/PokemonModelViewer,c5952930343748e6dcb4cae21ee383e0bd13b75c,public-derived-model-viewer-config-not-game-native-catalog,CROSSCHECK_PENDING,
SCVI,pm0492,492,pm0492_11_00,11,0,UNRESOLVED,UNRESOLVED,UNRESOLVED,icon/pm0492_11_00_00_big.png,43,86,462aec9e7e5862573bbab24ccaed8bdc36a5b8068e0222fc06c6f2674d446906,True,True,True,True,True,True,assets/local/configs/SCVI/pm0492.json,8846e0713b1884cb7a851c501e22571f30e93f90bd48d8821ed4563fbde30ee1,freedom12/PokemonModelViewer,c5952930343748e6dcb4cae21ee383e0bd13b75c,public-derived-model-viewer-config-not-game-native-catalog,CROSSCHECK_PENDING,
SCVI,pm0492,492,pm0492_12_00,12,0,UNRESOLVED,UNRESOLVED,UNRESOLVED,icon/pm0492_12_00_00_big.png,76,152,a63924a3378795826a6776f81df8c094874df3e39016344725ef6b4335ea1556,True,True,True,True,True,True,assets/local/configs/SCVI/pm0492.json,8846e0713b1884cb7a851c501e22571f30e93f90bd48d8821ed4563fbde30ee1,freedom12/PokemonModelViewer,c5952930343748e6dcb4cae21ee383e0bd13b75c,public-derived-model-viewer-config-not-game-native-catalog,CROSSCHECK_PENDING,
SCVI,pm0493,493,pm0493_11_00,11,0,UNRESOLVED,UNRESOLVED,UNRESOLVED,icon/pm0493_11_00_00_big.png,70,140,29cc87e388f94b96f905e0024966a8fdabb9ca71d2aaff7b5b0f747271d132e7,True,True,True,True,True,False,assets/local/configs/SCVI/pm0493.json,6502b2a70c3516b066150d35bc4a2c68c624056222db585b2d1476ca46240e0a,freedom12/PokemonModelViewer,c5952930343748e6dcb4cae21ee383e0bd13b75c,public-derived-model-viewer-config-not-game-native-catalog,CROSSCHECK_PENDING,
SCVI,pm0495,495,pm0495_00_00,0,0,UNRESOLVED,UNRESOLVED,UNRESOLVED,icon/pm0495_00_00_00_big.png,49,98,ec974bec80ed07a54924175cca7d753c2ad2709e2f07aebdfd99fa333b328ad3,True,True,True,True,True,True,assets/local/configs/SCVI/pm0495.json,2bb396c0a74515b490ffd16fafcc5859728159c6e10801599bfe70b32f27fd91,freedom12/PokemonModelViewer,c5952930343748e6dcb4cae21ee383e0bd13b75c,public-derived-model-viewer-config-not-game-native-catalog,CROSSCHECK_PENDING,
SCVI,pm0496,496,pm0496_00_00,0,0,UNRESOLVED,UNRESOLVED,UNRESOLVED,icon/pm0496_00_00_00_big.png,49,98,ec974bec80ed07a54924175cca7d753c2ad2709e2f07aebdfd99fa333b328ad3,True,True,True,True,True,True,assets/local/configs/SCVI/pm0496.json,53a6689bd55d04650296e7dcb4849fac86deadb79b5038d5dcdb809b65e1ddea,freedom12/PokemonModelViewer,c5952930343748e6dcb4cae21ee383e0bd13b75c,public-derived-model-viewer-config-not-game-native-catalog,CROSSCHECK_PENDING,
SCVI,pm0497,497,pm0497_00_00,0,0,UNRESOLVED,UNRESOLVED,UNRESOLVED,icon/pm0497_00_00_00_big.png,48,96,ad34af74990236154e0b1d8865527438543ed5af867240c056ed2e6353217b66,True,False,True,True,True,True,assets/local/configs/SCVI/pm0497.json,a850c311c1a95702060ac2b12af0b45ae0ee81069d1f380ddc23e1086a5558db,freedom12/PokemonModelViewer,c5952930343748e6dcb4cae21ee383e0bd13b75c,public-derived-model-viewer-config-not-game-native-catalog,CROSSCHECK_PENDING,
SCVI,pm0498,498,pm0498_00_00,0,0,UNRESOLVED,UNRESOLVED,UNRESOLVED,icon/pm0498_00_00_00_big.png,46,92,5a9f1b52282756f578da62961c34c91c76fa2976b69f4c828615a1aa07a9ec65,True,True,True,True,True,True,assets/local/configs/SCVI/pm0498.json,4672dd87e0601ce7c1d160f5e07e93b2e0e3e2a7a6a0d5514b30c90bdda1c788,freedom12/PokemonModelViewer,c5952930343748e6dcb4cae21ee383e0bd13b75c,public-derived-model-viewer-config-not-game-native-catalog,CROSSCHECK_PENDING,
SCVI,pm0499,499,pm0499_00_00,0,0,UNRESOLVED,UNRESOLVED,UNRESOLVED,icon/pm0499_00_00_00_big.png,53,106,685d01e07e8b62cca7099f8398356b29d8e47b1ef9f9833a40fb6958ea15407f,True,True,True,True,True,True,assets/local/configs/SCVI/pm0499.json,85e81b53ef2db3340c1c4e28be8cabb448b63b481cfa467ef1acf8cbb8e9a35a,freedom12/PokemonModelViewer,c5952930343748e6dcb4cae21ee383e0bd13b75c,public-derived-model-viewer-config-not-game-native-catalog,CROSSCHECK_PENDING,
SCVI,pm0500,500,pm0500_00_00,0,0,UNRESOLVED,UNRESOLVED,UNRESOLVED,icon/pm0500_00_00_00_big.png,50,100,a0ac961578b78843dbe718fb984ea2713dc1fcb3fedce1142d5e4f58ee3be2f1,True,True,True,True,True,True,assets/local/configs/SCVI/pm0500.json,8a2d87bd0f8e01f567ae9de6f9a0fc8322280b81c202f7daa66ff9c5887fedae,freedom12/PokemonModelViewer,c5952930343748e6dcb4cae21ee383e0bd13b75c,public-derived-model-viewer-config-not-game-native-catalog,CROSSCHECK_PENDING,
SCVI,pm0501,501,pm0501_00_00,0,0,UNRESOLVED,UNRESOLVED,UNRESOLVED,icon/pm0501_00_00_00_big.png,74,148,157f4a50f058b0a8b5f2306935337218f3cb0b735e600c86d2e80288aa6320d9,True,True,True,True,True,True,assets/local/configs/SCVI/pm0501.json,6208e9154e3bff25ea2254dd843d6d5bb10a73da3a2b487fd2bed716cf083478,freedom12/PokemonModelViewer,c5952930343748e6dcb4cae21ee383e0bd13b75c,public-derived-model-viewer-config-not-game-native-catalog,CROSSCHECK_PENDING,
SCVI,pm0502,502,pm0502_00_00,0,0,UNRESOLVED,UNRESOLVED,UNRESOLVED,icon/pm0502_00_00_00_big.png,74,148,157f4a50f058b0a8b5f2306935337218f3cb0b735e600c86d2e80288aa6320d9,True,True,True,True,True,True,assets/local/configs/SCVI/pm0502.json,400116f02c6898e6b50fb8f6023b05576f7d9b228e2823abf8b124d14b1239b5,freedom12/PokemonModelViewer,c5952930343748e6dcb4cae21ee383e0bd13b75c,public-derived-model-viewer-config-not-game-native-catalog,CROSSCHECK_PENDING,
SCVI,pm0503,503,pm0503_00_00,0,0,UNRESOLVED,UNRESOLVED,UNRESOLVED,icon/pm0503_00_00_00_big.png,74,148,157f4a50f058b0a8b5f2306935337218f3cb0b735e600c86d2e80288aa6320d9,True,True,True,True,True,True,assets/local/configs/SCVI/pm0503.json,10a55ca7af018b6ce81db8e2c1455f105cd3a25652465515c0d585b2aaba97ea,freedom12/PokemonModelViewer,c5952930343748e6dcb4cae21ee383e0bd13b75c,public-derived-model-viewer-config-not-game-native-catalog,CROSSCHECK_PENDING,
SCVI,pm0503,503,pm0503_00_41,0,41,UNRESOLVED,UNRESOLVED,UNRESOLVED,icon/pm0503_00_41_00_big.png,74,148,157f4a50f058b0a8b5f2306935337218f3cb0b735e600c86d2e80288aa6320d9,True,True,True,True,True,True,assets/local/configs/SCVI/pm0503.json,10a55ca7af018b6ce81db8e2c1455f105cd3a25652465515c0d585b2aaba97ea,freedom12/PokemonModelViewer,c5952930343748e6dcb4cae21ee383e0bd13b75c,public-derived-model-viewer-config-not-game-native-catalog,CROSSCHECK_PENDING,
SCVI,pm0522,522,pm0522_00_00,0,0,UNRESOLVED,UNRESOLVED,UNRESOLVED,icon/pm0522_00_00_00_big.png,53,106,685d01e07e8b62cca7099f8398356b29d8e47b1ef9f9833a40fb6958ea15407f,True,True,True,True,True,True,assets/local/configs/SCVI/pm0522.json,fb357926a127aa4023bd02ca237310821e39083d6356df8c243e6afb77d54e59,freedom12/PokemonModelViewer,c5952930343748e6dcb4cae21ee383e0bd13b75c,public-derived-model-viewer-config-not-game-native-catalog,CROSSCHECK_PENDING,
SCVI,pm0523,523,pm0523_00_00,0,0,UNRESOLVED,UNRESOLVED,UNRESOLVED,icon/pm0523_00_00_00_big.png,50,100,1856cb0bc13541e2b689dc035bee1a527fa4384f84990071ba185c881ff14a84,True,True,True,True,True,True,assets/local/configs/SCVI/pm0523.json,b8e44b89f5dd82935892634bc461a17fc478f3c68f52b7b5779670753777ebdc,freedom12/PokemonModelViewer,c5952930343748e6dcb4cae21ee383e0bd13b75c,public-derived-model-viewer-config-not-game-native-catalog,CROSSCHECK_PENDING,
SCVI,pm0529,529,pm0529_00_00,0,0,UNRESOLVED,UNRESOLVED,UNRESOLVED,icon/pm0529_00_00_00_big.png,49,98,ec974bec80ed07a54924175cca7d753c2ad2709e2f07aebdfd99fa333b328ad3,True,True,True,True,True,True,assets/local/configs/SCVI/pm0529.json,c6c20aeb9f9a08f35f1dc8bec6f697e400958be9377c716bdc1010293a108507,freedom12/PokemonModelViewer,c5952930343748e6dcb4cae21ee383e0bd13b75c,public-derived-model-viewer-config-not-game-native-catalog,CROSSCHECK_PENDING,
SCVI,pm0530,530,pm0530_00_00,0,0,UNRESOLVED,UNRESOLVED,UNRESOLVED,icon/pm0530_00_00_00_big.png,49,98,ec974bec80ed07a54924175cca7d753c2ad2709e2f07aebdfd99fa333b328ad3,True,True,True,True,True,True,assets/local/configs/SCVI/pm0530.json,ccf565ccd2a55e2fb27e912ee0356675454c9f82183c2436b21bccab236b5a85,freedom12/PokemonModelViewer,c5952930343748e6dcb4cae21ee383e0bd13b75c,public-derived-model-viewer-config-not-game-native-catalog,CROSSCHECK_PENDING,
SCVI,pm0532,532,pm0532_00_00,0,0,UNRESOLVED,UNRESOLVED,UNRESOLVED,icon/pm0532_00_00_00_big.png,46,92,5a9f1b52282756f578da62961c34c91c76fa2976b69f4c828615a1aa07a9ec65,True,True,True,True,True,True,assets/local/configs/SCVI/pm0532.json,0138a509722abc03d8771281eb03bfaa1d3cd1fbc2a5468696b2396c3be81852,freedom12/PokemonModelViewer,c5952930343748e6dcb4cae21ee383e0bd13b75c,public-derived-model-viewer-config-not-game-native-catalog,CROSSCHECK_PENDING,
SCVI,pm0533,533,pm0533_00_00,0,0,UNRESOLVED,UNRESOLVED,UNRESOLVED,icon/pm0533_00_00_00_big.png,43,86,462aec9e7e5862573bbab24ccaed8bdc36a5b8068e0222fc06c6f2674d446906,True,True,True,True,True,True,assets/local/configs/SCVI/pm0533.json,b0b4fa4f419fa864778d81f420539dc4bb3dbc78765a833f84c80ab09a8868f3,freedom12/PokemonModelViewer,c5952930343748e6dcb4cae21ee383e0bd13b75c,public-derived-model-viewer-config-not-game-native-catalog,CROSSCHECK_PENDING,
SCVI,pm0534,534,pm0534_00_00,0,0,UNRESOLVED,UNRESOLVED,UNRESOLVED,icon/pm0534_00_00_00_big.png,43,86,462aec9e7e5862573bbab24ccaed8bdc36a5b8068e0222fc06c6f2674d446906,True,True,True,True,True,True,assets/local/configs/SCVI/pm0534.json,115d96f08b103873ed8213c06f6aed044dbb7bf1c4cab9b79306b7fd9d863f5d,freedom12/PokemonModelViewer,c5952930343748e6dcb4cae21ee383e0bd13b75c,public-derived-model-viewer-config-not-game-native-catalog,CROSSCHECK_PENDING,
SCVI,pm0540,540,pm0540_00_00,0,0,UNRESOLVED,UNRESOLVED,UNRESOLVED,icon/pm0540_00_00_00_big.png,43,86,462aec9e7e5862573bbab24ccaed8bdc36a5b8068e0222fc06c6f2674d446906,True,True,True,True,True,True,assets/local/configs/SCVI/pm0540.json,8c039ad4a570d8fb4fface40a3c81bce6724cb7480a1e7c295cd5c84d6213823,freedom12/PokemonModelViewer,c5952930343748e6dcb4cae21ee383e0bd13b75c,public-derived-model-viewer-config-not-game-native-catalog,CROSSCHECK_PENDING,
SCVI,pm0541,541,pm0541_00_00,0,0,UNRESOLVED,UNRESOLVED,UNRESOLVED,icon/pm0541_00_00_00_big.png,43,86,462aec9e7e5862573bbab24ccaed8bdc36a5b8068e0222fc06c6f2674d446906,True,True,True,True,True,True,assets/local/configs/SCVI/pm0541.json,b4ef5a366ea8a95c19f4150b673c00c36ed7e2de7697203b48ae383d7b696d6c,freedom12/PokemonModelViewer,c5952930343748e6dcb4cae21ee383e0bd13b75c,public-derived-model-viewer-config-not-game-native-catalog,CROSSCHECK_PENDING,
SCVI,pm0542,542,pm0542_00_00,0,0,UNRESOLVED,UNRESOLVED,UNRESOLVED,icon/pm0542_00_00_00_big.png,43,86,462aec9e7e5862573bbab24ccaed8bdc36a5b8068e0222fc06c6f2674d446906,True,True,True,True,True,True,assets/local/configs/SCVI/pm0542.json,7ef551e1c70b4cd9246c87a66867184f739da73a1b54922f7d7654bb0d36d640,freedom12/PokemonModelViewer,c5952930343748e6dcb4cae21ee383e0bd13b75c,public-derived-model-viewer-config-not-game-native-catalog,CROSSCHECK_PENDING,
SCVI,pm0546,546,pm0546_00_00,0,0,UNRESOLVED,UNRESOLVED,UNRESOLVED,icon/pm0546_00_00_00_big.png,46,92,0d0dff58ccd3a21f4e02c2af3fd717b9ba3b6ee83c98be6b61ef935f33c0a815,True,True,True,True,True,False,assets/local/configs/SCVI/pm0546.json,01e7ffe09b0f81ea3f8780f8e5b6ba3472a1645cfff45fad42db264921b233d0,freedom12/PokemonModelViewer,c5952930343748e6dcb4cae21ee383e0bd13b75c,public-derived-model-viewer-config-not-game-native-catalog,CROSSCHECK_PENDING,
SCVI,pm0547,547,pm0547_00_00,0,0,UNRESOLVED,UNRESOLVED,UNRESOLVED,icon/pm0547_00_00_00_big.png,83,166,4c826a10bfd1e30743d5e21150b80e1f888d74cccb50091d3f7854330c2b4c02,True,True,True,True,True,True,assets/local/configs/SCVI/pm0547.json,6b19654ef01fc438d77bcadf636aec304e4610a3c23ca36b493868269fad9b4b,freedom12/PokemonModelViewer,c5952930343748e6dcb4cae21ee383e0bd13b75c,public-derived-model-viewer-config-not-game-native-catalog,CROSSCHECK_PENDING,
SCVI,pm0548,548,pm0548_00_00,0,0,UNRESOLVED,UNRESOLVED,UNRESOLVED,icon/pm0548_00_00_00_big.png,42,84,ae27aeb1271bc0347b30691ea18bef23d7d0b221782f872f9f623d4698e3fb86,True,True,True,True,True,False,assets/local/configs/SCVI/pm0548.json,01f6e990d813e4daec2c912c1726c5acdff4c84001d3b920afb734e9a055413d,freedom12/PokemonModelViewer,c5952930343748e6dcb4cae21ee383e0bd13b75c,public-derived-model-viewer-config-not-game-native-catalog,CROSSCHECK_PENDING,
SCVI,pm0549,549,pm0549_00_00,0,0,UNRESOLVED,UNRESOLVED,UNRESOLVED,icon/pm0549_00_00_00_big.png,48,96,884122f8671ad1ce9011c092f7f695128f95ee26aa6fe4b3fa764eaf1178e1f4,True,True,True,True,True,False,assets/local/configs/SCVI/pm0549.json,fdb6d8c26d2de2ac64d6c9ed1fb698507a5cf20e4461207b8f9b9f7d33346ec8,freedom12/PokemonModelViewer,c5952930343748e6dcb4cae21ee383e0bd13b75c,public-derived-model-viewer-config-not-game-native-catalog,CROSSCHECK_PENDING,
SCVI,pm0549,549,pm0549_00_41,0,41,UNRESOLVED,UNRESOLVED,UNRESOLVED,icon/pm0549_00_41_00_big.png,48,96,884122f8671ad1ce9011c092f7f695128f95ee26aa6fe4b3fa764eaf1178e1f4,True,True,True,True,True,False,assets/local/configs/SCVI/pm0549.json,fdb6d8c26d2de2ac64d6c9ed1fb698507a5cf20e4461207b8f9b9f7d33346ec8,freedom12/PokemonModelViewer,c5952930343748e6dcb4cae21ee383e0bd13b75c,public-derived-model-viewer-config-not-game-native-catalog,CROSSCHECK_PENDING,
SCVI,pm0550,550,pm0550_00_41,0,41,UNRESOLVED,UNRESOLVED,UNRESOLVED,icon/pm0550_00_41_00_big.png,43,86,6d9d5cf2c966306a269deecd14a4214d3ab85772ecbcdc7e4db68f7652f31055,True,True,True,True,True,True,assets/local/configs/SCVI/pm0550.json,ecf881ff61cbbfe6c21817e3beb0f76824207afa7e7667d92b12613f6cf29a72,freedom12/PokemonModelViewer,c5952930343748e6dcb4cae21ee383e0bd13b75c,public-derived-model-viewer-config-not-game-native-catalog,CROSSCHECK_PENDING,
SCVI,pm0550,550,pm0550_11_00,11,0,UNRESOLVED,UNRESOLVED,UNRESOLVED,icon/pm0550_11_00_00_big.png,43,86,6d9d5cf2c966306a269deecd14a4214d3ab85772ecbcdc7e4db68f7652f31055,True,True,True,True,True,True,assets/local/configs/SCVI/pm0550.json,ecf881ff61cbbfe6c21817e3beb0f76824207afa7e7667d92b12613f6cf29a72,freedom12/PokemonModelViewer,c5952930343748e6dcb4cae21ee383e0bd13b75c,public-derived-model-viewer-config-not-game-native-catalog,CROSSCHECK_PENDING,
SCVI,pm0550,550,pm0550_12_00,12,0,UNRESOLVED,UNRESOLVED,UNRESOLVED,icon/pm0550_12_00_00_big.png,43,86,6d9d5cf2c966306a269deecd14a4214d3ab85772ecbcdc7e4db68f7652f31055,True,True,True,True,True,True,assets/local/configs/SCVI/pm0550.json,ecf881ff61cbbfe6c21817e3beb0f76824207afa7e7667d92b12613f6cf29a72,freedom12/PokemonModelViewer,c5952930343748e6dcb4cae21ee383e0bd13b75c,public-derived-model-viewer-config-not-game-native-catalog,CROSSCHECK_PENDING,
SCVI,pm0551,551,pm0551_00_00,0,0,UNRESOLVED,UNRESOLVED,UNRESOLVED,icon/pm0551_00_00_00_big.png,59,118,246dad1a39c45cbc4e34401646fad269e21e506d4e821fc43da10f7ffbbe69fd,True,True,True,True,True,True,assets/local/configs/SCVI/pm0551.json,8efd7616bac953d742bc9a1d7c2e7d1dbd047150f7354bbb790bca9ab9290623,freedom12/PokemonModelViewer,c5952930343748e6dcb4cae21ee383e0bd13b75c,public-derived-model-viewer-config-not-game-native-catalog,CROSSCHECK_PENDING,
SCVI,pm0552,552,pm0552_00_00,0,0,UNRESOLVED,UNRESOLVED,UNRESOLVED,icon/pm0552_00_00_00_big.png,59,118,246dad1a39c45cbc4e34401646fad269e21e506d4e821fc43da10f7ffbbe69fd,True,True,True,True,True,True,assets/local/configs/SCVI/pm0552.json,ff21fa9c41d89f016461908d2865729929e4d85961635c7878a5a00f7962a159,freedom12/PokemonModelViewer,c5952930343748e6dcb4cae21ee383e0bd13b75c,public-derived-model-viewer-config-not-game-native-catalog,CROSSCHECK_PENDING,
SCVI,pm0553,553,pm0553_00_00,0,0,UNRESOLVED,UNRESOLVED,UNRESOLVED,icon/pm0553_00_00_00_big.png,59,118,246dad1a39c45cbc4e34401646fad269e21e506d4e821fc43da10f7ffbbe69fd,True,True,True,True,True,True,assets/local/configs/SCVI/pm0553.json,17a15fee9f93524b837f99c129b2dfe9064707c9cc884b83701d3bf861e4ba6a,freedom12/PokemonModelViewer,c5952930343748e6dcb4cae21ee383e0bd13b75c,public-derived-model-viewer-config-not-game-native-catalog,CROSSCHECK_PENDING,
SCVI,pm0559,559,pm0559_00_00,0,0,UNRESOLVED,UNRESOLVED,UNRESOLVED,icon/pm0559_00_00_00_big.png,49,98,ec974bec80ed07a54924175cca7d753c2ad2709e2f07aebdfd99fa333b328ad3,True,True,True,True,True,True,assets/local/configs/SCVI/pm0559.json,9cfd888dc763d656b2f97d88468ea7bfc8f97a93ecaf809b7e1174b830f85647,freedom12/PokemonModelViewer,c5952930343748e6dcb4cae21ee383e0bd13b75c,public-derived-model-viewer-config-not-game-native-catalog,CROSSCHECK_PENDING,
SCVI,pm0560,560,pm0560_00_00,0,0,UNRESOLVED,UNRESOLVED,UNRESOLVED,icon/pm0560_00_00_00_big.png,49,98,ec974bec80ed07a54924175cca7d753c2ad2709e2f07aebdfd99fa333b328ad3,True,True,True,True,True,True,assets/local/configs/SCVI/pm0560.json,cd5f1bc24e6367586a2d118dfefef8f3ea8f55a25855e4abc10ce7b13dd50807,freedom12/PokemonModelViewer,c5952930343748e6dcb4cae21ee383e0bd13b75c,public-derived-model-viewer-config-not-game-native-catalog,CROSSCHECK_PENDING,
SCVI,pm0570,570,pm0570_00_00,0,0,UNRESOLVED,UNRESOLVED,UNRESOLVED,icon/pm0570_00_00_00_big.png,49,98,ec974bec80ed07a54924175cca7d753c2ad2709e2f07aebdfd99fa333b328ad3,True,True,True,True,True,True,assets/local/configs/SCVI/pm0570.json,931606aa6dbbc9fb0bb73979471401edbb2b535b9a2d926eaa0bba880883fd1d,freedom12/PokemonModelViewer,c5952930343748e6dcb4cae21ee383e0bd13b75c,public-derived-model-viewer-config-not-game-native-catalog,CROSSCHECK_PENDING,
SCVI,pm0570,570,pm0570_00_41,0,41,UNRESOLVED,UNRESOLVED,UNRESOLVED,icon/pm0570_00_41_00_big.png,50,100,a0ac961578b78843dbe718fb984ea2713dc1fcb3fedce1142d5e4f58ee3be2f1,True,True,True,True,True,True,assets/local/configs/SCVI/pm0570.json,931606aa6dbbc9fb0bb73979471401edbb2b535b9a2d926eaa0bba880883fd1d,freedom12/PokemonModelViewer,c5952930343748e6dcb4cae21ee383e0bd13b75c,public-derived-model-viewer-config-not-game-native-catalog,CROSSCHECK_PENDING,
SCVI,pm0571,571,pm0571_00_00,0,0,UNRESOLVED,UNRESOLVED,UNRESOLVED,icon/pm0571_00_00_00_big.png,49,98,ec974bec80ed07a54924175cca7d753c2ad2709e2f07aebdfd99fa333b328ad3,True,True,True,True,True,True,assets/local/configs/SCVI/pm0571.json,f9407f014b7267626aeb98ff4d4c5d374210a906fe3e8c5ab3e7272417abd1f4,freedom12/PokemonModelViewer,c5952930343748e6dcb4cae21ee383e0bd13b75c,public-derived-model-viewer-config-not-game-native-catalog,CROSSCHECK_PENDING,
SCVI,pm0571,571,pm0571_00_41,0,41,UNRESOLVED,UNRESOLVED,UNRESOLVED,icon/pm0571_00_41_00_big.png,50,100,a0ac961578b78843dbe718fb984ea2713dc1fcb3fedce1142d5e4f58ee3be2f1,True,True,True,True,True,True,assets/local/configs/SCVI/pm0571.json,f9407f014b7267626aeb98ff4d4c5d374210a906fe3e8c5ab3e7272417abd1f4,freedom12/PokemonModelViewer,c5952930343748e6dcb4cae21ee383e0bd13b75c,public-derived-model-viewer-config-not-game-native-catalog,CROSSCHECK_PENDING,
SCVI,pm0572,572,pm0572_00_00,0,0,UNRESOLVED,UNRESOLVED,UNRESOLVED,icon/pm0572_00_00_00_big.png,49,98,ec974bec80ed07a54924175cca7d753c2ad2709e2f07aebdfd99fa333b328ad3,True,True,True,True,True,True,assets/local/configs/SCVI/pm0572.json,f5ce694436282fdae5e1da4ed752509dc81d9ece4044a04e20bf3ac26fa3be04,freedom12/PokemonModelViewer,c5952930343748e6dcb4cae21ee383e0bd13b75c,public-derived-model-viewer-config-not-game-native-catalog,CROSSCHECK_PENDING,
SCVI,pm0573,573,pm0573_00_00,0,0,UNRESOLVED,UNRESOLVED,UNRESOLVED,icon/pm0573_00_00_00_big.png,49,98,ec974bec80ed07a54924175cca7d753c2ad2709e2f07aebdfd99fa333b328ad3,True,True,True,True,True,True,assets/local/configs/SCVI/pm0573.json,c12b2eb0b48c3622f182a0f989706d4768ea97db130cb910ebf2a9aebf954cab,freedom12/PokemonModelViewer,c5952930343748e6dcb4cae21ee383e0bd13b75c,public-derived-model-viewer-config-not-game-native-catalog,CROSSCHECK_PENDING,
SCVI,pm0574,574,pm0574_00_00,0,0,UNRESOLVED,UNRESOLVED,UNRESOLVED,icon/pm0574_00_00_00_big.png,49,98,ec974bec80ed07a54924175cca7d753c2ad2709e2f07aebdfd99fa333b328ad3,True,True,True,True,True,True,assets/local/configs/SCVI/pm0574.json,e15daaa6330269fbffa8516d4bf9f0408aee2febbfb0ebb38a6403dfd8174c26,freedom12/PokemonModelViewer,c5952930343748e6dcb4cae21ee383e0bd13b75c,public-derived-model-viewer-config-not-game-native-catalog,CROSSCHECK_PENDING,
SCVI,pm0575,575,pm0575_00_00,0,0,UNRESOLVED,UNRESOLVED,UNRESOLVED,icon/pm0575_00_00_00_big.png,49,98,ec974bec80ed07a54924175cca7d753c2ad2709e2f07aebdfd99fa333b328ad3,True,True,True,True,True,True,assets/local/configs/SCVI/pm0575.json,dcfe9a70ff1ed0f7bec81e50a4d72b46f5aff8ed84ab80e215161495c93613b4,freedom12/PokemonModelViewer,c5952930343748e6dcb4cae21ee383e0bd13b75c,public-derived-model-viewer-config-not-game-native-catalog,CROSSCHECK_PENDING,
SCVI,pm0576,576,pm0576_00_00,0,0,UNRESOLVED,UNRESOLVED,UNRESOLVED,icon/pm0576_00_00_00_big.png,49,98,ec974bec80ed07a54924175cca7d753c2ad2709e2f07aebdfd99fa333b328ad3,True,True,True,True,True,True,assets/local/configs/SCVI/pm0576.json,a21b8ec32ce212ca4aafcd21aa7899af485cd4e65c728c853e8a28534e96430e,freedom12/PokemonModelViewer,c5952930343748e6dcb4cae21ee383e0bd13b75c,public-derived-model-viewer-config-not-game-native-catalog,CROSSCHECK_PENDING,
SCVI,pm0577,577,pm0577_00_00,0,0,UNRESOLVED,UNRESOLVED,UNRESOLVED,icon/pm0577_00_00_00_big.png,46,92,8651905f0358589e961b116909e8868ec2e2b314ebc563085bff77d3c384992c,True,True,True,True,True,True,assets/local/configs/SCVI/pm0577.json,984075402c4416012015f58748f1808cebc4819c53c9459f501cfafd80ab4de3,freedom12/PokemonModelViewer,c5952930343748e6dcb4cae21ee383e0bd13b75c,public-derived-model-viewer-config-not-game-native-catalog,CROSSCHECK_PENDING,
SCVI,pm0578,578,pm0578_00_00,0,0,UNRESOLVED,UNRESOLVED,UNRESOLVED,icon/pm0578_00_00_00_big.png,42,84,5f4e65c3ddbb069fc3b20fb070c431c936d75fd11ff8f3a63cd657afa8de395d,True,False,True,True,True,True,assets/local/configs/SCVI/pm0578.json,b955cd34b6fa021ab78ab14f2d8ed800236db4e35c9b462654ccf0b07b9a73e3,freedom12/PokemonModelViewer,c5952930343748e6dcb4cae21ee383e0bd13b75c,public-derived-model-viewer-config-not-game-native-catalog,CROSSCHECK_PENDING,
SCVI,pm0579,579,pm0579_00_00,0,0,UNRESOLVED,UNRESOLVED,UNRESOLVED,icon/pm0579_00_00_00_big.png,46,92,8651905f0358589e961b116909e8868ec2e2b314ebc563085bff77d3c384992c,True,True,True,True,True,True,assets/local/configs/SCVI/pm0579.json,a74851331dad8b12d01141266dcbf24ea4a239e847c98537623752103af04489,freedom12/PokemonModelViewer,c5952930343748e6dcb4cae21ee383e0bd13b75c,public-derived-model-viewer-config-not-game-native-catalog,CROSSCHECK_PENDING,
SCVI,pm0580,580,pm0580_00_00,0,0,UNRESOLVED,UNRESOLVED,UNRESOLVED,icon/pm0580_00_00_00_big.png,102,204,3680902c277bb23a9ed64082d80777941c12b95fcbfc6c502b1ca1256d53671f,True,True,True,True,True,True,assets/local/configs/SCVI/pm0580.json,9ce5faf5179d69939accbe98019fc1157781de76f5c3c395c1bf29acc278eb48,freedom12/PokemonModelViewer,c5952930343748e6dcb4cae21ee383e0bd13b75c,public-derived-model-viewer-config-not-game-native-catalog,CROSSCHECK_PENDING,
SCVI,pm0581,581,pm0581_00_00,0,0,UNRESOLVED,UNRESOLVED,UNRESOLVED,icon/pm0581_00_00_00_big.png,87,174,71186fde29b27ac9ed344850a817410f453d0853440eb0d7316c300bb3f15abf,True,True,True,True,True,True,assets/local/configs/SCVI/pm0581.json,5ac4780ec949feaf980410500b05958b47ffb597b5e7046caa93a1cd4fa540a0,freedom12/PokemonModelViewer,c5952930343748e6dcb4cae21ee383e0bd13b75c,public-derived-model-viewer-config-not-game-native-catalog,CROSSCHECK_PENDING,
SCVI,pm0585,585,pm0585_11_00,11,0,UNRESOLVED,UNRESOLVED,UNRESOLVED,icon/pm0585_11_00_00_big.png,48,96,ad34af74990236154e0b1d8865527438543ed5af867240c056ed2e6353217b66,True,False,True,True,True,True,assets/local/configs/SCVI/pm0585.json,c32da2405dd8057a8242d3fb29164828c5bc3960c5a23573f1014e2fb9938d84,freedom12/PokemonModelViewer,c5952930343748e6dcb4cae21ee383e0bd13b75c,public-derived-model-viewer-config-not-game-native-catalog,CROSSCHECK_PENDING,
SCVI,pm0585,585,pm0585_12_00,12,0,UNRESOLVED,UNRESOLVED,UNRESOLVED,icon/pm0585_12_00_00_big.png,48,96,ad34af74990236154e0b1d8865527438543ed5af867240c056ed2e6353217b66,True,False,True,True,True,True,assets/local/configs/SCVI/pm0585.json,c32da2405dd8057a8242d3fb29164828c5bc3960c5a23573f1014e2fb9938d84,freedom12/PokemonModelViewer,c5952930343748e6dcb4cae21ee383e0bd13b75c,public-derived-model-viewer-config-not-game-native-catalog,CROSSCHECK_PENDING,
SCVI,pm0585,585,pm0585_13_00,13,0,UNRESOLVED,UNRESOLVED,UNRESOLVED,icon/pm0585_13_00_00_big.png,48,96,ad34af74990236154e0b1d8865527438543ed5af867240c056ed2e6353217b66,True,False,True,True,True,True,assets/local/configs/SCVI/pm0585.json,c32da2405dd8057a8242d3fb29164828c5bc3960c5a23573f1014e2fb9938d84,freedom12/PokemonModelViewer,c5952930343748e6dcb4cae21ee383e0bd13b75c,public-derived-model-viewer-config-not-game-native-catalog,CROSSCHECK_PENDING,
SCVI,pm0585,585,pm0585_14_00,14,0,UNRESOLVED,UNRESOLVED,UNRESOLVED,icon/pm0585_14_00_00_big.png,48,96,ad34af74990236154e0b1d8865527438543ed5af867240c056ed2e6353217b66,True,False,True,True,True,True,assets/local/configs/SCVI/pm0585.json,c32da2405dd8057a8242d3fb29164828c5bc3960c5a23573f1014e2fb9938d84,freedom12/PokemonModelViewer,c5952930343748e6dcb4cae21ee383e0bd13b75c,public-derived-model-viewer-config-not-game-native-catalog,CROSSCHECK_PENDING,
SCVI,pm0586,586,pm0586_11_00,11,0,UNRESOLVED,UNRESOLVED,UNRESOLVED,icon/pm0586_11_00_00_big.png,48,96,ad34af74990236154e0b1d8865527438543ed5af867240c056ed2e6353217b66,True,False,True,True,True,True,assets/local/configs/SCVI/pm0586.json,36572ceaae3e2e626d5e7297839d70f90545cd00dd1844710b7960305ade054d,freedom12/PokemonModelViewer,c5952930343748e6dcb4cae21ee383e0bd13b75c,public-derived-model-viewer-config-not-game-native-catalog,CROSSCHECK_PENDING,
SCVI,pm0586,586,pm0586_12_00,12,0,UNRESOLVED,UNRESOLVED,UNRESOLVED,icon/pm0586_12_00_00_big.png,48,96,ad34af74990236154e0b1d8865527438543ed5af867240c056ed2e6353217b66,True,False,True,True,True,True,assets/local/configs/SCVI/pm0586.json,36572ceaae3e2e626d5e7297839d70f90545cd00dd1844710b7960305ade054d,freedom12/PokemonModelViewer,c5952930343748e6dcb4cae21ee383e0bd13b75c,public-derived-model-viewer-config-not-game-native-catalog,CROSSCHECK_PENDING,
SCVI,pm0586,586,pm0586_13_00,13,0,UNRESOLVED,UNRESOLVED,UNRESOLVED,icon/pm0586_13_00_00_big.png,48,96,ad34af74990236154e0b1d8865527438543ed5af867240c056ed2e6353217b66,True,False,True,True,True,True,assets/local/configs/SCVI/pm0586.json,36572ceaae3e2e626d5e7297839d70f90545cd00dd1844710b7960305ade054d,freedom12/PokemonModelViewer,c5952930343748e6dcb4cae21ee383e0bd13b75c,public-derived-model-viewer-config-not-game-native-catalog,CROSSCHECK_PENDING,
SCVI,pm0586,586,pm0586_14_00,14,0,UNRESOLVED,UNRESOLVED,UNRESOLVED,icon/pm0586_14_00_00_big.png,48,96,ad34af74990236154e0b1d8865527438543ed5af867240c056ed2e6353217b66,True,False,True,True,True,True,assets/local/configs/SCVI/pm0586.json,36572ceaae3e2e626d5e7297839d70f90545cd00dd1844710b7960305ade054d,freedom12/PokemonModelViewer,c5952930343748e6dcb4cae21ee383e0bd13b75c,public-derived-model-viewer-config-not-game-native-catalog,CROSSCHECK_PENDING,
SCVI,pm0590,590,pm0590_00_00,0,0,UNRESOLVED,UNRESOLVED,UNRESOLVED,icon/pm0590_00_00_00_big.png,46,92,5a9f1b52282756f578da62961c34c91c76fa2976b69f4c828615a1aa07a9ec65,True,True,True,True,True,True,assets/local/configs/SCVI/pm0590.json,192bfc4b5765a8e490337dcc7e07282b92861cb0cec21905c27504897a609e56,freedom12/PokemonModelViewer,c5952930343748e6dcb4cae21ee383e0bd13b75c,public-derived-model-viewer-config-not-game-native-catalog,CROSSCHECK_PENDING,
SCVI,pm0591,591,pm0591_00_00,0,0,UNRESOLVED,UNRESOLVED,UNRESOLVED,icon/pm0591_00_00_00_big.png,46,92,5a9f1b52282756f578da62961c34c91c76fa2976b69f4c828615a1aa07a9ec65,True,True,True,True,True,True,assets/local/configs/SCVI/pm0591.json,2350762f8c0caf8b05c4a7ca73d49f62c12a0e92cdf533ed314b619bbbb9bd77,freedom12/PokemonModelViewer,c5952930343748e6dcb4cae21ee383e0bd13b75c,public-derived-model-viewer-config-not-game-native-catalog,CROSSCHECK_PENDING,
SCVI,pm0594,594,pm0594_00_00,0,0,UNRESOLVED,UNRESOLVED,UNRESOLVED,icon/pm0594_00_00_00_big.png,42,84,1589305a7836e07cca0d2f812bb472277cbf1d7b9e20f8d59d0233c145c66af1,True,False,True,True,True,True,assets/local/configs/SCVI/pm0594.json,6d7faa5fef7bd050dd840d151ca8c153316c6c0dfc77c3ab7d5bed8760ce6513,freedom12/PokemonModelViewer,c5952930343748e6dcb4cae21ee383e0bd13b75c,public-derived-model-viewer-config-not-game-native-catalog,CROSSCHECK_PENDING,
SCVI,pm0595,595,pm0595_00_00,0,0,UNRESOLVED,UNRESOLVED,UNRESOLVED,icon/pm0595_00_00_00_big.png,46,92,5a9f1b52282756f578da62961c34c91c76fa2976b69f4c828615a1aa07a9ec65,True,True,True,True,True,True,assets/local/configs/SCVI/pm0595.json,4faee858906e5ce62ca0a5bfe6b151a66af6cc4e3a5561c2d6107b7ae2f4f4ef,freedom12/PokemonModelViewer,c5952930343748e6dcb4cae21ee383e0bd13b75c,public-derived-model-viewer-config-not-game-native-catalog,CROSSCHECK_PENDING,
SCVI,pm0596,596,pm0596_00_00,0,0,UNRESOLVED,UNRESOLVED,UNRESOLVED,icon/pm0596_00_00_00_big.png,45,90,196319619814aa85ae2dc1a175210dde3d8a8ed62658e9a29c6addd5ef555979,True,True,True,True,True,False,assets/local/configs/SCVI/pm0596.json,cffbaec1931117cf8dc8c9589a8552572d013a20ee7032819a23dbbcf672c1a6,freedom12/PokemonModelViewer,c5952930343748e6dcb4cae21ee383e0bd13b75c,public-derived-model-viewer-config-not-game-native-catalog,CROSSCHECK_PENDING,
SCVI,pm0602,602,pm0602_00_00,0,0,UNRESOLVED,UNRESOLVED,UNRESOLVED,icon/pm0602_00_00_00_big.png,43,86,6d9d5cf2c966306a269deecd14a4214d3ab85772ecbcdc7e4db68f7652f31055,True,True,True,True,True,True,assets/local/configs/SCVI/pm0602.json,e4e630d28e2ce380a2aba98617592d0cd290c9a54eb7fc4570b8433dd5ec46b4,freedom12/PokemonModelViewer,c5952930343748e6dcb4cae21ee383e0bd13b75c,public-derived-model-viewer-config-not-game-native-catalog,CROSSCHECK_PENDING,
SCVI,pm0603,603,pm0603_00_00,0,0,UNRESOLVED,UNRESOLVED,UNRESOLVED,icon/pm0603_00_00_00_big.png,65,130,a1f03e70ff8512e15498a1ecbb934ec5e5609a8bc1fc8e24a8135bf584db6ff7,True,True,True,True,True,True,assets/local/configs/SCVI/pm0603.json,6e17eda55abe05a2008a4cf624e31b1d99017da0d86466d33fb096648145cdeb,freedom12/PokemonModelViewer,c5952930343748e6dcb4cae21ee383e0bd13b75c,public-derived-model-viewer-config-not-game-native-catalog,CROSSCHECK_PENDING,
SCVI,pm0604,604,pm0604_00_00,0,0,UNRESOLVED,UNRESOLVED,UNRESOLVED,icon/pm0604_00_00_00_big.png,64,128,a6b0758e8a80a496d99f90ad4b539d187525316cf2ad63b55d535010df7783bf,True,True,True,True,True,True,assets/local/configs/SCVI/pm0604.json,44f70919309dbbf938a32645ec0a40f2a0e8d442205669cfbab5cdaf3d5d6f8c,freedom12/PokemonModelViewer,c5952930343748e6dcb4cae21ee383e0bd13b75c,public-derived-model-viewer-config-not-game-native-catalog,CROSSCHECK_PENDING,
SCVI,pm0607,607,pm0607_00_00,0,0,UNRESOLVED,UNRESOLVED,UNRESOLVED,icon/pm0607_00_00_00_big.png,43,86,462aec9e7e5862573bbab24ccaed8bdc36a5b8068e0222fc06c6f2674d446906,True,True,True,True,True,True,assets/local/configs/SCVI/pm0607.json,76013025a55e12a9f96a616251cd684aa6ab40bf310b7add85f374d8b8ee34f0,freedom12/PokemonModelViewer,c5952930343748e6dcb4cae21ee383e0bd13b75c,public-derived-model-viewer-config-not-game-native-catalog,CROSSCHECK_PENDING,
SCVI,pm0608,608,pm0608_00_00,0,0,UNRESOLVED,UNRESOLVED,UNRESOLVED,icon/pm0608_00_00_00_big.png,42,84,d93e4c20a5cb5a03ce09b7fb7124c6e7f8db27eebd2c6a00cc7abad0c68d71e4,True,False,True,True,True,False,assets/local/configs/SCVI/pm0608.json,aa7a755ebd8412bc0e8717f3857c763549da4a3f66c2423347cce7ec1554b660,freedom12/PokemonModelViewer,c5952930343748e6dcb4cae21ee383e0bd13b75c,public-derived-model-viewer-config-not-game-native-catalog,CROSSCHECK_PENDING,
SCVI,pm0609,609,pm0609_00_00,0,0,UNRESOLVED,UNRESOLVED,UNRESOLVED,icon/pm0609_00_00_00_big.png,42,84,d93e4c20a5cb5a03ce09b7fb7124c6e7f8db27eebd2c6a00cc7abad0c68d71e4,True,False,True,True,True,False,assets/local/configs/SCVI/pm0609.json,66383ba94e154fba1538554aceaae510ae512ae0d0b2bb2c31740958c22b95f4,freedom12/PokemonModelViewer,c5952930343748e6dcb4cae21ee383e0bd13b75c,public-derived-model-viewer-config-not-game-native-catalog,CROSSCHECK_PENDING,
SCVI,pm0610,610,pm0610_00_00,0,0,UNRESOLVED,UNRESOLVED,UNRESOLVED,icon/pm0610_00_00_00_big.png,49,98,ec974bec80ed07a54924175cca7d753c2ad2709e2f07aebdfd99fa333b328ad3,True,True,True,True,True,True,assets/local/configs/SCVI/pm0610.json,b1e24cf35853da48397aa3f936bdd5ee3f7f032104ef2f3b693204531476417e,freedom12/PokemonModelViewer,c5952930343748e6dcb4cae21ee383e0bd13b75c,public-derived-model-viewer-config-not-game-native-catalog,CROSSCHECK_PENDING,
SCVI,pm0611,611,pm0611_00_00,0,0,UNRESOLVED,UNRESOLVED,UNRESOLVED,icon/pm0611_00_00_00_big.png,49,98,ec974bec80ed07a54924175cca7d753c2ad2709e2f07aebdfd99fa333b328ad3,True,True,True,True,True,True,assets/local/configs/SCVI/pm0611.json,757c0e432bb7517530f56e6bb5f96ad59d970c74a17dcc2680a6a6d10828ddf8,freedom12/PokemonModelViewer,c5952930343748e6dcb4cae21ee383e0bd13b75c,public-derived-model-viewer-config-not-game-native-catalog,CROSSCHECK_PENDING,
SCVI,pm0612,612,pm0612_00_00,0,0,UNRESOLVED,UNRESOLVED,UNRESOLVED,icon/pm0612_00_00_00_big.png,46,92,5a9f1b52282756f578da62961c34c91c76fa2976b69f4c828615a1aa07a9ec65,True,True,True,True,True,True,assets/local/configs/SCVI/pm0612.json,e2a84d2b4cfd05df475c759e527a57aa78c69c0cf5f7c6f42ac9bd3ab951ef31,freedom12/PokemonModelViewer,c5952930343748e6dcb4cae21ee383e0bd13b75c,public-derived-model-viewer-config-not-game-native-catalog,CROSSCHECK_PENDING,
SCVI,pm0613,613,pm0613_00_00,0,0,UNRESOLVED,UNRESOLVED,UNRESOLVED,icon/pm0613_00_00_00_big.png,50,100,1856cb0bc13541e2b689dc035bee1a527fa4384f84990071ba185c881ff14a84,True,True,True,True,True,True,assets/local/configs/SCVI/pm0613.json,b575f9353519a648d0d9e0abf25f87e9325ff0daa24203fb4de3b53704e8faae,freedom12/PokemonModelViewer,c5952930343748e6dcb4cae21ee383e0bd13b75c,public-derived-model-viewer-config-not-game-native-catalog,CROSSCHECK_PENDING,
SCVI,pm0614,614,pm0614_00_00,0,0,UNRESOLVED,UNRESOLVED,UNRESOLVED,icon/pm0614_00_00_00_big.png,46,92,5a9f1b52282756f578da62961c34c91c76fa2976b69f4c828615a1aa07a9ec65,True,True,True,True,True,True,assets/local/configs/SCVI/pm0614.json,e8e1337331f481173e7623e25cd65401fd60c837a6a6e165e6d95c49550cbe0e,freedom12/PokemonModelViewer,c5952930343748e6dcb4cae21ee383e0bd13b75c,public-derived-model-viewer-config-not-game-native-catalog,CROSSCHECK_PENDING,
SCVI,pm0615,615,pm0615_00_00,0,0,UNRESOLVED,UNRESOLVED,UNRESOLVED,icon/pm0615_00_00_00_big.png,42,84,e15162622b8114c47da94d5cf40f19db3854d0d6c7052e6bad039d6ee31cb894,True,True,True,True,True,False,assets/local/configs/SCVI/pm0615.json,52ea0484eca770f2650167ee77a718fb4f0495f2cdf9f64776e54f9b0a2623ba,freedom12/PokemonModelViewer,c5952930343748e6dcb4cae21ee383e0bd13b75c,public-derived-model-viewer-config-not-game-native-catalog,CROSSCHECK_PENDING,
SCVI,pm0619,619,pm0619_00_00,0,0,UNRESOLVED,UNRESOLVED,UNRESOLVED,icon/pm0619_00_00_00_big.png,49,98,ec974bec80ed07a54924175cca7d753c2ad2709e2f07aebdfd99fa333b328ad3,True,True,True,True,True,True,assets/local/configs/SCVI/pm0619.json,388f4654f2fa7884ae7fced52cd5c662e7104a5ed3969db2f9525d29bb46d62a,freedom12/PokemonModelViewer,c5952930343748e6dcb4cae21ee383e0bd13b75c,public-derived-model-viewer-config-not-game-native-catalog,CROSSCHECK_PENDING,
SCVI,pm0620,620,pm0620_00_00,0,0,UNRESOLVED,UNRESOLVED,UNRESOLVED,icon/pm0620_00_00_00_big.png,53,106,685d01e07e8b62cca7099f8398356b29d8e47b1ef9f9833a40fb6958ea15407f,True,True,True,True,True,True,assets/local/configs/SCVI/pm0620.json,ffe0e83fea5ddc51ff3dac6be49115e46a2594ef0d8aa750ee4804a58c434c3d,freedom12/PokemonModelViewer,c5952930343748e6dcb4cae21ee383e0bd13b75c,public-derived-model-viewer-config-not-game-native-catalog,CROSSCHECK_PENDING,
SCVI,pm0622,622,pm0622_00_00,0,0,UNRESOLVED,UNRESOLVED,UNRESOLVED,icon/pm0622_00_00_00_big.png,48,96,884122f8671ad1ce9011c092f7f695128f95ee26aa6fe4b3fa764eaf1178e1f4,True,True,True,True,True,False,assets/local/configs/SCVI/pm0622.json,622795f040a7dd1d7566c9f99e4ff870aa282cc185f9b806833cbd2851279c79,freedom12/PokemonModelViewer,c5952930343748e6dcb4cae21ee383e0bd13b75c,public-derived-model-viewer-config-not-game-native-catalog,CROSSCHECK_PENDING,
SCVI,pm0623,623,pm0623_00_00,0,0,UNRESOLVED,UNRESOLVED,UNRESOLVED,icon/pm0623_00_00_00_big.png,47,94,1808101aa2bd7b91da7d2beb2858620962bff9c963ad13ba5e11616e4079f806,True,False,True,True,True,False,assets/local/configs/SCVI/pm0623.json,1ad163648946d2e69a4abc3f389f1ee403140c305980e0bd57e7c2b37eb67fa4,freedom12/PokemonModelViewer,c5952930343748e6dcb4cae21ee383e0bd13b75c,public-derived-model-viewer-config-not-game-native-catalog,CROSSCHECK_PENDING,
SCVI,pm0624,624,pm0624_00_00,0,0,UNRESOLVED,UNRESOLVED,UNRESOLVED,icon/pm0624_00_00_00_big.png,45,90,196319619814aa85ae2dc1a175210dde3d8a8ed62658e9a29c6addd5ef555979,True,True,True,True,True,False,assets/local/configs/SCVI/pm0624.json,d71408c20069c1e7253c262f87e4ac284b5e6490fcf9cf5796d0412339bc16fa,freedom12/PokemonModelViewer,c5952930343748e6dcb4cae21ee383e0bd13b75c,public-derived-model-viewer-config-not-game-native-catalog,CROSSCHECK_PENDING,
SCVI,pm0625,625,pm0625_00_00,0,0,UNRESOLVED,UNRESOLVED,UNRESOLVED,icon/pm0625_00_00_00_big.png,46,92,5a9f1b52282756f578da62961c34c91c76fa2976b69f4c828615a1aa07a9ec65,True,True,True,True,True,True,assets/local/configs/SCVI/pm0625.json,210caf9f4946fa03b2743c7ae96a0803cd3638f4c692fc4f57196705df045788,freedom12/PokemonModelViewer,c5952930343748e6dcb4cae21ee383e0bd13b75c,public-derived-model-viewer-config-not-game-native-catalog,CROSSCHECK_PENDING,
SCVI,pm0627,627,pm0627_00_00,0,0,UNRESOLVED,UNRESOLVED,UNRESOLVED,icon/pm0627_00_00_00_big.png,59,118,e7538ce1560d7ce5563ba1191c301d5f45872f170936a8f2da327703c5115060,True,True,True,True,True,True,assets/local/configs/SCVI/pm0627.json,f6777b0701452a06f105cb6e30f63b80f44a00903d0b79f7e42ba9dbb0188fa8,freedom12/PokemonModelViewer,c5952930343748e6dcb4cae21ee383e0bd13b75c,public-derived-model-viewer-config-not-game-native-catalog,CROSSCHECK_PENDING,
SCVI,pm0628,628,pm0628_00_00,0,0,UNRESOLVED,UNRESOLVED,UNRESOLVED,icon/pm0628_00_00_00_big.png,55,110,ee0c8adc02ff15962b81fbfd14599ae811098f5cd17ddb41273ba69b51089862,True,False,True,True,True,True,assets/local/configs/SCVI/pm0628.json,1c53ac3dc78335acd8d060a4abf6545bd2ec827e2379085472fc8021a9e8cd0e,freedom12/PokemonModelViewer,c5952930343748e6dcb4cae21ee383e0bd13b75c,public-derived-model-viewer-config-not-game-native-catalog,CROSSCHECK_PENDING,
SCVI,pm0628,628,pm0628_00_41,0,41,UNRESOLVED,UNRESOLVED,UNRESOLVED,icon/pm0628_00_41_00_big.png,57,114,2954eadf8a56308f6ad44fa5d6465df1a59b45a23b048b7168666eb2a627a131,True,True,True,True,True,True,assets/local/configs/SCVI/pm0628.json,1c53ac3dc78335acd8d060a4abf6545bd2ec827e2379085472fc8021a9e8cd0e,freedom12/PokemonModelViewer,c5952930343748e6dcb4cae21ee383e0bd13b75c,public-derived-model-viewer-config-not-game-native-catalog,CROSSCHECK_PENDING,
SCVI,pm0629,629,pm0629_00_00,0,0,UNRESOLVED,UNRESOLVED,UNRESOLVED,icon/pm0629_00_00_00_big.png,49,98,ec974bec80ed07a54924175cca7d753c2ad2709e2f07aebdfd99fa333b328ad3,True,True,True,True,True,True,assets/local/configs/SCVI/pm0629.json,67857a04d71b86ea7830a3d42c1d8e82db10f995b7ca31540aa5cfe0a4ea3aae,freedom12/PokemonModelViewer,c5952930343748e6dcb4cae21ee383e0bd13b75c,public-derived-model-viewer-config-not-game-native-catalog,CROSSCHECK_PENDING,
SCVI,pm0630,630,pm0630_00_00,0,0,UNRESOLVED,UNRESOLVED,UNRESOLVED,icon/pm0630_00_00_00_big.png,68,136,6b6691eef323bfd8c90883c8ab1c3c31bb9e7eafde6531ca8fa100799b974e8e,True,True,True,True,True,True,assets/local/configs/SCVI/pm0630.json,de6d03a6d050434e5744371e4a54b6dca7429bddf581c2821dd9bad4a730d3a1,freedom12/PokemonModelViewer,c5952930343748e6dcb4cae21ee383e0bd13b75c,public-derived-model-viewer-config-not-game-native-catalog,CROSSCHECK_PENDING,
SCVI,pm0633,633,pm0633_00_00,0,0,UNRESOLVED,UNRESOLVED,UNRESOLVED,icon/pm0633_00_00_00_big.png,45,90,819a77f1c1d2d2305388bd5dad146e3532ee8c404ca83e54d64aa1f35819fd47,True,True,True,True,False,True,assets/local/configs/SCVI/pm0633.json,02cc7644d87a0fe005f31d717fb2feee1eb219078341198f2fc40c3bc489403f,freedom12/PokemonModelViewer,c5952930343748e6dcb4cae21ee383e0bd13b75c,public-derived-model-viewer-config-not-game-native-catalog,CROSSCHECK_PENDING,
SCVI,pm0634,634,pm0634_00_00,0,0,UNRESOLVED,UNRESOLVED,UNRESOLVED,icon/pm0634_00_00_00_big.png,45,90,819a77f1c1d2d2305388bd5dad146e3532ee8c404ca83e54d64aa1f35819fd47,True,True,True,True,False,True,assets/local/configs/SCVI/pm0634.json,46915f7967d50645f0b66f4e25a91b789c2537320a5913ee56818160a1989b0f,freedom12/PokemonModelViewer,c5952930343748e6dcb4cae21ee383e0bd13b75c,public-derived-model-viewer-config-not-game-native-catalog,CROSSCHECK_PENDING,
SCVI,pm0635,635,pm0635_00_00,0,0,UNRESOLVED,UNRESOLVED,UNRESOLVED,icon/pm0635_00_00_00_big.png,42,84,5f4e65c3ddbb069fc3b20fb070c431c936d75fd11ff8f3a63cd657afa8de395d,True,False,True,True,True,True,assets/local/configs/SCVI/pm0635.json,538da10c7863406b6921149379eb9c820146711a7a0f098433a5646ac6be4a89,freedom12/PokemonModelViewer,c5952930343748e6dcb4cae21ee383e0bd13b75c,public-derived-model-viewer-config-not-game-native-catalog,CROSSCHECK_PENDING,
SCVI,pm0636,636,pm0636_00_00,0,0,UNRESOLVED,UNRESOLVED,UNRESOLVED,icon/pm0636_00_00_00_big.png,45,90,196319619814aa85ae2dc1a175210dde3d8a8ed62658e9a29c6addd5ef555979,True,True,True,True,True,False,assets/local/configs/SCVI/pm0636.json,5c53b5e0d03f3897760ee59f4a92a97d7ea64c965934c6e7de193b84aa44c243,freedom12/PokemonModelViewer,c5952930343748e6dcb4cae21ee383e0bd13b75c,public-derived-model-viewer-config-not-game-native-catalog,CROSSCHECK_PENDING,
SCVI,pm0637,637,pm0637_00_00,0,0,UNRESOLVED,UNRESOLVED,UNRESOLVED,icon/pm0637_00_00_00_big.png,42,84,e15162622b8114c47da94d5cf40f19db3854d0d6c7052e6bad039d6ee31cb894,True,True,True,True,True,False,assets/local/configs/SCVI/pm0637.json,d1662e89f16dfb2c4265022702849be3526b8d8e2ced333883b223fb413feacd,freedom12/PokemonModelViewer,c5952930343748e6dcb4cae21ee383e0bd13b75c,public-derived-model-viewer-config-not-game-native-catalog,CROSSCHECK_PENDING,
SCVI,pm0638,638,pm0638_00_00,0,0,UNRESOLVED,UNRESOLVED,UNRESOLVED,icon/pm0638_00_00_00_big.png,43,86,462aec9e7e5862573bbab24ccaed8bdc36a5b8068e0222fc06c6f2674d446906,True,True,True,True,True,True,assets/local/configs/SCVI/pm0638.json,73466827368de195bebf9deaa5843dbad6d49178f135f6daab7fd17a53f911c7,freedom12/PokemonModelViewer,c5952930343748e6dcb4cae21ee383e0bd13b75c,public-derived-model-viewer-config-not-game-native-catalog,CROSSCHECK_PENDING,
SCVI,pm0639,639,pm0639_00_00,0,0,UNRESOLVED,UNRESOLVED,UNRESOLVED,icon/pm0639_00_00_00_big.png,43,86,462aec9e7e5862573bbab24ccaed8bdc36a5b8068e0222fc06c6f2674d446906,True,True,True,True,True,True,assets/local/configs/SCVI/pm0639.json,eb4fa1cf4487d6f269e088fbf98f2f58a464ce555c82df7b5502de2c4c2edbaa,freedom12/PokemonModelViewer,c5952930343748e6dcb4cae21ee383e0bd13b75c,public-derived-model-viewer-config-not-game-native-catalog,CROSSCHECK_PENDING,
SCVI,pm0640,640,pm0640_00_00,0,0,UNRESOLVED,UNRESOLVED,UNRESOLVED,icon/pm0640_00_00_00_big.png,43,86,462aec9e7e5862573bbab24ccaed8bdc36a5b8068e0222fc06c6f2674d446906,True,True,True,True,True,True,assets/local/configs/SCVI/pm0640.json,fe89a0a5f64821fdd30b6b841d831e0ab060db699b91bcffbdc5222385c9ada9,freedom12/PokemonModelViewer,c5952930343748e6dcb4cae21ee383e0bd13b75c,public-derived-model-viewer-config-not-game-native-catalog,CROSSCHECK_PENDING,
SCVI,pm0641,641,pm0641_11_00,11,0,UNRESOLVED,UNRESOLVED,UNRESOLVED,icon/pm0641_11_00_00_big.png,43,86,4a7b075cb953519a1e9ddf275b9c4db1287045b88c4093b238ff4df19aba2889,True,True,True,True,True,True,assets/local/configs/SCVI/pm0641.json,705574650000f5fd22f5aded5f62234bc70e5f37780e48b2461bea325e320327,freedom12/PokemonModelViewer,c5952930343748e6dcb4cae21ee383e0bd13b75c,public-derived-model-viewer-config-not-game-native-catalog,CROSSCHECK_PENDING,
SCVI,pm0641,641,pm0641_12_00,12,0,UNRESOLVED,UNRESOLVED,UNRESOLVED,icon/pm0641_12_00_00_big.png,56,112,115b99f36923112474e2d237804210b3091c2fc0909eece324d94ada81c3597c,True,True,True,True,True,True,assets/local/configs/SCVI/pm0641.json,705574650000f5fd22f5aded5f62234bc70e5f37780e48b2461bea325e320327,freedom12/PokemonModelViewer,c5952930343748e6dcb4cae21ee383e0bd13b75c,public-derived-model-viewer-config-not-game-native-catalog,CROSSCHECK_PENDING,
SCVI,pm0642,642,pm0642_11_00,11,0,UNRESOLVED,UNRESOLVED,UNRESOLVED,icon/pm0642_11_00_00_big.png,43,86,4a7b075cb953519a1e9ddf275b9c4db1287045b88c4093b238ff4df19aba2889,True,True,True,True,True,True,assets/local/configs/SCVI/pm0642.json,980b278b44cf8107298c91fef2dd7d4ef4218cab698d013c49520247f97accb0,freedom12/PokemonModelViewer,c5952930343748e6dcb4cae21ee383e0bd13b75c,public-derived-model-viewer-config-not-game-native-catalog,CROSSCHECK_PENDING,
SCVI,pm0642,642,pm0642_12_00,12,0,UNRESOLVED,UNRESOLVED,UNRESOLVED,icon/pm0642_12_00_00_big.png,43,86,4a7b075cb953519a1e9ddf275b9c4db1287045b88c4093b238ff4df19aba2889,True,True,True,True,True,True,assets/local/configs/SCVI/pm0642.json,980b278b44cf8107298c91fef2dd7d4ef4218cab698d013c49520247f97accb0,freedom12/PokemonModelViewer,c5952930343748e6dcb4cae21ee383e0bd13b75c,public-derived-model-viewer-config-not-game-native-catalog,CROSSCHECK_PENDING,
SCVI,pm0643,643,pm0643_00_00,0,0,UNRESOLVED,UNRESOLVED,UNRESOLVED,icon/pm0643_00_00_00_big.png,71,142,8d07165378989d653928fefffb2507fb2a671338e224087e76674910a2a4ae6e,True,True,True,True,True,True,assets/local/configs/SCVI/pm0643.json,093c255278c47b8f4b706dde9c25601552d5910899f486a351b499ae1106c430,freedom12/PokemonModelViewer,c5952930343748e6dcb4cae21ee383e0bd13b75c,public-derived-model-viewer-config-not-game-native-catalog,CROSSCHECK_PENDING,
SCVI,pm0644,644,pm0644_00_00,0,0,UNRESOLVED,UNRESOLVED,UNRESOLVED,icon/pm0644_00_00_00_big.png,71,142,8d07165378989d653928fefffb2507fb2a671338e224087e76674910a2a4ae6e,True,True,True,True,True,True,assets/local/configs/SCVI/pm0644.json,01d45110921cf30b4d803fd58048aa0eb1efac07dc92fe97e0023b127c64062f,freedom12/PokemonModelViewer,c5952930343748e6dcb4cae21ee383e0bd13b75c,public-derived-model-viewer-config-not-game-native-catalog,CROSSCHECK_PENDING,
SCVI,pm0645,645,pm0645_11_00,11,0,UNRESOLVED,UNRESOLVED,UNRESOLVED,icon/pm0645_11_00_00_big.png,43,86,4a7b075cb953519a1e9ddf275b9c4db1287045b88c4093b238ff4df19aba2889,True,True,True,True,True,True,assets/local/configs/SCVI/pm0645.json,4a4560b7db3c5504d298783e1831d73c4d2ccbedd08f7f2d3648ea98941d2125,freedom12/PokemonModelViewer,c5952930343748e6dcb4cae21ee383e0bd13b75c,public-derived-model-viewer-config-not-game-native-catalog,CROSSCHECK_PENDING,
SCVI,pm0645,645,pm0645_12_00,12,0,UNRESOLVED,UNRESOLVED,UNRESOLVED,icon/pm0645_12_00_00_big.png,43,86,4a7b075cb953519a1e9ddf275b9c4db1287045b88c4093b238ff4df19aba2889,True,True,True,True,True,True,assets/local/configs/SCVI/pm0645.json,4a4560b7db3c5504d298783e1831d73c4d2ccbedd08f7f2d3648ea98941d2125,freedom12/PokemonModelViewer,c5952930343748e6dcb4cae21ee383e0bd13b75c,public-derived-model-viewer-config-not-game-native-catalog,CROSSCHECK_PENDING,
SCVI,pm0646,646,pm0646_11_00,11,0,UNRESOLVED,UNRESOLVED,UNRESOLVED,icon/pm0646_11_00_00_big.png,41,82,8ceb44e42cf948fd804b2d0a09d800df8e6171a18352c1cd381b1aad3bf8f8e8,True,False,True,True,True,False,assets/local/configs/SCVI/pm0646.json,06c6114379542cdb2415f1f8b9a4676c0b3fbde31455fc726efb2c3e05f0cd71,freedom12/PokemonModelViewer,c5952930343748e6dcb4cae21ee383e0bd13b75c,public-derived-model-viewer-config-not-game-native-catalog,CROSSCHECK_PENDING,
SCVI,pm0646,646,pm0646_12_00,12,0,UNRESOLVED,UNRESOLVED,UNRESOLVED,icon/pm0646_12_00_00_big.png,77,154,a2ce3c12dd11d6ecae73b17ac57abcf283930d9f1f19f1c83fce646d7ff89c8c,True,True,True,True,True,True,assets/local/configs/SCVI/pm0646.json,06c6114379542cdb2415f1f8b9a4676c0b3fbde31455fc726efb2c3e05f0cd71,freedom12/PokemonModelViewer,c5952930343748e6dcb4cae21ee383e0bd13b75c,public-derived-model-viewer-config-not-game-native-catalog,CROSSCHECK_PENDING,
SCVI,pm0646,646,pm0646_13_00,13,0,UNRESOLVED,UNRESOLVED,UNRESOLVED,icon/pm0646_13_00_00_big.png,77,154,a2ce3c12dd11d6ecae73b17ac57abcf283930d9f1f19f1c83fce646d7ff89c8c,True,True,True,True,True,True,assets/local/configs/SCVI/pm0646.json,06c6114379542cdb2415f1f8b9a4676c0b3fbde31455fc726efb2c3e05f0cd71,freedom12/PokemonModelViewer,c5952930343748e6dcb4cae21ee383e0bd13b75c,public-derived-model-viewer-config-not-game-native-catalog,CROSSCHECK_PENDING,
SCVI,pm0647,647,pm0647_11_00,11,0,UNRESOLVED,UNRESOLVED,UNRESOLVED,icon/pm0647_11_00_00_big.png,71,142,71e200f876fd115593af20416fde7405ad27aff97632b5253e965595f23eafd3,True,True,True,True,True,True,assets/local/configs/SCVI/pm0647.json,7c6eeb09da34d67f79ff5670d94cc474bbbd5d18b86690612abb2e260ae40b4b,freedom12/PokemonModelViewer,c5952930343748e6dcb4cae21ee383e0bd13b75c,public-derived-model-viewer-config-not-game-native-catalog,CROSSCHECK_PENDING,
SCVI,pm0647,647,pm0647_12_00,12,0,UNRESOLVED,UNRESOLVED,UNRESOLVED,icon/pm0647_12_00_00_big.png,71,142,71e200f876fd115593af20416fde7405ad27aff97632b5253e965595f23eafd3,True,True,True,True,True,True,assets/local/configs/SCVI/pm0647.json,7c6eeb09da34d67f79ff5670d94cc474bbbd5d18b86690612abb2e260ae40b4b,freedom12/PokemonModelViewer,c5952930343748e6dcb4cae21ee383e0bd13b75c,public-derived-model-viewer-config-not-game-native-catalog,CROSSCHECK_PENDING,
SCVI,pm0648,648,pm0648_11_00,11,0,UNRESOLVED,UNRESOLVED,UNRESOLVED,icon/pm0648_11_00_00_big.png,79,158,d73acc4098233fbae40abf50968123c43338513aac06184083fac729509ac419,True,False,True,True,True,True,assets/local/configs/SCVI/pm0648.json,a0183fed1e18fc8c0f055cbd850f40adc324523bef526893142f4cdd530185a2,freedom12/PokemonModelViewer,c5952930343748e6dcb4cae21ee383e0bd13b75c,public-derived-model-viewer-config-not-game-native-catalog,CROSSCHECK_PENDING,
SCVI,pm0648,648,pm0648_12_00,12,0,UNRESOLVED,UNRESOLVED,UNRESOLVED,icon/pm0648_12_00_00_big.png,70,140,417b6aed2797998d1adb93945a40cf5a0ede304107532fe0ff789966bb96805d,True,False,True,True,True,True,assets/local/configs/SCVI/pm0648.json,a0183fed1e18fc8c0f055cbd850f40adc324523bef526893142f4cdd530185a2,freedom12/PokemonModelViewer,c5952930343748e6dcb4cae21ee383e0bd13b75c,public-derived-model-viewer-config-not-game-native-catalog,CROSSCHECK_PENDING,
SCVI,pm0702,702,pm0702_00_00,0,0,UNRESOLVED,UNRESOLVED,UNRESOLVED,icon/pm0702_00_00_00_big.png,42,84,5f4e65c3ddbb069fc3b20fb070c431c936d75fd11ff8f3a63cd657afa8de395d,True,False,True,True,True,True,assets/local/configs/SCVI/pm0702.json,52945ca248a30618b498395f2ca74b9043907965ab1021660035d681a6037e97,freedom12/PokemonModelViewer,c5952930343748e6dcb4cae21ee383e0bd13b75c,public-derived-model-viewer-config-not-game-native-catalog,CROSSCHECK_PENDING,
SCVI,pm0703,703,pm0703_00_00,0,0,UNRESOLVED,UNRESOLVED,UNRESOLVED,icon/pm0703_00_00_00_big.png,43,86,462aec9e7e5862573bbab24ccaed8bdc36a5b8068e0222fc06c6f2674d446906,True,True,True,True,True,True,assets/local/configs/SCVI/pm0703.json,7bebf070993670dccdca1e7969525caf29b0e98934615136416f3e2a193d60d3,freedom12/PokemonModelViewer,c5952930343748e6dcb4cae21ee383e0bd13b75c,public-derived-model-viewer-config-not-game-native-catalog,CROSSCHECK_PENDING,
SCVI,pm0704,704,pm0704_00_00,0,0,UNRESOLVED,UNRESOLVED,UNRESOLVED,icon/pm0704_00_00_00_big.png,46,92,5a9f1b52282756f578da62961c34c91c76fa2976b69f4c828615a1aa07a9ec65,True,True,True,True,True,True,assets/local/configs/SCVI/pm0704.json,2aba0e2f03593869b8c0562b2ebc604a5704945360133825acd9abca405203ab,freedom12/PokemonModelViewer,c5952930343748e6dcb4cae21ee383e0bd13b75c,public-derived-model-viewer-config-not-game-native-catalog,CROSSCHECK_PENDING,
SCVI,pm0705,705,pm0705_00_00,0,0,UNRESOLVED,UNRESOLVED,UNRESOLVED,icon/pm0705_00_00_00_big.png,46,92,5a9f1b52282756f578da62961c34c91c76fa2976b69f4c828615a1aa07a9ec65,True,True,True,True,True,True,assets/local/configs/SCVI/pm0705.json,ce6abf0e4542d71b6ef3bae40d0dd8e9e0fe74b0ed75085e49d9a9b35d1fc659,freedom12/PokemonModelViewer,c5952930343748e6dcb4cae21ee383e0bd13b75c,public-derived-model-viewer-config-not-game-native-catalog,CROSSCHECK_PENDING,
SCVI,pm0705,705,pm0705_01_00,1,0,UNRESOLVED,UNRESOLVED,UNRESOLVED,icon/pm0705_01_00_00_big.png,46,92,5a9f1b52282756f578da62961c34c91c76fa2976b69f4c828615a1aa07a9ec65,True,True,True,True,True,True,assets/local/configs/SCVI/pm0705.json,ce6abf0e4542d71b6ef3bae40d0dd8e9e0fe74b0ed75085e49d9a9b35d1fc659,freedom12/PokemonModelViewer,c5952930343748e6dcb4cae21ee383e0bd13b75c,public-derived-model-viewer-config-not-game-native-catalog,CROSSCHECK_PENDING,
SCVI,pm0706,706,pm0706_00_00,0,0,UNRESOLVED,UNRESOLVED,UNRESOLVED,icon/pm0706_00_00_00_big.png,46,92,5a9f1b52282756f578da62961c34c91c76fa2976b69f4c828615a1aa07a9ec65,True,True,True,True,True,True,assets/local/configs/SCVI/pm0706.json,35859ad74a161f0b8f7e85776b63e1f30c32e9d34d6d8b935cdbe53feb377939,freedom12/PokemonModelViewer,c5952930343748e6dcb4cae21ee383e0bd13b75c,public-derived-model-viewer-config-not-game-native-catalog,CROSSCHECK_PENDING,
SCVI,pm0707,707,pm0707_00_00,0,0,UNRESOLVED,UNRESOLVED,UNRESOLVED,icon/pm0707_00_00_00_big.png,45,90,196319619814aa85ae2dc1a175210dde3d8a8ed62658e9a29c6addd5ef555979,True,True,True,True,True,False,assets/local/configs/SCVI/pm0707.json,26b41ce63b463bd9666e7b054f311b88076b28f1a9f709c886b49d2c188f8670,freedom12/PokemonModelViewer,c5952930343748e6dcb4cae21ee383e0bd13b75c,public-derived-model-viewer-config-not-game-native-catalog,CROSSCHECK_PENDING,
SCVI,pm0708,708,pm0708_11_00,11,0,UNRESOLVED,UNRESOLVED,UNRESOLVED,icon/pm0708_11_00_00_big.png,45,90,c86c1ce44fb2216136ebcd5bc8db7ff94c048c706a65c29c3f4218dcfd28e2c5,True,False,True,True,True,True,assets/local/configs/SCVI/pm0708.json,0344cc3d05c0c639993167884a5d578fbd829f5a7104b8b5fccc676ceae44b35,freedom12/PokemonModelViewer,c5952930343748e6dcb4cae21ee383e0bd13b75c,public-derived-model-viewer-config-not-game-native-catalog,CROSSCHECK_PENDING,
SCVI,pm0708,708,pm0708_12_00,12,0,UNRESOLVED,UNRESOLVED,UNRESOLVED,icon/pm0708_12_00_00_big.png,45,90,c86c1ce44fb2216136ebcd5bc8db7ff94c048c706a65c29c3f4218dcfd28e2c5,True,False,True,True,True,True,assets/local/configs/SCVI/pm0708.json,0344cc3d05c0c639993167884a5d578fbd829f5a7104b8b5fccc676ceae44b35,freedom12/PokemonModelViewer,c5952930343748e6dcb4cae21ee383e0bd13b75c,public-derived-model-viewer-config-not-game-native-catalog,CROSSCHECK_PENDING,
SCVI,pm0708,708,pm0708_13_00,13,0,UNRESOLVED,UNRESOLVED,UNRESOLVED,icon/pm0708_13_00_00_big.png,45,90,c86c1ce44fb2216136ebcd5bc8db7ff94c048c706a65c29c3f4218dcfd28e2c5,True,False,True,True,True,True,assets/local/configs/SCVI/pm0708.json,0344cc3d05c0c639993167884a5d578fbd829f5a7104b8b5fccc676ceae44b35,freedom12/PokemonModelViewer,c5952930343748e6dcb4cae21ee383e0bd13b75c,public-derived-model-viewer-config-not-game-native-catalog,CROSSCHECK_PENDING,
SCVI,pm0708,708,pm0708_14_00,14,0,UNRESOLVED,UNRESOLVED,UNRESOLVED,icon/pm0708_14_00_00_big.png,45,90,c86c1ce44fb2216136ebcd5bc8db7ff94c048c706a65c29c3f4218dcfd28e2c5,True,False,True,True,True,True,assets/local/configs/SCVI/pm0708.json,0344cc3d05c0c639993167884a5d578fbd829f5a7104b8b5fccc676ceae44b35,freedom12/PokemonModelViewer,c5952930343748e6dcb4cae21ee383e0bd13b75c,public-derived-model-viewer-config-not-game-native-catalog,CROSSCHECK_PENDING,
SCVI,pm0708,708,pm0708_15_00,15,0,UNRESOLVED,UNRESOLVED,UNRESOLVED,icon/pm0708_15_00_00_big.png,45,90,c86c1ce44fb2216136ebcd5bc8db7ff94c048c706a65c29c3f4218dcfd28e2c5,True,False,True,True,True,True,assets/local/configs/SCVI/pm0708.json,0344cc3d05c0c639993167884a5d578fbd829f5a7104b8b5fccc676ceae44b35,freedom12/PokemonModelViewer,c5952930343748e6dcb4cae21ee383e0bd13b75c,public-derived-model-viewer-config-not-game-native-catalog,CROSSCHECK_PENDING,
SCVI,pm0708,708,pm0708_16_00,16,0,UNRESOLVED,UNRESOLVED,UNRESOLVED,icon/pm0708_16_00_00_big.png,45,90,c86c1ce44fb2216136ebcd5bc8db7ff94c048c706a65c29c3f4218dcfd28e2c5,True,False,True,True,True,True,assets/local/configs/SCVI/pm0708.json,0344cc3d05c0c639993167884a5d578fbd829f5a7104b8b5fccc676ceae44b35,freedom12/PokemonModelViewer,c5952930343748e6dcb4cae21ee383e0bd13b75c,public-derived-model-viewer-config-not-game-native-catalog,CROSSCHECK_PENDING,
SCVI,pm0708,708,pm0708_17_00,17,0,UNRESOLVED,UNRESOLVED,UNRESOLVED,icon/pm0708_17_00_00_big.png,45,90,c86c1ce44fb2216136ebcd5bc8db7ff94c048c706a65c29c3f4218dcfd28e2c5,True,False,True,True,True,True,assets/local/configs/SCVI/pm0708.json,0344cc3d05c0c639993167884a5d578fbd829f5a7104b8b5fccc676ceae44b35,freedom12/PokemonModelViewer,c5952930343748e6dcb4cae21ee383e0bd13b75c,public-derived-model-viewer-config-not-game-native-catalog,CROSSCHECK_PENDING,
SCVI,pm0708,708,pm0708_18_00,18,0,UNRESOLVED,UNRESOLVED,UNRESOLVED,icon/pm0708_18_00_00_big.png,45,90,c86c1ce44fb2216136ebcd5bc8db7ff94c048c706a65c29c3f4218dcfd28e2c5,True,False,True,True,True,True,assets/local/configs/SCVI/pm0708.json,0344cc3d05c0c639993167884a5d578fbd829f5a7104b8b5fccc676ceae44b35,freedom12/PokemonModelViewer,c5952930343748e6dcb4cae21ee383e0bd13b75c,public-derived-model-viewer-config-not-game-native-catalog,CROSSCHECK_PENDING,
SCVI,pm0708,708,pm0708_19_00,19,0,UNRESOLVED,UNRESOLVED,UNRESOLVED,icon/pm0708_19_00_00_big.png,45,90,c86c1ce44fb2216136ebcd5bc8db7ff94c048c706a65c29c3f4218dcfd28e2c5,True,False,True,True,True,True,assets/local/configs/SCVI/pm0708.json,0344cc3d05c0c639993167884a5d578fbd829f5a7104b8b5fccc676ceae44b35,freedom12/PokemonModelViewer,c5952930343748e6dcb4cae21ee383e0bd13b75c,public-derived-model-viewer-config-not-game-native-catalog,CROSSCHECK_PENDING,
SCVI,pm0708,708,pm0708_20_00,20,0,UNRESOLVED,UNRESOLVED,UNRESOLVED,icon/pm0708_20_00_00_big.png,45,90,c86c1ce44fb2216136ebcd5bc8db7ff94c048c706a65c29c3f4218dcfd28e2c5,True,False,True,True,True,True,assets/local/configs/SCVI/pm0708.json,0344cc3d05c0c639993167884a5d578fbd829f5a7104b8b5fccc676ceae44b35,freedom12/PokemonModelViewer,c5952930343748e6dcb4cae21ee383e0bd13b75c,public-derived-model-viewer-config-not-game-native-catalog,CROSSCHECK_PENDING,
SCVI,pm0708,708,pm0708_21_00,21,0,UNRESOLVED,UNRESOLVED,UNRESOLVED,icon/pm0708_21_00_00_big.png,45,90,c86c1ce44fb2216136ebcd5bc8db7ff94c048c706a65c29c3f4218dcfd28e2c5,True,False,True,True,True,True,assets/local/configs/SCVI/pm0708.json,0344cc3d05c0c639993167884a5d578fbd829f5a7104b8b5fccc676ceae44b35,freedom12/PokemonModelViewer,c5952930343748e6dcb4cae21ee383e0bd13b75c,public-derived-model-viewer-config-not-game-native-catalog,CROSSCHECK_PENDING,
SCVI,pm0708,708,pm0708_22_00,22,0,UNRESOLVED,UNRESOLVED,UNRESOLVED,icon/pm0708_22_00_00_big.png,45,90,c86c1ce44fb2216136ebcd5bc8db7ff94c048c706a65c29c3f4218dcfd28e2c5,True,False,True,True,True,True,assets/local/configs/SCVI/pm0708.json,0344cc3d05c0c639993167884a5d578fbd829f5a7104b8b5fccc676ceae44b35,freedom12/PokemonModelViewer,c5952930343748e6dcb4cae21ee383e0bd13b75c,public-derived-model-viewer-config-not-game-native-catalog,CROSSCHECK_PENDING,
SCVI,pm0708,708,pm0708_23_00,23,0,UNRESOLVED,UNRESOLVED,UNRESOLVED,icon/pm0708_23_00_00_big.png,45,90,c86c1ce44fb2216136ebcd5bc8db7ff94c048c706a65c29c3f4218dcfd28e2c5,True,False,True,True,True,True,assets/local/configs/SCVI/pm0708.json,0344cc3d05c0c639993167884a5d578fbd829f5a7104b8b5fccc676ceae44b35,freedom12/PokemonModelViewer,c5952930343748e6dcb4cae21ee383e0bd13b75c,public-derived-model-viewer-config-not-game-native-catalog,CROSSCHECK_PENDING,
SCVI,pm0708,708,pm0708_24_00,24,0,UNRESOLVED,UNRESOLVED,UNRESOLVED,icon/pm0708_24_00_00_big.png,45,90,c86c1ce44fb2216136ebcd5bc8db7ff94c048c706a65c29c3f4218dcfd28e2c5,True,False,True,True,True,True,assets/local/configs/SCVI/pm0708.json,0344cc3d05c0c639993167884a5d578fbd829f5a7104b8b5fccc676ceae44b35,freedom12/PokemonModelViewer,c5952930343748e6dcb4cae21ee383e0bd13b75c,public-derived-model-viewer-config-not-game-native-catalog,CROSSCHECK_PENDING,
SCVI,pm0708,708,pm0708_25_00,25,0,UNRESOLVED,UNRESOLVED,UNRESOLVED,icon/pm0708_25_00_00_big.png,45,90,c86c1ce44fb2216136ebcd5bc8db7ff94c048c706a65c29c3f4218dcfd28e2c5,True,False,True,True,True,True,assets/local/configs/SCVI/pm0708.json,0344cc3d05c0c639993167884a5d578fbd829f5a7104b8b5fccc676ceae44b35,freedom12/PokemonModelViewer,c5952930343748e6dcb4cae21ee383e0bd13b75c,public-derived-model-viewer-config-not-game-native-catalog,CROSSCHECK_PENDING,
SCVI,pm0708,708,pm0708_26_00,26,0,UNRESOLVED,UNRESOLVED,UNRESOLVED,icon/pm0708_26_00_00_big.png,45,90,c86c1ce44fb2216136ebcd5bc8db7ff94c048c706a65c29c3f4218dcfd28e2c5,True,False,True,True,True,True,assets/local/configs/SCVI/pm0708.json,0344cc3d05c0c639993167884a5d578fbd829f5a7104b8b5fccc676ceae44b35,freedom12/PokemonModelViewer,c5952930343748e6dcb4cae21ee383e0bd13b75c,public-derived-model-viewer-config-not-game-native-catalog,CROSSCHECK_PENDING,
SCVI,pm0708,708,pm0708_27_00,27,0,UNRESOLVED,UNRESOLVED,UNRESOLVED,icon/pm0708_27_00_00_big.png,45,90,c86c1ce44fb2216136ebcd5bc8db7ff94c048c706a65c29c3f4218dcfd28e2c5,True,False,True,True,True,True,assets/local/configs/SCVI/pm0708.json,0344cc3d05c0c639993167884a5d578fbd829f5a7104b8b5fccc676ceae44b35,freedom12/PokemonModelViewer,c5952930343748e6dcb4cae21ee383e0bd13b75c,public-derived-model-viewer-config-not-game-native-catalog,CROSSCHECK_PENDING,
SCVI,pm0708,708,pm0708_28_00,28,0,UNRESOLVED,UNRESOLVED,UNRESOLVED,icon/pm0708_28_00_00_big.png,45,90,c86c1ce44fb2216136ebcd5bc8db7ff94c048c706a65c29c3f4218dcfd28e2c5,True,False,True,True,True,True,assets/local/configs/SCVI/pm0708.json,0344cc3d05c0c639993167884a5d578fbd829f5a7104b8b5fccc676ceae44b35,freedom12/PokemonModelViewer,c5952930343748e6dcb4cae21ee383e0bd13b75c,public-derived-model-viewer-config-not-game-native-catalog,CROSSCHECK_PENDING,
SCVI,pm0708,708,pm0708_29_00,29,0,UNRESOLVED,UNRESOLVED,UNRESOLVED,icon/pm0708_29_00_00_big.png,45,90,c86c1ce44fb2216136ebcd5bc8db7ff94c048c706a65c29c3f4218dcfd28e2c5,True,False,True,True,True,True,assets/local/configs/SCVI/pm0708.json,0344cc3d05c0c639993167884a5d578fbd829f5a7104b8b5fccc676ceae44b35,freedom12/PokemonModelViewer,c5952930343748e6dcb4cae21ee383e0bd13b75c,public-derived-model-viewer-config-not-game-native-catalog,CROSSCHECK_PENDING,
SCVI,pm0708,708,pm0708_30_00,30,0,UNRESOLVED,UNRESOLVED,UNRESOLVED,icon/pm0708_30_00_00_big.png,45,90,c86c1ce44fb2216136ebcd5bc8db7ff94c048c706a65c29c3f4218dcfd28e2c5,True,False,True,True,True,True,assets/local/configs/SCVI/pm0708.json,0344cc3d05c0c639993167884a5d578fbd829f5a7104b8b5fccc676ceae44b35,freedom12/PokemonModelViewer,c5952930343748e6dcb4cae21ee383e0bd13b75c,public-derived-model-viewer-config-not-game-native-catalog,CROSSCHECK_PENDING,
SCVI,pm0709,709,pm0709_00_00,0,0,UNRESOLVED,UNRESOLVED,UNRESOLVED,icon/pm0709_00_00_00_big.png,41,82,b72ea243965098eb0d994ed212d522a1d76209159c771da8a58a987ccb5a88ab,True,False,True,True,True,False,assets/local/configs/SCVI/pm0709.json,4e1c7dc3d4901554eea4f969ec419eac88d5395075667fa50fbca651c02bc25b,freedom12/PokemonModelViewer,c5952930343748e6dcb4cae21ee383e0bd13b75c,public-derived-model-viewer-config-not-game-native-catalog,CROSSCHECK_PENDING,
SCVI,pm0710,710,pm0710_00_00,0,0,UNRESOLVED,UNRESOLVED,UNRESOLVED,icon/pm0710_00_00_00_big.png,41,82,b72ea243965098eb0d994ed212d522a1d76209159c771da8a58a987ccb5a88ab,True,False,True,True,True,False,assets/local/configs/SCVI/pm0710.json,fe653b231e9b2c8cc2a50a3c0b9a02bf705529e44143e2c6e0567fc33a970c97,freedom12/PokemonModelViewer,c5952930343748e6dcb4cae21ee383e0bd13b75c,public-derived-model-viewer-config-not-game-native-catalog,CROSSCHECK_PENDING,
SCVI,pm0713,713,pm0713_11_00,11,0,UNRESOLVED,UNRESOLVED,UNRESOLVED,icon/pm0713_11_00_00_big.png,46,92,9b673c78b41d94f3bd9756ba9946dd5966854cab5ca8b6a2ffef8c3b46dcad65,True,True,True,True,True,True,assets/local/configs/SCVI/pm0713.json,c00ffa9453ca4409de349245803ce071e671f323f4379c12c44d883b2a5b9c2e,freedom12/PokemonModelViewer,c5952930343748e6dcb4cae21ee383e0bd13b75c,public-derived-model-viewer-config-not-game-native-catalog,CROSSCHECK_PENDING,
SCVI,pm0713,713,pm0713_12_00,12,0,UNRESOLVED,UNRESOLVED,UNRESOLVED,icon/pm0713_12_00_00_big.png,46,92,9b673c78b41d94f3bd9756ba9946dd5966854cab5ca8b6a2ffef8c3b46dcad65,True,True,True,True,True,True,assets/local/configs/SCVI/pm0713.json,c00ffa9453ca4409de349245803ce071e671f323f4379c12c44d883b2a5b9c2e,freedom12/PokemonModelViewer,c5952930343748e6dcb4cae21ee383e0bd13b75c,public-derived-model-viewer-config-not-game-native-catalog,CROSSCHECK_PENDING,
SCVI,pm0713,713,pm0713_13_00,13,0,UNRESOLVED,UNRESOLVED,UNRESOLVED,icon/pm0713_13_00_00_big.png,46,92,9b673c78b41d94f3bd9756ba9946dd5966854cab5ca8b6a2ffef8c3b46dcad65,True,True,True,True,True,True,assets/local/configs/SCVI/pm0713.json,c00ffa9453ca4409de349245803ce071e671f323f4379c12c44d883b2a5b9c2e,freedom12/PokemonModelViewer,c5952930343748e6dcb4cae21ee383e0bd13b75c,public-derived-model-viewer-config-not-game-native-catalog,CROSSCHECK_PENDING,
SCVI,pm0713,713,pm0713_14_00,14,0,UNRESOLVED,UNRESOLVED,UNRESOLVED,icon/pm0713_14_00_00_big.png,46,92,9b673c78b41d94f3bd9756ba9946dd5966854cab5ca8b6a2ffef8c3b46dcad65,True,True,True,True,True,True,assets/local/configs/SCVI/pm0713.json,c00ffa9453ca4409de349245803ce071e671f323f4379c12c44d883b2a5b9c2e,freedom12/PokemonModelViewer,c5952930343748e6dcb4cae21ee383e0bd13b75c,public-derived-model-viewer-config-not-game-native-catalog,CROSSCHECK_PENDING,
SCVI,pm0713,713,pm0713_15_00,15,0,UNRESOLVED,UNRESOLVED,UNRESOLVED,icon/pm0713_15_00_00_big.png,46,92,9b673c78b41d94f3bd9756ba9946dd5966854cab5ca8b6a2ffef8c3b46dcad65,True,True,True,True,True,True,assets/local/configs/SCVI/pm0713.json,c00ffa9453ca4409de349245803ce071e671f323f4379c12c44d883b2a5b9c2e,freedom12/PokemonModelViewer,c5952930343748e6dcb4cae21ee383e0bd13b75c,public-derived-model-viewer-config-not-game-native-catalog,CROSSCHECK_PENDING,
SCVI,pm0714,714,pm0714_11_00,11,0,UNRESOLVED,UNRESOLVED,UNRESOLVED,icon/pm0714_11_00_00_big.png,46,92,9b673c78b41d94f3bd9756ba9946dd5966854cab5ca8b6a2ffef8c3b46dcad65,True,True,True,True,True,True,assets/local/configs/SCVI/pm0714.json,e90d2e943c8dab29c230c694ead75c73fe078440945f70796b1a1096f0c4c44a,freedom12/PokemonModelViewer,c5952930343748e6dcb4cae21ee383e0bd13b75c,public-derived-model-viewer-config-not-game-native-catalog,CROSSCHECK_PENDING,
SCVI,pm0714,714,pm0714_12_00,12,0,UNRESOLVED,UNRESOLVED,UNRESOLVED,icon/pm0714_12_00_00_big.png,46,92,9b673c78b41d94f3bd9756ba9946dd5966854cab5ca8b6a2ffef8c3b46dcad65,True,True,True,True,True,True,assets/local/configs/SCVI/pm0714.json,e90d2e943c8dab29c230c694ead75c73fe078440945f70796b1a1096f0c4c44a,freedom12/PokemonModelViewer,c5952930343748e6dcb4cae21ee383e0bd13b75c,public-derived-model-viewer-config-not-game-native-catalog,CROSSCHECK_PENDING,
SCVI,pm0714,714,pm0714_13_00,13,0,UNRESOLVED,UNRESOLVED,UNRESOLVED,icon/pm0714_13_00_00_big.png,46,92,9b673c78b41d94f3bd9756ba9946dd5966854cab5ca8b6a2ffef8c3b46dcad65,True,True,True,True,True,True,assets/local/configs/SCVI/pm0714.json,e90d2e943c8dab29c230c694ead75c73fe078440945f70796b1a1096f0c4c44a,freedom12/PokemonModelViewer,c5952930343748e6dcb4cae21ee383e0bd13b75c,public-derived-model-viewer-config-not-game-native-catalog,CROSSCHECK_PENDING,
SCVI,pm0714,714,pm0714_14_00,14,0,UNRESOLVED,UNRESOLVED,UNRESOLVED,icon/pm0714_14_00_00_big.png,46,92,9b673c78b41d94f3bd9756ba9946dd5966854cab5ca8b6a2ffef8c3b46dcad65,True,True,True,True,True,True,assets/local/configs/SCVI/pm0714.json,e90d2e943c8dab29c230c694ead75c73fe078440945f70796b1a1096f0c4c44a,freedom12/PokemonModelViewer,c5952930343748e6dcb4cae21ee383e0bd13b75c,public-derived-model-viewer-config-not-game-native-catalog,CROSSCHECK_PENDING,
SCVI,pm0714,714,pm0714_15_00,15,0,UNRESOLVED,UNRESOLVED,UNRESOLVED,icon/pm0714_15_00_00_big.png,46,92,9b673c78b41d94f3bd9756ba9946dd5966854cab5ca8b6a2ffef8c3b46dcad65,True,True,True,True,True,True,assets/local/configs/SCVI/pm0714.json,e90d2e943c8dab29c230c694ead75c73fe078440945f70796b1a1096f0c4c44a,freedom12/PokemonModelViewer,c5952930343748e6dcb4cae21ee383e0bd13b75c,public-derived-model-viewer-config-not-game-native-catalog,CROSSCHECK_PENDING,
SCVI,pm0715,715,pm0715_11_00,11,0,UNRESOLVED,UNRESOLVED,UNRESOLVED,icon/pm0715_11_00_00_big.png,48,96,9348e4fa8477e9c3f709daae008f1fd35713b480bb2299d3115fcd03f1f5a395,True,False,True,True,True,True,assets/local/configs/SCVI/pm0715.json,6161dbe65b112d321bb989ed46d8356251df5672787ab42b6f8e754feb69c0c3,freedom12/PokemonModelViewer,c5952930343748e6dcb4cae21ee383e0bd13b75c,public-derived-model-viewer-config-not-game-native-catalog,CROSSCHECK_PENDING,
SCVI,pm0715,715,pm0715_12_00,12,0,UNRESOLVED,UNRESOLVED,UNRESOLVED,icon/pm0715_12_00_00_big.png,48,96,9348e4fa8477e9c3f709daae008f1fd35713b480bb2299d3115fcd03f1f5a395,True,False,True,True,True,True,assets/local/configs/SCVI/pm0715.json,6161dbe65b112d321bb989ed46d8356251df5672787ab42b6f8e754feb69c0c3,freedom12/PokemonModelViewer,c5952930343748e6dcb4cae21ee383e0bd13b75c,public-derived-model-viewer-config-not-game-native-catalog,CROSSCHECK_PENDING,
SCVI,pm0715,715,pm0715_13_00,13,0,UNRESOLVED,UNRESOLVED,UNRESOLVED,icon/pm0715_13_00_00_big.png,48,96,9348e4fa8477e9c3f709daae008f1fd35713b480bb2299d3115fcd03f1f5a395,True,False,True,True,True,True,assets/local/configs/SCVI/pm0715.json,6161dbe65b112d321bb989ed46d8356251df5672787ab42b6f8e754feb69c0c3,freedom12/PokemonModelViewer,c5952930343748e6dcb4cae21ee383e0bd13b75c,public-derived-model-viewer-config-not-game-native-catalog,CROSSCHECK_PENDING,
SCVI,pm0715,715,pm0715_14_00,14,0,UNRESOLVED,UNRESOLVED,UNRESOLVED,icon/pm0715_14_00_00_big.png,48,96,9348e4fa8477e9c3f709daae008f1fd35713b480bb2299d3115fcd03f1f5a395,True,False,True,True,True,True,assets/local/configs/SCVI/pm0715.json,6161dbe65b112d321bb989ed46d8356251df5672787ab42b6f8e754feb69c0c3,freedom12/PokemonModelViewer,c5952930343748e6dcb4cae21ee383e0bd13b75c,public-derived-model-viewer-config-not-game-native-catalog,CROSSCHECK_PENDING,
SCVI,pm0715,715,pm0715_15_00,15,0,UNRESOLVED,UNRESOLVED,UNRESOLVED,icon/pm0715_15_00_00_big.png,48,96,9348e4fa8477e9c3f709daae008f1fd35713b480bb2299d3115fcd03f1f5a395,True,False,True,True,True,True,assets/local/configs/SCVI/pm0715.json,6161dbe65b112d321bb989ed46d8356251df5672787ab42b6f8e754feb69c0c3,freedom12/PokemonModelViewer,c5952930343748e6dcb4cae21ee383e0bd13b75c,public-derived-model-viewer-config-not-game-native-catalog,CROSSCHECK_PENDING,
SCVI,pm0716,716,pm0716_00_00,0,0,UNRESOLVED,UNRESOLVED,UNRESOLVED,icon/pm0716_00_00_00_big.png,62,124,416258b8d4e0055164e9954388b52babb8961713ba416523ee861c40eb71fbd6,True,True,True,True,True,True,assets/local/configs/SCVI/pm0716.json,2a5cb641d9be7d89a7c66f73d531a3990a9556efbc0f2ce66ebcbae85a77207f,freedom12/PokemonModelViewer,c5952930343748e6dcb4cae21ee383e0bd13b75c,public-derived-model-viewer-config-not-game-native-catalog,CROSSCHECK_PENDING,
SCVI,pm0717,717,pm0717_00_00,0,0,UNRESOLVED,UNRESOLVED,UNRESOLVED,icon/pm0717_00_00_00_big.png,46,92,5a9f1b52282756f578da62961c34c91c76fa2976b69f4c828615a1aa07a9ec65,True,True,True,True,True,True,assets/local/configs/SCVI/pm0717.json,079aa089346d1af8dfab29a992c5810cdb8ab58aba0b16ef84ce04900db3347b,freedom12/PokemonModelViewer,c5952930343748e6dcb4cae21ee383e0bd13b75c,public-derived-model-viewer-config-not-game-native-catalog,CROSSCHECK_PENDING,
SCVI,pm0718,718,pm0718_00_00,0,0,UNRESOLVED,UNRESOLVED,UNRESOLVED,icon/pm0718_00_00_00_big.png,47,94,b153e4eb8befbcc4742274a08a52c7ddc9e1a4d6392d62bcc119e50c96ea516b,True,True,True,True,True,True,assets/local/configs/SCVI/pm0718.json,cae5e8e4e15580eb2977799d0adcf82fb2e6d3a0a700e65946db9767f81d23ab,freedom12/PokemonModelViewer,c5952930343748e6dcb4cae21ee383e0bd13b75c,public-derived-model-viewer-config-not-game-native-catalog,CROSSCHECK_PENDING,
SCVI,pm0719,719,pm0719_00_00,0,0,UNRESOLVED,UNRESOLVED,UNRESOLVED,icon/pm0719_00_00_00_big.png,46,92,5a9f1b52282756f578da62961c34c91c76fa2976b69f4c828615a1aa07a9ec65,True,True,True,True,True,True,assets/local/configs/SCVI/pm0719.json,ef8ed7989ca322b5f0c92365dbc12f0ce44f1920b7f5c024aec16e707b2f788c,freedom12/PokemonModelViewer,c5952930343748e6dcb4cae21ee383e0bd13b75c,public-derived-model-viewer-config-not-game-native-catalog,CROSSCHECK_PENDING,
SCVI,pm0720,720,pm0720_00_00,0,0,UNRESOLVED,UNRESOLVED,UNRESOLVED,icon/pm0720_00_00_00_big.png,46,92,5a9f1b52282756f578da62961c34c91c76fa2976b69f4c828615a1aa07a9ec65,True,True,True,True,True,True,assets/local/configs/SCVI/pm0720.json,922fb11c3b71b143154a3ad5ef9e3726737fcc5d17767151aba3cb23de0f94b8,freedom12/PokemonModelViewer,c5952930343748e6dcb4cae21ee383e0bd13b75c,public-derived-model-viewer-config-not-game-native-catalog,CROSSCHECK_PENDING,
SCVI,pm0721,721,pm0721_00_00,0,0,UNRESOLVED,UNRESOLVED,UNRESOLVED,icon/pm0721_00_00_00_big.png,46,92,5a9f1b52282756f578da62961c34c91c76fa2976b69f4c828615a1aa07a9ec65,True,True,True,True,True,True,assets/local/configs/SCVI/pm0721.json,f0cff30fc2f015dd9becf59acd5121ba8d0e77b45cc18199b9be2594003e587c,freedom12/PokemonModelViewer,c5952930343748e6dcb4cae21ee383e0bd13b75c,public-derived-model-viewer-config-not-game-native-catalog,CROSSCHECK_PENDING,
SCVI,pm0722,722,pm0722_00_00,0,0,UNRESOLVED,UNRESOLVED,UNRESOLVED,icon/pm0722_00_00_00_big.png,46,92,5a9f1b52282756f578da62961c34c91c76fa2976b69f4c828615a1aa07a9ec65,True,True,True,True,True,True,assets/local/configs/SCVI/pm0722.json,2a2d85a81df7f3222e475a4bd1dc5e70cf4ff10d2111cb467348fd67b328efd1,freedom12/PokemonModelViewer,c5952930343748e6dcb4cae21ee383e0bd13b75c,public-derived-model-viewer-config-not-game-native-catalog,CROSSCHECK_PENDING,
SCVI,pm0723,723,pm0723_00_00,0,0,UNRESOLVED,UNRESOLVED,UNRESOLVED,icon/pm0723_00_00_00_big.png,74,148,157f4a50f058b0a8b5f2306935337218f3cb0b735e600c86d2e80288aa6320d9,True,True,True,True,True,True,assets/local/configs/SCVI/pm0723.json,d8cd5e4e204f227a6a430a18cfcef1c59f761371f3f872966b2fa0046f9cbd2a,freedom12/PokemonModelViewer,c5952930343748e6dcb4cae21ee383e0bd13b75c,public-derived-model-viewer-config-not-game-native-catalog,CROSSCHECK_PENDING,
SCVI,pm0724,724,pm0724_00_00,0,0,UNRESOLVED,UNRESOLVED,UNRESOLVED,icon/pm0724_00_00_00_big.png,74,148,157f4a50f058b0a8b5f2306935337218f3cb0b735e600c86d2e80288aa6320d9,True,True,True,True,True,True,assets/local/configs/SCVI/pm0724.json,2e9504c9036f53452cf88e77252d37fb2796fdaefbdbc164ee37463cb2041eae,freedom12/PokemonModelViewer,c5952930343748e6dcb4cae21ee383e0bd13b75c,public-derived-model-viewer-config-not-game-native-catalog,CROSSCHECK_PENDING,
SCVI,pm0725,725,pm0725_11_00,11,0,UNRESOLVED,UNRESOLVED,UNRESOLVED,icon/pm0725_11_00_00_big.png,74,148,157f4a50f058b0a8b5f2306935337218f3cb0b735e600c86d2e80288aa6320d9,True,True,True,True,True,True,assets/local/configs/SCVI/pm0725.json,a11fab353248427b8b0a50fe47cf7a9b5f742c82630db93f50ad4402348f956b,freedom12/PokemonModelViewer,c5952930343748e6dcb4cae21ee383e0bd13b75c,public-derived-model-viewer-config-not-game-native-catalog,CROSSCHECK_PENDING,
SCVI,pm0726,726,pm0726_00_00,0,0,UNRESOLVED,UNRESOLVED,UNRESOLVED,icon/pm0726_00_00_00_big.png,43,86,4a7b075cb953519a1e9ddf275b9c4db1287045b88c4093b238ff4df19aba2889,True,True,True,True,True,True,assets/local/configs/SCVI/pm0726.json,714483aa20a3a4cd65da8da1f8ef2f546f960a368b2925343a757d97dcc56f01,freedom12/PokemonModelViewer,c5952930343748e6dcb4cae21ee383e0bd13b75c,public-derived-model-viewer-config-not-game-native-catalog,CROSSCHECK_PENDING,
SCVI,pm0727,727,pm0727_00_00,0,0,UNRESOLVED,UNRESOLVED,UNRESOLVED,icon/pm0727_00_00_00_big.png,71,142,8d07165378989d653928fefffb2507fb2a671338e224087e76674910a2a4ae6e,True,True,True,True,True,True,assets/local/configs/SCVI/pm0727.json,1e327b6c8c3378fffd9dae497865b635df7f383b9d924ffb305eb777672ad58c,freedom12/PokemonModelViewer,c5952930343748e6dcb4cae21ee383e0bd13b75c,public-derived-model-viewer-config-not-game-native-catalog,CROSSCHECK_PENDING,
SCVI,pm0728,728,pm0728_00_00,0,0,UNRESOLVED,UNRESOLVED,UNRESOLVED,icon/pm0728_00_00_00_big.png,48,96,ad34af74990236154e0b1d8865527438543ed5af867240c056ed2e6353217b66,True,False,True,True,True,True,assets/local/configs/SCVI/pm0728.json,a7d8df2aad0ce4b7fe927195c757c1e644b46645b14e1cc27c41505434dd6b9b,freedom12/PokemonModelViewer,c5952930343748e6dcb4cae21ee383e0bd13b75c,public-derived-model-viewer-config-not-game-native-catalog,CROSSCHECK_PENDING,
SCVI,pm0729,729,pm0729_00_00,0,0,UNRESOLVED,UNRESOLVED,UNRESOLVED,icon/pm0729_00_00_00_big.png,48,96,ad34af74990236154e0b1d8865527438543ed5af867240c056ed2e6353217b66,True,False,True,True,True,True,assets/local/configs/SCVI/pm0729.json,d3280f7a47fecbdd2286ecde7304ca10e86404106da461f49a8f9ecdca29164a,freedom12/PokemonModelViewer,c5952930343748e6dcb4cae21ee383e0bd13b75c,public-derived-model-viewer-config-not-game-native-catalog,CROSSCHECK_PENDING,
SCVI,pm0733,733,pm0733_00_00,0,0,UNRESOLVED,UNRESOLVED,UNRESOLVED,icon/pm0733_00_00_00_big.png,49,98,ec974bec80ed07a54924175cca7d753c2ad2709e2f07aebdfd99fa333b328ad3,True,True,True,True,True,True,assets/local/configs/SCVI/pm0733.json,39a8e6353b563c4e81dc7d15cee0fa1a537a5b121dc9c4ff4eb3be663fc9c07e,freedom12/PokemonModelViewer,c5952930343748e6dcb4cae21ee383e0bd13b75c,public-derived-model-viewer-config-not-game-native-catalog,CROSSCHECK_PENDING,
SCVI,pm0734,734,pm0734_00_00,0,0,UNRESOLVED,UNRESOLVED,UNRESOLVED,icon/pm0734_00_00_00_big.png,49,98,ec974bec80ed07a54924175cca7d753c2ad2709e2f07aebdfd99fa333b328ad3,True,True,True,True,True,True,assets/local/configs/SCVI/pm0734.json,8de114e3035f77392783a8a51cffc72cb0f071f07675ef1d7547284fec0a9b01,freedom12/PokemonModelViewer,c5952930343748e6dcb4cae21ee383e0bd13b75c,public-derived-model-viewer-config-not-game-native-catalog,CROSSCHECK_PENDING,
SCVI,pm0734,734,pm0734_01_00,1,0,UNRESOLVED,UNRESOLVED,UNRESOLVED,icon/pm0734_01_00_00_big.png,49,98,ec974bec80ed07a54924175cca7d753c2ad2709e2f07aebdfd99fa333b328ad3,True,True,True,True,True,True,assets/local/configs/SCVI/pm0734.json,8de114e3035f77392783a8a51cffc72cb0f071f07675ef1d7547284fec0a9b01,freedom12/PokemonModelViewer,c5952930343748e6dcb4cae21ee383e0bd13b75c,public-derived-model-viewer-config-not-game-native-catalog,CROSSCHECK_PENDING,
SCVI,pm0741,741,pm0741_00_00,0,0,UNRESOLVED,UNRESOLVED,UNRESOLVED,icon/pm0741_00_00_00_big.png,45,90,842c454b3b9e6258ca2343e6ee1ff3c25acd1b8b0d94ceab5e42944a83f8f4d8,True,False,True,True,True,True,assets/local/configs/SCVI/pm0741.json,1c4555185cd4e4f4a6a92776742d82cf380c14e3bba4cbe40ae614323efff710,freedom12/PokemonModelViewer,c5952930343748e6dcb4cae21ee383e0bd13b75c,public-derived-model-viewer-config-not-game-native-catalog,CROSSCHECK_PENDING,
SCVI,pm0749,749,pm0749_00_00,0,0,UNRESOLVED,UNRESOLVED,UNRESOLVED,icon/pm0749_00_00_00_big.png,73,146,d0f3706902c2c88e82afcaf52a66b548fa6e7fe57b8d1a3ce6c258f620bad272,True,True,True,True,True,False,assets/local/configs/SCVI/pm0749.json,c8245b7021649b1c6bd22a3ef7660693ef81a0cb2f7e13d751d5dcb4e15dd616,freedom12/PokemonModelViewer,c5952930343748e6dcb4cae21ee383e0bd13b75c,public-derived-model-viewer-config-not-game-native-catalog,CROSSCHECK_PENDING,
SCVI,pm0751,751,pm0751_00_00,0,0,UNRESOLVED,UNRESOLVED,UNRESOLVED,icon/pm0751_00_00_00_big.png,73,146,9323777bcb9ffec84e1dc38968c2950139bab6936b88ff1c4e06884807c1b109,True,False,True,True,True,True,assets/local/configs/SCVI/pm0751.json,2005619a0a1376cb60d689fd7268cce86c69f064b5b77d73ad5baa1a2f4ad670,freedom12/PokemonModelViewer,c5952930343748e6dcb4cae21ee383e0bd13b75c,public-derived-model-viewer-config-not-game-native-catalog,CROSSCHECK_PENDING,
SCVI,pm0751,751,pm0751_00_41,0,41,UNRESOLVED,UNRESOLVED,UNRESOLVED,icon/pm0751_00_41_00_big.png,46,92,5a9f1b52282756f578da62961c34c91c76fa2976b69f4c828615a1aa07a9ec65,True,True,True,True,True,True,assets/local/configs/SCVI/pm0751.json,2005619a0a1376cb60d689fd7268cce86c69f064b5b77d73ad5baa1a2f4ad670,freedom12/PokemonModelViewer,c5952930343748e6dcb4cae21ee383e0bd13b75c,public-derived-model-viewer-config-not-game-native-catalog,CROSSCHECK_PENDING,
SCVI,pm0753,753,pm0753_00_00,0,0,UNRESOLVED,UNRESOLVED,UNRESOLVED,icon/pm0753_00_00_00_big.png,59,118,8da3f44b37ad9b7da9ec91bc87cf9dc927a5ab56b09a943cb926548af646780a,True,False,True,True,True,True,assets/local/configs/SCVI/pm0753.json,4832fd222a0a84f47ea18e6abcb1ce387781c56db68df636830b25245b992f7c,freedom12/PokemonModelViewer,c5952930343748e6dcb4cae21ee383e0bd13b75c,public-derived-model-viewer-config-not-game-native-catalog,CROSSCHECK_PENDING,
SCVI,pm0754,754,pm0754_00_00,0,0,UNRESOLVED,UNRESOLVED,UNRESOLVED,icon/pm0754_00_00_00_big.png,59,118,8da3f44b37ad9b7da9ec91bc87cf9dc927a5ab56b09a943cb926548af646780a,True,False,True,True,True,True,assets/local/configs/SCVI/pm0754.json,913c8dd100a76058183a8cf93725df1db80dbae9fcc80fa1b99727dfe582f9cb,freedom12/PokemonModelViewer,c5952930343748e6dcb4cae21ee383e0bd13b75c,public-derived-model-viewer-config-not-game-native-catalog,CROSSCHECK_PENDING,
SCVI,pm0755,755,pm0755_00_00,0,0,UNRESOLVED,UNRESOLVED,UNRESOLVED,icon/pm0755_00_00_00_big.png,56,112,e8af1bfdfe11d8e54535a966058032b5c4523a6de103aa7e09fd3bfdab95d0df,True,False,True,True,True,True,assets/local/configs/SCVI/pm0755.json,4180b15fb5b879d896d0f04a2c30199067d68a95e6d594e30ad3ce7133b62e03,freedom12/PokemonModelViewer,c5952930343748e6dcb4cae21ee383e0bd13b75c,public-derived-model-viewer-config-not-game-native-catalog,CROSSCHECK_PENDING,
SCVI,pm0756,756,pm0756_00_00,0,0,UNRESOLVED,UNRESOLVED,UNRESOLVED,icon/pm0756_00_00_00_big.png,72,144,793377a2c69ca6b707e1a513ec58d132962e1be02e2d7c1dccb73c0833cb5e8c,True,False,True,True,True,False,assets/local/configs/SCVI/pm0756.json,63cb5a24957413cd4e1ae766910ef9bf3dddf87f6c3cda37c102a7f9172aa35a,freedom12/PokemonModelViewer,c5952930343748e6dcb4cae21ee383e0bd13b75c,public-derived-model-viewer-config-not-game-native-catalog,CROSSCHECK_PENDING,
SCVI,pm0757,757,pm0757_00_00,0,0,UNRESOLVED,UNRESOLVED,UNRESOLVED,icon/pm0757_00_00_00_big.png,44,88,0c09676c1c51b55fdb704de594ba66fdb9cb171b7cda8ccaa0165688f279c0f2,True,False,True,True,True,False,assets/local/configs/SCVI/pm0757.json,99fe2725f43133c94b1fcb6d42b446bf16cb5839c350a7fc5b504aab3e5215ae,freedom12/PokemonModelViewer,c5952930343748e6dcb4cae21ee383e0bd13b75c,public-derived-model-viewer-config-not-game-native-catalog,CROSSCHECK_PENDING,
SCVI,pm0760,760,pm0760_00_00,0,0,UNRESOLVED,UNRESOLVED,UNRESOLVED,icon/pm0760_00_00_00_big.png,43,86,4a7b075cb953519a1e9ddf275b9c4db1287045b88c4093b238ff4df19aba2889,True,True,True,True,True,True,assets/local/configs/SCVI/pm0760.json,88ab0f0f94daa9169bd8fffb6e80453a5a3fa4d25124273f322b6be51332b611,freedom12/PokemonModelViewer,c5952930343748e6dcb4cae21ee383e0bd13b75c,public-derived-model-viewer-config-not-game-native-catalog,CROSSCHECK_PENDING,
SCVI,pm0761,761,pm0761_00_00,0,0,UNRESOLVED,UNRESOLVED,UNRESOLVED,icon/pm0761_00_00_00_big.png,74,148,90cc77b6a6c841d0d5c25520fe4bef458ab325229723556f63de0f7f627999ce,True,True,True,True,True,True,assets/local/configs/SCVI/pm0761.json,65046f93be8119e4fe6ed1b41106ccafdc65cbd7ccff50144c4b0a8e26f41b55,freedom12/PokemonModelViewer,c5952930343748e6dcb4cae21ee383e0bd13b75c,public-derived-model-viewer-config-not-game-native-catalog,CROSSCHECK_PENDING,
SCVI,pm0762,762,pm0762_00_00,0,0,UNRESOLVED,UNRESOLVED,UNRESOLVED,icon/pm0762_00_00_00_big.png,59,118,999efeba2083b88584bc3573bb417391b63ad938eb0e8a52b20c9bf21cd1a1f7,True,True,True,True,True,True,assets/local/configs/SCVI/pm0762.json,3521b970ce3231d306974f1ce656c9625308803baea90a31c9d40ffff8712969,freedom12/PokemonModelViewer,c5952930343748e6dcb4cae21ee383e0bd13b75c,public-derived-model-viewer-config-not-game-native-catalog,CROSSCHECK_PENDING,
SCVI,pm0763,763,pm0763_00_00,0,0,UNRESOLVED,UNRESOLVED,UNRESOLVED,icon/pm0763_00_00_00_big.png,46,92,5a9f1b52282756f578da62961c34c91c76fa2976b69f4c828615a1aa07a9ec65,True,True,True,True,True,True,assets/local/configs/SCVI/pm0763.json,a8d82aa147976e0fa02aa01d7a538c542c07b74c5dc1a714d960a1b24bd0605d,freedom12/PokemonModelViewer,c5952930343748e6dcb4cae21ee383e0bd13b75c,public-derived-model-viewer-config-not-game-native-catalog,CROSSCHECK_PENDING,
SCVI,pm0764,764,pm0764_00_00,0,0,UNRESOLVED,UNRESOLVED,UNRESOLVED,icon/pm0764_00_00_00_big.png,46,92,5a9f1b52282756f578da62961c34c91c76fa2976b69f4c828615a1aa07a9ec65,True,True,True,True,True,True,assets/local/configs/SCVI/pm0764.json,52da76db4d6e6d0c8827c40faeba3df81e1c445a953c7be92b7cc22906698d14,freedom12/PokemonModelViewer,c5952930343748e6dcb4cae21ee383e0bd13b75c,public-derived-model-viewer-config-not-game-native-catalog,CROSSCHECK_PENDING,
SCVI,pm0764,764,pm0764_00_41,0,41,UNRESOLVED,UNRESOLVED,UNRESOLVED,icon/pm0764_00_41_00_big.png,46,92,5a9f1b52282756f578da62961c34c91c76fa2976b69f4c828615a1aa07a9ec65,True,True,True,True,True,True,assets/local/configs/SCVI/pm0764.json,52da76db4d6e6d0c8827c40faeba3df81e1c445a953c7be92b7cc22906698d14,freedom12/PokemonModelViewer,c5952930343748e6dcb4cae21ee383e0bd13b75c,public-derived-model-viewer-config-not-game-native-catalog,CROSSCHECK_PENDING,
SCVI,pm0765,765,pm0765_00_00,0,0,UNRESOLVED,UNRESOLVED,UNRESOLVED,icon/pm0765_00_00_00_big.png,46,92,5a9f1b52282756f578da62961c34c91c76fa2976b69f4c828615a1aa07a9ec65,True,True,True,True,True,True,assets/local/configs/SCVI/pm0765.json,13efeb799e6202ee8ee7fa6c308a05f49ab0381c77f1388ca004ef6d55d8ba11,freedom12/PokemonModelViewer,c5952930343748e6dcb4cae21ee383e0bd13b75c,public-derived-model-viewer-config-not-game-native-catalog,CROSSCHECK_PENDING,
SCVI,pm0765,765,pm0765_00_41,0,41,UNRESOLVED,UNRESOLVED,UNRESOLVED,icon/pm0765_00_41_00_big.png,46,92,5a9f1b52282756f578da62961c34c91c76fa2976b69f4c828615a1aa07a9ec65,True,True,True,True,True,True,assets/local/configs/SCVI/pm0765.json,13efeb799e6202ee8ee7fa6c308a05f49ab0381c77f1388ca004ef6d55d8ba11,freedom12/PokemonModelViewer,c5952930343748e6dcb4cae21ee383e0bd13b75c,public-derived-model-viewer-config-not-game-native-catalog,CROSSCHECK_PENDING,
SCVI,pm0766,766,pm0766_00_00,0,0,UNRESOLVED,UNRESOLVED,UNRESOLVED,icon/pm0766_00_00_00_big.png,42,84,e15162622b8114c47da94d5cf40f19db3854d0d6c7052e6bad039d6ee31cb894,True,True,True,True,True,False,assets/local/configs/SCVI/pm0766.json,86e4c732cab43c206a4a6c510c65d156d41e8d83bd8ebee17b430a8e175c5b47,freedom12/PokemonModelViewer,c5952930343748e6dcb4cae21ee383e0bd13b75c,public-derived-model-viewer-config-not-game-native-catalog,CROSSCHECK_PENDING,
SCVI,pm0767,767,pm0767_00_00,0,0,UNRESOLVED,UNRESOLVED,UNRESOLVED,icon/pm0767_00_00_00_big.png,76,152,75c6ea10453da865831278b1969013210f71c22bbb2d0cb94f12a5af718397fe,True,False,True,True,True,True,assets/local/configs/SCVI/pm0767.json,3d6301dd85b04ca144243ccf518df9120e2b8390533e3ed5923f9408be4f7f54,freedom12/PokemonModelViewer,c5952930343748e6dcb4cae21ee383e0bd13b75c,public-derived-model-viewer-config-not-game-native-catalog,CROSSCHECK_PENDING,
SCVI,pm0772,772,pm0772_00_00,0,0,UNRESOLVED,UNRESOLVED,UNRESOLVED,icon/pm0772_00_00_00_big.png,43,86,4a7b075cb953519a1e9ddf275b9c4db1287045b88c4093b238ff4df19aba2889,True,True,True,True,True,True,assets/local/configs/SCVI/pm0772.json,d6a8625cf0a7043ea5b16aad15b9fee243526865796f6c2dd9fa97cc330b4a2a,freedom12/PokemonModelViewer,c5952930343748e6dcb4cae21ee383e0bd13b75c,public-derived-model-viewer-config-not-game-native-catalog,CROSSCHECK_PENDING,
SCVI,pm0773,773,pm0773_00_00,0,0,UNRESOLVED,UNRESOLVED,UNRESOLVED,icon/pm0773_00_00_00_big.png,42,84,646b711c8997b7eacbef90ef2d93401481139ae41e984b57cb1202f5fcefcff4,True,False,True,True,True,True,assets/local/configs/SCVI/pm0773.json,89808198f761c01f8cf254944c1711064995425118d7382a0d1f449da392b780,freedom12/PokemonModelViewer,c5952930343748e6dcb4cae21ee383e0bd13b75c,public-derived-model-viewer-config-not-game-native-catalog,CROSSCHECK_PENDING,
SCVI,pm0774,774,pm0774_11_00,11,0,UNRESOLVED,UNRESOLVED,UNRESOLVED,icon/pm0774_11_00_00_big.png,42,84,5f4e65c3ddbb069fc3b20fb070c431c936d75fd11ff8f3a63cd657afa8de395d,True,False,True,True,True,True,assets/local/configs/SCVI/pm0774.json,51d50a7147d4b90fc70866e6f789b2b11605a2bed82726c2f0a1318348a2df05,freedom12/PokemonModelViewer,c5952930343748e6dcb4cae21ee383e0bd13b75c,public-derived-model-viewer-config-not-game-native-catalog,CROSSCHECK_PENDING,
SCVI,pm0774,774,pm0774_12_00,12,0,UNRESOLVED,UNRESOLVED,UNRESOLVED,icon/pm0774_12_00_00_big.png,45,90,62b3d5bcf70024081747efadce586ecf15735527d5a7c092e3d8be8a79755c66,True,True,True,True,True,True,assets/local/configs/SCVI/pm0774.json,51d50a7147d4b90fc70866e6f789b2b11605a2bed82726c2f0a1318348a2df05,freedom12/PokemonModelViewer,c5952930343748e6dcb4cae21ee383e0bd13b75c,public-derived-model-viewer-config-not-game-native-catalog,CROSSCHECK_PENDING,
SCVI,pm0801,801,pm0801_00_00,0,0,UNRESOLVED,UNRESOLVED,UNRESOLVED,icon/pm0801_00_00_00_big.png,70,140,f060685c0bdec04e6f62c2b78556e47ef27302031f997629a2b132d807c33a77,True,False,True,True,True,True,assets/local/configs/SCVI/pm0801.json,47ad39f0f7996c5f6a9c07ccd06cc568ae3a10d677359a2d833955dae84f848e,freedom12/PokemonModelViewer,c5952930343748e6dcb4cae21ee383e0bd13b75c,public-derived-model-viewer-config-not-game-native-catalog,CROSSCHECK_PENDING,
SCVI,pm0802,802,pm0802_00_00,0,0,UNRESOLVED,UNRESOLVED,UNRESOLVED,icon/pm0802_00_00_00_big.png,70,140,f060685c0bdec04e6f62c2b78556e47ef27302031f997629a2b132d807c33a77,True,False,True,True,True,True,assets/local/configs/SCVI/pm0802.json,e51e80efc39cdfa293052639990da071be24088cf49cf8bf42e4c4565800d78e,freedom12/PokemonModelViewer,c5952930343748e6dcb4cae21ee383e0bd13b75c,public-derived-model-viewer-config-not-game-native-catalog,CROSSCHECK_PENDING,
SCVI,pm0805,805,pm0805_00_00,0,0,UNRESOLVED,UNRESOLVED,UNRESOLVED,icon/pm0805_00_00_00_big.png,45,90,842c454b3b9e6258ca2343e6ee1ff3c25acd1b8b0d94ceab5e42944a83f8f4d8,True,False,True,True,True,True,assets/local/configs/SCVI/pm0805.json,0993b1f4f3bc193827ce8d157dc3cfd668c70278456392aab00bab73211ff11d,freedom12/PokemonModelViewer,c5952930343748e6dcb4cae21ee383e0bd13b75c,public-derived-model-viewer-config-not-game-native-catalog,CROSSCHECK_PENDING,
SCVI,pm0806,806,pm0806_00_00,0,0,UNRESOLVED,UNRESOLVED,UNRESOLVED,icon/pm0806_00_00_00_big.png,46,92,5a9f1b52282756f578da62961c34c91c76fa2976b69f4c828615a1aa07a9ec65,True,True,True,True,True,True,assets/local/configs/SCVI/pm0806.json,cc4a8555affa005e46dbe344c6cbbe21ec6c5cc29ea14cd7030d686c14982e58,freedom12/PokemonModelViewer,c5952930343748e6dcb4cae21ee383e0bd13b75c,public-derived-model-viewer-config-not-game-native-catalog,CROSSCHECK_PENDING,
SCVI,pm0807,807,pm0807_00_00,0,0,UNRESOLVED,UNRESOLVED,UNRESOLVED,icon/pm0807_00_00_00_big.png,83,166,4c826a10bfd1e30743d5e21150b80e1f888d74cccb50091d3f7854330c2b4c02,True,True,True,True,True,True,assets/local/configs/SCVI/pm0807.json,6d5c37d20a8f41c33a7bb949e1c2eec6e09a8246bee6a555ef4251c145c501e6,freedom12/PokemonModelViewer,c5952930343748e6dcb4cae21ee383e0bd13b75c,public-derived-model-viewer-config-not-game-native-catalog,CROSSCHECK_PENDING,
SCVI,pm0808,808,pm0808_00_00,0,0,UNRESOLVED,UNRESOLVED,UNRESOLVED,icon/pm0808_00_00_00_big.png,67,134,72d60d96e1c58dfa1bd0c94e172f8ff41310ccd923f5cf43945b693970eead1c,True,False,True,True,True,True,assets/local/configs/SCVI/pm0808.json,0202645c58355ac181b91ef3d4587622889fda3dcb0e8898ded636bf261a8e0a,freedom12/PokemonModelViewer,c5952930343748e6dcb4cae21ee383e0bd13b75c,public-derived-model-viewer-config-not-game-native-catalog,CROSSCHECK_PENDING,
SCVI,pm0809,809,pm0809_00_00,0,0,UNRESOLVED,UNRESOLVED,UNRESOLVED,icon/pm0809_00_00_00_big.png,82,164,7279ada2c681db116c417c4c2757143bdf8e9e30e6706c463de64b74033135b6,True,False,True,True,True,True,assets/local/configs/SCVI/pm0809.json,c80bd4b017eb6691a993f36e9f638a21cb22249ae0f237b94d3122edea460adb,freedom12/PokemonModelViewer,c5952930343748e6dcb4cae21ee383e0bd13b75c,public-derived-model-viewer-config-not-game-native-catalog,CROSSCHECK_PENDING,
SCVI,pm0810,810,pm0810_00_00,0,0,UNRESOLVED,UNRESOLVED,UNRESOLVED,icon/pm0810_00_00_00_big.png,49,98,ec974bec80ed07a54924175cca7d753c2ad2709e2f07aebdfd99fa333b328ad3,True,True,True,True,True,True,assets/local/configs/SCVI/pm0810.json,5707338369f14ea55e48c0b61364a57c99b2374e14a64d8d1a2302bf9f85ff13,freedom12/PokemonModelViewer,c5952930343748e6dcb4cae21ee383e0bd13b75c,public-derived-model-viewer-config-not-game-native-catalog,CROSSCHECK_PENDING,
SCVI,pm0811,811,pm0811_00_00,0,0,UNRESOLVED,UNRESOLVED,UNRESOLVED,icon/pm0811_00_00_00_big.png,42,84,49b11bbff06f4c442bf087777726ee447ab54cd1ab756910ad61b525900c1a8f,True,True,True,True,False,True,assets/local/configs/SCVI/pm0811.json,96682bc979e4b159f33249c18354bc19e9b7dde86095f63a20a3dab98c6f1959,freedom12/PokemonModelViewer,c5952930343748e6dcb4cae21ee383e0bd13b75c,public-derived-model-viewer-config-not-game-native-catalog,CROSSCHECK_PENDING,
SCVI,pm0812,812,pm0812_00_00,0,0,UNRESOLVED,UNRESOLVED,UNRESOLVED,icon/pm0812_00_00_00_big.png,48,96,5cc5318d6574064ab6dea885373f89e3d557efd456fa2f551294255ba61b68d1,True,False,True,True,True,True,assets/local/configs/SCVI/pm0812.json,1398c3194ea1b86ac4061eefec4d6c17af022d211d26f641ee50e7381d075e1a,freedom12/PokemonModelViewer,c5952930343748e6dcb4cae21ee383e0bd13b75c,public-derived-model-viewer-config-not-game-native-catalog,CROSSCHECK_PENDING,
SCVI,pm0813,813,pm0813_00_00,0,0,UNRESOLVED,UNRESOLVED,UNRESOLVED,icon/pm0813_00_00_00_big.png,48,96,ad34af74990236154e0b1d8865527438543ed5af867240c056ed2e6353217b66,True,False,True,True,True,True,assets/local/configs/SCVI/pm0813.json,8659e50d172afa9f6ec457780878245c68bb4370fe99934bbe5f240a10b70779,freedom12/PokemonModelViewer,c5952930343748e6dcb4cae21ee383e0bd13b75c,public-derived-model-viewer-config-not-game-native-catalog,CROSSCHECK_PENDING,
SCVI,pm0814,814,pm0814_00_00,0,0,UNRESOLVED,UNRESOLVED,UNRESOLVED,icon/pm0814_00_00_00_big.png,44,88,d7adcf1920c482be53bee13782b242211a87590acb39966b58a47628ffd4d06f,True,False,True,True,True,False,assets/local/configs/SCVI/pm0814.json,1747bab28dd9f9009f749d0b762273bf5f65de69b9c6fdcdce855bb27845a703,freedom12/PokemonModelViewer,c5952930343748e6dcb4cae21ee383e0bd13b75c,public-derived-model-viewer-config-not-game-native-catalog,CROSSCHECK_PENDING,
SCVI,pm0815,815,pm0815_00_00,0,0,UNRESOLVED,UNRESOLVED,UNRESOLVED,icon/pm0815_00_00_00_big.png,50,100,e9d085bc839b6fcbccc4bf14b02c8ddaf10145e41bced7ddd7a85c6a0ed84ca5,True,True,True,True,True,True,assets/local/configs/SCVI/pm0815.json,85a7ad20e0e143cbfd568631cbf4c96df20cb6c45ea17b82016052f102bfba93,freedom12/PokemonModelViewer,c5952930343748e6dcb4cae21ee383e0bd13b75c,public-derived-model-viewer-config-not-game-native-catalog,CROSSCHECK_PENDING,
SCVI,pm0816,816,pm0816_00_00,0,0,UNRESOLVED,UNRESOLVED,UNRESOLVED,icon/pm0816_00_00_00_big.png,49,98,ec974bec80ed07a54924175cca7d753c2ad2709e2f07aebdfd99fa333b328ad3,True,True,True,True,True,True,assets/local/configs/SCVI/pm0816.json,5058b787ded97ceb0cdf60e62e2a818dadc34952b0f00e18d7dae6a0502e45fd,freedom12/PokemonModelViewer,c5952930343748e6dcb4cae21ee383e0bd13b75c,public-derived-model-viewer-config-not-game-native-catalog,CROSSCHECK_PENDING,
SCVI,pm0817,817,pm0817_00_00,0,0,UNRESOLVED,UNRESOLVED,UNRESOLVED,icon/pm0817_00_00_00_big.png,46,92,5a9f1b52282756f578da62961c34c91c76fa2976b69f4c828615a1aa07a9ec65,True,True,True,True,True,True,assets/local/configs/SCVI/pm0817.json,76e49d88fc5fdfdb124a66028f64ac3bfd026122264c0f9df259403f125d7823,freedom12/PokemonModelViewer,c5952930343748e6dcb4cae21ee383e0bd13b75c,public-derived-model-viewer-config-not-game-native-catalog,CROSSCHECK_PENDING,
SCVI,pm0818,818,pm0818_00_00,0,0,UNRESOLVED,UNRESOLVED,UNRESOLVED,icon/pm0818_00_00_00_big.png,43,86,462aec9e7e5862573bbab24ccaed8bdc36a5b8068e0222fc06c6f2674d446906,True,True,True,True,True,True,assets/local/configs/SCVI/pm0818.json,3b2045f00295f0bcc2f3dcce0ca8734ba903599e45cfe5ad4541af2054c56395,freedom12/PokemonModelViewer,c5952930343748e6dcb4cae21ee383e0bd13b75c,public-derived-model-viewer-config-not-game-native-catalog,CROSSCHECK_PENDING,
SCVI,pm0819,819,pm0819_11_00,11,0,UNRESOLVED,UNRESOLVED,UNRESOLVED,icon/pm0819_11_00_00_big.png,45,90,d20b7e0432d4498fda8b20a3e01581aa12174401284a1c66cab1801231798db3,True,True,True,True,False,False,assets/local/configs/SCVI/pm0819.json,4f4b56ee6bb2072d0fe1d1761c38704cb98e3f03e66ae82ebcfa5e2d64b8f58a,freedom12/PokemonModelViewer,c5952930343748e6dcb4cae21ee383e0bd13b75c,public-derived-model-viewer-config-not-game-native-catalog,CROSSCHECK_PENDING,
SCVI,pm0819,819,pm0819_12_00,12,0,UNRESOLVED,UNRESOLVED,UNRESOLVED,icon/pm0819_12_00_00_big.png,50,100,e1ca27e5885d5ee8d87acb8ac75ce6bcfd861dec38df04e94afaf3769ae17731,True,True,True,True,True,True,assets/local/configs/SCVI/pm0819.json,4f4b56ee6bb2072d0fe1d1761c38704cb98e3f03e66ae82ebcfa5e2d64b8f58a,freedom12/PokemonModelViewer,c5952930343748e6dcb4cae21ee383e0bd13b75c,public-derived-model-viewer-config-not-game-native-catalog,CROSSCHECK_PENDING,
SCVI,pm0822,822,pm0822_00_00,0,0,UNRESOLVED,UNRESOLVED,UNRESOLVED,icon/pm0822_00_00_00_big.png,37,74,66aea59235311aa2b9bca30858ce70a9ff858f9fbe2d4c21cae6a0b4ca0a0380,True,False,True,True,True,True,assets/local/configs/SCVI/pm0822.json,095939c963fcd7d241baaa64d687c6ba8820d7759076cfc9d79854395fc5bdb7,freedom12/PokemonModelViewer,c5952930343748e6dcb4cae21ee383e0bd13b75c,public-derived-model-viewer-config-not-game-native-catalog,CROSSCHECK_PENDING,
SCVI,pm0823,823,pm0823_00_00,0,0,UNRESOLVED,UNRESOLVED,UNRESOLVED,icon/pm0823_00_00_00_big.png,38,76,9f8ffcabd6695a4a69cd9ef069e5ea5073d05d2af3aa5f0ade271fedcb88fbb5,True,False,True,True,True,True,assets/local/configs/SCVI/pm0823.json,aa48c0fdf4cfa4bc593de8a10ef25f6b94fadba77eb215724a057c23d5389cfb,freedom12/PokemonModelViewer,c5952930343748e6dcb4cae21ee383e0bd13b75c,public-derived-model-viewer-config-not-game-native-catalog,CROSSCHECK_PENDING,
SCVI,pm0824,824,pm0824_11_00,11,0,UNRESOLVED,UNRESOLVED,UNRESOLVED,icon/pm0824_11_00_00_big.png,44,88,ec3cefa0e63d011f05a9a0417db4335a60f76b9bc1217da8ddb8df17938d9c83,True,True,True,True,False,True,assets/local/configs/SCVI/pm0824.json,35b668127aff8c9aaab82321618d0f95d31c64b4a8c7972831b6efb9df55e4fb,freedom12/PokemonModelViewer,c5952930343748e6dcb4cae21ee383e0bd13b75c,public-derived-model-viewer-config-not-game-native-catalog,CROSSCHECK_PENDING,
SCVI,pm0824,824,pm0824_12_00,12,0,UNRESOLVED,UNRESOLVED,UNRESOLVED,icon/pm0824_12_00_00_big.png,50,100,4eeccf916847dcbd9fb526970f04bc3909824bb1e84501ea7aaa1f202377d750,True,True,True,True,False,True,assets/local/configs/SCVI/pm0824.json,35b668127aff8c9aaab82321618d0f95d31c64b4a8c7972831b6efb9df55e4fb,freedom12/PokemonModelViewer,c5952930343748e6dcb4cae21ee383e0bd13b75c,public-derived-model-viewer-config-not-game-native-catalog,CROSSCHECK_PENDING,
SCVI,pm0825,825,pm0825_11_00,11,0,UNRESOLVED,UNRESOLVED,UNRESOLVED,icon/pm0825_11_00_00_big.png,77,154,4fe226094e95b3887be432818a9e99a9e415f852c08de87b763bc21a42e25dd2,True,True,True,True,True,True,assets/local/configs/SCVI/pm0825.json,580aa6a5b3b945585fde393ae835205dab8901d1cd973901446e4c75c0245e27,freedom12/PokemonModelViewer,c5952930343748e6dcb4cae21ee383e0bd13b75c,public-derived-model-viewer-config-not-game-native-catalog,CROSSCHECK_PENDING,
SCVI,pm0825,825,pm0825_12_00,12,0,UNRESOLVED,UNRESOLVED,UNRESOLVED,icon/pm0825_12_00_00_big.png,75,150,83ef69166970801c8cda429ee527aca848188c2eb678835a6374e3e63a1516ee,True,True,True,True,True,True,assets/local/configs/SCVI/pm0825.json,580aa6a5b3b945585fde393ae835205dab8901d1cd973901446e4c75c0245e27,freedom12/PokemonModelViewer,c5952930343748e6dcb4cae21ee383e0bd13b75c,public-derived-model-viewer-config-not-game-native-catalog,CROSSCHECK_PENDING,
SCVI,pm0825,825,pm0825_13_00,13,0,UNRESOLVED,UNRESOLVED,UNRESOLVED,icon/pm0825_13_00_00_big.png,77,154,bc783de5bbadd33167f26260262f3b69e0bd1bd102518724f0848fc167f50704,True,True,True,True,True,True,assets/local/configs/SCVI/pm0825.json,580aa6a5b3b945585fde393ae835205dab8901d1cd973901446e4c75c0245e27,freedom12/PokemonModelViewer,c5952930343748e6dcb4cae21ee383e0bd13b75c,public-derived-model-viewer-config-not-game-native-catalog,CROSSCHECK_PENDING,
SCVI,pm0825,825,pm0825_14_00,14,0,UNRESOLVED,UNRESOLVED,UNRESOLVED,icon/pm0825_14_00_00_big.png,76,152,ff8ec4158c643b9fa875a35067779134417fe90d4d6f8339bbf59d802ae26e77,True,True,True,True,True,True,assets/local/configs/SCVI/pm0825.json,580aa6a5b3b945585fde393ae835205dab8901d1cd973901446e4c75c0245e27,freedom12/PokemonModelViewer,c5952930343748e6dcb4cae21ee383e0bd13b75c,public-derived-model-viewer-config-not-game-native-catalog,CROSSCHECK_PENDING,
SCVI,pm0826,826,pm0826_00_00,0,0,UNRESOLVED,UNRESOLVED,UNRESOLVED,icon/pm0826_00_00_00_big.png,46,92,5a9f1b52282756f578da62961c34c91c76fa2976b69f4c828615a1aa07a9ec65,True,True,True,True,True,True,assets/local/configs/SCVI/pm0826.json,2d52c81d5fc886c341db2fc72eb3ad081bb76e1663d248406b567f3ca3aeb3be,freedom12/PokemonModelViewer,c5952930343748e6dcb4cae21ee383e0bd13b75c,public-derived-model-viewer-config-not-game-native-catalog,CROSSCHECK_PENDING,
SCVI,pm0827,827,pm0827_00_00,0,0,UNRESOLVED,UNRESOLVED,UNRESOLVED,icon/pm0827_00_00_00_big.png,45,90,842c454b3b9e6258ca2343e6ee1ff3c25acd1b8b0d94ceab5e42944a83f8f4d8,True,False,True,True,True,True,assets/local/configs/SCVI/pm0827.json,eb6e6c34b4aa073985834d544381bb25e83c93adf8dcdbdd9257ee88fc46a45d,freedom12/PokemonModelViewer,c5952930343748e6dcb4cae21ee383e0bd13b75c,public-derived-model-viewer-config-not-game-native-catalog,CROSSCHECK_PENDING,
SCVI,pm0828,828,pm0828_00_00,0,0,UNRESOLVED,UNRESOLVED,UNRESOLVED,icon/pm0828_00_00_00_big.png,49,98,ec974bec80ed07a54924175cca7d753c2ad2709e2f07aebdfd99fa333b328ad3,True,True,True,True,True,True,assets/local/configs/SCVI/pm0828.json,4d2048f0612eb7e505f63c0e6046be09406da7ced2172c5126f0766630490c6b,freedom12/PokemonModelViewer,c5952930343748e6dcb4cae21ee383e0bd13b75c,public-derived-model-viewer-config-not-game-native-catalog,CROSSCHECK_PENDING,
SCVI,pm0829,829,pm0829_11_00,11,0,UNRESOLVED,UNRESOLVED,UNRESOLVED,icon/pm0829_11_00_00_big.png,49,98,ec974bec80ed07a54924175cca7d753c2ad2709e2f07aebdfd99fa333b328ad3,True,True,True,True,True,True,assets/local/configs/SCVI/pm0829.json,b099a43478d74dc1305059b34c1de091423e105a598b509153c73722b54f664c,freedom12/PokemonModelViewer,c5952930343748e6dcb4cae21ee383e0bd13b75c,public-derived-model-viewer-config-not-game-native-catalog,CROSSCHECK_PENDING,
SCVI,pm0829,829,pm0829_12_00,12,0,UNRESOLVED,UNRESOLVED,UNRESOLVED,icon/pm0829_12_00_00_big.png,46,92,5a9f1b52282756f578da62961c34c91c76fa2976b69f4c828615a1aa07a9ec65,True,True,True,True,True,True,assets/local/configs/SCVI/pm0829.json,b099a43478d74dc1305059b34c1de091423e105a598b509153c73722b54f664c,freedom12/PokemonModelViewer,c5952930343748e6dcb4cae21ee383e0bd13b75c,public-derived-model-viewer-config-not-game-native-catalog,CROSSCHECK_PENDING,
SCVI,pm0829,829,pm0829_13_00,13,0,UNRESOLVED,UNRESOLVED,UNRESOLVED,icon/pm0829_13_00_00_big.png,46,92,5a9f1b52282756f578da62961c34c91c76fa2976b69f4c828615a1aa07a9ec65,True,True,True,True,True,True,assets/local/configs/SCVI/pm0829.json,b099a43478d74dc1305059b34c1de091423e105a598b509153c73722b54f664c,freedom12/PokemonModelViewer,c5952930343748e6dcb4cae21ee383e0bd13b75c,public-derived-model-viewer-config-not-game-native-catalog,CROSSCHECK_PENDING,
SCVI,pm0834,834,pm0834_00_00,0,0,UNRESOLVED,UNRESOLVED,UNRESOLVED,icon/pm0834_00_00_00_big.png,46,92,65522351828d2073903dae885de112b8156cbf45ffb4afc34a821a4662abb73b,True,True,True,True,True,False,assets/local/configs/SCVI/pm0834.json,587706a85c56d89806779a009fe4f91d71cd980cb044263dcfcd2d8f089f2338,freedom12/PokemonModelViewer,c5952930343748e6dcb4cae21ee383e0bd13b75c,public-derived-model-viewer-config-not-game-native-catalog,CROSSCHECK_PENDING,
SCVI,pm0835,835,pm0835_00_00,0,0,UNRESOLVED,UNRESOLVED,UNRESOLVED,icon/pm0835_00_00_00_big.png,47,94,b33d4868ddd5a8220c542323262413f7859aeac3a5aa98a5c5be3657c15737ad,True,True,True,True,True,True,assets/local/configs/SCVI/pm0835.json,de6a3a8cb7574574ae022b36c7312eea2696e9c75cffdea573101a178ca5fffa,freedom12/PokemonModelViewer,c5952930343748e6dcb4cae21ee383e0bd13b75c,public-derived-model-viewer-config-not-game-native-catalog,CROSSCHECK_PENDING,
SCVI,pm0836,836,pm0836_00_00,0,0,UNRESOLVED,UNRESOLVED,UNRESOLVED,icon/pm0836_00_00_00_big.png,50,100,b41c4073e8cb3ef87bd52c3f74cd3d87ea8346e08ba61107f3069c53ab3aa986,True,True,True,True,True,True,assets/local/configs/SCVI/pm0836.json,12dece84460d8e964a54df0ca8ed19b3e2fc34e08e41910044e99355202f6c29,freedom12/PokemonModelViewer,c5952930343748e6dcb4cae21ee383e0bd13b75c,public-derived-model-viewer-config-not-game-native-catalog,CROSSCHECK_PENDING,
SCVI,pm0837,837,pm0837_00_00,0,0,UNRESOLVED,UNRESOLVED,UNRESOLVED,icon/pm0837_00_00_00_big.png,45,90,819a77f1c1d2d2305388bd5dad146e3532ee8c404ca83e54d64aa1f35819fd47,True,True,True,True,False,True,assets/local/configs/SCVI/pm0837.json,7699231fd03ef980981fe9778b359bfcec1ef58c1d2f9453b855b31ed778d31e,freedom12/PokemonModelViewer,c5952930343748e6dcb4cae21ee383e0bd13b75c,public-derived-model-viewer-config-not-game-native-catalog,CROSSCHECK_PENDING,
SCVI,pm0838,838,pm0838_00_00,0,0,UNRESOLVED,UNRESOLVED,UNRESOLVED,icon/pm0838_00_00_00_big.png,44,88,8976b0c63cc38fc752b8a4af7f87fc0ddf04b68d133e351d231353392fdae813,True,True,True,True,True,True,assets/local/configs/SCVI/pm0838.json,911d8d84a7c998c17198be39470ecd803dfda68d71a2f6ce95aeb7315c778511,freedom12/PokemonModelViewer,c5952930343748e6dcb4cae21ee383e0bd13b75c,public-derived-model-viewer-config-not-game-native-catalog,CROSSCHECK_PENDING,
SCVI,pm0839,839,pm0839_00_00,0,0,UNRESOLVED,UNRESOLVED,UNRESOLVED,icon/pm0839_00_00_00_big.png,48,96,ad34af74990236154e0b1d8865527438543ed5af867240c056ed2e6353217b66,True,False,True,True,True,True,assets/local/configs/SCVI/pm0839.json,42ca8e7d3601bd20e0d5b7eb1c66a3206ec8bcd34f438a98e3bc279d6f46ae4e,freedom12/PokemonModelViewer,c5952930343748e6dcb4cae21ee383e0bd13b75c,public-derived-model-viewer-config-not-game-native-catalog,CROSSCHECK_PENDING,
SCVI,pm0840,840,pm0840_00_00,0,0,UNRESOLVED,UNRESOLVED,UNRESOLVED,icon/pm0840_00_00_00_big.png,49,98,e237f4bc30bab20a55bb469a3ae93d070ec807f4df153296c2b52ac6c978d7e0,True,False,True,True,True,True,assets/local/configs/SCVI/pm0840.json,f06f416921124d19bfaa996c4d2324a1745a50d8e57d92d3c29dfb379f758c9d,freedom12/PokemonModelViewer,c5952930343748e6dcb4cae21ee383e0bd13b75c,public-derived-model-viewer-config-not-game-native-catalog,CROSSCHECK_PENDING,
SCVI,pm0841,841,pm0841_00_00,0,0,UNRESOLVED,UNRESOLVED,UNRESOLVED,icon/pm0841_00_00_00_big.png,89,178,2305500002957251e23d25164924b3e977a9c59874a09f7b9e094deefc2b9520,True,True,True,True,True,True,assets/local/configs/SCVI/pm0841.json,d4a9318910b6317960434180d9cfaa31979436312297dbd6f8f465d49ce4e182,freedom12/PokemonModelViewer,c5952930343748e6dcb4cae21ee383e0bd13b75c,public-derived-model-viewer-config-not-game-native-catalog,CROSSCHECK_PENDING,
SCVI,pm0842,842,pm0842_00_00,0,0,UNRESOLVED,UNRESOLVED,UNRESOLVED,icon/pm0842_00_00_00_big.png,87,174,4ff5366a1df0a37d19fd2fd6a0ad474b2fbadb047a7856af9e0183f2c80d486a,True,True,True,True,False,True,assets/local/configs/SCVI/pm0842.json,8b6e14a6e9349ca16cf97d5b77ad0b44768bfd99bae4db04e93bfc2e001c2b5d,freedom12/PokemonModelViewer,c5952930343748e6dcb4cae21ee383e0bd13b75c,public-derived-model-viewer-config-not-game-native-catalog,CROSSCHECK_PENDING,
SCVI,pm0843,843,pm0843_00_00,0,0,UNRESOLVED,UNRESOLVED,UNRESOLVED,icon/pm0843_00_00_00_big.png,74,148,90cc77b6a6c841d0d5c25520fe4bef458ab325229723556f63de0f7f627999ce,True,True,True,True,True,True,assets/local/configs/SCVI/pm0843.json,ee1083d9f7551ffe7b3bbbc464e9b78302cc02868b38211c5d622672d2d41cc2,freedom12/PokemonModelViewer,c5952930343748e6dcb4cae21ee383e0bd13b75c,public-derived-model-viewer-config-not-game-native-catalog,CROSSCHECK_PENDING,
SCVI,pm0843,843,pm0843_00_41,0,41,UNRESOLVED,UNRESOLVED,UNRESOLVED,icon/pm0843_00_41_00_big.png,74,148,90cc77b6a6c841d0d5c25520fe4bef458ab325229723556f63de0f7f627999ce,True,True,True,True,True,True,assets/local/configs/SCVI/pm0843.json,ee1083d9f7551ffe7b3bbbc464e9b78302cc02868b38211c5d622672d2d41cc2,freedom12/PokemonModelViewer,c5952930343748e6dcb4cae21ee383e0bd13b75c,public-derived-model-viewer-config-not-game-native-catalog,CROSSCHECK_PENDING,
SCVI,pm0844,844,pm0844_00_00,0,0,UNRESOLVED,UNRESOLVED,UNRESOLVED,icon/pm0844_00_00_00_big.png,49,98,ec974bec80ed07a54924175cca7d753c2ad2709e2f07aebdfd99fa333b328ad3,True,True,True,True,True,True,assets/local/configs/SCVI/pm0844.json,3faee10b181f7ceb9bf051e9b6e309122f37dccfe8eb7e2779de9900c7b9282b,freedom12/PokemonModelViewer,c5952930343748e6dcb4cae21ee383e0bd13b75c,public-derived-model-viewer-config-not-game-native-catalog,CROSSCHECK_PENDING,
SCVI,pm0845,845,pm0845_00_00,0,0,UNRESOLVED,UNRESOLVED,UNRESOLVED,icon/pm0845_00_00_00_big.png,49,98,ec974bec80ed07a54924175cca7d753c2ad2709e2f07aebdfd99fa333b328ad3,True,True,True,True,True,True,assets/local/configs/SCVI/pm0845.json,32000675392b57c337825ea48f2542d1985769c1bb55b4348b556b24b6a2cf3c,freedom12/PokemonModelViewer,c5952930343748e6dcb4cae21ee383e0bd13b75c,public-derived-model-viewer-config-not-game-native-catalog,CROSSCHECK_PENDING,
SCVI,pm0846,846,pm0846_00_00,0,0,UNRESOLVED,UNRESOLVED,UNRESOLVED,icon/pm0846_00_00_00_big.png,50,100,a0ac961578b78843dbe718fb984ea2713dc1fcb3fedce1142d5e4f58ee3be2f1,True,True,True,True,True,True,assets/local/configs/SCVI/pm0846.json,200ac25831948b69d4fd02b7ddf22d771b2eb0415552cf5c6f9b68856f45b836,freedom12/PokemonModelViewer,c5952930343748e6dcb4cae21ee383e0bd13b75c,public-derived-model-viewer-config-not-game-native-catalog,CROSSCHECK_PENDING,
SCVI,pm0847,847,pm0847_00_00,0,0,UNRESOLVED,UNRESOLVED,UNRESOLVED,icon/pm0847_00_00_00_big.png,83,166,1425519ba0ad5b7ee642c83ab167aa19ad6d87647bfa8de213dc14c220ac21ae,True,True,True,True,True,True,assets/local/configs/SCVI/pm0847.json,3eda51d1e0a63f714310b39ae8cc27ee6c083f34179b2ce8027d1c569265e1db,freedom12/PokemonModelViewer,c5952930343748e6dcb4cae21ee383e0bd13b75c,public-derived-model-viewer-config-not-game-native-catalog,CROSSCHECK_PENDING,
SCVI,pm0848,848,pm0848_00_00,0,0,UNRESOLVED,UNRESOLVED,UNRESOLVED,icon/pm0848_00_00_00_big.png,83,166,1425519ba0ad5b7ee642c83ab167aa19ad6d87647bfa8de213dc14c220ac21ae,True,True,True,True,True,True,assets/local/configs/SCVI/pm0848.json,f26340eec216197b1d971a8e8207fd2dd649cac216eb657ea3e22989acac7199,freedom12/PokemonModelViewer,c5952930343748e6dcb4cae21ee383e0bd13b75c,public-derived-model-viewer-config-not-game-native-catalog,CROSSCHECK_PENDING,
SCVI,pm0849,849,pm0849_00_00,0,0,UNRESOLVED,UNRESOLVED,UNRESOLVED,icon/pm0849_00_00_00_big.png,83,166,1425519ba0ad5b7ee642c83ab167aa19ad6d87647bfa8de213dc14c220ac21ae,True,True,True,True,True,True,assets/local/configs/SCVI/pm0849.json,55ab2227a9c2b2142ea1264ebea6398be3576129c1381915d57a467e04a8336b,freedom12/PokemonModelViewer,c5952930343748e6dcb4cae21ee383e0bd13b75c,public-derived-model-viewer-config-not-game-native-catalog,CROSSCHECK_PENDING,
SCVI,pm0850,850,pm0850_00_00,0,0,UNRESOLVED,UNRESOLVED,UNRESOLVED,icon/pm0850_00_00_00_big.png,77,154,12cd044cc7cbabf12ed2ef3e33a4a60286a9fb3a92aaf3bb567c3f58d6005f63,True,True,True,True,True,True,assets/local/configs/SCVI/pm0850.json,67ec59b5e43c4c2944b270f32ceba03376a22898c20e2058b07f788059e3683c,freedom12/PokemonModelViewer,c5952930343748e6dcb4cae21ee383e0bd13b75c,public-derived-model-viewer-config-not-game-native-catalog,CROSSCHECK_PENDING,
SCVI,pm0851,851,pm0851_00_00,0,0,UNRESOLVED,UNRESOLVED,UNRESOLVED,icon/pm0851_00_00_00_big.png,70,140,ecb0ecfd07d300e2c923f4923ba07955698890ddb5913cb23d123c8ba1b50421,True,True,True,True,False,True,assets/local/configs/SCVI/pm0851.json,f9a36de182d3e5094b6bf88b18c19d25271fb6f5ca8a1fcf959d0cee50d2eeb6,freedom12/PokemonModelViewer,c5952930343748e6dcb4cae21ee383e0bd13b75c,public-derived-model-viewer-config-not-game-native-catalog,CROSSCHECK_PENDING,
SCVI,pm0855,855,pm0855_00_00,0,0,UNRESOLVED,UNRESOLVED,UNRESOLVED,icon/pm0855_00_00_00_big.png,42,84,1589305a7836e07cca0d2f812bb472277cbf1d7b9e20f8d59d0233c145c66af1,True,False,True,True,True,True,assets/local/configs/SCVI/pm0855.json,481130d7658c2bec7d4a4e0e0dcdaeeccc02de908b8cbae6013661a5f5739778,freedom12/PokemonModelViewer,c5952930343748e6dcb4cae21ee383e0bd13b75c,public-derived-model-viewer-config-not-game-native-catalog,CROSSCHECK_PENDING,
SCVI,pm0859,859,pm0859_00_00,0,0,UNRESOLVED,UNRESOLVED,UNRESOLVED,icon/pm0859_00_00_00_big.png,49,98,ec974bec80ed07a54924175cca7d753c2ad2709e2f07aebdfd99fa333b328ad3,True,True,True,True,True,True,assets/local/configs/SCVI/pm0859.json,208a1d641146bd473627d8825df4a1a881f6ab71a61a02fb8bfc1c99e2f8ac6d,freedom12/PokemonModelViewer,c5952930343748e6dcb4cae21ee383e0bd13b75c,public-derived-model-viewer-config-not-game-native-catalog,CROSSCHECK_PENDING,
SCVI,pm0860,860,pm0860_00_00,0,0,UNRESOLVED,UNRESOLVED,UNRESOLVED,icon/pm0860_00_00_00_big.png,49,98,ec974bec80ed07a54924175cca7d753c2ad2709e2f07aebdfd99fa333b328ad3,True,True,True,True,True,True,assets/local/configs/SCVI/pm0860.json,8a8831e4c22c05a9894b747288a49f8e786abebb93050d92f51d6819d76711b0,freedom12/PokemonModelViewer,c5952930343748e6dcb4cae21ee383e0bd13b75c,public-derived-model-viewer-config-not-game-native-catalog,CROSSCHECK_PENDING,
SCVI,pm0863,863,pm0863_00_00,0,0,UNRESOLVED,UNRESOLVED,UNRESOLVED,icon/pm0863_00_00_00_big.png,43,86,4a7b075cb953519a1e9ddf275b9c4db1287045b88c4093b238ff4df19aba2889,True,True,True,True,True,True,assets/local/configs/SCVI/pm0863.json,7188e2624a9bee666c4493253d8448556679549a798f1745e0806c563a469b65,freedom12/PokemonModelViewer,c5952930343748e6dcb4cae21ee383e0bd13b75c,public-derived-model-viewer-config-not-game-native-catalog,CROSSCHECK_PENDING,
SCVI,pm0865,865,pm0865_11_00,11,0,UNRESOLVED,UNRESOLVED,UNRESOLVED,icon/pm0865_11_00_00_big.png,40,80,fc4bf9b26af491894f0e7df0efca33207f9c770fe37a1e6aa9ad0eca2661efa8,True,False,True,True,False,False,assets/local/configs/SCVI/pm0865.json,281e66f142ae44e37bad4b714db4dbdd7e73f70c8420f05988447468f3ed9e0a,freedom12/PokemonModelViewer,c5952930343748e6dcb4cae21ee383e0bd13b75c,public-derived-model-viewer-config-not-game-native-catalog,CROSSCHECK_PENDING,
SCVI,pm0865,865,pm0865_12_00,12,0,UNRESOLVED,UNRESOLVED,UNRESOLVED,icon/pm0865_12_00_00_big.png,71,142,8d07165378989d653928fefffb2507fb2a671338e224087e76674910a2a4ae6e,True,True,True,True,True,True,assets/local/configs/SCVI/pm0865.json,281e66f142ae44e37bad4b714db4dbdd7e73f70c8420f05988447468f3ed9e0a,freedom12/PokemonModelViewer,c5952930343748e6dcb4cae21ee383e0bd13b75c,public-derived-model-viewer-config-not-game-native-catalog,CROSSCHECK_PENDING,
SCVI,pm0865,865,pm0865_13_00,13,0,UNRESOLVED,UNRESOLVED,UNRESOLVED,icon/pm0865_13_00_00_big.png,45,90,62b3d5bcf70024081747efadce586ecf15735527d5a7c092e3d8be8a79755c66,True,True,True,True,True,True,assets/local/configs/SCVI/pm0865.json,281e66f142ae44e37bad4b714db4dbdd7e73f70c8420f05988447468f3ed9e0a,freedom12/PokemonModelViewer,c5952930343748e6dcb4cae21ee383e0bd13b75c,public-derived-model-viewer-config-not-game-native-catalog,CROSSCHECK_PENDING,
SCVI,pm0868,868,pm0868_00_00,0,0,UNRESOLVED,UNRESOLVED,UNRESOLVED,icon/pm0868_00_00_00_big.png,44,88,d7adcf1920c482be53bee13782b242211a87590acb39966b58a47628ffd4d06f,True,False,True,True,True,False,assets/local/configs/SCVI/pm0868.json,d98b5af043900cfaf78549f4ae012f8f4cb3405d5ffca0ccb6c8a2c27b321eaf,freedom12/PokemonModelViewer,c5952930343748e6dcb4cae21ee383e0bd13b75c,public-derived-model-viewer-config-not-game-native-catalog,CROSSCHECK_PENDING,
SCVI,pm0869,869,pm0869_00_00,0,0,UNRESOLVED,UNRESOLVED,UNRESOLVED,icon/pm0869_00_00_00_big.png,47,94,1808101aa2bd7b91da7d2beb2858620962bff9c963ad13ba5e11616e4079f806,True,False,True,True,True,False,assets/local/configs/SCVI/pm0869.json,c67a73959248006b950fb8beaea3eaf48d7f4a223e1b14f8f9ee39c86ceebd43,freedom12/PokemonModelViewer,c5952930343748e6dcb4cae21ee383e0bd13b75c,public-derived-model-viewer-config-not-game-native-catalog,CROSSCHECK_PENDING,
SCVI,pm0871,871,pm0871_00_00,0,0,UNRESOLVED,UNRESOLVED,UNRESOLVED,icon/pm0871_00_00_00_big.png,44,88,8976b0c63cc38fc752b8a4af7f87fc0ddf04b68d133e351d231353392fdae813,True,True,True,True,True,True,assets/local/configs/SCVI/pm0871.json,f3f1fee818cbe443bda238d23d1956ed0f4a9076926595cb065487da3f743c49,freedom12/PokemonModelViewer,c5952930343748e6dcb4cae21ee383e0bd13b75c,public-derived-model-viewer-config-not-game-native-catalog,CROSSCHECK_PENDING,
SCVI,pm0872,872,pm0872_00_00,0,0,UNRESOLVED,UNRESOLVED,UNRESOLVED,icon/pm0872_00_00_00_big.png,42,84,87a9a20e8bd964bfe18ee15cf1e405c708f6a52af1447a988622e57b11fce1bb,True,True,True,True,False,False,assets/local/configs/SCVI/pm0872.json,1cb6603744075677817b1d72d8e91ad5941662143aa95b156f23554d108268d8,freedom12/PokemonModelViewer,c5952930343748e6dcb4cae21ee383e0bd13b75c,public-derived-model-viewer-config-not-game-native-catalog,CROSSCHECK_PENDING,
SCVI,pm0873,873,pm0873_00_00,0,0,UNRESOLVED,UNRESOLVED,UNRESOLVED,icon/pm0873_00_00_00_big.png,72,144,ab21a3d6a496695ec29e02b0d38c4d1e70b7a58dd558372af166e1b3cb1123e8,True,True,True,True,True,True,assets/local/configs/SCVI/pm0873.json,c25c3c218263e6fcd7ba720b0481320a9bf6efd0095afb260e856d199595b429,freedom12/PokemonModelViewer,c5952930343748e6dcb4cae21ee383e0bd13b75c,public-derived-model-viewer-config-not-game-native-catalog,CROSSCHECK_PENDING,
SCVI,pm0874,874,pm0874_00_00,0,0,UNRESOLVED,UNRESOLVED,UNRESOLVED,icon/pm0874_00_00_00_big.png,43,86,8a4c18a033cc43231753c9d79953d5666ead1918722bc5d327ac9bed8d77672d,True,False,True,True,True,True,assets/local/configs/SCVI/pm0874.json,d09bf067f949bd3219bfdba0b4a4995ea21232de2ad5553fb53676833ed49602,freedom12/PokemonModelViewer,c5952930343748e6dcb4cae21ee383e0bd13b75c,public-derived-model-viewer-config-not-game-native-catalog,CROSSCHECK_PENDING,
SCVI,pm0882,882,pm0882_11_00,11,0,UNRESOLVED,UNRESOLVED,UNRESOLVED,icon/pm0882_11_00_00_big.png,42,84,ae27aeb1271bc0347b30691ea18bef23d7d0b221782f872f9f623d4698e3fb86,True,True,True,True,True,False,assets/local/configs/SCVI/pm0882.json,bbcdbdfff10ac829aefbc9fb2dbc2cd9c6a3fe09450925ceac1b987dcf2d97b6,freedom12/PokemonModelViewer,c5952930343748e6dcb4cae21ee383e0bd13b75c,public-derived-model-viewer-config-not-game-native-catalog,CROSSCHECK_PENDING,
SCVI,pm0882,882,pm0882_12_00,12,0,UNRESOLVED,UNRESOLVED,UNRESOLVED,icon/pm0882_12_00_00_big.png,42,84,ae27aeb1271bc0347b30691ea18bef23d7d0b221782f872f9f623d4698e3fb86,True,True,True,True,True,False,assets/local/configs/SCVI/pm0882.json,bbcdbdfff10ac829aefbc9fb2dbc2cd9c6a3fe09450925ceac1b987dcf2d97b6,freedom12/PokemonModelViewer,c5952930343748e6dcb4cae21ee383e0bd13b75c,public-derived-model-viewer-config-not-game-native-catalog,CROSSCHECK_PENDING,
SCVI,pm0903,903,pm0903_00_00,0,0,UNRESOLVED,UNRESOLVED,UNRESOLVED,icon/pm0903_00_00_00_big.png,73,146,9323777bcb9ffec84e1dc38968c2950139bab6936b88ff1c4e06884807c1b109,True,False,True,True,True,True,assets/local/configs/SCVI/pm0903.json,3706cdb77999bdc1724fab7c7d5064600f006de90c863879b74e99695aad9648,freedom12/PokemonModelViewer,c5952930343748e6dcb4cae21ee383e0bd13b75c,public-derived-model-viewer-config-not-game-native-catalog,CROSSCHECK_PENDING,
SCVI,pm0904,904,pm0904_00_00,0,0,UNRESOLVED,UNRESOLVED,UNRESOLVED,icon/pm0904_00_00_00_big.png,73,146,9323777bcb9ffec84e1dc38968c2950139bab6936b88ff1c4e06884807c1b109,True,False,True,True,True,True,assets/local/configs/SCVI/pm0904.json,3a7df6df0a9194e02529e067b72a7ff03b9de27d9e136860da9f6773dceac4f9,freedom12/PokemonModelViewer,c5952930343748e6dcb4cae21ee383e0bd13b75c,public-derived-model-viewer-config-not-game-native-catalog,CROSSCHECK_PENDING,
SCVI,pm0909,909,pm0909_00_00,0,0,UNRESOLVED,UNRESOLVED,UNRESOLVED,icon/pm0909_00_00_00_big.png,48,96,ad34af74990236154e0b1d8865527438543ed5af867240c056ed2e6353217b66,True,False,True,True,True,True,assets/local/configs/SCVI/pm0909.json,4638c8d3830acd3f614cacba9ce30007757b76a53fc1505c76dba1c1cdab2d52,freedom12/PokemonModelViewer,c5952930343748e6dcb4cae21ee383e0bd13b75c,public-derived-model-viewer-config-not-game-native-catalog,CROSSCHECK_PENDING,
SCVI,pm0910,910,pm0910_00_00,0,0,UNRESOLVED,UNRESOLVED,UNRESOLVED,icon/pm0910_00_00_00_big.png,49,98,ec974bec80ed07a54924175cca7d753c2ad2709e2f07aebdfd99fa333b328ad3,True,True,True,True,True,True,assets/local/configs/SCVI/pm0910.json,72be46e7a6ebd72df49a5d488536ae99f84a97fdb895d9f32e17508c060a96cf,freedom12/PokemonModelViewer,c5952930343748e6dcb4cae21ee383e0bd13b75c,public-derived-model-viewer-config-not-game-native-catalog,CROSSCHECK_PENDING,
SCVI,pm0913,913,pm0913_00_00,0,0,UNRESOLVED,UNRESOLVED,UNRESOLVED,icon/pm0913_00_00_00_big.png,43,86,6d9d5cf2c966306a269deecd14a4214d3ab85772ecbcdc7e4db68f7652f31055,True,True,True,True,True,True,assets/local/configs/SCVI/pm0913.json,1b91241d80f9fba327dab16d0d9068776b2454747fd47cbddc793f8cd6b78bab,freedom12/PokemonModelViewer,c5952930343748e6dcb4cae21ee383e0bd13b75c,public-derived-model-viewer-config-not-game-native-catalog,CROSSCHECK_PENDING,
SCVI,pm0914,914,pm0914_00_00,0,0,UNRESOLVED,UNRESOLVED,UNRESOLVED,icon/pm0914_00_00_00_big.png,42,84,1589305a7836e07cca0d2f812bb472277cbf1d7b9e20f8d59d0233c145c66af1,True,False,True,True,True,True,assets/local/configs/SCVI/pm0914.json,948b9293d3fa90db630d5de30758b0c9919502821ba3a4e2d8c37b487017a9a0,freedom12/PokemonModelViewer,c5952930343748e6dcb4cae21ee383e0bd13b75c,public-derived-model-viewer-config-not-game-native-catalog,CROSSCHECK_PENDING,
SCVI,pm0917,917,pm0917_11_00,11,0,UNRESOLVED,UNRESOLVED,UNRESOLVED,icon/pm0917_11_00_00_big.png,83,166,4d4f0a92117c4b52e5bc4f1cc8b1f45ccdc06feb688c6253b19837730ad67319,True,False,True,True,True,True,assets/local/configs/SCVI/pm0917.json,745ae0ca1f1a479e295bede36b2a24e2ccbfc7ac1a582d8e48cb0a835d226ab5,freedom12/PokemonModelViewer,c5952930343748e6dcb4cae21ee383e0bd13b75c,public-derived-model-viewer-config-not-game-native-catalog,CROSSCHECK_PENDING,
SCVI,pm0917,917,pm0917_12_00,12,0,UNRESOLVED,UNRESOLVED,UNRESOLVED,icon/pm0917_12_00_00_big.png,62,124,d962b1a560f21c303ae342e9a28e2adf8593ebf95725ea11a2e8e828e67dfacc,True,False,True,True,True,False,assets/local/configs/SCVI/pm0917.json,745ae0ca1f1a479e295bede36b2a24e2ccbfc7ac1a582d8e48cb0a835d226ab5,freedom12/PokemonModelViewer,c5952930343748e6dcb4cae21ee383e0bd13b75c,public-derived-model-viewer-config-not-game-native-catalog,CROSSCHECK_PENDING,
SCVI,pm0917,917,pm0917_13_00,13,0,UNRESOLVED,UNRESOLVED,UNRESOLVED,icon/pm0917_13_00_00_big.png,62,124,d962b1a560f21c303ae342e9a28e2adf8593ebf95725ea11a2e8e828e67dfacc,True,False,True,True,True,False,assets/local/configs/SCVI/pm0917.json,745ae0ca1f1a479e295bede36b2a24e2ccbfc7ac1a582d8e48cb0a835d226ab5,freedom12/PokemonModelViewer,c5952930343748e6dcb4cae21ee383e0bd13b75c,public-derived-model-viewer-config-not-game-native-catalog,CROSSCHECK_PENDING,
SCVI,pm0918,918,pm0918_00_00,0,0,UNRESOLVED,UNRESOLVED,UNRESOLVED,icon/pm0918_00_00_00_big.png,59,118,8da3f44b37ad9b7da9ec91bc87cf9dc927a5ab56b09a943cb926548af646780a,True,False,True,True,True,True,assets/local/configs/SCVI/pm0918.json,4c36a20e59f1282c4b5cbd42f26785c5d59ff6a98257c7262ccc6c29004ae2e4,freedom12/PokemonModelViewer,c5952930343748e6dcb4cae21ee383e0bd13b75c,public-derived-model-viewer-config-not-game-native-catalog,CROSSCHECK_PENDING,
SCVI,pm0919,919,pm0919_00_00,0,0,UNRESOLVED,UNRESOLVED,UNRESOLVED,icon/pm0919_00_00_00_big.png,59,118,8da3f44b37ad9b7da9ec91bc87cf9dc927a5ab56b09a943cb926548af646780a,True,False,True,True,True,True,assets/local/configs/SCVI/pm0919.json,85606619c7a89dce5cf57020fcb36c3ff39393e8bca7bd351f715847291b4fd9,freedom12/PokemonModelViewer,c5952930343748e6dcb4cae21ee383e0bd13b75c,public-derived-model-viewer-config-not-game-native-catalog,CROSSCHECK_PENDING,
SCVI,pm0920,920,pm0920_00_00,0,0,UNRESOLVED,UNRESOLVED,UNRESOLVED,icon/pm0920_00_00_00_big.png,58,116,9044b6d956d2759a6f6d986a6df81f1a7ebc0730e4ba246d85e5d439bec6062b,True,False,True,True,True,True,assets/local/configs/SCVI/pm0920.json,0a52435423a59eff263aee70bc72723e4cb604a6b47cd859d9dd34b2738111e4,freedom12/PokemonModelViewer,c5952930343748e6dcb4cae21ee383e0bd13b75c,public-derived-model-viewer-config-not-game-native-catalog,CROSSCHECK_PENDING,
SCVI,pm0921,921,pm0921_00_00,0,0,UNRESOLVED,UNRESOLVED,UNRESOLVED,icon/pm0921_00_00_00_big.png,43,86,b18b59e7868216872827874f0f274a08921ba841628ce0f8ba2400dec97ead22,True,False,True,True,True,True,assets/local/configs/SCVI/pm0921.json,4cc85db8423c12c718c4879fc4cfc1b0d660f1f29a53466fb53376768e14ccc0,freedom12/PokemonModelViewer,c5952930343748e6dcb4cae21ee383e0bd13b75c,public-derived-model-viewer-config-not-game-native-catalog,CROSSCHECK_PENDING,
SCVI,pm0922,922,pm0922_11_00,11,0,UNRESOLVED,UNRESOLVED,UNRESOLVED,icon/pm0922_11_00_00_big.png,50,100,a0ac961578b78843dbe718fb984ea2713dc1fcb3fedce1142d5e4f58ee3be2f1,True,True,True,True,True,True,assets/local/configs/SCVI/pm0922.json,911ba2f16b7c50eae4aed305ff9a9033b1bbb4d2a18c123ad02b7337644e35f8,freedom12/PokemonModelViewer,c5952930343748e6dcb4cae21ee383e0bd13b75c,public-derived-model-viewer-config-not-game-native-catalog,CROSSCHECK_PENDING,
SCVI,pm0922,922,pm0922_12_00,12,0,UNRESOLVED,UNRESOLVED,UNRESOLVED,icon/pm0922_12_00_00_big.png,50,100,a0ac961578b78843dbe718fb984ea2713dc1fcb3fedce1142d5e4f58ee3be2f1,True,True,True,True,True,True,assets/local/configs/SCVI/pm0922.json,911ba2f16b7c50eae4aed305ff9a9033b1bbb4d2a18c123ad02b7337644e35f8,freedom12/PokemonModelViewer,c5952930343748e6dcb4cae21ee383e0bd13b75c,public-derived-model-viewer-config-not-game-native-catalog,CROSSCHECK_PENDING,
SCVI,pm0923,923,pm0923_00_00,0,0,UNRESOLVED,UNRESOLVED,UNRESOLVED,icon/pm0923_00_00_00_big.png,42,84,ae27aeb1271bc0347b30691ea18bef23d7d0b221782f872f9f623d4698e3fb86,True,True,True,True,True,False,assets/local/configs/SCVI/pm0923.json,42d5186665f0fb921d387b4dc9d0e611ca49a7691a659ff6f3853b8bbbb5b4e1,freedom12/PokemonModelViewer,c5952930343748e6dcb4cae21ee383e0bd13b75c,public-derived-model-viewer-config-not-game-native-catalog,CROSSCHECK_PENDING,
SCVI,pm0924,924,pm0924_00_00,0,0,UNRESOLVED,UNRESOLVED,UNRESOLVED,icon/pm0924_00_00_00_big.png,44,88,8976b0c63cc38fc752b8a4af7f87fc0ddf04b68d133e351d231353392fdae813,True,True,True,True,True,True,assets/local/configs/SCVI/pm0924.json,c2dfaa1a1da9446ea3c286a3b4af10a72530a642751430594c058b150ac10562,freedom12/PokemonModelViewer,c5952930343748e6dcb4cae21ee383e0bd13b75c,public-derived-model-viewer-config-not-game-native-catalog,CROSSCHECK_PENDING,
SCVI,pm0925,925,pm0925_11_00,11,0,UNRESOLVED,UNRESOLVED,UNRESOLVED,icon/pm0925_11_00_00_big.png,45,90,842c454b3b9e6258ca2343e6ee1ff3c25acd1b8b0d94ceab5e42944a83f8f4d8,True,False,True,True,True,True,assets/local/configs/SCVI/pm0925.json,25686ce7e6a92f0479648e3cd67099a627451f64578c4ee59b04d2cf1fafcc0d,freedom12/PokemonModelViewer,c5952930343748e6dcb4cae21ee383e0bd13b75c,public-derived-model-viewer-config-not-game-native-catalog,CROSSCHECK_PENDING,
SCVI,pm0925,925,pm0925_12_00,12,0,UNRESOLVED,UNRESOLVED,UNRESOLVED,icon/pm0925_12_00_00_big.png,45,90,842c454b3b9e6258ca2343e6ee1ff3c25acd1b8b0d94ceab5e42944a83f8f4d8,True,False,True,True,True,True,assets/local/configs/SCVI/pm0925.json,25686ce7e6a92f0479648e3cd67099a627451f64578c4ee59b04d2cf1fafcc0d,freedom12/PokemonModelViewer,c5952930343748e6dcb4cae21ee383e0bd13b75c,public-derived-model-viewer-config-not-game-native-catalog,CROSSCHECK_PENDING,
SCVI,pm0925,925,pm0925_13_00,13,0,UNRESOLVED,UNRESOLVED,UNRESOLVED,icon/pm0925_13_00_00_big.png,45,90,842c454b3b9e6258ca2343e6ee1ff3c25acd1b8b0d94ceab5e42944a83f8f4d8,True,False,True,True,True,True,assets/local/configs/SCVI/pm0925.json,25686ce7e6a92f0479648e3cd67099a627451f64578c4ee59b04d2cf1fafcc0d,freedom12/PokemonModelViewer,c5952930343748e6dcb4cae21ee383e0bd13b75c,public-derived-model-viewer-config-not-game-native-catalog,CROSSCHECK_PENDING,
SCVI,pm0925,925,pm0925_14_00,14,0,UNRESOLVED,UNRESOLVED,UNRESOLVED,icon/pm0925_14_00_00_big.png,45,90,842c454b3b9e6258ca2343e6ee1ff3c25acd1b8b0d94ceab5e42944a83f8f4d8,True,False,True,True,True,True,assets/local/configs/SCVI/pm0925.json,25686ce7e6a92f0479648e3cd67099a627451f64578c4ee59b04d2cf1fafcc0d,freedom12/PokemonModelViewer,c5952930343748e6dcb4cae21ee383e0bd13b75c,public-derived-model-viewer-config-not-game-native-catalog,CROSSCHECK_PENDING,
SCVI,pm0925,925,pm0925_15_00,15,0,UNRESOLVED,UNRESOLVED,UNRESOLVED,icon/pm0925_15_00_00_big.png,45,90,842c454b3b9e6258ca2343e6ee1ff3c25acd1b8b0d94ceab5e42944a83f8f4d8,True,False,True,True,True,True,assets/local/configs/SCVI/pm0925.json,25686ce7e6a92f0479648e3cd67099a627451f64578c4ee59b04d2cf1fafcc0d,freedom12/PokemonModelViewer,c5952930343748e6dcb4cae21ee383e0bd13b75c,public-derived-model-viewer-config-not-game-native-catalog,CROSSCHECK_PENDING,
SCVI,pm0925,925,pm0925_16_00,16,0,UNRESOLVED,UNRESOLVED,UNRESOLVED,icon/pm0925_16_00_00_big.png,45,90,842c454b3b9e6258ca2343e6ee1ff3c25acd1b8b0d94ceab5e42944a83f8f4d8,True,False,True,True,True,True,assets/local/configs/SCVI/pm0925.json,25686ce7e6a92f0479648e3cd67099a627451f64578c4ee59b04d2cf1fafcc0d,freedom12/PokemonModelViewer,c5952930343748e6dcb4cae21ee383e0bd13b75c,public-derived-model-viewer-config-not-game-native-catalog,CROSSCHECK_PENDING,
SCVI,pm0925,925,pm0925_17_00,17,0,UNRESOLVED,UNRESOLVED,UNRESOLVED,icon/pm0925_17_00_00_big.png,45,90,842c454b3b9e6258ca2343e6ee1ff3c25acd1b8b0d94ceab5e42944a83f8f4d8,True,False,True,True,True,True,assets/local/configs/SCVI/pm0925.json,25686ce7e6a92f0479648e3cd67099a627451f64578c4ee59b04d2cf1fafcc0d,freedom12/PokemonModelViewer,c5952930343748e6dcb4cae21ee383e0bd13b75c,public-derived-model-viewer-config-not-game-native-catalog,CROSSCHECK_PENDING,
SCVI,pm0925,925,pm0925_18_00,18,0,UNRESOLVED,UNRESOLVED,UNRESOLVED,icon/pm0925_18_00_00_big.png,45,90,842c454b3b9e6258ca2343e6ee1ff3c25acd1b8b0d94ceab5e42944a83f8f4d8,True,False,True,True,True,True,assets/local/configs/SCVI/pm0925.json,25686ce7e6a92f0479648e3cd67099a627451f64578c4ee59b04d2cf1fafcc0d,freedom12/PokemonModelViewer,c5952930343748e6dcb4cae21ee383e0bd13b75c,public-derived-model-viewer-config-not-game-native-catalog,CROSSCHECK_PENDING,
SCVI,pm0925,925,pm0925_19_00,19,0,UNRESOLVED,UNRESOLVED,UNRESOLVED,icon/pm0925_19_00_00_big.png,45,90,842c454b3b9e6258ca2343e6ee1ff3c25acd1b8b0d94ceab5e42944a83f8f4d8,True,False,True,True,True,True,assets/local/configs/SCVI/pm0925.json,25686ce7e6a92f0479648e3cd67099a627451f64578c4ee59b04d2cf1fafcc0d,freedom12/PokemonModelViewer,c5952930343748e6dcb4cae21ee383e0bd13b75c,public-derived-model-viewer-config-not-game-native-catalog,CROSSCHECK_PENDING,
SCVI,pm0926,926,pm0926_00_00,0,0,UNRESOLVED,UNRESOLVED,UNRESOLVED,icon/pm0926_00_00_00_big.png,46,92,5a9f1b52282756f578da62961c34c91c76fa2976b69f4c828615a1aa07a9ec65,True,True,True,True,True,True,assets/local/configs/SCVI/pm0926.json,9327d6881481a27fe3768300953b9360b17bfca84a25900f87182132de3b26ec,freedom12/PokemonModelViewer,c5952930343748e6dcb4cae21ee383e0bd13b75c,public-derived-model-viewer-config-not-game-native-catalog,CROSSCHECK_PENDING,
SCVI,pm0927,927,pm0927_00_00,0,0,UNRESOLVED,UNRESOLVED,UNRESOLVED,icon/pm0927_00_00_00_big.png,46,92,5a9f1b52282756f578da62961c34c91c76fa2976b69f4c828615a1aa07a9ec65,True,True,True,True,True,True,assets/local/configs/SCVI/pm0927.json,661254cf543a56e25613a94eff8515f4bc2c4b091ca94a3ac9225fb1f3adbcd5,freedom12/PokemonModelViewer,c5952930343748e6dcb4cae21ee383e0bd13b75c,public-derived-model-viewer-config-not-game-native-catalog,CROSSCHECK_PENDING,
SCVI,pm0929,929,pm0929_00_00,0,0,UNRESOLVED,UNRESOLVED,UNRESOLVED,icon/pm0929_00_00_00_big.png,43,86,462aec9e7e5862573bbab24ccaed8bdc36a5b8068e0222fc06c6f2674d446906,True,True,True,True,True,True,assets/local/configs/SCVI/pm0929.json,057cd19f5f967d4af9006a1b6b6285a46cd21a8155045d1d7b65767068d060e1,freedom12/PokemonModelViewer,c5952930343748e6dcb4cae21ee383e0bd13b75c,public-derived-model-viewer-config-not-game-native-catalog,CROSSCHECK_PENDING,
SCVI,pm0933,933,pm0933_00_00,0,0,UNRESOLVED,UNRESOLVED,UNRESOLVED,icon/pm0933_00_00_00_big.png,45,90,196319619814aa85ae2dc1a175210dde3d8a8ed62658e9a29c6addd5ef555979,True,True,True,True,True,False,assets/local/configs/SCVI/pm0933.json,19df6c00f033c229b9198bf93c9f5a37286a8eb1e1d7e0b201c265e2fe136479,freedom12/PokemonModelViewer,c5952930343748e6dcb4cae21ee383e0bd13b75c,public-derived-model-viewer-config-not-game-native-catalog,CROSSCHECK_PENDING,
SCVI,pm0934,934,pm0934_00_00,0,0,UNRESOLVED,UNRESOLVED,UNRESOLVED,icon/pm0934_00_00_00_big.png,46,92,5a9f1b52282756f578da62961c34c91c76fa2976b69f4c828615a1aa07a9ec65,True,True,True,True,True,True,assets/local/configs/SCVI/pm0934.json,acc4699cfd323cf199169685ed359906e0c1808dde447a2673da4956ca51b95d,freedom12/PokemonModelViewer,c5952930343748e6dcb4cae21ee383e0bd13b75c,public-derived-model-viewer-config-not-game-native-catalog,CROSSCHECK_PENDING,
SCVI,pm0935,935,pm0935_00_00,0,0,UNRESOLVED,UNRESOLVED,UNRESOLVED,icon/pm0935_00_00_00_big.png,46,92,5a9f1b52282756f578da62961c34c91c76fa2976b69f4c828615a1aa07a9ec65,True,True,True,True,True,True,assets/local/configs/SCVI/pm0935.json,07edab5ff61e31f2f0a3758d531ae634603952c8b1c2b0160f6f1e758ff41c10,freedom12/PokemonModelViewer,c5952930343748e6dcb4cae21ee383e0bd13b75c,public-derived-model-viewer-config-not-game-native-catalog,CROSSCHECK_PENDING,
SCVI,pm0936,936,pm0936_00_00,0,0,UNRESOLVED,UNRESOLVED,UNRESOLVED,icon/pm0936_00_00_00_big.png,46,92,c824a36c67c968991f1f5a14842d0c2b0d2c9ae01ed5aa25ee63cceeb9035b2b,True,True,True,True,True,True,assets/local/configs/SCVI/pm0936.json,5a560e565f3a42d94d44b19fb112f580007c3b9dc29d3ebb32c1533d782d0360,freedom12/PokemonModelViewer,c5952930343748e6dcb4cae21ee383e0bd13b75c,public-derived-model-viewer-config-not-game-native-catalog,CROSSCHECK_PENDING,
SCVI,pm0937,937,pm0937_00_00,0,0,UNRESOLVED,UNRESOLVED,UNRESOLVED,icon/pm0937_00_00_00_big.png,45,90,7ef00b4eb625102c605d96818f4a3232a6fee1e57ea0208dea2091825a84c5b3,True,False,True,True,True,True,assets/local/configs/SCVI/pm0937.json,ef80e7325e3b19d2fde568adee5887ed7e0f47ddc09ac733fcfeb9e0879e8f18,freedom12/PokemonModelViewer,c5952930343748e6dcb4cae21ee383e0bd13b75c,public-derived-model-viewer-config-not-game-native-catalog,CROSSCHECK_PENDING,
SCVI,pm0938,938,pm0938_11_00,11,0,UNRESOLVED,UNRESOLVED,UNRESOLVED,icon/pm0938_11_00_00_big.png,43,86,462aec9e7e5862573bbab24ccaed8bdc36a5b8068e0222fc06c6f2674d446906,True,True,True,True,True,True,assets/local/configs/SCVI/pm0938.json,d0b0f4a0d4aada10974adb03219a41d9aac53f51928ca375d8275fba3fb89ada,freedom12/PokemonModelViewer,c5952930343748e6dcb4cae21ee383e0bd13b75c,public-derived-model-viewer-config-not-game-native-catalog,CROSSCHECK_PENDING,
SCVI,pm0938,938,pm0938_12_00,12,0,UNRESOLVED,UNRESOLVED,UNRESOLVED,icon/pm0938_12_00_00_big.png,30,60,9fb90f368d03026db34f217efda72365ca9ed0c4e1885c5867bd18bb1e136bb6,True,True,True,True,True,False,assets/local/configs/SCVI/pm0938.json,d0b0f4a0d4aada10974adb03219a41d9aac53f51928ca375d8275fba3fb89ada,freedom12/PokemonModelViewer,c5952930343748e6dcb4cae21ee383e0bd13b75c,public-derived-model-viewer-config-not-game-native-catalog,CROSSCHECK_PENDING,
SCVI,pm0939,939,pm0939_11_00,11,0,UNRESOLVED,UNRESOLVED,UNRESOLVED,icon/pm0939_11_00_00_big.png,43,86,462aec9e7e5862573bbab24ccaed8bdc36a5b8068e0222fc06c6f2674d446906,True,True,True,True,True,True,assets/local/configs/SCVI/pm0939.json,530d1d1765b1f07e38ecc31df8867d7debbc53bbcc71956127d6335a2ce612a5,freedom12/PokemonModelViewer,c5952930343748e6dcb4cae21ee383e0bd13b75c,public-derived-model-viewer-config-not-game-native-catalog,CROSSCHECK_PENDING,
SCVI,pm0939,939,pm0939_12_00,12,0,UNRESOLVED,UNRESOLVED,UNRESOLVED,icon/pm0939_12_00_00_big.png,31,62,9d499d00965e0946dffd911bd5a963e4b4f2c991fc3f0f93a48f6d3e046a59aa,True,True,True,True,True,True,assets/local/configs/SCVI/pm0939.json,530d1d1765b1f07e38ecc31df8867d7debbc53bbcc71956127d6335a2ce612a5,freedom12/PokemonModelViewer,c5952930343748e6dcb4cae21ee383e0bd13b75c,public-derived-model-viewer-config-not-game-native-catalog,CROSSCHECK_PENDING,
SCVI,pm0940,940,pm0940_00_00,0,0,UNRESOLVED,UNRESOLVED,UNRESOLVED,icon/pm0940_00_00_00_big.png,44,88,8976b0c63cc38fc752b8a4af7f87fc0ddf04b68d133e351d231353392fdae813,True,True,True,True,True,True,assets/local/configs/SCVI/pm0940.json,d743e9eef938a6eb0cf6a0d250874bdc8c735dd9b79b969466f00072c7105772,freedom12/PokemonModelViewer,c5952930343748e6dcb4cae21ee383e0bd13b75c,public-derived-model-viewer-config-not-game-native-catalog,CROSSCHECK_PENDING,
SCVI,pm0941,941,pm0941_11_00,11,0,UNRESOLVED,UNRESOLVED,UNRESOLVED,icon/pm0941_11_00_00_big.png,50,100,ca383a5fcd0748c89eb860eaf81fc5d0f7c39065e47eb4c8f67f1862bbc22be8,True,True,True,True,True,True,assets/local/configs/SCVI/pm0941.json,08cda4e6c0d069761f5438d9fad1aec468b37f2789e596edb1e9084d25fa742a,freedom12/PokemonModelViewer,c5952930343748e6dcb4cae21ee383e0bd13b75c,public-derived-model-viewer-config-not-game-native-catalog,CROSSCHECK_PENDING,
SCVI,pm0941,941,pm0941_12_00,12,0,UNRESOLVED,UNRESOLVED,UNRESOLVED,icon/pm0941_12_00_00_big.png,44,88,6015e38c18a1dcbad4e5746ccafbc49caf0a6604f195a5c14c76360a09aaed48,True,True,True,True,True,True,assets/local/configs/SCVI/pm0941.json,08cda4e6c0d069761f5438d9fad1aec468b37f2789e596edb1e9084d25fa742a,freedom12/PokemonModelViewer,c5952930343748e6dcb4cae21ee383e0bd13b75c,public-derived-model-viewer-config-not-game-native-catalog,CROSSCHECK_PENDING,
SCVI,pm0942,942,pm0942_00_00,0,0,UNRESOLVED,UNRESOLVED,UNRESOLVED,icon/pm0942_00_00_00_big.png,49,98,ec974bec80ed07a54924175cca7d753c2ad2709e2f07aebdfd99fa333b328ad3,True,True,True,True,True,True,assets/local/configs/SCVI/pm0942.json,b822a892d3f1a2b13b0d5449e772b431efa125d470cd10cd0da0a5cc2d0a06a5,freedom12/PokemonModelViewer,c5952930343748e6dcb4cae21ee383e0bd13b75c,public-derived-model-viewer-config-not-game-native-catalog,CROSSCHECK_PENDING,
SCVI,pm0942,942,pm0942_01_00,1,0,UNRESOLVED,UNRESOLVED,UNRESOLVED,icon/pm0942_01_00_00_big.png,49,98,ec974bec80ed07a54924175cca7d753c2ad2709e2f07aebdfd99fa333b328ad3,True,True,True,True,True,True,assets/local/configs/SCVI/pm0942.json,b822a892d3f1a2b13b0d5449e772b431efa125d470cd10cd0da0a5cc2d0a06a5,freedom12/PokemonModelViewer,c5952930343748e6dcb4cae21ee383e0bd13b75c,public-derived-model-viewer-config-not-game-native-catalog,CROSSCHECK_PENDING,
SCVI,pm0943,943,pm0943_00_31,0,31,UNRESOLVED,UNRESOLVED,UNRESOLVED,icon/pm0943_00_31_00_big.png,46,92,5a9f1b52282756f578da62961c34c91c76fa2976b69f4c828615a1aa07a9ec65,True,True,True,True,True,True,assets/local/configs/SCVI/pm0943.json,1f42176a4130c5f41c53b9fb80c25004700d23d252e245c4db039afb1fa04975,freedom12/PokemonModelViewer,c5952930343748e6dcb4cae21ee383e0bd13b75c,public-derived-model-viewer-config-not-game-native-catalog,CROSSCHECK_PENDING,
SCVI,pm0944,944,pm0944_00_00,0,0,UNRESOLVED,UNRESOLVED,UNRESOLVED,icon/pm0944_00_00_00_big.png,42,84,ae27aeb1271bc0347b30691ea18bef23d7d0b221782f872f9f623d4698e3fb86,True,True,True,True,True,False,assets/local/configs/SCVI/pm0944.json,21ef203bc8aa270cacc6d0b5c76cbdd15e157c96231835829cbb0ab328918e80,freedom12/PokemonModelViewer,c5952930343748e6dcb4cae21ee383e0bd13b75c,public-derived-model-viewer-config-not-game-native-catalog,CROSSCHECK_PENDING,
SCVI,pm0945,945,pm0945_00_00,0,0,UNRESOLVED,UNRESOLVED,UNRESOLVED,icon/pm0945_00_00_00_big.png,43,86,462aec9e7e5862573bbab24ccaed8bdc36a5b8068e0222fc06c6f2674d446906,True,True,True,True,True,True,assets/local/configs/SCVI/pm0945.json,6d07145a34b0ae715861b426fc75bd6cf8a6e3d26aedc78f3888d30a50e543fa,freedom12/PokemonModelViewer,c5952930343748e6dcb4cae21ee383e0bd13b75c,public-derived-model-viewer-config-not-game-native-catalog,CROSSCHECK_PENDING,
SCVI,pm0946,946,pm0946_00_00,0,0,UNRESOLVED,UNRESOLVED,UNRESOLVED,icon/pm0946_00_00_00_big.png,42,84,e15162622b8114c47da94d5cf40f19db3854d0d6c7052e6bad039d6ee31cb894,True,True,True,True,True,False,assets/local/configs/SCVI/pm0946.json,80440c73fd38de87e13ab1ad8bb0f87886bbe705319208e738695bf69a338768,freedom12/PokemonModelViewer,c5952930343748e6dcb4cae21ee383e0bd13b75c,public-derived-model-viewer-config-not-game-native-catalog,CROSSCHECK_PENDING,
SCVI,pm0948,948,pm0948_00_00,0,0,UNRESOLVED,UNRESOLVED,UNRESOLVED,icon/pm0948_00_00_00_big.png,48,96,44784febb1fa17e017386440d4114b169f79e5732fd3db64ae365eae7340ccdc,True,True,True,True,True,True,assets/local/configs/SCVI/pm0948.json,1cff151d2b5d4ef1197ad3ffa8cbf1abae4e89fbad9fa8c2756c26c723b77768,freedom12/PokemonModelViewer,c5952930343748e6dcb4cae21ee383e0bd13b75c,public-derived-model-viewer-config-not-game-native-catalog,CROSSCHECK_PENDING,
SCVI,pm0949,949,pm0949_00_00,0,0,UNRESOLVED,UNRESOLVED,UNRESOLVED,icon/pm0949_00_00_00_big.png,48,96,44784febb1fa17e017386440d4114b169f79e5732fd3db64ae365eae7340ccdc,True,True,True,True,True,True,assets/local/configs/SCVI/pm0949.json,b4a07a2b16f4c877e1df528e1c64e6965f5da0a59566e6f4bfbf53aea7ee1e00,freedom12/PokemonModelViewer,c5952930343748e6dcb4cae21ee383e0bd13b75c,public-derived-model-viewer-config-not-game-native-catalog,CROSSCHECK_PENDING,
SCVI,pm0950,950,pm0950_00_00,0,0,UNRESOLVED,UNRESOLVED,UNRESOLVED,icon/pm0950_00_00_00_big.png,48,96,44784febb1fa17e017386440d4114b169f79e5732fd3db64ae365eae7340ccdc,True,True,True,True,True,True,assets/local/configs/SCVI/pm0950.json,cfb662b9882ba083a22166da58a725fd3af1c6d1cf8f0724648e5cb6fa36db9f,freedom12/PokemonModelViewer,c5952930343748e6dcb4cae21ee383e0bd13b75c,public-derived-model-viewer-config-not-game-native-catalog,CROSSCHECK_PENDING,
SCVI,pm0951,951,pm0951_00_00,0,0,UNRESOLVED,UNRESOLVED,UNRESOLVED,icon/pm0951_00_00_00_big.png,74,148,157f4a50f058b0a8b5f2306935337218f3cb0b735e600c86d2e80288aa6320d9,True,True,True,True,True,True,assets/local/configs/SCVI/pm0951.json,4ecc3ae8c5d71a59317332af4dbac895ad033cb46f9531d0bf4585084a4ff657,freedom12/PokemonModelViewer,c5952930343748e6dcb4cae21ee383e0bd13b75c,public-derived-model-viewer-config-not-game-native-catalog,CROSSCHECK_PENDING,
SCVI,pm0952,952,pm0952_00_00,0,0,UNRESOLVED,UNRESOLVED,UNRESOLVED,icon/pm0952_00_00_00_big.png,74,148,157f4a50f058b0a8b5f2306935337218f3cb0b735e600c86d2e80288aa6320d9,True,True,True,True,True,True,assets/local/configs/SCVI/pm0952.json,c011647e0fbc2d9724464b8d46e68678a5b5fd6f27c2bab01d66dcb4d206d5cc,freedom12/PokemonModelViewer,c5952930343748e6dcb4cae21ee383e0bd13b75c,public-derived-model-viewer-config-not-game-native-catalog,CROSSCHECK_PENDING,
SCVI,pm0953,953,pm0953_00_00,0,0,UNRESOLVED,UNRESOLVED,UNRESOLVED,icon/pm0953_00_00_00_big.png,71,142,71e200f876fd115593af20416fde7405ad27aff97632b5253e965595f23eafd3,True,True,True,True,True,True,assets/local/configs/SCVI/pm0953.json,5932dd8f75b3c23e62bcd2c42ad93086c91841b7f11a39f4eca1e71b91d081dc,freedom12/PokemonModelViewer,c5952930343748e6dcb4cae21ee383e0bd13b75c,public-derived-model-viewer-config-not-game-native-catalog,CROSSCHECK_PENDING,
SCVI,pm0954,954,pm0954_00_00,0,0,UNRESOLVED,UNRESOLVED,UNRESOLVED,icon/pm0954_00_00_00_big.png,49,98,ec974bec80ed07a54924175cca7d753c2ad2709e2f07aebdfd99fa333b328ad3,True,True,True,True,True,True,assets/local/configs/SCVI/pm0954.json,5b7493bf1936342443d09e0091e87072d9e56389987b544e3f877c8621f6ad1c,freedom12/PokemonModelViewer,c5952930343748e6dcb4cae21ee383e0bd13b75c,public-derived-model-viewer-config-not-game-native-catalog,CROSSCHECK_PENDING,
SCVI,pm0955,955,pm0955_00_00,0,0,UNRESOLVED,UNRESOLVED,UNRESOLVED,icon/pm0955_00_00_00_big.png,48,96,44784febb1fa17e017386440d4114b169f79e5732fd3db64ae365eae7340ccdc,True,True,True,True,True,True,assets/local/configs/SCVI/pm0955.json,de36353a2a9d50aebc24b162cb575d54420661e71cb173faad6e1d4f8b3e18c3,freedom12/PokemonModelViewer,c5952930343748e6dcb4cae21ee383e0bd13b75c,public-derived-model-viewer-config-not-game-native-catalog,CROSSCHECK_PENDING,
SCVI,pm0956,956,pm0956_00_00,0,0,UNRESOLVED,UNRESOLVED,UNRESOLVED,icon/pm0956_00_00_00_big.png,43,86,462aec9e7e5862573bbab24ccaed8bdc36a5b8068e0222fc06c6f2674d446906,True,True,True,True,True,True,assets/local/configs/SCVI/pm0956.json,66478b690f1652ae8f5b8b58fa42501dc1560e08534fc657a599d34d790252d0,freedom12/PokemonModelViewer,c5952930343748e6dcb4cae21ee383e0bd13b75c,public-derived-model-viewer-config-not-game-native-catalog,CROSSCHECK_PENDING,
SCVI,pm0957,957,pm0957_00_00,0,0,UNRESOLVED,UNRESOLVED,UNRESOLVED,icon/pm0957_00_00_00_big.png,46,92,5a9f1b52282756f578da62961c34c91c76fa2976b69f4c828615a1aa07a9ec65,True,True,True,True,True,True,assets/local/configs/SCVI/pm0957.json,db8a1d0126846e6965402a272117c95b110278393345f348cefafe3251fd185c,freedom12/PokemonModelViewer,c5952930343748e6dcb4cae21ee383e0bd13b75c,public-derived-model-viewer-config-not-game-native-catalog,CROSSCHECK_PENDING,
SCVI,pm0958,958,pm0958_00_00,0,0,UNRESOLVED,UNRESOLVED,UNRESOLVED,icon/pm0958_00_00_00_big.png,46,92,5a9f1b52282756f578da62961c34c91c76fa2976b69f4c828615a1aa07a9ec65,True,True,True,True,True,True,assets/local/configs/SCVI/pm0958.json,7b140f431ed47c4ae28bc87efbcc40a40e70285933bc6d3d89da804260b576da,freedom12/PokemonModelViewer,c5952930343748e6dcb4cae21ee383e0bd13b75c,public-derived-model-viewer-config-not-game-native-catalog,CROSSCHECK_PENDING,
SCVI,pm0959,959,pm0959_00_00,0,0,UNRESOLVED,UNRESOLVED,UNRESOLVED,icon/pm0959_00_00_00_big.png,46,92,5a9f1b52282756f578da62961c34c91c76fa2976b69f4c828615a1aa07a9ec65,True,True,True,True,True,True,assets/local/configs/SCVI/pm0959.json,45a9ff8a4d9c0c86493358e96201b25cd15ef1782bd4cf9b47729713aa220f79,freedom12/PokemonModelViewer,c5952930343748e6dcb4cae21ee383e0bd13b75c,public-derived-model-viewer-config-not-game-native-catalog,CROSSCHECK_PENDING,
SCVI,pm0966,966,pm0966_00_00,0,0,UNRESOLVED,UNRESOLVED,UNRESOLVED,icon/pm0966_00_00_00_big.png,44,88,edbc06354dbd206231525ac00714feaa5a58b3fc1e25b5b8a8a774502af4cdf6,True,False,True,True,True,False,assets/local/configs/SCVI/pm0966.json,d5364766fba110dcd5e51fe912cd8b3fc78d2bf68beba47b8d4003e00ff4f4fb,freedom12/PokemonModelViewer,c5952930343748e6dcb4cae21ee383e0bd13b75c,public-derived-model-viewer-config-not-game-native-catalog,CROSSCHECK_PENDING,
SCVI,pm0967,967,pm0967_00_00,0,0,UNRESOLVED,UNRESOLVED,UNRESOLVED,icon/pm0967_00_00_00_big.png,42,84,5f4e65c3ddbb069fc3b20fb070c431c936d75fd11ff8f3a63cd657afa8de395d,True,False,True,True,True,True,assets/local/configs/SCVI/pm0967.json,c30bdbb56d21957dcd8ee989446e8042002889305569cc9e17e6bb0c50563c14,freedom12/PokemonModelViewer,c5952930343748e6dcb4cae21ee383e0bd13b75c,public-derived-model-viewer-config-not-game-native-catalog,CROSSCHECK_PENDING,
SCVI,pm0968,968,pm0968_00_00,0,0,UNRESOLVED,UNRESOLVED,UNRESOLVED,icon/pm0968_00_00_00_big.png,45,90,819a77f1c1d2d2305388bd5dad146e3532ee8c404ca83e54d64aa1f35819fd47,True,True,True,True,False,True,assets/local/configs/SCVI/pm0968.json,83d6cd2e724234adcbc5047491359733e6eb4e1015cf266274fc02c45a043503,freedom12/PokemonModelViewer,c5952930343748e6dcb4cae21ee383e0bd13b75c,public-derived-model-viewer-config-not-game-native-catalog,CROSSCHECK_PENDING,
SCVI,pm0969,969,pm0969_00_00,0,0,UNRESOLVED,UNRESOLVED,UNRESOLVED,icon/pm0969_00_00_00_big.png,44,88,adc476869f9145fa53a277f149078291eb94f5a4c670a82ec08629975c80fb7a,True,False,True,True,False,True,assets/local/configs/SCVI/pm0969.json,787a059c04eee34c2b1ec26685fb4c9c1d5c45c7ac70c2ef648dfb403b0c43ad,freedom12/PokemonModelViewer,c5952930343748e6dcb4cae21ee383e0bd13b75c,public-derived-model-viewer-config-not-game-native-catalog,CROSSCHECK_PENDING,
SCVI,pm0970,970,pm0970_00_00,0,0,UNRESOLVED,UNRESOLVED,UNRESOLVED,icon/pm0970_00_00_00_big.png,45,90,826cfc8d9ada8abf7f65c4db569d445ee0e0ba3b1b4acff831e8d2eab3b85446,True,False,True,True,True,True,assets/local/configs/SCVI/pm0970.json,8fc8b30384180922241a734227b60d2af1c6ab34d26e67183231b5f39908592f,freedom12/PokemonModelViewer,c5952930343748e6dcb4cae21ee383e0bd13b75c,public-derived-model-viewer-config-not-game-native-catalog,CROSSCHECK_PENDING,
SCVI,pm0971,971,pm0971_00_00,0,0,UNRESOLVED,UNRESOLVED,UNRESOLVED,icon/pm0971_00_00_00_big.png,46,92,5a9f1b52282756f578da62961c34c91c76fa2976b69f4c828615a1aa07a9ec65,True,True,True,True,True,True,assets/local/configs/SCVI/pm0971.json,04cd7aaf7d0e469950c9563f8eed870c01d49c5ed6b9c9596a0966134d2b2dac,freedom12/PokemonModelViewer,c5952930343748e6dcb4cae21ee383e0bd13b75c,public-derived-model-viewer-config-not-game-native-catalog,CROSSCHECK_PENDING,
SCVI,pm0972,972,pm0972_11_00,11,0,UNRESOLVED,UNRESOLVED,UNRESOLVED,icon/pm0972_11_00_00_big.png,46,92,2d375e6d7c6b78340a66dff1f3bbf709ee42362968ef8de6b18c7fd109c6a033,True,True,True,True,True,True,assets/local/configs/SCVI/pm0972.json,d8c7ada859f2656ce5bbea1ae70908f249e24e8524488ad1c7c430ac907742aa,freedom12/PokemonModelViewer,c5952930343748e6dcb4cae21ee383e0bd13b75c,public-derived-model-viewer-config-not-game-native-catalog,CROSSCHECK_PENDING,
SCVI,pm0972,972,pm0972_12_00,12,0,UNRESOLVED,UNRESOLVED,UNRESOLVED,icon/pm0972_12_00_00_big.png,46,92,2d375e6d7c6b78340a66dff1f3bbf709ee42362968ef8de6b18c7fd109c6a033,True,True,True,True,True,True,assets/local/configs/SCVI/pm0972.json,d8c7ada859f2656ce5bbea1ae70908f249e24e8524488ad1c7c430ac907742aa,freedom12/PokemonModelViewer,c5952930343748e6dcb4cae21ee383e0bd13b75c,public-derived-model-viewer-config-not-game-native-catalog,CROSSCHECK_PENDING,
SCVI,pm0973,973,pm0973_11_00,11,0,UNRESOLVED,UNRESOLVED,UNRESOLVED,icon/pm0973_11_00_00_big.png,43,86,4a7b075cb953519a1e9ddf275b9c4db1287045b88c4093b238ff4df19aba2889,True,True,True,True,True,True,assets/local/configs/SCVI/pm0973.json,5055d88e770dfe947a1f7c4312c9915deb9f70da7cc98f6ec1d83d25e77d841c,freedom12/PokemonModelViewer,c5952930343748e6dcb4cae21ee383e0bd13b75c,public-derived-model-viewer-config-not-game-native-catalog,CROSSCHECK_PENDING,
SCVI,pm0973,973,pm0973_12_00,12,0,UNRESOLVED,UNRESOLVED,UNRESOLVED,icon/pm0973_12_00_00_big.png,43,86,4a7b075cb953519a1e9ddf275b9c4db1287045b88c4093b238ff4df19aba2889,True,True,True,True,True,True,assets/local/configs/SCVI/pm0973.json,5055d88e770dfe947a1f7c4312c9915deb9f70da7cc98f6ec1d83d25e77d841c,freedom12/PokemonModelViewer,c5952930343748e6dcb4cae21ee383e0bd13b75c,public-derived-model-viewer-config-not-game-native-catalog,CROSSCHECK_PENDING,
SCVI,pm0974,974,pm0974_00_00,0,0,UNRESOLVED,UNRESOLVED,UNRESOLVED,icon/pm0974_00_00_00_big.png,43,86,462aec9e7e5862573bbab24ccaed8bdc36a5b8068e0222fc06c6f2674d446906,True,True,True,True,True,True,assets/local/configs/SCVI/pm0974.json,6d4831e4af114187748b1834cb2b99204b400dcb19374b6e364609d8f34cd8bf,freedom12/PokemonModelViewer,c5952930343748e6dcb4cae21ee383e0bd13b75c,public-derived-model-viewer-config-not-game-native-catalog,CROSSCHECK_PENDING,
SCVI,pm0975,975,pm0975_11_00,11,0,UNRESOLVED,UNRESOLVED,UNRESOLVED,icon/pm0975_11_00_00_big.png,74,148,848a25fd444f08b8380da9a7b9edd11c2b53be827042f7b74446aa72cb1b0def,True,True,True,True,False,False,assets/local/configs/SCVI/pm0975.json,55b4491a210ddee08c9fbf674cd1a9c0a5ee5c9f0b90c4d1768931aa9b4bf30a,freedom12/PokemonModelViewer,c5952930343748e6dcb4cae21ee383e0bd13b75c,public-derived-model-viewer-config-not-game-native-catalog,CROSSCHECK_PENDING,
SCVI,pm0975,975,pm0975_12_00,12,0,UNRESOLVED,UNRESOLVED,UNRESOLVED,icon/pm0975_12_00_00_big.png,60,120,dbb432423992e73925db42b9a9b73c4863be652ece20f73dcbaa24b36cf8bdcf,True,True,True,True,True,True,assets/local/configs/SCVI/pm0975.json,55b4491a210ddee08c9fbf674cd1a9c0a5ee5c9f0b90c4d1768931aa9b4bf30a,freedom12/PokemonModelViewer,c5952930343748e6dcb4cae21ee383e0bd13b75c,public-derived-model-viewer-config-not-game-native-catalog,CROSSCHECK_PENDING,
SCVI,pm0976,976,pm0976_00_00,0,0,UNRESOLVED,UNRESOLVED,UNRESOLVED,icon/pm0976_00_00_00_big.png,46,92,8651905f0358589e961b116909e8868ec2e2b314ebc563085bff77d3c384992c,True,True,True,True,True,True,assets/local/configs/SCVI/pm0976.json,ea49c43d74d30a7fbdf3eb87d056b6d8975e42f0ae15ba6e64e43784a0cf5b13,freedom12/PokemonModelViewer,c5952930343748e6dcb4cae21ee383e0bd13b75c,public-derived-model-viewer-config-not-game-native-catalog,CROSSCHECK_PENDING,
SCVI,pm0977,977,pm0977_00_00,0,0,UNRESOLVED,UNRESOLVED,UNRESOLVED,icon/pm0977_00_00_00_big.png,46,92,8651905f0358589e961b116909e8868ec2e2b314ebc563085bff77d3c384992c,True,True,True,True,True,True,assets/local/configs/SCVI/pm0977.json,2b1b014b74092bf231199e40e899528de314c2fb5b2a1d96358ce06643dcd9cb,freedom12/PokemonModelViewer,c5952930343748e6dcb4cae21ee383e0bd13b75c,public-derived-model-viewer-config-not-game-native-catalog,CROSSCHECK_PENDING,
SCVI,pm0978,978,pm0978_00_00,0,0,UNRESOLVED,UNRESOLVED,UNRESOLVED,icon/pm0978_00_00_00_big.png,43,86,4a7b075cb953519a1e9ddf275b9c4db1287045b88c4093b238ff4df19aba2889,True,True,True,True,True,True,assets/local/configs/SCVI/pm0978.json,14b0fa4aa0296c127d28056f923ead52437e85c5b7e723051a2193f116e62e6a,freedom12/PokemonModelViewer,c5952930343748e6dcb4cae21ee383e0bd13b75c,public-derived-model-viewer-config-not-game-native-catalog,CROSSCHECK_PENDING,
SCVI,pm0982,982,pm0982_00_00,0,0,UNRESOLVED,UNRESOLVED,UNRESOLVED,icon/pm0982_00_00_00_big.png,46,92,5a9f1b52282756f578da62961c34c91c76fa2976b69f4c828615a1aa07a9ec65,True,True,True,True,True,True,assets/local/configs/SCVI/pm0982.json,9d2357858bbf09bf5931b4df122ef523ac121fd01d32247977e0531f3dac03d1,freedom12/PokemonModelViewer,c5952930343748e6dcb4cae21ee383e0bd13b75c,public-derived-model-viewer-config-not-game-native-catalog,CROSSCHECK_PENDING,
SCVI,pm0983,983,pm0983_11_00,11,0,UNRESOLVED,UNRESOLVED,UNRESOLVED,icon/pm0983_11_00_00_big.png,46,92,5a9f1b52282756f578da62961c34c91c76fa2976b69f4c828615a1aa07a9ec65,True,True,True,True,True,True,assets/local/configs/SCVI/pm0983.json,2910400142e2e880fe577b37c0141b8dcd868a4c657541788d63746159bf3cc3,freedom12/PokemonModelViewer,c5952930343748e6dcb4cae21ee383e0bd13b75c,public-derived-model-viewer-config-not-game-native-catalog,CROSSCHECK_PENDING,
SCVI,pm0983,983,pm0983_12_00,12,0,UNRESOLVED,UNRESOLVED,UNRESOLVED,icon/pm0983_12_00_00_big.png,46,92,5a9f1b52282756f578da62961c34c91c76fa2976b69f4c828615a1aa07a9ec65,True,True,True,True,True,True,assets/local/configs/SCVI/pm0983.json,2910400142e2e880fe577b37c0141b8dcd868a4c657541788d63746159bf3cc3,freedom12/PokemonModelViewer,c5952930343748e6dcb4cae21ee383e0bd13b75c,public-derived-model-viewer-config-not-game-native-catalog,CROSSCHECK_PENDING,
SCVI,pm0984,984,pm0984_00_00,0,0,UNRESOLVED,UNRESOLVED,UNRESOLVED,icon/pm0984_00_00_00_big.png,42,84,49b11bbff06f4c442bf087777726ee447ab54cd1ab756910ad61b525900c1a8f,True,True,True,True,False,True,assets/local/configs/SCVI/pm0984.json,37b64050268655cb5fa89a62ca0273a30c49e87159aec41e9dfe6ac5a5cc3f82,freedom12/PokemonModelViewer,c5952930343748e6dcb4cae21ee383e0bd13b75c,public-derived-model-viewer-config-not-game-native-catalog,CROSSCHECK_PENDING,
SCVI,pm0985,985,pm0985_00_00,0,0,UNRESOLVED,UNRESOLVED,UNRESOLVED,icon/pm0985_00_00_00_big.png,42,84,49b11bbff06f4c442bf087777726ee447ab54cd1ab756910ad61b525900c1a8f,True,True,True,True,False,True,assets/local/configs/SCVI/pm0985.json,49744223efa7aedab52c095a2eda9c91a52162d4d4712505d50d5f62b0c315ce,freedom12/PokemonModelViewer,c5952930343748e6dcb4cae21ee383e0bd13b75c,public-derived-model-viewer-config-not-game-native-catalog,CROSSCHECK_PENDING,
SCVI,pm0986,986,pm0986_11_00,11,0,UNRESOLVED,UNRESOLVED,UNRESOLVED,icon/pm0986_11_00_00_big.png,43,86,4a7b075cb953519a1e9ddf275b9c4db1287045b88c4093b238ff4df19aba2889,True,True,True,True,True,True,assets/local/configs/SCVI/pm0986.json,3df13c7dde56875b1773beb063a1fec31b46826ae228979318b61596fccb8ec8,freedom12/PokemonModelViewer,c5952930343748e6dcb4cae21ee383e0bd13b75c,public-derived-model-viewer-config-not-game-native-catalog,CROSSCHECK_PENDING,
SCVI,pm0986,986,pm0986_12_00,12,0,UNRESOLVED,UNRESOLVED,UNRESOLVED,icon/pm0986_12_00_00_big.png,43,86,462aec9e7e5862573bbab24ccaed8bdc36a5b8068e0222fc06c6f2674d446906,True,True,True,True,True,True,assets/local/configs/SCVI/pm0986.json,3df13c7dde56875b1773beb063a1fec31b46826ae228979318b61596fccb8ec8,freedom12/PokemonModelViewer,c5952930343748e6dcb4cae21ee383e0bd13b75c,public-derived-model-viewer-config-not-game-native-catalog,CROSSCHECK_PENDING,
SCVI,pm0986,986,pm0986_13_00,13,0,UNRESOLVED,UNRESOLVED,UNRESOLVED,icon/pm0986_13_00_00_big.png,43,86,462aec9e7e5862573bbab24ccaed8bdc36a5b8068e0222fc06c6f2674d446906,True,True,True,True,True,True,assets/local/configs/SCVI/pm0986.json,3df13c7dde56875b1773beb063a1fec31b46826ae228979318b61596fccb8ec8,freedom12/PokemonModelViewer,c5952930343748e6dcb4cae21ee383e0bd13b75c,public-derived-model-viewer-config-not-game-native-catalog,CROSSCHECK_PENDING,
SCVI,pm0988,988,pm0988_11_00,11,0,UNRESOLVED,UNRESOLVED,UNRESOLVED,icon/pm0988_11_00_00_big.png,46,92,5a9f1b52282756f578da62961c34c91c76fa2976b69f4c828615a1aa07a9ec65,True,True,True,True,True,True,assets/local/configs/SCVI/pm0988.json,49d98173fb6e0702c24e74c0016b3543889a7519dff64c4928c8b0c51a19efb9,freedom12/PokemonModelViewer,c5952930343748e6dcb4cae21ee383e0bd13b75c,public-derived-model-viewer-config-not-game-native-catalog,CROSSCHECK_PENDING,
SCVI,pm0988,988,pm0988_12_00,12,0,UNRESOLVED,UNRESOLVED,UNRESOLVED,icon/pm0988_12_00_00_big.png,46,92,5a9f1b52282756f578da62961c34c91c76fa2976b69f4c828615a1aa07a9ec65,True,True,True,True,True,True,assets/local/configs/SCVI/pm0988.json,49d98173fb6e0702c24e74c0016b3543889a7519dff64c4928c8b0c51a19efb9,freedom12/PokemonModelViewer,c5952930343748e6dcb4cae21ee383e0bd13b75c,public-derived-model-viewer-config-not-game-native-catalog,CROSSCHECK_PENDING,
SCVI,pm0989,989,pm0989_00_00,0,0,UNRESOLVED,UNRESOLVED,UNRESOLVED,icon/pm0989_00_00_00_big.png,43,86,f6d5193641c323bec361702ecb4d4a9824a4c4979e911af60770aa309d93fa12,True,True,True,True,True,False,assets/local/configs/SCVI/pm0989.json,0b2478c1e2909b76e423725da9cf6581940771380fa36e79d2a8467293548743,freedom12/PokemonModelViewer,c5952930343748e6dcb4cae21ee383e0bd13b75c,public-derived-model-viewer-config-not-game-native-catalog,CROSSCHECK_PENDING,
SCVI,pm0990,990,pm0990_00_00,0,0,UNRESOLVED,UNRESOLVED,UNRESOLVED,icon/pm0990_00_00_00_big.png,55,110,086196320bbe765431f390668a47d01a10b4a5555b1aee743a0e9918ffac8264,True,True,True,True,True,False,assets/local/configs/SCVI/pm0990.json,0a6c1ab98693c2a7832a43bef3e387f03fa289f683bb6d261ddd6d0cf312f348,freedom12/PokemonModelViewer,c5952930343748e6dcb4cae21ee383e0bd13b75c,public-derived-model-viewer-config-not-game-native-catalog,CROSSCHECK_PENDING,
SCVI,pm1001,1001,pm1001_00_00,0,0,UNRESOLVED,UNRESOLVED,UNRESOLVED,icon/pm1001_00_00_00_big.png,49,98,ec974bec80ed07a54924175cca7d753c2ad2709e2f07aebdfd99fa333b328ad3,True,True,True,True,True,True,assets/local/configs/SCVI/pm1001.json,dfdf9a8b067ac2a6f6e900d47be7a8f784154be4097de4db6b6b9b8d79ec4a86,freedom12/PokemonModelViewer,c5952930343748e6dcb4cae21ee383e0bd13b75c,public-derived-model-viewer-config-not-game-native-catalog,CROSSCHECK_PENDING,
SCVI,pm1002,1002,pm1002_00_00,0,0,UNRESOLVED,UNRESOLVED,UNRESOLVED,icon/pm1002_00_00_00_big.png,46,92,5a9f1b52282756f578da62961c34c91c76fa2976b69f4c828615a1aa07a9ec65,True,True,True,True,True,True,assets/local/configs/SCVI/pm1002.json,be180a424907eb4709a3efb472819d3b9e19c1af8dd26eb0ebd0296ac7027f7d,freedom12/PokemonModelViewer,c5952930343748e6dcb4cae21ee383e0bd13b75c,public-derived-model-viewer-config-not-game-native-catalog,CROSSCHECK_PENDING,
SCVI,pm1003,1003,pm1003_00_41,0,41,UNRESOLVED,UNRESOLVED,UNRESOLVED,icon/pm1003_00_41_00_big.png,46,92,5a9f1b52282756f578da62961c34c91c76fa2976b69f4c828615a1aa07a9ec65,True,True,True,True,True,True,assets/local/configs/SCVI/pm1003.json,ef8c847bb77f45bdb63f56212dc0acbdbbc86cfa7a61b0bd8720ba48d373ca00,freedom12/PokemonModelViewer,c5952930343748e6dcb4cae21ee383e0bd13b75c,public-derived-model-viewer-config-not-game-native-catalog,CROSSCHECK_PENDING,
SCVI,pm1004,1004,pm1004_11_00,11,0,UNRESOLVED,UNRESOLVED,UNRESOLVED,icon/pm1004_11_00_00_big.png,43,86,4a7b075cb953519a1e9ddf275b9c4db1287045b88c4093b238ff4df19aba2889,True,True,True,True,True,True,assets/local/configs/SCVI/pm1004.json,72bf285f78663a3ad54308ad8be90dce5c84e535fce30920d0d0da0b666e1b84,freedom12/PokemonModelViewer,c5952930343748e6dcb4cae21ee383e0bd13b75c,public-derived-model-viewer-config-not-game-native-catalog,CROSSCHECK_PENDING,
SCVI,pm1004,1004,pm1004_12_00,12,0,UNRESOLVED,UNRESOLVED,UNRESOLVED,icon/pm1004_12_00_00_big.png,43,86,4a7b075cb953519a1e9ddf275b9c4db1287045b88c4093b238ff4df19aba2889,True,True,True,True,True,True,assets/local/configs/SCVI/pm1004.json,72bf285f78663a3ad54308ad8be90dce5c84e535fce30920d0d0da0b666e1b84,freedom12/PokemonModelViewer,c5952930343748e6dcb4cae21ee383e0bd13b75c,public-derived-model-viewer-config-not-game-native-catalog,CROSSCHECK_PENDING,
SCVI,pm1005,1005,pm1005_00_41,0,41,UNRESOLVED,UNRESOLVED,UNRESOLVED,icon/pm1005_00_41_00_big.png,43,86,6d9d5cf2c966306a269deecd14a4214d3ab85772ecbcdc7e4db68f7652f31055,True,True,True,True,True,True,assets/local/configs/SCVI/pm1005.json,2177551ba4476560beb04629aabb95fb636182c3cb16688567df0b932a6e12e4,freedom12/PokemonModelViewer,c5952930343748e6dcb4cae21ee383e0bd13b75c,public-derived-model-viewer-config-not-game-native-catalog,CROSSCHECK_PENDING,
SCVI,pm1006,1006,pm1006_11_41,11,41,UNRESOLVED,UNRESOLVED,UNRESOLVED,icon/pm1006_11_41_00_big.png,44,88,fb238653668ad80d9c7fa5642dd806fc7d366ed5adcf3ca478467befdcebb1e4,True,True,True,True,True,True,assets/local/configs/SCVI/pm1006.json,712b3bcda658719490f9fe3f451cde7e338f985f2ac7736b00c28fa7c11dc63e,freedom12/PokemonModelViewer,c5952930343748e6dcb4cae21ee383e0bd13b75c,public-derived-model-viewer-config-not-game-native-catalog,CROSSCHECK_PENDING,
SCVI,pm1006,1006,pm1006_12_41,12,41,UNRESOLVED,UNRESOLVED,UNRESOLVED,icon/pm1006_12_41_00_big.png,44,88,fb238653668ad80d9c7fa5642dd806fc7d366ed5adcf3ca478467befdcebb1e4,True,True,True,True,True,True,assets/local/configs/SCVI/pm1006.json,712b3bcda658719490f9fe3f451cde7e338f985f2ac7736b00c28fa7c11dc63e,freedom12/PokemonModelViewer,c5952930343748e6dcb4cae21ee383e0bd13b75c,public-derived-model-viewer-config-not-game-native-catalog,CROSSCHECK_PENDING,
SCVI,pm1007,1007,pm1007_00_00,0,0,UNRESOLVED,UNRESOLVED,UNRESOLVED,icon/pm1007_00_00_00_big.png,46,92,5a9f1b52282756f578da62961c34c91c76fa2976b69f4c828615a1aa07a9ec65,True,True,True,True,True,True,assets/local/configs/SCVI/pm1007.json,653567c541ac9d84ba475f20dd015b6c3aaaa077084d90ad64267bf1bceb7e77,freedom12/PokemonModelViewer,c5952930343748e6dcb4cae21ee383e0bd13b75c,public-derived-model-viewer-config-not-game-native-catalog,CROSSCHECK_PENDING,
SCVI,pm1007,1007,pm1007_11_00,11,0,UNRESOLVED,UNRESOLVED,UNRESOLVED,icon/pm1007_11_00_00_big.png,46,92,91851d1a0141af816b37e723c302d0b0f86bbcb21e839a4eb482b0294d658593,True,True,True,True,True,True,assets/local/configs/SCVI/pm1007.json,653567c541ac9d84ba475f20dd015b6c3aaaa077084d90ad64267bf1bceb7e77,freedom12/PokemonModelViewer,c5952930343748e6dcb4cae21ee383e0bd13b75c,public-derived-model-viewer-config-not-game-native-catalog,CROSSCHECK_PENDING,
SCVI,pm1010,1010,pm1010_00_00,0,0,UNRESOLVED,UNRESOLVED,UNRESOLVED,icon/pm1010_00_00_00_big.png,50,100,e9d085bc839b6fcbccc4bf14b02c8ddaf10145e41bced7ddd7a85c6a0ed84ca5,True,True,True,True,True,True,assets/local/configs/SCVI/pm1010.json,fe0c122b9f39d4708e995011e50ec1a4e5d74324f67bd5e478fcc70223adf6d8,freedom12/PokemonModelViewer,c5952930343748e6dcb4cae21ee383e0bd13b75c,public-derived-model-viewer-config-not-game-native-catalog,CROSSCHECK_PENDING,
SCVI,pm1011,1011,pm1011_00_00,0,0,UNRESOLVED,UNRESOLVED,UNRESOLVED,icon/pm1011_00_00_00_big.png,50,100,e9d085bc839b6fcbccc4bf14b02c8ddaf10145e41bced7ddd7a85c6a0ed84ca5,True,True,True,True,True,True,assets/local/configs/SCVI/pm1011.json,8ef7535fab2f6b0b34a80f1d0b234d016aff53c031de0ccda9ff69cf4ed8d1ee,freedom12/PokemonModelViewer,c5952930343748e6dcb4cae21ee383e0bd13b75c,public-derived-model-viewer-config-not-game-native-catalog,CROSSCHECK_PENDING,
SCVI,pm1012,1012,pm1012_00_00,0,0,UNRESOLVED,UNRESOLVED,UNRESOLVED,icon/pm1012_00_00_00_big.png,51,102,1226ceae4e2ace77b74a200abc747059d827e2a8aa0f71975aa050c09b94dc61,True,True,True,True,True,True,assets/local/configs/SCVI/pm1012.json,985787679934a8c937f776f95d3ebb6d1a6a99bd7f9b87a2f6868d08b506afae,freedom12/PokemonModelViewer,c5952930343748e6dcb4cae21ee383e0bd13b75c,public-derived-model-viewer-config-not-game-native-catalog,CROSSCHECK_PENDING,
SCVI,pm1013,1013,pm1013_00_00,0,0,UNRESOLVED,UNRESOLVED,UNRESOLVED,icon/pm1013_00_00_00_big.png,50,100,e9d085bc839b6fcbccc4bf14b02c8ddaf10145e41bced7ddd7a85c6a0ed84ca5,True,True,True,True,True,True,assets/local/configs/SCVI/pm1013.json,1272535ee7228c3ee4b9742932b53690d748549a8e8fc87ac741770fab3d12f3,freedom12/PokemonModelViewer,c5952930343748e6dcb4cae21ee383e0bd13b75c,public-derived-model-viewer-config-not-game-native-catalog,CROSSCHECK_PENDING,
SCVI,pm1014,1014,pm1014_00_00,0,0,UNRESOLVED,UNRESOLVED,UNRESOLVED,icon/pm1014_00_00_00_big.png,47,94,ef4d15e2216cff6ca8d564b96512103fbff0c492fc06413d94d1d4c437913ea3,True,True,True,True,True,True,assets/local/configs/SCVI/pm1014.json,4f2a2c9575e6a925b0975584b30dcc5d1dbc64fb481dc19cdb41cc8d4f93ff58,freedom12/PokemonModelViewer,c5952930343748e6dcb4cae21ee383e0bd13b75c,public-derived-model-viewer-config-not-game-native-catalog,CROSSCHECK_PENDING,
SCVI,pm1015,1015,pm1015_00_00,0,0,UNRESOLVED,UNRESOLVED,UNRESOLVED,icon/pm1015_00_00_00_big.png,54,108,d45bb1e8dfb3ee91b649a5164444e17bdced2e495adc516fe9cc2564464df718,True,True,True,True,True,True,assets/local/configs/SCVI/pm1015.json,209302d20bb94f989bedf37eb149d8f21ceb59fb77776a9247e76d79f9fc02a3,freedom12/PokemonModelViewer,c5952930343748e6dcb4cae21ee383e0bd13b75c,public-derived-model-viewer-config-not-game-native-catalog,CROSSCHECK_PENDING,
SCVI,pm1016,1016,pm1016_00_00,0,0,UNRESOLVED,UNRESOLVED,UNRESOLVED,icon/pm1016_00_00_00_big.png,79,158,5fbdde0cbf2749b5918eae458f8d2ed35e965516f94ac92547fc1d7c7ca43ab1,True,True,True,True,True,True,assets/local/configs/SCVI/pm1016.json,40f2bb05ebc6093f1e01e9eaf35003ae03cbd6d0154128bfd35bc0f1fc3a88c1,freedom12/PokemonModelViewer,c5952930343748e6dcb4cae21ee383e0bd13b75c,public-derived-model-viewer-config-not-game-native-catalog,CROSSCHECK_PENDING,
SCVI,pm1017,1017,pm1017_00_00,0,0,UNRESOLVED,UNRESOLVED,UNRESOLVED,icon/pm1017_00_00_00_big.png,79,158,5fbdde0cbf2749b5918eae458f8d2ed35e965516f94ac92547fc1d7c7ca43ab1,True,True,True,True,True,True,assets/local/configs/SCVI/pm1017.json,fed4b7f8fed38fc2833e2c57041a4654fb1de0ae2f120cd45b588c02b768ec55,freedom12/PokemonModelViewer,c5952930343748e6dcb4cae21ee383e0bd13b75c,public-derived-model-viewer-config-not-game-native-catalog,CROSSCHECK_PENDING,
SCVI,pm1018,1018,pm1018_00_00,0,0,UNRESOLVED,UNRESOLVED,UNRESOLVED,icon/pm1018_00_00_00_big.png,80,160,12b6b96a0d381b7339b01331a8720e07eb63989bb791ba428177adae78699306,True,True,True,True,True,True,assets/local/configs/SCVI/pm1018.json,1854337c1400af1ca0ec538175aec1c25a357435fbb3fb9903a2f27db0b372f7,freedom12/PokemonModelViewer,c5952930343748e6dcb4cae21ee383e0bd13b75c,public-derived-model-viewer-config-not-game-native-catalog,CROSSCHECK_PENDING,
SCVI,pm1019,1019,pm1019_00_00,0,0,UNRESOLVED,UNRESOLVED,UNRESOLVED,icon/pm1019_00_00_00_big.png,49,98,ec974bec80ed07a54924175cca7d753c2ad2709e2f07aebdfd99fa333b328ad3,True,True,True,True,True,True,assets/local/configs/SCVI/pm1019.json,0e14fe622df1735a4d7ab88aed536125243238bee0a44bfef2aaedc39f0ab5ab,freedom12/PokemonModelViewer,c5952930343748e6dcb4cae21ee383e0bd13b75c,public-derived-model-viewer-config-not-game-native-catalog,CROSSCHECK_PENDING,
SCVI,pm1020,1020,pm1020_00_00,0,0,UNRESOLVED,UNRESOLVED,UNRESOLVED,icon/pm1020_00_00_00_big.png,49,98,ec974bec80ed07a54924175cca7d753c2ad2709e2f07aebdfd99fa333b328ad3,True,True,True,True,True,True,assets/local/configs/SCVI/pm1020.json,52db7705c8e08b319d0773f6b01c1ef2afb162f61bbe1af5f2df49acca5ee60b,freedom12/PokemonModelViewer,c5952930343748e6dcb4cae21ee383e0bd13b75c,public-derived-model-viewer-config-not-game-native-catalog,CROSSCHECK_PENDING,
SCVI,pm1020,1020,pm1020_01_00,1,0,UNRESOLVED,UNRESOLVED,UNRESOLVED,icon/pm1020_01_00_00_big.png,49,98,ec974bec80ed07a54924175cca7d753c2ad2709e2f07aebdfd99fa333b328ad3,True,True,True,True,True,True,assets/local/configs/SCVI/pm1020.json,52db7705c8e08b319d0773f6b01c1ef2afb162f61bbe1af5f2df49acca5ee60b,freedom12/PokemonModelViewer,c5952930343748e6dcb4cae21ee383e0bd13b75c,public-derived-model-viewer-config-not-game-native-catalog,CROSSCHECK_PENDING,
SCVI,pm1021,1021,pm1021_11_00,11,0,UNRESOLVED,UNRESOLVED,UNRESOLVED,icon/pm1021_11_00_00_big.png,43,86,6e349105f9f5ed512ada9ff15097f37ea9d96ae6cf6d58a24604614c3e5ef6ee,True,True,True,True,True,True,assets/local/configs/SCVI/pm1021.json,e22314c07adf8266885741f7bf09960679370974b156ff92455f1b9947e9b902,freedom12/PokemonModelViewer,c5952930343748e6dcb4cae21ee383e0bd13b75c,public-derived-model-viewer-config-not-game-native-catalog,CROSSCHECK_PENDING,
SCVI,pm1021,1021,pm1021_12_00,12,0,UNRESOLVED,UNRESOLVED,UNRESOLVED,icon/pm1021_12_00_00_big.png,43,86,6e349105f9f5ed512ada9ff15097f37ea9d96ae6cf6d58a24604614c3e5ef6ee,True,True,True,True,True,True,assets/local/configs/SCVI/pm1021.json,e22314c07adf8266885741f7bf09960679370974b156ff92455f1b9947e9b902,freedom12/PokemonModelViewer,c5952930343748e6dcb4cae21ee383e0bd13b75c,public-derived-model-viewer-config-not-game-native-catalog,CROSSCHECK_PENDING,
SCVI,pm1022,1022,pm1022_00_00,0,0,UNRESOLVED,UNRESOLVED,UNRESOLVED,icon/pm1022_00_00_00_big.png,52,104,5932dcd8430578225add8aab4a54f7d1f01790544da923315d43e47d5534fbed,True,True,True,True,True,True,assets/local/configs/SCVI/pm1022.json,47b5987238fd3c501eebfe4b46e36dc1501afe3021a7b846c2e82968141889c0,freedom12/PokemonModelViewer,c5952930343748e6dcb4cae21ee383e0bd13b75c,public-derived-model-viewer-config-not-game-native-catalog,CROSSCHECK_PENDING,
SCVI,pm1023,1023,pm1023_00_00,0,0,UNRESOLVED,UNRESOLVED,UNRESOLVED,icon/pm1023_00_00_00_big.png,52,104,ed3a1cc17a9d0dbe2cb6819899757ebd0af50713364712b6f76a463b429eae5e,True,True,True,True,True,True,assets/local/configs/SCVI/pm1023.json,b2d45bed84b6e748505acd655ebc1939a33c213f4b9d4d7e077a76aa51624589,freedom12/PokemonModelViewer,c5952930343748e6dcb4cae21ee383e0bd13b75c,public-derived-model-viewer-config-not-game-native-catalog,CROSSCHECK_PENDING,
SCVI,pm1024,1024,pm1024_00_00,0,0,UNRESOLVED,UNRESOLVED,UNRESOLVED,icon/pm1024_00_00_00_big.png,48,96,884122f8671ad1ce9011c092f7f695128f95ee26aa6fe4b3fa764eaf1178e1f4,True,True,True,True,True,False,assets/local/configs/SCVI/pm1024.json,b730d6fdc93e2a751a0b2161b7b13af102e380d14371ebac1b663dd915cce270,freedom12/PokemonModelViewer,c5952930343748e6dcb4cae21ee383e0bd13b75c,public-derived-model-viewer-config-not-game-native-catalog,CROSSCHECK_PENDING,
SCVI,pm1025,1025,pm1025_00_00,0,0,UNRESOLVED,UNRESOLVED,UNRESOLVED,icon/pm1025_00_00_00_big.png,48,96,884122f8671ad1ce9011c092f7f695128f95ee26aa6fe4b3fa764eaf1178e1f4,True,True,True,True,True,False,assets/local/configs/SCVI/pm1025.json,a9877e5d7da66384a9cdc6c6478816f932184e3ead399886673e7c4b1d1488df,freedom12/PokemonModelViewer,c5952930343748e6dcb4cae21ee383e0bd13b75c,public-derived-model-viewer-config-not-game-native-catalog,CROSSCHECK_PENDING,
SCVI,pm1026,1026,pm1026_00_00,0,0,UNRESOLVED,UNRESOLVED,UNRESOLVED,icon/pm1026_00_00_00_big.png,46,92,4c1f91a5dd59e90c7ad7fc80aef04d6f781deb48023d42fbd1bfcdb21e8b156a,True,True,True,True,True,True,assets/local/configs/SCVI/pm1026.json,4fdd9471de26b34c4d3b4e0c2a4ea6c41ec55ba73ad4a5a9fe04b6a080342edc,freedom12/PokemonModelViewer,c5952930343748e6dcb4cae21ee383e0bd13b75c,public-derived-model-viewer-config-not-game-native-catalog,CROSSCHECK_PENDING,
SCVI,pm1027,1027,pm1027_00_00,0,0,UNRESOLVED,UNRESOLVED,UNRESOLVED,icon/pm1027_00_00_00_big.png,49,98,eec2a3d50f38cb5e3d586aebb74f3e0f79de485b4de6ce233c98354bd72c964c,True,True,True,True,True,False,assets/local/configs/SCVI/pm1027.json,2b5af378e8d59e595050ca08036240e117b512edffc6ac0e1356e6f5f7eefc56,freedom12/PokemonModelViewer,c5952930343748e6dcb4cae21ee383e0bd13b75c,public-derived-model-viewer-config-not-game-native-catalog,CROSSCHECK_PENDING,
SCVI,pm1028,1028,pm1028_00_00,0,0,UNRESOLVED,UNRESOLVED,UNRESOLVED,icon/pm1028_00_00_00_big.png,54,108,798e010ab6a49aabf6a6d1b61727ca62cbeed280ed0a8f3d130155829beb47d3,True,True,True,True,False,True,assets/local/configs/SCVI/pm1028.json,4ba3782c0772cf3ea1d1ccbe3c0b171dcaea48a78ed5e45db41d8a6764261097,freedom12/PokemonModelViewer,c5952930343748e6dcb4cae21ee383e0bd13b75c,public-derived-model-viewer-config-not-game-native-catalog,CROSSCHECK_PENDING,
SCVI,pm1029,1029,pm1029_00_00,0,0,UNRESOLVED,UNRESOLVED,UNRESOLVED,icon/pm1029_00_00_00_big.png,51,102,83549361f4019664a9079253ae7cacc20ffbf9be45eafbc34fcef59e14e5ac65,True,True,True,True,False,True,assets/local/configs/SCVI/pm1029.json,0b72627a5d7843e1c72d87430e7a9ccd914b088f23492c849c9d0e6be5c6fd18,freedom12/PokemonModelViewer,c5952930343748e6dcb4cae21ee383e0bd13b75c,public-derived-model-viewer-config-not-game-native-catalog,CROSSCHECK_PENDING,
SCVI,pm1030,1030,pm1030_00_00,0,0,UNRESOLVED,UNRESOLVED,UNRESOLVED,icon/pm1030_00_00_00_big.png,46,92,29d92e20f90d987aa3a694058d92ee64d9737a0aa012492d4429fca24254eaaf,True,True,True,True,True,True,assets/local/configs/SCVI/pm1030.json,e4283b4e613f1b7af26a46d9075e207d579e7838fb0e0725120dd199e2eaef4e,freedom12/PokemonModelViewer,c5952930343748e6dcb4cae21ee383e0bd13b75c,public-derived-model-viewer-config-not-game-native-catalog,CROSSCHECK_PENDING,
SCVI,pm1031,1031,pm1031_00_00,0,0,UNRESOLVED,UNRESOLVED,UNRESOLVED,icon/pm1031_00_00_00_big.png,49,98,ec974bec80ed07a54924175cca7d753c2ad2709e2f07aebdfd99fa333b328ad3,True,True,True,True,True,True,assets/local/configs/SCVI/pm1031.json,88c79a46b8cedf87ac47cbba30a1346b099d81698a0d64ef243451ddf41d9b32,freedom12/PokemonModelViewer,c5952930343748e6dcb4cae21ee383e0bd13b75c,public-derived-model-viewer-config-not-game-native-catalog,CROSSCHECK_PENDING,
SCVI,pm1032,1032,pm1032_00_00,0,0,UNRESOLVED,UNRESOLVED,UNRESOLVED,icon/pm1032_00_00_00_big.png,46,92,91851d1a0141af816b37e723c302d0b0f86bbcb21e839a4eb482b0294d658593,True,True,True,True,True,True,assets/local/configs/SCVI/pm1032.json,7e88061bdd65943e56b8641351b03dbc779e7dbcee1244532bfdf46b9e406415,freedom12/PokemonModelViewer,c5952930343748e6dcb4cae21ee383e0bd13b75c,public-derived-model-viewer-config-not-game-native-catalog,CROSSCHECK_PENDING,
SCVI,pm1033,1033,pm1033_00_00,0,0,UNRESOLVED,UNRESOLVED,UNRESOLVED,icon/pm1033_00_00_00_big.png,40,80,5a3ae13da8d774280f335eb0f4de0bc0c8034c8bb82d82466e265518a31e743a,True,True,True,True,True,False,assets/local/configs/SCVI/pm1033.json,7bc495a92e6527e25f082ce549480344eda1929530b8e850b76b1d8972e7558b,freedom12/PokemonModelViewer,c5952930343748e6dcb4cae21ee383e0bd13b75c,public-derived-model-viewer-config-not-game-native-catalog,CROSSCHECK_PENDING,
SCVI,pm1034,1034,pm1034_00_00,0,0,UNRESOLVED,UNRESOLVED,UNRESOLVED,icon/pm1034_00_00_00_big.png,40,80,5a3ae13da8d774280f335eb0f4de0bc0c8034c8bb82d82466e265518a31e743a,True,True,True,True,True,False,assets/local/configs/SCVI/pm1034.json,6bee66380d0dcad492fc3802059b3caacd695c7ce394072664f793c01b59d6a7,freedom12/PokemonModelViewer,c5952930343748e6dcb4cae21ee383e0bd13b75c,public-derived-model-viewer-config-not-game-native-catalog,CROSSCHECK_PENDING,
SCVI,pm1035,1035,pm1035_00_00,0,0,UNRESOLVED,UNRESOLVED,UNRESOLVED,icon/pm1035_00_00_00_big.png,44,88,6cccaf2273a113ea989d04d2dfddac3ae5083cf9a706d67ded6b8b2cf2d48742,True,True,True,True,True,True,assets/local/configs/SCVI/pm1035.json,39568e3523afbbc3cb8489f18824a09b5135b24a3c00c2db4c495fc94fff4e07,freedom12/PokemonModelViewer,c5952930343748e6dcb4cae21ee383e0bd13b75c,public-derived-model-viewer-config-not-game-native-catalog,CROSSCHECK_PENDING,
SCVI,pm1036,1036,pm1036_00_00,0,0,UNRESOLVED,UNRESOLVED,UNRESOLVED,icon/pm1036_00_00_00_big.png,46,92,764990adf8fdf29957b2d4b22884eb79dafe28524faefcf199764879d5560824,True,True,True,True,True,True,assets/local/configs/SCVI/pm1036.json,33c5190c309ed639c2034f25341ee33d89fcb4d2c61c2c3a50d4de39937d996f,freedom12/PokemonModelViewer,c5952930343748e6dcb4cae21ee383e0bd13b75c,public-derived-model-viewer-config-not-game-native-catalog,CROSSCHECK_PENDING,
SCVI,pm1037,1037,pm1037_00_00,0,0,UNRESOLVED,UNRESOLVED,UNRESOLVED,icon/pm1037_00_00_00_big.png,42,84,7f7a5ab37687f3360987b2709ff5db5e6db0cf04a56f95d8ad7bfd1e5b54d06e,True,False,True,True,True,True,assets/local/configs/SCVI/pm1037.json,17d61e12d4277426646e8c5f84e5c2165770f2794811360a80cf6781949a81f9,freedom12/PokemonModelViewer,c5952930343748e6dcb4cae21ee383e0bd13b75c,public-derived-model-viewer-config-not-game-native-catalog,CROSSCHECK_PENDING,
SCVI,pm1038,1038,pm1038_11_00,11,0,UNRESOLVED,UNRESOLVED,UNRESOLVED,icon/pm1038_11_00_00_big.png,42,84,7f7a5ab37687f3360987b2709ff5db5e6db0cf04a56f95d8ad7bfd1e5b54d06e,True,False,True,True,True,True,assets/local/configs/SCVI/pm1038.json,e74d389fd0434732a8ddde3bcc45fd02a6e25e38bbd5ec5a2a46927fdc618a6d,freedom12/PokemonModelViewer,c5952930343748e6dcb4cae21ee383e0bd13b75c,public-derived-model-viewer-config-not-game-native-catalog,CROSSCHECK_PENDING,
SCVI,pm1038,1038,pm1038_12_00,12,0,UNRESOLVED,UNRESOLVED,UNRESOLVED,icon/pm1038_12_00_00_big.png,78,156,9829ef06e610cfaa8e7cafda925f1cc0ab94aed73af5cd994f6b1039f8de5ddc,True,True,True,True,True,True,assets/local/configs/SCVI/pm1038.json,e74d389fd0434732a8ddde3bcc45fd02a6e25e38bbd5ec5a2a46927fdc618a6d,freedom12/PokemonModelViewer,c5952930343748e6dcb4cae21ee383e0bd13b75c,public-derived-model-viewer-config-not-game-native-catalog,CROSSCHECK_PENDING,
SCVI,pm1039,1039,pm1039_00_00,0,0,UNRESOLVED,UNRESOLVED,UNRESOLVED,icon/pm1039_00_00_00_big.png,46,92,4c1f91a5dd59e90c7ad7fc80aef04d6f781deb48023d42fbd1bfcdb21e8b156a,True,True,True,True,True,True,assets/local/configs/SCVI/pm1039.json,0c08529d8ea727d25ef3c255f0b2129dd859687b95cc95dae734e1390bef4447,freedom12/PokemonModelViewer,c5952930343748e6dcb4cae21ee383e0bd13b75c,public-derived-model-viewer-config-not-game-native-catalog,CROSSCHECK_PENDING,
SCVI,pm1040,1040,pm1040_00_00,0,0,UNRESOLVED,UNRESOLVED,UNRESOLVED,icon/pm1040_00_00_00_big.png,49,98,ec974bec80ed07a54924175cca7d753c2ad2709e2f07aebdfd99fa333b328ad3,True,True,True,True,True,True,assets/local/configs/SCVI/pm1040.json,bf95008116b736aee4c4796847fa33eb587cf6e2f7d460d00ce7dcdc32a6647f,freedom12/PokemonModelViewer,c5952930343748e6dcb4cae21ee383e0bd13b75c,public-derived-model-viewer-config-not-game-native-catalog,CROSSCHECK_PENDING,
SCVI,pm1041,1041,pm1041_00_00,0,0,UNRESOLVED,UNRESOLVED,UNRESOLVED,icon/pm1041_00_00_00_big.png,48,96,884122f8671ad1ce9011c092f7f695128f95ee26aa6fe4b3fa764eaf1178e1f4,True,True,True,True,True,False,assets/local/configs/SCVI/pm1041.json,95cb164b831d67edd98d45b37b82bf60414f1afb97bab9c8010677c64d2f2c1a,freedom12/PokemonModelViewer,c5952930343748e6dcb4cae21ee383e0bd13b75c,public-derived-model-viewer-config-not-game-native-catalog,CROSSCHECK_PENDING,
SCVI,pm1042,1042,pm1042_00_00,0,0,UNRESOLVED,UNRESOLVED,UNRESOLVED,icon/pm1042_00_00_00_big.png,49,98,ec974bec80ed07a54924175cca7d753c2ad2709e2f07aebdfd99fa333b328ad3,True,True,True,True,True,True,assets/local/configs/SCVI/pm1042.json,69fdcaabba4f7ce92812d44e20d64eaa38093add84fa7f942f931435377405bc,freedom12/PokemonModelViewer,c5952930343748e6dcb4cae21ee383e0bd13b75c,public-derived-model-viewer-config-not-game-native-catalog,CROSSCHECK_PENDING,
SCVI,pm1043,1043,pm1043_00_00,0,0,UNRESOLVED,UNRESOLVED,UNRESOLVED,icon/pm1043_00_00_00_big.png,49,98,ec974bec80ed07a54924175cca7d753c2ad2709e2f07aebdfd99fa333b328ad3,True,True,True,True,True,True,assets/local/configs/SCVI/pm1043.json,739ad8f256a05ef1152769f0527fdf4aeb5618e47d9fc3609d0f6358a650755b,freedom12/PokemonModelViewer,c5952930343748e6dcb4cae21ee383e0bd13b75c,public-derived-model-viewer-config-not-game-native-catalog,CROSSCHECK_PENDING,
SCVI,pm1044,1044,pm1044_00_00,0,0,UNRESOLVED,UNRESOLVED,UNRESOLVED,icon/pm1044_00_00_00_big.png,43,86,47678520c8d355ce90659c374bf97703013e2b913acecb894a07339a11663fff,True,True,True,True,True,True,assets/local/configs/SCVI/pm1044.json,2958bc00cf1c3599824d73ca0c00681c87118b7f923819110b6c4f770cd0355d,freedom12/PokemonModelViewer,c5952930343748e6dcb4cae21ee383e0bd13b75c,public-derived-model-viewer-config-not-game-native-catalog,CROSSCHECK_PENDING,
SCVI,pm1045,1045,pm1045_00_00,0,0,UNRESOLVED,UNRESOLVED,UNRESOLVED,icon/pm1045_00_00_00_big.png,49,98,ec974bec80ed07a54924175cca7d753c2ad2709e2f07aebdfd99fa333b328ad3,True,True,True,True,True,True,assets/local/configs/SCVI/pm1045.json,287698dc4832be60c34d725604638cefb00388e8ba2fb6ce92f0ca514182f018,freedom12/PokemonModelViewer,c5952930343748e6dcb4cae21ee383e0bd13b75c,public-derived-model-viewer-config-not-game-native-catalog,CROSSCHECK_PENDING,
SCVI,pm1046,1046,pm1046_00_00,0,0,UNRESOLVED,UNRESOLVED,UNRESOLVED,icon/pm1046_00_00_00_big.png,42,84,b77a8c78837c08746a92cc303f25b13bebaf372169eb6d51f91940d824d8f1b5,True,True,True,True,True,False,assets/local/configs/SCVI/pm1046.json,7216ab7a7868463f2281bc8029d9ab6e1cb62247b41a382b6cf46249971e8b62,freedom12/PokemonModelViewer,c5952930343748e6dcb4cae21ee383e0bd13b75c,public-derived-model-viewer-config-not-game-native-catalog,CROSSCHECK_PENDING,
SCVI,pm1047,1047,pm1047_00_00,0,0,UNRESOLVED,UNRESOLVED,UNRESOLVED,icon/pm1047_00_00_00_big.png,43,86,47678520c8d355ce90659c374bf97703013e2b913acecb894a07339a11663fff,True,True,True,True,True,True,assets/local/configs/SCVI/pm1047.json,afb0eed376e4d1defcf76814b1a15105e9ba1bd20792f854e49692b73246f251,freedom12/PokemonModelViewer,c5952930343748e6dcb4cae21ee383e0bd13b75c,public-derived-model-viewer-config-not-game-native-catalog,CROSSCHECK_PENDING,
SCVI,pm1048,1048,pm1048_00_00,0,0,UNRESOLVED,UNRESOLVED,UNRESOLVED,icon/pm1048_00_00_00_big.png,77,154,589142dc54d27b362b143b509b2f47d447b643d6424f07dd62655f1d3f8efd64,True,True,True,True,True,True,assets/local/configs/SCVI/pm1048.json,ef42294a344b3b7c998914df18dcf419f652a9202be9975bda71bfea7c479dde,freedom12/PokemonModelViewer,c5952930343748e6dcb4cae21ee383e0bd13b75c,public-derived-model-viewer-config-not-game-native-catalog,CROSSCHECK_PENDING,
SCVI,pm1049,1049,pm1049_00_00,0,0,UNRESOLVED,UNRESOLVED,UNRESOLVED,icon/pm1049_00_00_00_big.png,43,86,6e349105f9f5ed512ada9ff15097f37ea9d96ae6cf6d58a24604614c3e5ef6ee,True,True,True,True,True,True,assets/local/configs/SCVI/pm1049.json,fc362df804ea2c725d9f7e256812aafe79dd4eb008a0ee5a01c03100ae5684bd,freedom12/PokemonModelViewer,c5952930343748e6dcb4cae21ee383e0bd13b75c,public-derived-model-viewer-config-not-game-native-catalog,CROSSCHECK_PENDING,
SCVI,pm1050,1050,pm1050_11_00,11,0,UNRESOLVED,UNRESOLVED,UNRESOLVED,icon/pm1050_11_00_00_big.png,43,86,6e349105f9f5ed512ada9ff15097f37ea9d96ae6cf6d58a24604614c3e5ef6ee,True,True,True,True,True,True,assets/local/configs/SCVI/pm1050.json,47c86becac4cb44b0016d7a42fae39bb46d9e5e22e8dd6d7fd299504c3a33d32,freedom12/PokemonModelViewer,c5952930343748e6dcb4cae21ee383e0bd13b75c,public-derived-model-viewer-config-not-game-native-catalog,CROSSCHECK_PENDING,
SCVI,pm1050,1050,pm1050_12_00,12,0,UNRESOLVED,UNRESOLVED,UNRESOLVED,icon/pm1050_12_00_00_big.png,43,86,6e349105f9f5ed512ada9ff15097f37ea9d96ae6cf6d58a24604614c3e5ef6ee,True,True,True,True,True,True,assets/local/configs/SCVI/pm1050.json,47c86becac4cb44b0016d7a42fae39bb46d9e5e22e8dd6d7fd299504c3a33d32,freedom12/PokemonModelViewer,c5952930343748e6dcb4cae21ee383e0bd13b75c,public-derived-model-viewer-config-not-game-native-catalog,CROSSCHECK_PENDING,
SCVI,pm1051,1051,pm1051_00_00,0,0,UNRESOLVED,UNRESOLVED,UNRESOLVED,icon/pm1051_00_00_00_big.png,46,92,4c1f91a5dd59e90c7ad7fc80aef04d6f781deb48023d42fbd1bfcdb21e8b156a,True,True,True,True,True,True,assets/local/configs/SCVI/pm1051.json,9dde72b34d7e3e112d0ffdd3feb37b3f7e537756fb705381633759756431885f,freedom12/PokemonModelViewer,c5952930343748e6dcb4cae21ee383e0bd13b75c,public-derived-model-viewer-config-not-game-native-catalog,CROSSCHECK_PENDING,
SCVI,pm1052,1052,pm1052_00_00,0,0,UNRESOLVED,UNRESOLVED,UNRESOLVED,icon/pm1052_00_00_00_big.png,46,92,4c1f91a5dd59e90c7ad7fc80aef04d6f781deb48023d42fbd1bfcdb21e8b156a,True,True,True,True,True,True,assets/local/configs/SCVI/pm1052.json,24365c91f6226781be8c1e5f31684746ca63c8c2483891cc6a8d233410dcff6f,freedom12/PokemonModelViewer,c5952930343748e6dcb4cae21ee383e0bd13b75c,public-derived-model-viewer-config-not-game-native-catalog,CROSSCHECK_PENDING,
SCVI,pm1053,1053,pm1053_00_00,0,0,UNRESOLVED,UNRESOLVED,UNRESOLVED,icon/pm1053_00_00_00_big.png,49,98,ec974bec80ed07a54924175cca7d753c2ad2709e2f07aebdfd99fa333b328ad3,True,True,True,True,True,True,assets/local/configs/SCVI/pm1053.json,7567f12a1f9f001d2f2719b106877de0700fad3c0425b37e5d60e795aba8c3dd,freedom12/PokemonModelViewer,c5952930343748e6dcb4cae21ee383e0bd13b75c,public-derived-model-viewer-config-not-game-native-catalog,CROSSCHECK_PENDING,
SCVI,pm1054,1054,pm1054_00_00,0,0,UNRESOLVED,UNRESOLVED,UNRESOLVED,icon/pm1054_00_00_00_big.png,49,98,ec974bec80ed07a54924175cca7d753c2ad2709e2f07aebdfd99fa333b328ad3,True,True,True,True,True,True,assets/local/configs/SCVI/pm1054.json,1c1a561ebf510309970f47c77f4fcbf1990cebc7cdd1eb48379e96a6955ea8d0,freedom12/PokemonModelViewer,c5952930343748e6dcb4cae21ee383e0bd13b75c,public-derived-model-viewer-config-not-game-native-catalog,CROSSCHECK_PENDING,
SCVI,pm1055,1055,pm1055_00_00,0,0,UNRESOLVED,UNRESOLVED,UNRESOLVED,icon/pm1055_00_00_00_big.png,49,98,ec974bec80ed07a54924175cca7d753c2ad2709e2f07aebdfd99fa333b328ad3,True,True,True,True,True,True,assets/local/configs/SCVI/pm1055.json,14e33d0fec496b43ddd7314788b0203ce51b6c27ef687b0d5b4e1375cde225b0,freedom12/PokemonModelViewer,c5952930343748e6dcb4cae21ee383e0bd13b75c,public-derived-model-viewer-config-not-game-native-catalog,CROSSCHECK_PENDING,
SCVI,pm1056,1056,pm1056_11_00,11,0,UNRESOLVED,UNRESOLVED,UNRESOLVED,icon/pm1056_11_00_00_big.png,76,152,dab7a7bc6b8d81a3cbae3eeae8470dd8fa17fa9a6caf01d87fd6aec2b70aacca,True,True,True,True,True,False,assets/local/configs/SCVI/pm1056.json,dbd910fd4826d938a9b251a473546890687e3db450405e52e52c896427ad6dd2,freedom12/PokemonModelViewer,c5952930343748e6dcb4cae21ee383e0bd13b75c,public-derived-model-viewer-config-not-game-native-catalog,CROSSCHECK_PENDING,
SCVI,pm1056,1056,pm1056_12_00,12,0,UNRESOLVED,UNRESOLVED,UNRESOLVED,icon/pm1056_12_00_00_big.png,76,152,dab7a7bc6b8d81a3cbae3eeae8470dd8fa17fa9a6caf01d87fd6aec2b70aacca,True,True,True,True,True,False,assets/local/configs/SCVI/pm1056.json,dbd910fd4826d938a9b251a473546890687e3db450405e52e52c896427ad6dd2,freedom12/PokemonModelViewer,c5952930343748e6dcb4cae21ee383e0bd13b75c,public-derived-model-viewer-config-not-game-native-catalog,CROSSCHECK_PENDING,
SCVI,pm1056,1056,pm1056_13_00,13,0,UNRESOLVED,UNRESOLVED,UNRESOLVED,icon/pm1056_13_00_00_big.png,76,152,dab7a7bc6b8d81a3cbae3eeae8470dd8fa17fa9a6caf01d87fd6aec2b70aacca,True,True,True,True,True,False,assets/local/configs/SCVI/pm1056.json,dbd910fd4826d938a9b251a473546890687e3db450405e52e52c896427ad6dd2,freedom12/PokemonModelViewer,c5952930343748e6dcb4cae21ee383e0bd13b75c,public-derived-model-viewer-config-not-game-native-catalog,CROSSCHECK_PENDING,
SCVI,pm1057,1057,pm1057_00_00,0,0,UNRESOLVED,UNRESOLVED,UNRESOLVED,icon/pm1057_00_00_00_big.png,49,98,ec974bec80ed07a54924175cca7d753c2ad2709e2f07aebdfd99fa333b328ad3,True,True,True,True,True,True,assets/local/configs/SCVI/pm1057.json,45925fc50976675cd5f1f2f6367731d52d800951a33b5faf0618739777ae6352,freedom12/PokemonModelViewer,c5952930343748e6dcb4cae21ee383e0bd13b75c,public-derived-model-viewer-config-not-game-native-catalog,CROSSCHECK_PENDING,
SCVI,pm1058,1058,pm1058_00_00,0,0,UNRESOLVED,UNRESOLVED,UNRESOLVED,icon/pm1058_00_00_00_big.png,77,154,a7d3baa618d572b13204fc43a2d11a111d945523012f8249cae6d497624efd4e,True,True,True,True,True,True,assets/local/configs/SCVI/pm1058.json,388de62e9fe8493a97abb18e0400cd7dcf783b886fb2b7ee81492d3bc1920463,freedom12/PokemonModelViewer,c5952930343748e6dcb4cae21ee383e0bd13b75c,public-derived-model-viewer-config-not-game-native-catalog,CROSSCHECK_PENDING,
SCVI,pm1059,1059,pm1059_00_00,0,0,UNRESOLVED,UNRESOLVED,UNRESOLVED,icon/pm1059_00_00_00_big.png,77,154,a7d3baa618d572b13204fc43a2d11a111d945523012f8249cae6d497624efd4e,True,True,True,True,True,True,assets/local/configs/SCVI/pm1059.json,9f263b5be12a120c87fbe29bbb07444ed9a575a769b2b918a9ea7848a381ebe6,freedom12/PokemonModelViewer,c5952930343748e6dcb4cae21ee383e0bd13b75c,public-derived-model-viewer-config-not-game-native-catalog,CROSSCHECK_PENDING,
SCVI,pm1060,1060,pm1060_00_00,0,0,UNRESOLVED,UNRESOLVED,UNRESOLVED,icon/pm1060_00_00_00_big.png,77,154,a7d3baa618d572b13204fc43a2d11a111d945523012f8249cae6d497624efd4e,True,True,True,True,True,True,assets/local/configs/SCVI/pm1060.json,762b7e8727ad88b2430f030c440d7cadbcfdfc6d92db89839c6dfd32a33a75e2,freedom12/PokemonModelViewer,c5952930343748e6dcb4cae21ee383e0bd13b75c,public-derived-model-viewer-config-not-game-native-catalog,CROSSCHECK_PENDING,
SCVI,pm1061,1061,pm1061_00_00,0,0,UNRESOLVED,UNRESOLVED,UNRESOLVED,icon/pm1061_00_00_00_big.png,56,112,953b80b9468f1554339f6074b829cb3a6768fa03867aba3e8e76f26b49d8a461,True,True,True,True,True,True,assets/local/configs/SCVI/pm1061.json,b86a036b6d9780358550cc87e042de51063271a32294612f2d55aa23f18835ab,freedom12/PokemonModelViewer,c5952930343748e6dcb4cae21ee383e0bd13b75c,public-derived-model-viewer-config-not-game-native-catalog,CROSSCHECK_PENDING,
SCVI,pm1062,1062,pm1062_00_00,0,0,UNRESOLVED,UNRESOLVED,UNRESOLVED,icon/pm1062_00_00_00_big.png,59,118,e7538ce1560d7ce5563ba1191c301d5f45872f170936a8f2da327703c5115060,True,True,True,True,True,True,assets/local/configs/SCVI/pm1062.json,24c5e2561503df8bc4c687606a27c7f36fff99a652882cdb7d395123d22e98c4,freedom12/PokemonModelViewer,c5952930343748e6dcb4cae21ee383e0bd13b75c,public-derived-model-viewer-config-not-game-native-catalog,CROSSCHECK_PENDING,
SCVI,pm1063,1063,pm1063_00_00,0,0,UNRESOLVED,UNRESOLVED,UNRESOLVED,icon/pm1063_00_00_00_big.png,59,118,e7538ce1560d7ce5563ba1191c301d5f45872f170936a8f2da327703c5115060,True,True,True,True,True,True,assets/local/configs/SCVI/pm1063.json,8ad6a23339a285a3a3edfac673b043010a4cef79c2a9a1d15d586164a242a251,freedom12/PokemonModelViewer,c5952930343748e6dcb4cae21ee383e0bd13b75c,public-derived-model-viewer-config-not-game-native-catalog,CROSSCHECK_PENDING,
SCVI,pm1064,1064,pm1064_11_00,11,0,UNRESOLVED,UNRESOLVED,UNRESOLVED,icon/pm1064_11_00_00_big.png,61,122,2c82feb1d41f8e1514afd428bc4370e2235864165952f1897e97c48190ce876c,True,True,True,True,True,True,assets/local/configs/SCVI/pm1064.json,384e71d76536d3f9d8fda97a7f07f06dd27e58d685d30bfefc3168db73630b95,freedom12/PokemonModelViewer,c5952930343748e6dcb4cae21ee383e0bd13b75c,public-derived-model-viewer-config-not-game-native-catalog,CROSSCHECK_PENDING,
SCVI,pm1065,1065,pm1065_00_00,0,0,UNRESOLVED,UNRESOLVED,UNRESOLVED,icon/pm1065_00_00_00_big.png,77,154,bc783de5bbadd33167f26260262f3b69e0bd1bd102518724f0848fc167f50704,True,True,True,True,True,True,assets/local/configs/SCVI/pm1065.json,ccddd3e46c9e9048a69367b4e4411326ffeb435461b51df70ab8251742ef3658,freedom12/PokemonModelViewer,c5952930343748e6dcb4cae21ee383e0bd13b75c,public-derived-model-viewer-config-not-game-native-catalog,CROSSCHECK_PENDING,
SCVI,pm1066,1066,pm1066_00_00,0,0,UNRESOLVED,UNRESOLVED,UNRESOLVED,icon/pm1066_00_00_00_big.png,75,150,36474d6b58a60643ab5ca5b09b0e61910c1aa0f1fb4f09066315d8c7419e14ea,True,True,True,True,True,True,assets/local/configs/SCVI/pm1066.json,22456dd16996d96effb4351f6043238544507a36df5b9922ddf326e055fcc592,freedom12/PokemonModelViewer,c5952930343748e6dcb4cae21ee383e0bd13b75c,public-derived-model-viewer-config-not-game-native-catalog,CROSSCHECK_PENDING,
SCVI,pm1067,1067,pm1067_00_00,0,0,UNRESOLVED,UNRESOLVED,UNRESOLVED,icon/pm1067_00_00_00_big.png,42,84,338c2b95a0c38147ccd91b1bbd9c8781de5397cfacbb513b17cc8bfc867de631,True,True,True,True,True,False,assets/local/configs/SCVI/pm1067.json,7e3326660f194917c05860a8671daf46e8119521c6304f2a7ae44f8877863b84,freedom12/PokemonModelViewer,c5952930343748e6dcb4cae21ee383e0bd13b75c,public-derived-model-viewer-config-not-game-native-catalog,CROSSCHECK_PENDING,
SCVI,pm1068,1068,pm1068_00_00,0,0,UNRESOLVED,UNRESOLVED,UNRESOLVED,icon/pm1068_00_00_00_big.png,48,96,884122f8671ad1ce9011c092f7f695128f95ee26aa6fe4b3fa764eaf1178e1f4,True,True,True,True,True,False,assets/local/configs/SCVI/pm1068.json,84da1834dac77f7132eb7aa3da085726e5c68d8b3fc8e0bac8605f257cb5e330,freedom12/PokemonModelViewer,c5952930343748e6dcb4cae21ee383e0bd13b75c,public-derived-model-viewer-config-not-game-native-catalog,CROSSCHECK_PENDING,
SCVI,pm1069,1069,pm1069_00_00,0,0,UNRESOLVED,UNRESOLVED,UNRESOLVED,icon/pm1069_00_00_00_big.png,48,96,884122f8671ad1ce9011c092f7f695128f95ee26aa6fe4b3fa764eaf1178e1f4,True,True,True,True,True,False,assets/local/configs/SCVI/pm1069.json,131d24be685a9d9d5dd9a8f6fcf1b13c36adf98991a191c1bbcd474162784c97,freedom12/PokemonModelViewer,c5952930343748e6dcb4cae21ee383e0bd13b75c,public-derived-model-viewer-config-not-game-native-catalog,CROSSCHECK_PENDING,
SCVI,pm1070,1070,pm1070_00_00,0,0,UNRESOLVED,UNRESOLVED,UNRESOLVED,icon/pm1070_00_00_00_big.png,44,88,e2e44b8b2fd58c7e57c78bc37af6bf871f589d6f9d076e75eb6d8d6ca675f670,True,False,True,True,True,False,assets/local/configs/SCVI/pm1070.json,57448afed448533323ad8d682aba301d1303ec978b39c89f8f3afe1a155f56ac,freedom12/PokemonModelViewer,c5952930343748e6dcb4cae21ee383e0bd13b75c,public-derived-model-viewer-config-not-game-native-catalog,CROSSCHECK_PENDING,
SCVI,pm1071,1071,pm1071_00_00,0,0,UNRESOLVED,UNRESOLVED,UNRESOLVED,icon/pm1071_00_00_00_big.png,45,90,53d6eb04bc08a8c171628dedc1bb843ce32806c33be0b1e45502b68310cda6e9,True,True,True,True,True,False,assets/local/configs/SCVI/pm1071.json,0e50321227835f407874231d484e0fcf6d8db7e4537dd3cc53a90458c596768d,freedom12/PokemonModelViewer,c5952930343748e6dcb4cae21ee383e0bd13b75c,public-derived-model-viewer-config-not-game-native-catalog,CROSSCHECK_PENDING,
SCVI,pm1072,1072,pm1072_00_00,0,0,UNRESOLVED,UNRESOLVED,UNRESOLVED,icon/pm1072_00_00_00_big.png,45,90,e5d5340e80b0f29add04e66dbd18c69fa5ce9308f9cfb3e9c0e753a454768f46,True,True,True,True,True,False,assets/local/configs/SCVI/pm1072.json,cc9f87000295de90dfd80cce704f20325fd2fedd698ec5f2dc632b74cc2ded3c,freedom12/PokemonModelViewer,c5952930343748e6dcb4cae21ee383e0bd13b75c,public-derived-model-viewer-config-not-game-native-catalog,CROSSCHECK_PENDING,
SCVI,pm1073,1073,pm1073_00_00,0,0,UNRESOLVED,UNRESOLVED,UNRESOLVED,icon/pm1073_00_00_00_big.png,52,104,ed3a1cc17a9d0dbe2cb6819899757ebd0af50713364712b6f76a463b429eae5e,True,True,True,True,True,True,assets/local/configs/SCVI/pm1073.json,cf60c0e8027ce8f28ab77caf91fed20d7ee67d3da863c69dcb798f5b845014fa,freedom12/PokemonModelViewer,c5952930343748e6dcb4cae21ee383e0bd13b75c,public-derived-model-viewer-config-not-game-native-catalog,CROSSCHECK_PENDING,
SCVI,pm1074,1074,pm1074_00_00,0,0,UNRESOLVED,UNRESOLVED,UNRESOLVED,icon/pm1074_00_00_00_big.png,49,98,ec974bec80ed07a54924175cca7d753c2ad2709e2f07aebdfd99fa333b328ad3,True,True,True,True,True,True,assets/local/configs/SCVI/pm1074.json,3d4b72e590429184e73762d8755a779a5a2f9df2e0e29203f86d02092e4f19e3,freedom12/PokemonModelViewer,c5952930343748e6dcb4cae21ee383e0bd13b75c,public-derived-model-viewer-config-not-game-native-catalog,CROSSCHECK_PENDING,
SCVI,pm1075,1075,pm1075_00_00,0,0,UNRESOLVED,UNRESOLVED,UNRESOLVED,icon/pm1075_00_00_00_big.png,49,98,ec974bec80ed07a54924175cca7d753c2ad2709e2f07aebdfd99fa333b328ad3,True,True,True,True,True,True,assets/local/configs/SCVI/pm1075.json,5024e2a0ce36cd8212dbd8b0fffdae87767f672591ed700e5e40d7f961e030ff,freedom12/PokemonModelViewer,c5952930343748e6dcb4cae21ee383e0bd13b75c,public-derived-model-viewer-config-not-game-native-catalog,CROSSCHECK_PENDING,
SCVI,pm1076,1076,pm1076_00_00,0,0,UNRESOLVED,UNRESOLVED,UNRESOLVED,icon/pm1076_00_00_00_big.png,49,98,ec974bec80ed07a54924175cca7d753c2ad2709e2f07aebdfd99fa333b328ad3,True,True,True,True,True,True,assets/local/configs/SCVI/pm1076.json,b8630b34fb5f8d3e2fd0d0680e87ca93485c994b5fabce8a4ecca568ca4b19f7,freedom12/PokemonModelViewer,c5952930343748e6dcb4cae21ee383e0bd13b75c,public-derived-model-viewer-config-not-game-native-catalog,CROSSCHECK_PENDING,
SCVI,pm1077,1077,pm1077_00_00,0,0,UNRESOLVED,UNRESOLVED,UNRESOLVED,icon/pm1077_00_00_00_big.png,56,112,b5131e16c392d0cb54643e2b3cafa26749013c956f2a453503c427c6fba40083,True,True,True,True,True,True,assets/local/configs/SCVI/pm1077.json,bec8a382ef6ef77e066c386bda046f4bdb785f0fd260d7094843d845c7995d6b,freedom12/PokemonModelViewer,c5952930343748e6dcb4cae21ee383e0bd13b75c,public-derived-model-viewer-config-not-game-native-catalog,CROSSCHECK_PENDING,
SCVI,pm1078,1078,pm1078_00_00,0,0,UNRESOLVED,UNRESOLVED,UNRESOLVED,icon/pm1078_00_00_00_big.png,41,82,3677de9937492b24b6b710bae6331d2f333278b391fcb4660ff9e54ad936dfb1,True,False,True,True,True,False,assets/local/configs/SCVI/pm1078.json,ec6397aac47e1faf4233404021523ecbf7083105ff9db4313cecfb2b954ec511,freedom12/PokemonModelViewer,c5952930343748e6dcb4cae21ee383e0bd13b75c,public-derived-model-viewer-config-not-game-native-catalog,CROSSCHECK_PENDING,
SCVI,pm1079,1079,pm1079_00_00,0,0,UNRESOLVED,UNRESOLVED,UNRESOLVED,icon/pm1079_00_00_00_big.png,42,84,51767f0e759083632aa2bd0562696ca11c071abbc09b24af4cb961e3a6f1f0e5,True,False,True,True,True,True,assets/local/configs/SCVI/pm1079.json,e118e219388088bc07182e02bdd5c9c76776955c85ed0e5296e35a08999d1664,freedom12/PokemonModelViewer,c5952930343748e6dcb4cae21ee383e0bd13b75c,public-derived-model-viewer-config-not-game-native-catalog,CROSSCHECK_PENDING,
SCVI,pm1080,1080,pm1080_11_00,11,0,UNRESOLVED,UNRESOLVED,UNRESOLVED,icon/pm1080_11_00_00_big.png,46,92,91851d1a0141af816b37e723c302d0b0f86bbcb21e839a4eb482b0294d658593,True,True,True,True,True,True,assets/local/configs/SCVI/pm1080.json,801cb4971ff5be0da69fff353d3247bddcf4cb95c8d7677fd30dc3c3d334157d,freedom12/PokemonModelViewer,c5952930343748e6dcb4cae21ee383e0bd13b75c,public-derived-model-viewer-config-not-game-native-catalog,CROSSCHECK_PENDING,
SCVI,pm1080,1080,pm1080_12_00,12,0,UNRESOLVED,UNRESOLVED,UNRESOLVED,icon/pm1080_12_00_00_big.png,47,94,45f333f4fe5ba8b1d5c359ed927bd73a5445101d2155272181b243c678df87f5,True,True,True,True,True,True,assets/local/configs/SCVI/pm1080.json,801cb4971ff5be0da69fff353d3247bddcf4cb95c8d7677fd30dc3c3d334157d,freedom12/PokemonModelViewer,c5952930343748e6dcb4cae21ee383e0bd13b75c,public-derived-model-viewer-config-not-game-native-catalog,CROSSCHECK_PENDING,
SCVI,pm1081,1081,pm1081_00_00,0,0,UNRESOLVED,UNRESOLVED,UNRESOLVED,icon/pm1081_00_00_00_big.png,71,142,6c1f8ddf7337558cf0a66c88952847fbbfc35bc144aa12e674b8e6e304d32e58,True,True,True,True,True,True,assets/local/configs/SCVI/pm1081.json,4abb3aa78dd3ca99ae9efc29c62aae09361e736bffa8fc5edc0edbe4701ee5b4,freedom12/PokemonModelViewer,c5952930343748e6dcb4cae21ee383e0bd13b75c,public-derived-model-viewer-config-not-game-native-catalog,CROSSCHECK_PENDING,
SCVI,pm1082,1082,pm1082_00_00,0,0,UNRESOLVED,UNRESOLVED,UNRESOLVED,icon/pm1082_00_00_00_big.png,46,92,4c1f91a5dd59e90c7ad7fc80aef04d6f781deb48023d42fbd1bfcdb21e8b156a,True,True,True,True,True,True,assets/local/configs/SCVI/pm1082.json,17fff7bc922d14fd29393b52841670665499e58c67eba3b32a73986c5f5c270f,freedom12/PokemonModelViewer,c5952930343748e6dcb4cae21ee383e0bd13b75c,public-derived-model-viewer-config-not-game-native-catalog,CROSSCHECK_PENDING,
SCVI,pm1083,1083,pm1083_00_00,0,0,UNRESOLVED,UNRESOLVED,UNRESOLVED,icon/pm1083_00_00_00_big.png,49,98,ec974bec80ed07a54924175cca7d753c2ad2709e2f07aebdfd99fa333b328ad3,True,True,True,True,True,True,assets/local/configs/SCVI/pm1083.json,b59ca7ba0dfea83533e87eb7c876ddf5783022c4480abb24ebc6cc3a2f8c5227,freedom12/PokemonModelViewer,c5952930343748e6dcb4cae21ee383e0bd13b75c,public-derived-model-viewer-config-not-game-native-catalog,CROSSCHECK_PENDING,
SCVI,pm1084,1084,pm1084_00_00,0,0,UNRESOLVED,UNRESOLVED,UNRESOLVED,icon/pm1084_00_00_00_big.png,74,148,8116419a783a324addd4a3b7ca548e58c6667f56fe10a44fa9130b51cbd98659,True,True,True,True,True,True,assets/local/configs/SCVI/pm1084.json,c99d49d66bf208466bd7bd2cd56e7fcc4874884916af6f70abd084d52f252f10,freedom12/PokemonModelViewer,c5952930343748e6dcb4cae21ee383e0bd13b75c,public-derived-model-viewer-config-not-game-native-catalog,CROSSCHECK_PENDING,
SCVI,pm1085,1085,pm1085_00_00,0,0,UNRESOLVED,UNRESOLVED,UNRESOLVED,icon/pm1085_00_00_00_big.png,46,92,91851d1a0141af816b37e723c302d0b0f86bbcb21e839a4eb482b0294d658593,True,True,True,True,True,True,assets/local/configs/SCVI/pm1085.json,24e2464574997336e64c7dbbff0252e1cc470d5515d7afb35dd51e5fd76d917d,freedom12/PokemonModelViewer,c5952930343748e6dcb4cae21ee383e0bd13b75c,public-derived-model-viewer-config-not-game-native-catalog,CROSSCHECK_PENDING,
SCVI,pm1086,1086,pm1086_00_00,0,0,UNRESOLVED,UNRESOLVED,UNRESOLVED,icon/pm1086_00_00_00_big.png,74,148,e96da1edf556a61ba0ae48ecf0fa7a4567eb47d5102b3b5d0a9428d54a70c1be,True,True,True,True,True,True,assets/local/configs/SCVI/pm1086.json,0dd9b1d8c5c659e5b93e9907bc5dc05900d0f5b973a5bf87782f22f5073d21ef,freedom12/PokemonModelViewer,c5952930343748e6dcb4cae21ee383e0bd13b75c,public-derived-model-viewer-config-not-game-native-catalog,CROSSCHECK_PENDING,
SCVI,pm1087,1087,pm1087_00_00,0,0,UNRESOLVED,UNRESOLVED,UNRESOLVED,icon/pm1087_00_00_00_big.png,43,86,47678520c8d355ce90659c374bf97703013e2b913acecb894a07339a11663fff,True,True,True,True,True,True,assets/local/configs/SCVI/pm1087.json,4d2c1e18d5f0cf31255418c38d94eb3e27c5e26931d873fc796fa95ea2c06672,freedom12/PokemonModelViewer,c5952930343748e6dcb4cae21ee383e0bd13b75c,public-derived-model-viewer-config-not-game-native-catalog,CROSSCHECK_PENDING,
SCVI,pm1088,1088,pm1088_00_00,0,0,UNRESOLVED,UNRESOLVED,UNRESOLVED,icon/pm1088_00_00_00_big.png,41,82,d5bca096731675fef615167f6e697ec7f036150c78db30bf778ccdcf1dae7234,True,True,True,True,False,False,assets/local/configs/SCVI/pm1088.json,007eca66d1799d17a33f5d1ff763127cdbcccdd6d76f3d1f06c9b1bf422c0fd1,freedom12/PokemonModelViewer,c5952930343748e6dcb4cae21ee383e0bd13b75c,public-derived-model-viewer-config-not-game-native-catalog,CROSSCHECK_PENDING,
SCVI,pm1089,1089,pm1089_00_00,0,0,UNRESOLVED,UNRESOLVED,UNRESOLVED,icon/pm1089_00_00_00_big.png,80,160,ce3b33a6319fb88cc6893e5ecb44a96ef14bd9486a4bdcfb50ef8cd1d7d6f6a3,True,True,True,True,True,True,assets/local/configs/SCVI/pm1089.json,92332d885c2c738013c3fd60a90e37d1d0566cbd87180de504d112d0f3388c4c,freedom12/PokemonModelViewer,c5952930343748e6dcb4cae21ee383e0bd13b75c,public-derived-model-viewer-config-not-game-native-catalog,CROSSCHECK_PENDING,
SCVI,pm1090,1090,pm1090_00_00,0,0,UNRESOLVED,UNRESOLVED,UNRESOLVED,icon/pm1090_00_00_00_big.png,51,102,199a1b8525a123d5424a6a13e2b5ce7a075d36f2be8516d0d3c550616106a50e,True,True,True,True,True,True,assets/local/configs/SCVI/pm1090.json,0f26bf05685bb24b5905c41531f0fce2ade2a5be972138d0b6f5fbad44cf7289,freedom12/PokemonModelViewer,c5952930343748e6dcb4cae21ee383e0bd13b75c,public-derived-model-viewer-config-not-game-native-catalog,CROSSCHECK_PENDING,
SCVI,pm1091,1091,pm1091_00_00,0,0,UNRESOLVED,UNRESOLVED,UNRESOLVED,icon/pm1091_00_00_00_big.png,50,100,ab888c4cf9fe04a1097e6da20e84153b39b352e693dc973546fba6cb8fe028e6,True,True,True,True,True,True,assets/local/configs/SCVI/pm1091.json,35fbe5538f14ffc296bb2672805847f4ce2cbacc1993b0d291e1a02f08f9a33b,freedom12/PokemonModelViewer,c5952930343748e6dcb4cae21ee383e0bd13b75c,public-derived-model-viewer-config-not-game-native-catalog,CROSSCHECK_PENDING,
SCVI,pm1092,1092,pm1092_00_00,0,0,UNRESOLVED,UNRESOLVED,UNRESOLVED,icon/pm1092_00_00_00_big.png,48,96,1bca6c8517aa98e13a56024c11fd5cc33b4e11fa0e5c317380066f64d2a05f3a,True,False,True,True,True,False,assets/local/configs/SCVI/pm1092.json,3b578a3686517f25950487c596e53b9bd7be1cb360867f844098df77d9a25b0a,freedom12/PokemonModelViewer,c5952930343748e6dcb4cae21ee383e0bd13b75c,public-derived-model-viewer-config-not-game-native-catalog,CROSSCHECK_PENDING,
SCVI,pm1093,1093,pm1093_00_00,0,0,UNRESOLVED,UNRESOLVED,UNRESOLVED,icon/pm1093_00_00_00_big.png,52,104,6d71eae4fac6d400204e6c7a367433768970bedcf3e47c23b898383ca4484cb3,True,True,True,True,True,False,assets/local/configs/SCVI/pm1093.json,98b45e79b19ea4c02a0051f9114fd39730865f79de3aaa9cbf165aa434876a70,freedom12/PokemonModelViewer,c5952930343748e6dcb4cae21ee383e0bd13b75c,public-derived-model-viewer-config-not-game-native-catalog,CROSSCHECK_PENDING,
SCVI,pm1094,1094,pm1094_00_00,0,0,UNRESOLVED,UNRESOLVED,UNRESOLVED,icon/pm1094_00_00_00_big.png,50,100,af4e7ec303f9ef7cfa7ae1228a5ffd303ef42cbe23b8fe2b20e2b96aad48f178,True,True,True,True,True,True,assets/local/configs/SCVI/pm1094.json,e1314340305b801e5ce8719834a30fb57652f3d9aab0c3631343ee5b4554677c,freedom12/PokemonModelViewer,c5952930343748e6dcb4cae21ee383e0bd13b75c,public-derived-model-viewer-config-not-game-native-catalog,CROSSCHECK_PENDING,
SCVI,pm1095,1095,pm1095_00_00,0,0,UNRESOLVED,UNRESOLVED,UNRESOLVED,icon/pm1095_00_00_00_big.png,53,106,2f414899a209f2bacc028375478abcebc468ea6935fbf882465d7cef7548f760,True,True,True,True,True,True,assets/local/configs/SCVI/pm1095.json,0d6eadc58541d567dc539d1293d17e7080d8885208ea87287d4231f09306608d,freedom12/PokemonModelViewer,c5952930343748e6dcb4cae21ee383e0bd13b75c,public-derived-model-viewer-config-not-game-native-catalog,CROSSCHECK_PENDING,
SCVI,pm1096,1096,pm1096_00_00,0,0,UNRESOLVED,UNRESOLVED,UNRESOLVED,icon/pm1096_00_00_00_big.png,49,98,e7d529baf1251c91473b98438a51ecc48b5fb397420d47f03603b9db0680f00a,True,False,True,True,True,True,assets/local/configs/SCVI/pm1096.json,5f29ee7149e93f833d3150bb8c7a91a6b0e791e66e01becd292da83232d5297c,freedom12/PokemonModelViewer,c5952930343748e6dcb4cae21ee383e0bd13b75c,public-derived-model-viewer-config-not-game-native-catalog,CROSSCHECK_PENDING,
SCVI,pm1097,1097,pm1097_00_00,0,0,UNRESOLVED,UNRESOLVED,UNRESOLVED,icon/pm1097_00_00_00_big.png,51,102,6022ea499e3794a0b7612aedb6b517478a7d51f24dbe9cdb86bdde9b2e0b0ce8,True,True,True,True,True,False,assets/local/configs/SCVI/pm1097.json,bb32a10d380fc26789e8683e28daa193f82b57a3e37fb22f3bdb0aaea84ba2ad,freedom12/PokemonModelViewer,c5952930343748e6dcb4cae21ee383e0bd13b75c,public-derived-model-viewer-config-not-game-native-catalog,CROSSCHECK_PENDING,
SCVI,pm1098,1098,pm1098_00_00,0,0,UNRESOLVED,UNRESOLVED,UNRESOLVED,icon/pm1098_00_00_00_big.png,48,96,884122f8671ad1ce9011c092f7f695128f95ee26aa6fe4b3fa764eaf1178e1f4,True,True,True,True,True,False,assets/local/configs/SCVI/pm1098.json,160f072bcab56926e9ebc184b82927264f3ba6e6a2e2472e931dc3fbd392267b,freedom12/PokemonModelViewer,c5952930343748e6dcb4cae21ee383e0bd13b75c,public-derived-model-viewer-config-not-game-native-catalog,CROSSCHECK_PENDING,
SCVI,pm1099,1099,pm1099_00_00,0,0,UNRESOLVED,UNRESOLVED,UNRESOLVED,icon/pm1099_00_00_00_big.png,46,92,1275bcc081b6dbbed46e24225fd7e7eadc3452b0c77de367d267af86ab7eebdf,True,True,True,True,True,True,assets/local/configs/SCVI/pm1099.json,1ca5758e1265f253dbbf61577173005d1c9b67acdd0b74dc3b1f2aed3fbd8487,freedom12/PokemonModelViewer,c5952930343748e6dcb4cae21ee383e0bd13b75c,public-derived-model-viewer-config-not-game-native-catalog,CROSSCHECK_PENDING,
SCVI,pm1100,1100,pm1100_00_00,0,0,UNRESOLVED,UNRESOLVED,UNRESOLVED,icon/pm1100_00_00_00_big.png,45,90,d4af9689acad3f3ab36b613cf7b221b35d0e239864f075354b5a7b350576a49b,True,True,True,True,True,False,assets/local/configs/SCVI/pm1100.json,3e0203f14371a8bcc2faca95c7cb8464a88105dee5e40093f86a6bc2441a47c0,freedom12/PokemonModelViewer,c5952930343748e6dcb4cae21ee383e0bd13b75c,public-derived-model-viewer-config-not-game-native-catalog,CROSSCHECK_PENDING,
SCVI,pm1101,1101,pm1101_00_00,0,0,UNRESOLVED,UNRESOLVED,UNRESOLVED,icon/pm1101_00_00_00_big.png,42,84,b77a8c78837c08746a92cc303f25b13bebaf372169eb6d51f91940d824d8f1b5,True,True,True,True,True,False,assets/local/configs/SCVI/pm1101.json,ece41ad50251e0affe42a61f34878c31766eddd1d8ae34a5daefa161778d3dd5,freedom12/PokemonModelViewer,c5952930343748e6dcb4cae21ee383e0bd13b75c,public-derived-model-viewer-config-not-game-native-catalog,CROSSCHECK_PENDING,
SCVI,pm1102,1102,pm1102_11_00,11,0,UNRESOLVED,UNRESOLVED,UNRESOLVED,icon/pm1102_11_00_00_big.png,84,168,58e24134416304e2bbe2da66eae316332a22520857401554d78dd012c1af7f03,True,True,True,True,True,True,assets/local/configs/SCVI/pm1102.json,592ffbe421136a11d49459b8e55b1141af954cc86476c61faa2b844b79cf0223,freedom12/PokemonModelViewer,c5952930343748e6dcb4cae21ee383e0bd13b75c,public-derived-model-viewer-config-not-game-native-catalog,CROSSCHECK_PENDING,
SCVI,pm1102,1102,pm1102_12_00,12,0,UNRESOLVED,UNRESOLVED,UNRESOLVED,icon/pm1102_12_00_00_big.png,224,317,772397711d28f6fd2889e7270bf46cb463720e54cd7042881e8eef02dbfd36a5,True,True,True,True,True,True,assets/local/configs/SCVI/pm1102.json,592ffbe421136a11d49459b8e55b1141af954cc86476c61faa2b844b79cf0223,freedom12/PokemonModelViewer,c5952930343748e6dcb4cae21ee383e0bd13b75c,public-derived-model-viewer-config-not-game-native-catalog,CROSSCHECK_PENDING,
SCVI,pm1103,1103,pm1103_11_00,11,0,UNRESOLVED,UNRESOLVED,UNRESOLVED,icon/pm1103_11_00_00_big.png,58,116,e423b308dbee155a551c9822655c3a44039221bc4bc6aa9174e026658044a093,True,True,True,True,True,True,assets/local/configs/SCVI/pm1103.json,833be137a484bcb0bf8d11fceb92bab76d9dfb415f85e78345dd1a00cb9e2110,freedom12/PokemonModelViewer,c5952930343748e6dcb4cae21ee383e0bd13b75c,public-derived-model-viewer-config-not-game-native-catalog,CROSSCHECK_PENDING,
SCVI,pm1103,1103,pm1103_12_00,12,0,UNRESOLVED,UNRESOLVED,UNRESOLVED,icon/pm1103_12_00_00_big.png,225,340,277495d1160cbbf5bff60d503cc0c86f72a8b1676038b5dc3fe9e66c6a9b3679,True,True,True,True,True,True,assets/local/configs/SCVI/pm1103.json,833be137a484bcb0bf8d11fceb92bab76d9dfb415f85e78345dd1a00cb9e2110,freedom12/PokemonModelViewer,c5952930343748e6dcb4cae21ee383e0bd13b75c,public-derived-model-viewer-config-not-game-native-catalog,CROSSCHECK_PENDING,
SCVI,pm1104,1104,pm1104_00_00,0,0,UNRESOLVED,UNRESOLVED,UNRESOLVED,icon/pm1104_00_00_00_big.png,49,98,ec974bec80ed07a54924175cca7d753c2ad2709e2f07aebdfd99fa333b328ad3,True,True,True,True,True,True,assets/local/configs/SCVI/pm1104.json,cbbf6a8e9fa49037014efdf206d00ccd067969b14b0bd6a47eca0d4c14dbdec5,freedom12/PokemonModelViewer,c5952930343748e6dcb4cae21ee383e0bd13b75c,public-derived-model-viewer-config-not-game-native-catalog,CROSSCHECK_PENDING,
SCVI,pm1105,1105,pm1105_00_00,0,0,UNRESOLVED,UNRESOLVED,UNRESOLVED,icon/pm1105_00_00_00_big.png,48,96,46f54c9c9b227025883a4a533c8d6063f7fa24324b0d937f807d05c7b35e81d3,True,True,True,True,True,True,assets/local/configs/SCVI/pm1105.json,61229708ade4c829f32d2f4149574410906ec0b663fdf70180a7a9f5996899ea,freedom12/PokemonModelViewer,c5952930343748e6dcb4cae21ee383e0bd13b75c,public-derived-model-viewer-config-not-game-native-catalog,CROSSCHECK_PENDING,
SCVI,pm1106,1106,pm1106_00_00,0,0,UNRESOLVED,UNRESOLVED,UNRESOLVED,icon/pm1106_00_00_00_big.png,48,96,46f54c9c9b227025883a4a533c8d6063f7fa24324b0d937f807d05c7b35e81d3,True,True,True,True,True,True,assets/local/configs/SCVI/pm1106.json,d8daec98673c2eec36708dfe859269c6be01b171f138f39b23406f4d2a60dfa8,freedom12/PokemonModelViewer,c5952930343748e6dcb4cae21ee383e0bd13b75c,public-derived-model-viewer-config-not-game-native-catalog,CROSSCHECK_PENDING,
SCVI,pm1107,1107,pm1107_00_00,0,0,UNRESOLVED,UNRESOLVED,UNRESOLVED,icon/pm1107_00_00_00_big.png,46,92,a0226b6234cc9a8617be0c027c222e2dd03389983bfc42d0f917d3523cd4731a,True,True,True,True,True,False,assets/local/configs/SCVI/pm1107.json,b6dbefac2ad9e37c438577d81574c08934bc7fad121fa077e91b86b72727742a,freedom12/PokemonModelViewer,c5952930343748e6dcb4cae21ee383e0bd13b75c,public-derived-model-viewer-config-not-game-native-catalog,CROSSCHECK_PENDING,
SCVI,pm1108,1108,pm1108_00_00,0,0,UNRESOLVED,UNRESOLVED,UNRESOLVED,icon/pm1108_00_00_00_big.png,49,98,2b37b25344175ac15ba82f35f3c3ede1fe9e3c9c5042f2ed23377485f2a506df,True,True,True,True,True,False,assets/local/configs/SCVI/pm1108.json,6904199aa22746a30f5e4bece319a6d7e384013dc5aa313f8de6fb0b99ba4c54,freedom12/PokemonModelViewer,c5952930343748e6dcb4cae21ee383e0bd13b75c,public-derived-model-viewer-config-not-game-native-catalog,CROSSCHECK_PENDING,
SCVI,pm1109,1109,pm1109_00_00,0,0,UNRESOLVED,UNRESOLVED,UNRESOLVED,icon/pm1109_00_00_00_big.png,49,98,2b37b25344175ac15ba82f35f3c3ede1fe9e3c9c5042f2ed23377485f2a506df,True,True,True,True,True,False,assets/local/configs/SCVI/pm1109.json,597c8a7c01760d27e464129a80fdbe648360762eeab39b13576f03340c9b90db,freedom12/PokemonModelViewer,c5952930343748e6dcb4cae21ee383e0bd13b75c,public-derived-model-viewer-config-not-game-native-catalog,CROSSCHECK_PENDING,
SCVI,pm1110,1110,pm1110_00_00,0,0,UNRESOLVED,UNRESOLVED,UNRESOLVED,icon/pm1110_00_00_00_big.png,45,90,e5d5340e80b0f29add04e66dbd18c69fa5ce9308f9cfb3e9c0e753a454768f46,True,True,True,True,True,False,assets/local/configs/SCVI/pm1110.json,7455aecd31f7b3402f22aaf08be6f21108227140dd06a6fa2733bd00205645e6,freedom12/PokemonModelViewer,c5952930343748e6dcb4cae21ee383e0bd13b75c,public-derived-model-viewer-config-not-game-native-catalog,CROSSCHECK_PENDING,
SCVI,pm1111,1111,pm1111_00_00,0,0,UNRESOLVED,UNRESOLVED,UNRESOLVED,icon/pm1111_00_00_00_big.png,46,92,91851d1a0141af816b37e723c302d0b0f86bbcb21e839a4eb482b0294d658593,True,True,True,True,True,True,assets/local/configs/SCVI/pm1111.json,68346e839efa0ce6283e52ee03185ec62520206fe7e8abf8b86056201110d680,freedom12/PokemonModelViewer,c5952930343748e6dcb4cae21ee383e0bd13b75c,public-derived-model-viewer-config-not-game-native-catalog,CROSSCHECK_PENDING,
SCVI,pm1112,1112,pm1112_00_00,0,0,UNRESOLVED,UNRESOLVED,UNRESOLVED,icon/pm1112_00_00_00_big.png,46,92,91851d1a0141af816b37e723c302d0b0f86bbcb21e839a4eb482b0294d658593,True,True,True,True,True,True,assets/local/configs/SCVI/pm1112.json,e669c5488a0d802d1937c4e028f5e5feef7c3deb7c79f6f347120d489fb4289e,freedom12/PokemonModelViewer,c5952930343748e6dcb4cae21ee383e0bd13b75c,public-derived-model-viewer-config-not-game-native-catalog,CROSSCHECK_PENDING,
SCVI,pm1113,1113,pm1113_00_51,0,51,UNRESOLVED,UNRESOLVED,UNRESOLVED,icon/pm1113_00_51_00_big.png,74,148,94e7d91d7cbd4278dbee6b58547454f176ff2f9a4e04a873fa2a5a1980d5ee9b,True,True,True,True,True,True,assets/local/configs/SCVI/pm1113.json,e6996a95284cd62912836ce3ace9c1d03dc3afd9aa79c25487008d23d4450fae,freedom12/PokemonModelViewer,c5952930343748e6dcb4cae21ee383e0bd13b75c,public-derived-model-viewer-config-not-game-native-catalog,CROSSCHECK_PENDING,
SCVI,pm1114,1114,pm1114_00_00,0,0,UNRESOLVED,UNRESOLVED,UNRESOLVED,icon/pm1114_00_00_00_big.png,48,96,884122f8671ad1ce9011c092f7f695128f95ee26aa6fe4b3fa764eaf1178e1f4,True,True,True,True,True,False,assets/local/configs/SCVI/pm1114.json,ba8cd8af7b85731983bdafb0e8cb9ebf8f0b7b27aed7ad70dd54fa6561f6a3ae,freedom12/PokemonModelViewer,c5952930343748e6dcb4cae21ee383e0bd13b75c,public-derived-model-viewer-config-not-game-native-catalog,CROSSCHECK_PENDING,
SCVI,pm1120,1120,pm1120_11_00,11,0,UNRESOLVED,UNRESOLVED,UNRESOLVED,icon/pm1120_11_00_00_big.png,96,192,14acfafa966df85bd3656d59eb7bf65c1293733fdb74d469419cc8436ec30cf8,True,True,True,True,True,True,assets/local/configs/SCVI/pm1120.json,0155a2cd556f65cdcfae7517cac101a03854c53c714a7442285403883ccf0336,freedom12/PokemonModelViewer,c5952930343748e6dcb4cae21ee383e0bd13b75c,public-derived-model-viewer-config-not-game-native-catalog,CROSSCHECK_PENDING,
SCVI,pm1120,1120,pm1120_11_99,11,99,UNRESOLVED,UNRESOLVED,UNRESOLVED,icon/pm1120_11_99_00_big.png,3,5,394928acacf5c38ba4062c9d33417f4eaaf96b408efddf192c4b168344a3cbd3,False,False,False,True,False,False,assets/local/configs/SCVI/pm1120.json,0155a2cd556f65cdcfae7517cac101a03854c53c714a7442285403883ccf0336,freedom12/PokemonModelViewer,c5952930343748e6dcb4cae21ee383e0bd13b75c,public-derived-model-viewer-config-not-game-native-catalog,CROSSCHECK_PENDING,
SCVI,pm1120,1120,pm1120_12_00,12,0,UNRESOLVED,UNRESOLVED,UNRESOLVED,icon/pm1120_12_00_01_big.png,93,186,05bd7867c34262126fd197df4934e421dcb043a3af639bddb4f9f6a349948834,True,True,True,True,True,True,assets/local/configs/SCVI/pm1120.json,0155a2cd556f65cdcfae7517cac101a03854c53c714a7442285403883ccf0336,freedom12/PokemonModelViewer,c5952930343748e6dcb4cae21ee383e0bd13b75c,public-derived-model-viewer-config-not-game-native-catalog,CROSSCHECK_PENDING,
SCVI,pm1120,1120,pm1120_12_99,12,99,UNRESOLVED,UNRESOLVED,UNRESOLVED,icon/pm1120_12_99_01_big.png,3,5,322ed11874eb0b37247350e0ea706d609a2029eb053c886be82119bb285d9b78,False,False,False,True,False,False,assets/local/configs/SCVI/pm1120.json,0155a2cd556f65cdcfae7517cac101a03854c53c714a7442285403883ccf0336,freedom12/PokemonModelViewer,c5952930343748e6dcb4cae21ee383e0bd13b75c,public-derived-model-viewer-config-not-game-native-catalog,CROSSCHECK_PENDING,
SCVI,pm1120,1120,pm1120_13_00,13,0,UNRESOLVED,UNRESOLVED,UNRESOLVED,icon/pm1120_13_00_02_big.png,93,186,05bd7867c34262126fd197df4934e421dcb043a3af639bddb4f9f6a349948834,True,True,True,True,True,True,assets/local/configs/SCVI/pm1120.json,0155a2cd556f65cdcfae7517cac101a03854c53c714a7442285403883ccf0336,freedom12/PokemonModelViewer,c5952930343748e6dcb4cae21ee383e0bd13b75c,public-derived-model-viewer-config-not-game-native-catalog,CROSSCHECK_PENDING,
SCVI,pm1120,1120,pm1120_13_99,13,99,UNRESOLVED,UNRESOLVED,UNRESOLVED,icon/pm1120_13_99_02_big.png,3,5,322ed11874eb0b37247350e0ea706d609a2029eb053c886be82119bb285d9b78,False,False,False,True,False,False,assets/local/configs/SCVI/pm1120.json,0155a2cd556f65cdcfae7517cac101a03854c53c714a7442285403883ccf0336,freedom12/PokemonModelViewer,c5952930343748e6dcb4cae21ee383e0bd13b75c,public-derived-model-viewer-config-not-game-native-catalog,CROSSCHECK_PENDING,
SCVI,pm1120,1120,pm1120_14_00,14,0,UNRESOLVED,UNRESOLVED,UNRESOLVED,icon/pm1120_14_00_03_big.png,93,186,05bd7867c34262126fd197df4934e421dcb043a3af639bddb4f9f6a349948834,True,True,True,True,True,True,assets/local/configs/SCVI/pm1120.json,0155a2cd556f65cdcfae7517cac101a03854c53c714a7442285403883ccf0336,freedom12/PokemonModelViewer,c5952930343748e6dcb4cae21ee383e0bd13b75c,public-derived-model-viewer-config-not-game-native-catalog,CROSSCHECK_PENDING,
SCVI,pm1120,1120,pm1120_14_99,14,99,UNRESOLVED,UNRESOLVED,UNRESOLVED,icon/pm1120_14_99_03_big.png,3,5,322ed11874eb0b37247350e0ea706d609a2029eb053c886be82119bb285d9b78,False,False,False,True,False,False,assets/local/configs/SCVI/pm1120.json,0155a2cd556f65cdcfae7517cac101a03854c53c714a7442285403883ccf0336,freedom12/PokemonModelViewer,c5952930343748e6dcb4cae21ee383e0bd13b75c,public-derived-model-viewer-config-not-game-native-catalog,CROSSCHECK_PENDING,
SCVI,pm1120,1120,pm1120_15_00,15,0,UNRESOLVED,UNRESOLVED,UNRESOLVED,icon/pm1120_11_00_00_big.png,0,0,4f53cda18c2baa0c0354bb5f9a3ecbe5ed12ab4d8e11ba873c2f11161202b945,False,False,False,False,False,False,assets/local/configs/SCVI/pm1120.json,0155a2cd556f65cdcfae7517cac101a03854c53c714a7442285403883ccf0336,freedom12/PokemonModelViewer,c5952930343748e6dcb4cae21ee383e0bd13b75c,public-derived-model-viewer-config-not-game-native-catalog,CROSSCHECK_PENDING,
SCVI,pm1120,1120,pm1120_16_00,16,0,UNRESOLVED,UNRESOLVED,UNRESOLVED,icon/pm1120_12_00_01_big.png,0,0,4f53cda18c2baa0c0354bb5f9a3ecbe5ed12ab4d8e11ba873c2f11161202b945,False,False,False,False,False,False,assets/local/configs/SCVI/pm1120.json,0155a2cd556f65cdcfae7517cac101a03854c53c714a7442285403883ccf0336,freedom12/PokemonModelViewer,c5952930343748e6dcb4cae21ee383e0bd13b75c,public-derived-model-viewer-config-not-game-native-catalog,CROSSCHECK_PENDING,
SCVI,pm1120,1120,pm1120_17_00,17,0,UNRESOLVED,UNRESOLVED,UNRESOLVED,icon/pm1120_13_00_02_big.png,0,0,4f53cda18c2baa0c0354bb5f9a3ecbe5ed12ab4d8e11ba873c2f11161202b945,False,False,False,False,False,False,assets/local/configs/SCVI/pm1120.json,0155a2cd556f65cdcfae7517cac101a03854c53c714a7442285403883ccf0336,freedom12/PokemonModelViewer,c5952930343748e6dcb4cae21ee383e0bd13b75c,public-derived-model-viewer-config-not-game-native-catalog,CROSSCHECK_PENDING,
SCVI,pm1120,1120,pm1120_18_00,18,0,UNRESOLVED,UNRESOLVED,UNRESOLVED,icon/pm1120_14_00_03_big.png,0,0,4f53cda18c2baa0c0354bb5f9a3ecbe5ed12ab4d8e11ba873c2f11161202b945,False,False,False,False,False,False,assets/local/configs/SCVI/pm1120.json,0155a2cd556f65cdcfae7517cac101a03854c53c714a7442285403883ccf0336,freedom12/PokemonModelViewer,c5952930343748e6dcb4cae21ee383e0bd13b75c,public-derived-model-viewer-config-not-game-native-catalog,CROSSCHECK_PENDING,
SCVI,pm1121,1121,pm1121_00_00,0,0,UNRESOLVED,UNRESOLVED,UNRESOLVED,icon/pm1121_00_00_00_big.png,46,92,91851d1a0141af816b37e723c302d0b0f86bbcb21e839a4eb482b0294d658593,True,True,True,True,True,True,assets/local/configs/SCVI/pm1121.json,c2794e0d060f39fd1289d2ec951c686e7813db31093a4d8580b587d0a6249702,freedom12/PokemonModelViewer,c5952930343748e6dcb4cae21ee383e0bd13b75c,public-derived-model-viewer-config-not-game-native-catalog,CROSSCHECK_PENDING,
SCVI,pm1122,1122,pm1122_00_00,0,0,UNRESOLVED,UNRESOLVED,UNRESOLVED,icon/pm1122_00_00_00_big.png,49,98,cc72500fc29139cc50e00af98c6bd438b69ac0c174f91fd0e2a57daf2c547cdb,True,True,True,True,True,True,assets/local/configs/SCVI/pm1122.json,9b291c2c357de7faef3309915d2970b0974a91aedb352d8a53a12c125ea97bbc,freedom12/PokemonModelViewer,c5952930343748e6dcb4cae21ee383e0bd13b75c,public-derived-model-viewer-config-not-game-native-catalog,CROSSCHECK_PENDING,
SCVI,pm1123,1123,pm1123_00_00,0,0,UNRESOLVED,UNRESOLVED,UNRESOLVED,icon/pm1123_00_00_00_big.png,50,100,51e1e9d1f45150a93f4bd09d0b5f3776302fcc1b29ac50f27642c47b875b8ebb,True,True,True,True,True,True,assets/local/configs/SCVI/pm1123.json,2c0b8d03e133c6b380033697627e14e4fa094a6a9d7e5207264b4feef10f65c8,freedom12/PokemonModelViewer,c5952930343748e6dcb4cae21ee383e0bd13b75c,public-derived-model-viewer-config-not-game-native-catalog,CROSSCHECK_PENDING,
SCVI,pm1124,1124,pm1124_00_00,0,0,UNRESOLVED,UNRESOLVED,UNRESOLVED,icon/pm1124_00_00_00_big.png,50,100,51e1e9d1f45150a93f4bd09d0b5f3776302fcc1b29ac50f27642c47b875b8ebb,True,True,True,True,True,True,assets/local/configs/SCVI/pm1124.json,623818c619bf5c213de57bff0b78b28c93b88f34b09b081cbac3e30300566f72,freedom12/PokemonModelViewer,c5952930343748e6dcb4cae21ee383e0bd13b75c,public-derived-model-viewer-config-not-game-native-catalog,CROSSCHECK_PENDING,
SCVI,pm1125,1125,pm1125_00_00,0,0,UNRESOLVED,UNRESOLVED,UNRESOLVED,icon/pm1125_00_00_00_big.png,63,126,4b9cb6d6635052f4b9257965dea02d8e3606f0cff58ff2cc72cfe590e895ed2f,True,True,True,True,True,True,assets/local/configs/SCVI/pm1125.json,67680e3aeac94829ee8147570373c0156a0fcd0c3025f719f80630446450520f,freedom12/PokemonModelViewer,c5952930343748e6dcb4cae21ee383e0bd13b75c,public-derived-model-viewer-config-not-game-native-catalog,CROSSCHECK_PENDING,
SCVI,pm1126,1126,pm1126_00_00,0,0,UNRESOLVED,UNRESOLVED,UNRESOLVED,icon/pm1126_00_00_00_big.png,46,92,91851d1a0141af816b37e723c302d0b0f86bbcb21e839a4eb482b0294d658593,True,True,True,True,True,True,assets/local/configs/SCVI/pm1126.json,da50285ce0c17111de2f9cbf2099f09135eeb566a543cc17e6b95f7090df4ede,freedom12/PokemonModelViewer,c5952930343748e6dcb4cae21ee383e0bd13b75c,public-derived-model-viewer-config-not-game-native-catalog,CROSSCHECK_PENDING,
SCVI,pm1127,1127,pm1127_00_00,0,0,UNRESOLVED,UNRESOLVED,UNRESOLVED,icon/pm1127_00_00_00_big.png,46,92,91851d1a0141af816b37e723c302d0b0f86bbcb21e839a4eb482b0294d658593,True,True,True,True,True,True,assets/local/configs/SCVI/pm1127.json,b9f82d4ec1a6adcf4ed64977998cb4cea4282cb67417fda3fc77e9c83f19da73,freedom12/PokemonModelViewer,c5952930343748e6dcb4cae21ee383e0bd13b75c,public-derived-model-viewer-config-not-game-native-catalog,CROSSCHECK_PENDING,
SCVI,pm1128,1128,pm1128_00_00,0,0,UNRESOLVED,UNRESOLVED,UNRESOLVED,icon/pm1128_00_00_00_big.png,50,100,ab888c4cf9fe04a1097e6da20e84153b39b352e693dc973546fba6cb8fe028e6,True,True,True,True,True,True,assets/local/configs/SCVI/pm1128.json,af85cbf1a5ec5413340ce221656dc60df846e58c7ab72c6478ee9332b016eecc,freedom12/PokemonModelViewer,c5952930343748e6dcb4cae21ee383e0bd13b75c,public-derived-model-viewer-config-not-game-native-catalog,CROSSCHECK_PENDING,
SCVI,pm1129,1129,pm1129_00_00,0,0,UNRESOLVED,UNRESOLVED,UNRESOLVED,icon/pm1129_00_00_00_big.png,50,100,ab888c4cf9fe04a1097e6da20e84153b39b352e693dc973546fba6cb8fe028e6,True,True,True,True,True,True,assets/local/configs/SCVI/pm1129.json,fc2ae630949ad04286cb52684addc17975e8ccc33ec538e85f04becb1bb030d0,freedom12/PokemonModelViewer,c5952930343748e6dcb4cae21ee383e0bd13b75c,public-derived-model-viewer-config-not-game-native-catalog,CROSSCHECK_PENDING,
SCVI,pm1130,1130,pm1130_11_00,11,0,UNRESOLVED,UNRESOLVED,UNRESOLVED,icon/pm1130_11_00_00_big.png,47,94,70840f8f1913cebe7535311d9689ae83e86bc09defc807ac2088eb2ca356668f,True,True,True,True,True,True,assets/local/configs/SCVI/pm1130.json,34d1280c87762e762338914064e47c0725b6748dda05544fe7dc3717a44b0a2a,freedom12/PokemonModelViewer,c5952930343748e6dcb4cae21ee383e0bd13b75c,public-derived-model-viewer-config-not-game-native-catalog,CROSSCHECK_PENDING,
SCVI,pm1130,1130,pm1130_12_00,12,0,UNRESOLVED,UNRESOLVED,UNRESOLVED,icon/pm1130_12_00_00_big.png,50,100,d389ad9121f14d4c1c4578657b5c7ca36d916b505ad04eb0ebb53ee3cb8411d4,True,True,True,True,True,True,assets/local/configs/SCVI/pm1130.json,34d1280c87762e762338914064e47c0725b6748dda05544fe7dc3717a44b0a2a,freedom12/PokemonModelViewer,c5952930343748e6dcb4cae21ee383e0bd13b75c,public-derived-model-viewer-config-not-game-native-catalog,CROSSCHECK_PENDING,
SCVI,pm1130,1130,pm1130_13_00,13,0,UNRESOLVED,UNRESOLVED,UNRESOLVED,icon/pm1130_13_00_00_big.png,36,72,f7b1b745c72674825cae9e3e7be2e9cc65ed7ef29807f3f818bd9151bb59dc00,True,True,True,True,True,True,assets/local/configs/SCVI/pm1130.json,34d1280c87762e762338914064e47c0725b6748dda05544fe7dc3717a44b0a2a,freedom12/PokemonModelViewer,c5952930343748e6dcb4cae21ee383e0bd13b75c,public-derived-model-viewer-config-not-game-native-catalog,CROSSCHECK_PENDING,
SCVI,pm1131,1131,pm1131_00_00,0,0,UNRESOLVED,UNRESOLVED,UNRESOLVED,icon/pm1131_00_00_00_big.png,49,98,f33b0d2259f8eca30dde3f3b97133bca6397197d4b7b515efb3872f927bd38ed,True,True,True,True,True,True,assets/local/configs/SCVI/pm1131.json,b8857098b9ae43a3b53582de154ac8cb2d420e9f169a55031aa1d57fa8f85272,freedom12/PokemonModelViewer,c5952930343748e6dcb4cae21ee383e0bd13b75c,public-derived-model-viewer-config-not-game-native-catalog,CROSSCHECK_PENDING,
SCVI,pm1132,1132,pm1132_00_00,0,0,UNRESOLVED,UNRESOLVED,UNRESOLVED,icon/pm1132_00_00_00_big.png,49,98,ec974bec80ed07a54924175cca7d753c2ad2709e2f07aebdfd99fa333b328ad3,True,True,True,True,True,True,assets/local/configs/SCVI/pm1132.json,fe212ca98fd357990b326e082a77f6fbbf92a33f811c81c3f7b3265973c49cf5,freedom12/PokemonModelViewer,c5952930343748e6dcb4cae21ee383e0bd13b75c,public-derived-model-viewer-config-not-game-native-catalog,CROSSCHECK_PENDING,
SCVI,pm1133,1133,pm1133_11_00,11,0,UNRESOLVED,UNRESOLVED,UNRESOLVED,icon/pm1133_11_00_00_big.png,48,96,80cad0b43703ad8e76a01ff194af021f9684cacd435752d54e9cd290372e1839,True,True,True,True,True,False,assets/local/configs/SCVI/pm1133.json,2441b62d1edbbd220b320b89fcb7a0bd9ef1ef012f09832a4c38590a6a7e6493,freedom12/PokemonModelViewer,c5952930343748e6dcb4cae21ee383e0bd13b75c,public-derived-model-viewer-config-not-game-native-catalog,CROSSCHECK_PENDING,
SCVI,pm1133,1133,pm1133_12_00,12,0,UNRESOLVED,UNRESOLVED,UNRESOLVED,icon/pm1133_12_00_00_big.png,48,96,80cad0b43703ad8e76a01ff194af021f9684cacd435752d54e9cd290372e1839,True,True,True,True,True,False,assets/local/configs/SCVI/pm1133.json,2441b62d1edbbd220b320b89fcb7a0bd9ef1ef012f09832a4c38590a6a7e6493,freedom12/PokemonModelViewer,c5952930343748e6dcb4cae21ee383e0bd13b75c,public-derived-model-viewer-config-not-game-native-catalog,CROSSCHECK_PENDING,
SCVI,pm1134,1134,pm1134_11_00,11,0,UNRESOLVED,UNRESOLVED,UNRESOLVED,icon/pm1134_11_00_00_big.png,46,92,9b673c78b41d94f3bd9756ba9946dd5966854cab5ca8b6a2ffef8c3b46dcad65,True,True,True,True,True,True,assets/local/configs/SCVI/pm1134.json,254ddfd13ba13840e51d9da7f70a4070e75160fa51ea434e834b7c55a2dfe4d1,freedom12/PokemonModelViewer,c5952930343748e6dcb4cae21ee383e0bd13b75c,public-derived-model-viewer-config-not-game-native-catalog,CROSSCHECK_PENDING,
SCVI,pm1134,1134,pm1134_12_00,12,0,UNRESOLVED,UNRESOLVED,UNRESOLVED,icon/pm1134_12_00_00_big.png,46,92,9b673c78b41d94f3bd9756ba9946dd5966854cab5ca8b6a2ffef8c3b46dcad65,True,True,True,True,True,True,assets/local/configs/SCVI/pm1134.json,254ddfd13ba13840e51d9da7f70a4070e75160fa51ea434e834b7c55a2dfe4d1,freedom12/PokemonModelViewer,c5952930343748e6dcb4cae21ee383e0bd13b75c,public-derived-model-viewer-config-not-game-native-catalog,CROSSCHECK_PENDING,
SCVI,pm9999,9999,pm9999_00_00,0,0,UNRESOLVED,UNRESOLVED,UNRESOLVED,icon/pm9999_00_00_00_big.png,11,22,827f8cf06475e18c9fdf4fb6179c2c8e12a7194811f3d04742b5c383a6b07a47,True,False,False,True,False,False,assets/local/configs/SCVI/pm9999.json,6e0b8da59ebdd540d1ef08a14371b388c530b8d7709f4984f7f8947047b3c2e9,freedom12/PokemonModelViewer,c5952930343748e6dcb4cae21ee383e0bd13b75c,public-derived-model-viewer-config-not-game-native-catalog,CROSSCHECK_PENDING,
