national_dex,identifier,source_species_token,introduced_generation,hp,attack,defense,speed,sp_attack,sp_defense,type1_token,type2_token,type1_id,type2_id,catch_rate,base_exp,held_item_common,held_item_rare,held_item_common_id,held_item_rare_id,gender_token,gender_threshold,hatch_cycles,friendship_base,friendship_source_token,growth_token,growth_id,egg_group1_token,egg_group2_token,egg_group1_id,egg_group2_id,tmhm_tokens,tmhm_flag_count,tmhm_bits_hex,source_path
1,bulbasaur,BULBASAUR,1,45,49,49,45,65,65,GRASS,POISON,11,3,45,64,NO_ITEM,NO_ITEM,0,0,GENDER_F12_5,31,20,70,BASE_HAPPINESS,GROWTH_MEDIUM_SLOW,3,EGG_MONSTER,EGG_PLANT,1,7,HEADBUTT|CURSE|TOXIC|HIDDEN_POWER|SUNNY_DAY|SWEET_SCENT|SNORE|PROTECT|GIGA_DRAIN|ENDURE|FRUSTRATION|SOLARBEAM|RETURN|MUD_SLAP|DOUBLE_TEAM|SWAGGER|SLEEP_TALK|DEFENSE_CURL|REST|ATTRACT|FURY_CUTTER|CUT|FLASH,60,261e3dc486184500,pokecrystal/data/pokemon/base_stats/bulbasaur.asm
2,ivysaur,IVYSAUR,1,60,62,63,60,80,80,GRASS,POISON,11,3,45,141,NO_ITEM,NO_ITEM,0,0,GENDER_F12_5,31,20,70,BASE_HAPPINESS,GROWTH_MEDIUM_SLOW,3,EGG_MONSTER,EGG_PLANT,1,7,HEADBUTT|CURSE|TOXIC|HIDDEN_POWER|SUNNY_DAY|SWEET_SCENT|SNORE|PROTECT|GIGA_DRAIN|ENDURE|FRUSTRATION|SOLARBEAM|RETURN|MUD_SLAP|DOUBLE_TEAM|SWAGGER|SLEEP_TALK|DEFENSE_CURL|REST|ATTRACT|FURY_CUTTER|CUT|FLASH,60,261e3dc486184500,pokecrystal/data/pokemon/base_stats/ivysaur.asm
3,venusaur,VENUSAUR,1,80,82,83,80,100,100,GRASS,POISON,11,3,45,208,NO_ITEM,NO_ITEM,0,0,GENDER_F12_5,31,20,70,BASE_HAPPINESS,GROWTH_MEDIUM_SLOW,3,EGG_MONSTER,EGG_PLANT,1,7,HEADBUTT|CURSE|ROAR|TOXIC|HIDDEN_POWER|SUNNY_DAY|SWEET_SCENT|SNORE|HYPER_BEAM|PROTECT|GIGA_DRAIN|ENDURE|FRUSTRATION|SOLARBEAM|RETURN|MUD_SLAP|DOUBLE_TEAM|SWAGGER|SLEEP_TALK|DEFENSE_CURL|REST|ATTRACT|FURY_CUTTER|CUT|FLASH,60,365e3dc486184500,pokecrystal/data/pokemon/base_stats/venusaur.asm
4,charmander,CHARMANDER,1,39,52,43,65,60,50,FIRE,FIRE,9,9,45,65,NO_ITEM,NO_ITEM,0,0,GENDER_F12_5,31,20,70,BASE_HAPPINESS,GROWTH_MEDIUM_SLOW,3,EGG_MONSTER,EGG_DRAGON,1,14,DYNAMICPUNCH|HEADBUTT|CURSE|TOXIC|ROCK_SMASH|HIDDEN_POWER|SUNNY_DAY|SNORE|PROTECT|ENDURE|FRUSTRATION|IRON_TAIL|DRAGONBREATH|RETURN|DIG|MUD_SLAP|DOUBLE_TEAM|SWAGGER|SLEEP_TALK|FIRE_BLAST|SWIFT|DEFENSE_CURL|REST|ATTRACT|FIRE_PUNCH|FURY_CUTTER|CUT|STRENGTH|FLAMETHROWER,60,a716d9cce6982502,pokecrystal/data/pokemon/base_stats/charmander.asm
5,charmeleon,CHARMELEON,1,58,64,58,80,80,65,FIRE,FIRE,9,9,45,142,NO_ITEM,NO_ITEM,0,0,GENDER_F12_5,31,20,70,BASE_HAPPINESS,GROWTH_MEDIUM_SLOW,3,EGG_MONSTER,EGG_DRAGON,1,14,DYNAMICPUNCH|HEADBUTT|CURSE|TOXIC|ROCK_SMASH|HIDDEN_POWER|SUNNY_DAY|SNORE|PROTECT|ENDURE|FRUSTRATION|IRON_TAIL|DRAGONBREATH|RETURN|DIG|MUD_SLAP|DOUBLE_TEAM|SWAGGER|SLEEP_TALK|FIRE_BLAST|SWIFT|DEFENSE_CURL|REST|ATTRACT|FIRE_PUNCH|FURY_CUTTER|CUT|STRENGTH|FLAMETHROWER,60,a716d9cce6982502,pokecrystal/data/pokemon/base_stats/charmeleon.asm
6,charizard,CHARIZARD,1,78,84,78,100,109,85,FIRE,FLYING,9,2,45,209,NO_ITEM,NO_ITEM,0,0,GENDER_F12_5,31,20,70,BASE_HAPPINESS,GROWTH_MEDIUM_SLOW,3,EGG_MONSTER,EGG_DRAGON,1,14,DYNAMICPUNCH|HEADBUTT|CURSE|ROAR|TOXIC|ROCK_SMASH|HIDDEN_POWER|SUNNY_DAY|SNORE|HYPER_BEAM|PROTECT|ENDURE|FRUSTRATION|IRON_TAIL|DRAGONBREATH|EARTHQUAKE|RETURN|DIG|MUD_SLAP|DOUBLE_TEAM|SWAGGER|SLEEP_TALK|SANDSTORM|FIRE_BLAST|SWIFT|DEFENSE_CURL|REST|ATTRACT|STEEL_WING|FIRE_PUNCH|FURY_CUTTER|CUT|FLY|STRENGTH|FLAMETHROWER,60,b756d9cef6d82d02,pokecrystal/data/pokemon/base_stats/charizard.asm
7,squirtle,SQUIRTLE,1,44,48,65,43,50,64,WATER,WATER,10,10,45,66,NO_ITEM,NO_ITEM,0,0,GENDER_F12_5,31,20,70,BASE_HAPPINESS,GROWTH_MEDIUM_SLOW,3,EGG_MONSTER,EGG_WATER_1,1,2,DYNAMICPUNCH|HEADBUTT|CURSE|ROLLOUT|TOXIC|ROCK_SMASH|HIDDEN_POWER|SNORE|BLIZZARD|ICY_WIND|PROTECT|RAIN_DANCE|ENDURE|FRUSTRATION|IRON_TAIL|RETURN|DIG|MUD_SLAP|DOUBLE_TEAM|ICE_PUNCH|SWAGGER|SLEEP_TALK|DEFENSE_CURL|REST|ATTRACT|SURF|STRENGTH|WHIRLPOOL|WATERFALL|ICE_BEAM,60,afb25bcc8718b009,pokecrystal/data/pokemon/base_stats/squirtle.asm
8,wartortle,WARTORTLE,1,59,63,80,58,65,80,WATER,WATER,10,10,45,143,NO_ITEM,NO_ITEM,0,0,GENDER_F12_5,31,20,70,BASE_HAPPINESS,GROWTH_MEDIUM_SLOW,3,EGG_MONSTER,EGG_WATER_1,1,2,DYNAMICPUNCH|HEADBUTT|CURSE|ROLLOUT|TOXIC|ROCK_SMASH|HIDDEN_POWER|SNORE|BLIZZARD|ICY_WIND|PROTECT|RAIN_DANCE|ENDURE|FRUSTRATION|IRON_TAIL|RETURN|DIG|MUD_SLAP|DOUBLE_TEAM|ICE_PUNCH|SWAGGER|SLEEP_TALK|DEFENSE_CURL|REST|ATTRACT|SURF|STRENGTH|WHIRLPOOL|WATERFALL|ICE_BEAM,60,afb25bcc8718b009,pokecrystal/data/pokemon/base_stats/wartortle.asm
9,blastoise,BLASTOISE,1,79,83,100,78,85,105,WATER,WATER,10,10,45,210,NO_ITEM,NO_ITEM,0,0,GENDER_F12_5,31,20,70,BASE_HAPPINESS,GROWTH_MEDIUM_SLOW,3,EGG_MONSTER,EGG_WATER_1,1,2,DYNAMICPUNCH|HEADBUTT|CURSE|ROLLOUT|ROAR|TOXIC|ROCK_SMASH|HIDDEN_POWER|SNORE|BLIZZARD|HYPER_BEAM|ICY_WIND|PROTECT|RAIN_DANCE|ENDURE|FRUSTRATION|IRON_TAIL|EARTHQUAKE|RETURN|DIG|MUD_SLAP|DOUBLE_TEAM|ICE_PUNCH|SWAGGER|SLEEP_TALK|DEFENSE_CURL|REST|ATTRACT|SURF|STRENGTH|WHIRLPOOL|WATERFALL|ICE_BEAM,60,bff25bce8718b009,pokecrystal/data/pokemon/base_stats/blastoise.asm
10,caterpie,CATERPIE,1,45,30,35,45,20,20,BUG,BUG,6,6,255,53,NO_ITEM,NO_ITEM,0,0,GENDER_F50,127,15,70,BASE_HAPPINESS,GROWTH_MEDIUM_FAST,0,EGG_BUG,EGG_BUG,3,3,,60,0000000000000000,pokecrystal/data/pokemon/base_stats/caterpie.asm
11,metapod,METAPOD,1,50,20,55,30,25,25,BUG,BUG,6,6,120,72,NO_ITEM,NO_ITEM,0,0,GENDER_F50,127,15,70,BASE_HAPPINESS,GROWTH_MEDIUM_FAST,0,EGG_BUG,EGG_BUG,3,3,,60,0000000000000000,pokecrystal/data/pokemon/base_stats/metapod.asm
12,butterfree,BUTTERFREE,1,60,45,50,70,80,80,BUG,FLYING,6,2,45,160,NO_ITEM,SILVERPOWDER,0,88,GENDER_F50,127,15,70,BASE_HAPPINESS,GROWTH_MEDIUM_FAST,0,EGG_BUG,EGG_BUG,3,3,CURSE|TOXIC|HIDDEN_POWER|SUNNY_DAY|SWEET_SCENT|SNORE|HYPER_BEAM|PROTECT|GIGA_DRAIN|ENDURE|FRUSTRATION|SOLARBEAM|RETURN|PSYCHIC_M|DOUBLE_TEAM|SWAGGER|SLEEP_TALK|SWIFT|REST|ATTRACT|NIGHTMARE|FLASH,60,245e3d9446184200,pokecrystal/data/pokemon/base_stats/butterfree.asm
13,weedle,WEEDLE,1,40,35,30,50,20,20,BUG,POISON,6,3,255,52,NO_ITEM,NO_ITEM,0,0,GENDER_F50,127,15,70,BASE_HAPPINESS,GROWTH_MEDIUM_FAST,0,EGG_BUG,EGG_BUG,3,3,,60,0000000000000000,pokecrystal/data/pokemon/base_stats/weedle.asm
14,kakuna,KAKUNA,1,45,25,50,35,25,25,BUG,POISON,6,3,120,71,NO_ITEM,NO_ITEM,0,0,GENDER_F50,127,15,70,BASE_HAPPINESS,GROWTH_MEDIUM_FAST,0,EGG_BUG,EGG_BUG,3,3,,60,0000000000000000,pokecrystal/data/pokemon/base_stats/kakuna.asm
15,beedrill,BEEDRILL,1,65,80,40,75,45,80,BUG,POISON,6,3,45,159,NO_ITEM,POISON_BARB,0,81,GENDER_F50,127,15,70,BASE_HAPPINESS,GROWTH_MEDIUM_FAST,0,EGG_BUG,EGG_BUG,3,3,CURSE|TOXIC|HIDDEN_POWER|SUNNY_DAY|SWEET_SCENT|SNORE|HYPER_BEAM|PROTECT|GIGA_DRAIN|ENDURE|FRUSTRATION|RETURN|DOUBLE_TEAM|SWAGGER|SLEEP_TALK|SLUDGE_BOMB|SWIFT|REST|ATTRACT|FURY_CUTTER|CUT,60,245e1d844e180500,pokecrystal/data/pokemon/base_stats/beedrill.asm
16,pidgey,PIDGEY,1,40,45,40,56,35,35,NORMAL,FLYING,0,2,255,55,NO_ITEM,NO_ITEM,0,0,GENDER_F50,127,15,70,BASE_HAPPINESS,GROWTH_MEDIUM_SLOW,3,EGG_FLYING,EGG_FLYING,4,4,CURSE|TOXIC|HIDDEN_POWER|SUNNY_DAY|SNORE|PROTECT|ENDURE|FRUSTRATION|RETURN|MUD_SLAP|DOUBLE_TEAM|SWAGGER|SLEEP_TALK|SWIFT|DETECT|REST|ATTRACT|THIEF|STEEL_WING|FLY,60,241619c4467c0800,pokecrystal/data/pokemon/base_stats/pidgey.asm
17,pidgeotto,PIDGEOTTO,1,63,60,55,71,50,50,NORMAL,FLYING,0,2,120,113,NO_ITEM,NO_ITEM,0,0,GENDER_F50,127,15,70,BASE_HAPPINESS,GROWTH_MEDIUM_SLOW,3,EGG_FLYING,EGG_FLYING,4,4,CURSE|TOXIC|HIDDEN_POWER|SUNNY_DAY|SNORE|PROTECT|ENDURE|FRUSTRATION|RETURN|MUD_SLAP|DOUBLE_TEAM|SWAGGER|SLEEP_TALK|SWIFT|DETECT|REST|ATTRACT|THIEF|STEEL_WING|FLY,60,241619c4467c0800,pokecrystal/data/pokemon/base_stats/pidgeotto.asm
18,pidgeot,PIDGEOT,1,83,80,75,91,70,70,NORMAL,FLYING,0,2,45,172,NO_ITEM,NO_ITEM,0,0,GENDER_F50,127,15,70,BASE_HAPPINESS,GROWTH_MEDIUM_SLOW,3,EGG_FLYING,EGG_FLYING,4,4,CURSE|TOXIC|HIDDEN_POWER|SUNNY_DAY|SNORE|HYPER_BEAM|PROTECT|ENDURE|FRUSTRATION|RETURN|MUD_SLAP|DOUBLE_TEAM|SWAGGER|SLEEP_TALK|SWIFT|DETECT|REST|ATTRACT|THIEF|STEEL_WING|FLY,60,245619c4467c0800,pokecrystal/data/pokemon/base_stats/pidgeot.asm
19,rattata,RATTATA,1,30,56,35,72,25,35,NORMAL,NORMAL,0,0,255,57,NO_ITEM,NO_ITEM,0,0,GENDER_F50,127,15,70,BASE_HAPPINESS,GROWTH_MEDIUM_FAST,0,EGG_GROUND,EGG_GROUND,5,5,HEADBUTT|CURSE|TOXIC|ROCK_SMASH|HIDDEN_POWER|SUNNY_DAY|SNORE|BLIZZARD|ICY_WIND|PROTECT|ENDURE|FRUSTRATION|IRON_TAIL|THUNDER|RETURN|DIG|SHADOW_BALL|MUD_SLAP|DOUBLE_TEAM|SWAGGER|SLEEP_TALK|SWIFT|DEFENSE_CURL|REST|ATTRACT|THIEF,60,a6b659edc6380000,pokecrystal/data/pokemon/base_stats/rattata.asm
20,raticate,RATICATE,1,55,81,60,97,50,70,NORMAL,NORMAL,0,0,90,116,NO_ITEM,NO_ITEM,0,0,GENDER_F50,127,15,70,BASE_HAPPINESS,GROWTH_MEDIUM_FAST,0,EGG_GROUND,EGG_GROUND,5,5,HEADBUTT|CURSE|ROAR|TOXIC|ROCK_SMASH|HIDDEN_POWER|SUNNY_DAY|SNORE|BLIZZARD|HYPER_BEAM|ICY_WIND|PROTECT|ENDURE|FRUSTRATION|IRON_TAIL|THUNDER|RETURN|DIG|SHADOW_BALL|MUD_SLAP|DOUBLE_TEAM|SWAGGER|SLEEP_TALK|SWIFT|DEFENSE_CURL|REST|ATTRACT|THIEF|CUT|STRENGTH|THUNDERBOLT|ICE_BEAM,60,b6f659edc638240c,pokecrystal/data/pokemon/base_stats/raticate.asm
21,spearow,SPEAROW,1,40,60,30,70,31,31,NORMAL,FLYING,0,2,255,58,NO_ITEM,NO_ITEM,0,0,GENDER_F50,127,15,70,BASE_HAPPINESS,GROWTH_MEDIUM_FAST,0,EGG_FLYING,EGG_FLYING,4,4,CURSE|TOXIC|HIDDEN_POWER|SUNNY_DAY|SNORE|PROTECT|ENDURE|FRUSTRATION|RETURN|MUD_SLAP|DOUBLE_TEAM|SWAGGER|SLEEP_TALK|SWIFT|DETECT|REST|ATTRACT|THIEF|STEEL_WING|FLY,60,241619c4467c0800,pokecrystal/data/pokemon/base_stats/spearow.asm
22,fearow,FEAROW,1,65,90,65,100,61,61,NORMAL,FLYING,0,2,90,162,NO_ITEM,SHARP_BEAK,0,77,GENDER_F50,127,15,70,BASE_HAPPINESS,GROWTH_MEDIUM_FAST,0,EGG_FLYING,EGG_FLYING,4,4,CURSE|TOXIC|HIDDEN_POWER|SUNNY_DAY|SNORE|HYPER_BEAM|PROTECT|ENDURE|FRUSTRATION|RETURN|MUD_SLAP|DOUBLE_TEAM|SWAGGER|SLEEP_TALK|SWIFT|DETECT|REST|ATTRACT|THIEF|STEEL_WING|FLY,60,245619c4467c0800,pokecrystal/data/pokemon/base_stats/fearow.asm
23,ekans,EKANS,1,35,60,44,55,40,54,POISON,POISON,3,3,255,62,NO_ITEM,NO_ITEM,0,0,GENDER_F50,127,20,70,BASE_HAPPINESS,GROWTH_MEDIUM_FAST,0,EGG_GROUND,EGG_DRAGON,5,14,HEADBUTT|CURSE|TOXIC|HIDDEN_POWER|SUNNY_DAY|SNORE|PROTECT|GIGA_DRAIN|ENDURE|FRUSTRATION|EARTHQUAKE|RETURN|DIG|DOUBLE_TEAM|SWAGGER|SLEEP_TALK|SLUDGE_BOMB|REST|ATTRACT|THIEF|STRENGTH,60,26161d8e0e382000,pokecrystal/data/pokemon/base_stats/ekans.asm
24,arbok,ARBOK,1,60,85,69,80,65,79,POISON,POISON,3,3,90,147,NO_ITEM,NO_ITEM,0,0,GENDER_F50,127,20,70,BASE_HAPPINESS,GROWTH_MEDIUM_FAST,0,EGG_GROUND,EGG_DRAGON,5,14,HEADBUTT|CURSE|TOXIC|HIDDEN_POWER|SUNNY_DAY|SNORE|HYPER_BEAM|PROTECT|GIGA_DRAIN|ENDURE|FRUSTRATION|EARTHQUAKE|RETURN|DIG|DOUBLE_TEAM|SWAGGER|SLEEP_TALK|SLUDGE_BOMB|REST|ATTRACT|THIEF|STRENGTH,60,26561d8e0e382000,pokecrystal/data/pokemon/base_stats/arbok.asm
25,pikachu,PIKACHU,1,35,55,30,90,50,40,ELECTRIC,ELECTRIC,12,12,190,82,NO_ITEM,BERRY,0,173,GENDER_F50,127,10,70,BASE_HAPPINESS,GROWTH_MEDIUM_FAST,0,EGG_GROUND,EGG_FAIRY,5,6,DYNAMICPUNCH|HEADBUTT|CURSE|ROLLOUT|TOXIC|ZAP_CANNON|HIDDEN_POWER|SNORE|PROTECT|RAIN_DANCE|ENDURE|FRUSTRATION|IRON_TAIL|THUNDER|RETURN|MUD_SLAP|DOUBLE_TEAM|SWAGGER|SLEEP_TALK|SWIFT|DEFENSE_CURL|THUNDERPUNCH|DETECT|REST|ATTRACT|STRENGTH|FLASH|THUNDERBOLT,60,6f125bc5c61d6004,pokecrystal/data/pokemon/base_stats/pikachu.asm
26,raichu,RAICHU,1,60,90,55,100,90,80,ELECTRIC,ELECTRIC,12,12,75,122,NO_ITEM,BERRY,0,173,GENDER_F50,127,10,70,BASE_HAPPINESS,GROWTH_MEDIUM_FAST,0,EGG_GROUND,EGG_FAIRY,5,6,DYNAMICPUNCH|HEADBUTT|CURSE|ROLLOUT|TOXIC|ZAP_CANNON|HIDDEN_POWER|SNORE|HYPER_BEAM|PROTECT|RAIN_DANCE|ENDURE|FRUSTRATION|IRON_TAIL|THUNDER|RETURN|MUD_SLAP|DOUBLE_TEAM|SWAGGER|SLEEP_TALK|SWIFT|DEFENSE_CURL|THUNDERPUNCH|DETECT|REST|ATTRACT|THIEF|STRENGTH|FLASH|THUNDERBOLT,60,6f525bc5c63d6004,pokecrystal/data/pokemon/base_stats/raichu.asm
27,sandshrew,SANDSHREW,1,50,75,85,40,20,30,GROUND,GROUND,4,4,255,93,NO_ITEM,NO_ITEM,0,0,GENDER_F50,127,20,70,BASE_HAPPINESS,GROWTH_MEDIUM_FAST,0,EGG_GROUND,EGG_GROUND,5,5,DYNAMICPUNCH|HEADBUTT|CURSE|ROLLOUT|TOXIC|ROCK_SMASH|HIDDEN_POWER|SUNNY_DAY|SNORE|PROTECT|ENDURE|FRUSTRATION|IRON_TAIL|EARTHQUAKE|RETURN|DIG|MUD_SLAP|DOUBLE_TEAM|SWAGGER|SLEEP_TALK|SANDSTORM|SWIFT|DEFENSE_CURL|DETECT|REST|ATTRACT|THIEF|FURY_CUTTER|CUT|STRENGTH,60,af1659ced63c2500,pokecrystal/data/pokemon/base_stats/sandshrew.asm
28,sandslash,SANDSLASH,1,75,100,110,65,45,55,GROUND,GROUND,4,4,90,163,NO_ITEM,NO_ITEM,0,0,GENDER_F50,127,20,70,BASE_HAPPINESS,GROWTH_MEDIUM_FAST,0,EGG_GROUND,EGG_GROUND,5,5,DYNAMICPUNCH|HEADBUTT|CURSE|ROLLOUT|TOXIC|ROCK_SMASH|HIDDEN_POWER|SUNNY_DAY|SNORE|HYPER_BEAM|PROTECT|ENDURE|FRUSTRATION|IRON_TAIL|EARTHQUAKE|RETURN|DIG|MUD_SLAP|DOUBLE_TEAM|SWAGGER|SLEEP_TALK|SANDSTORM|SWIFT|DEFENSE_CURL|DETECT|REST|ATTRACT|THIEF|FURY_CUTTER|CUT|STRENGTH,60,af5659ced63c2500,pokecrystal/data/pokemon/base_stats/sandslash.asm
29,nidoran_f,NIDORAN_F,1,55,47,52,41,40,40,POISON,POISON,3,3,235,59,NO_ITEM,NO_ITEM,0,0,GENDER_F100,254,20,70,BASE_HAPPINESS,GROWTH_MEDIUM_SLOW,3,EGG_MONSTER,EGG_GROUND,1,5,HEADBUTT|CURSE|TOXIC|HIDDEN_POWER|SUNNY_DAY|SNORE|BLIZZARD|PROTECT|RAIN_DANCE|ENDURE|FRUSTRATION|IRON_TAIL|THUNDER|RETURN|MUD_SLAP|DOUBLE_TEAM|SWAGGER|SLEEP_TALK|DEFENSE_CURL|DETECT|REST|ATTRACT|THIEF|THUNDERBOLT,60,26365bc5863c0004,pokecrystal/data/pokemon/base_stats/nidoran_f.asm
30,nidorina,NIDORINA,1,70,62,67,56,55,55,POISON,POISON,3,3,120,117,NO_ITEM,NO_ITEM,0,0,GENDER_F100,254,20,70,BASE_HAPPINESS,GROWTH_MEDIUM_SLOW,3,EGG_NONE,EGG_NONE,15,15,HEADBUTT|CURSE|TOXIC|ROCK_SMASH|HIDDEN_POWER|SUNNY_DAY|SNORE|BLIZZARD|PROTECT|RAIN_DANCE|ENDURE|FRUSTRATION|IRON_TAIL|THUNDER|RETURN|MUD_SLAP|DOUBLE_TEAM|SWAGGER|SLEEP_TALK|DEFENSE_CURL|DETECT|REST|ATTRACT|THIEF|STRENGTH|THUNDERBOLT|ICE_BEAM,60,a6365bc5863c200c,pokecrystal/data/pokemon/base_stats/nidorina.asm
31,nidoqueen,NIDOQUEEN,1,90,82,87,76,75,85,POISON,GROUND,3,4,45,194,NO_ITEM,NO_ITEM,0,0,GENDER_F100,254,20,70,BASE_HAPPINESS,GROWTH_MEDIUM_SLOW,3,EGG_NONE,EGG_NONE,15,15,DYNAMICPUNCH|HEADBUTT|CURSE|ROAR|TOXIC|ROCK_SMASH|HIDDEN_POWER|SUNNY_DAY|SNORE|BLIZZARD|HYPER_BEAM|ICY_WIND|PROTECT|RAIN_DANCE|ENDURE|FRUSTRATION|IRON_TAIL|THUNDER|EARTHQUAKE|RETURN|SHADOW_BALL|MUD_SLAP|DOUBLE_TEAM|ICE_PUNCH|SWAGGER|SLEEP_TALK|SANDSTORM|FIRE_BLAST|DEFENSE_CURL|THUNDERPUNCH|DETECT|REST|ATTRACT|THIEF|FIRE_PUNCH|FURY_CUTTER|SURF|STRENGTH|FLAMETHROWER|THUNDERBOLT|ICE_BEAM,60,b7f65be7b7bd310e,pokecrystal/data/pokemon/base_stats/nidoqueen.asm
32,nidoran_m,NIDORAN_M,1,46,57,40,50,40,40,POISON,POISON,3,3,235,60,NO_ITEM,NO_ITEM,0,0,GENDER_F0,0,20,70,BASE_HAPPINESS,GROWTH_MEDIUM_SLOW,3,EGG_MONSTER,EGG_GROUND,1,5,HEADBUTT|CURSE|TOXIC|HIDDEN_POWER|SUNNY_DAY|SNORE|BLIZZARD|PROTECT|RAIN_DANCE|ENDURE|FRUSTRATION|IRON_TAIL|THUNDER|RETURN|MUD_SLAP|DOUBLE_TEAM|SWAGGER|SLEEP_TALK|DEFENSE_CURL|DETECT|REST|ATTRACT|THIEF|THUNDERBOLT,60,26365bc5863c0004,pokecrystal/data/pokemon/base_stats/nidoran_m.asm
33,nidorino,NIDORINO,1,61,72,57,65,55,55,POISON,POISON,3,3,120,118,NO_ITEM,NO_ITEM,0,0,GENDER_F0,0,20,70,BASE_HAPPINESS,GROWTH_MEDIUM_SLOW,3,EGG_MONSTER,EGG_GROUND,1,5,HEADBUTT|CURSE|TOXIC|ROCK_SMASH|HIDDEN_POWER|SUNNY_DAY|SNORE|BLIZZARD|PROTECT|RAIN_DANCE|ENDURE|FRUSTRATION|IRON_TAIL|THUNDER|RETURN|MUD_SLAP|DOUBLE_TEAM|SWAGGER|SLEEP_TALK|DEFENSE_CURL|DETECT|REST|ATTRACT|THIEF|STRENGTH|THUNDERBOLT|ICE_BEAM,60,a6365bc5863c200c,pokecrystal/data/pokemon/base_stats/nidorino.asm
34,nidoking,NIDOKING,1,81,92,77,85,85,75,POISON,GROUND,3,4,45,195,NO_ITEM,NO_ITEM,0,0,GENDER_F0,0,20,70,BASE_HAPPINESS,GROWTH_MEDIUM_SLOW,3,EGG_MONSTER,EGG_GROUND,1,5,DYNAMICPUNCH|HEADBUTT|CURSE|ROAR|TOXIC|ROCK_SMASH|HIDDEN_POWER|SUNNY_DAY|SNORE|BLIZZARD|HYPER_BEAM|ICY_WIND|PROTECT|RAIN_DANCE|ENDURE|FRUSTRATION|IRON_TAIL|THUNDER|EARTHQUAKE|RETURN|SHADOW_BALL|MUD_SLAP|DOUBLE_TEAM|ICE_PUNCH|SWAGGER|SLEEP_TALK|SANDSTORM|FIRE_BLAST|DEFENSE_CURL|THUNDERPUNCH|DETECT|REST|ATTRACT|THIEF|FIRE_PUNCH|FURY_CUTTER|SURF|STRENGTH|FLAMETHROWER|THUNDERBOLT|ICE_BEAM,60,b7f65be7b7bd310e,pokecrystal/data/pokemon/base_stats/nidoking.asm
35,clefairy,CLEFAIRY,1,70,45,48,35,60,65,NORMAL,NORMAL,0,0,150,68,MYSTERYBERRY,MOON_STONE,150,8,GENDER_F75,191,10,70,BASE_HAPPINESS,GROWTH_FAST,4,EGG_FAIRY,EGG_FAIRY,6,6,DYNAMICPUNCH|HEADBUTT|CURSE|ROLLOUT|TOXIC|ZAP_CANNON|PSYCH_UP|HIDDEN_POWER|SUNNY_DAY|SNORE|BLIZZARD|PROTECT|RAIN_DANCE|ENDURE|FRUSTRATION|SOLARBEAM|IRON_TAIL|THUNDER|RETURN|PSYCHIC_M|SHADOW_BALL|MUD_SLAP|DOUBLE_TEAM|ICE_PUNCH|SWAGGER|SLEEP_TALK|FIRE_BLAST|DEFENSE_CURL|THUNDERPUNCH|DREAM_EATER|DETECT|REST|ATTRACT|FIRE_PUNCH|NIGHTMARE|STRENGTH|FLASH|FLAMETHROWER|THUNDERBOLT|ICE_BEAM,60,6f377bf5a79f620e,pokecrystal/data/pokemon/base_stats/clefairy.asm
36,clefable,CLEFABLE,1,95,70,73,60,85,90,NORMAL,NORMAL,0,0,25,129,MYSTERYBERRY,MOON_STONE,150,8,GENDER_F75,191,10,70,BASE_HAPPINESS,GROWTH_FAST,4,EGG_FAIRY,EGG_FAIRY,6,6,DYNAMICPUNCH|HEADBUTT|CURSE|ROLLOUT|TOXIC|ZAP_CANNON|PSYCH_UP|HIDDEN_POWER|SUNNY_DAY|SNORE|BLIZZARD|HYPER_BEAM|PROTECT|RAIN_DANCE|ENDURE|FRUSTRATION|SOLARBEAM|IRON_TAIL|THUNDER|RETURN|PSYCHIC_M|SHADOW_BALL|MUD_SLAP|DOUBLE_TEAM|ICE_PUNCH|SWAGGER|SLEEP_TALK|FIRE_BLAST|DEFENSE_CURL|THUNDERPUNCH|DREAM_EATER|DETECT|REST|ATTRACT|FIRE_PUNCH|NIGHTMARE|STRENGTH|FLASH|FLAMETHROWER|THUNDERBOLT|ICE_BEAM,60,6f777bf5a79f620e,pokecrystal/data/pokemon/base_stats/clefable.asm
37,vulpix,VULPIX,1,38,41,40,65,50,65,FIRE,FIRE,9,9,190,63,BURNT_BERRY,BURNT_BERRY,79,79,GENDER_F75,191,20,70,BASE_HAPPINESS,GROWTH_MEDIUM_FAST,0,EGG_GROUND,EGG_GROUND,5,5,HEADBUTT|CURSE|TOXIC|HIDDEN_POWER|SUNNY_DAY|SNORE|PROTECT|ENDURE|FRUSTRATION|IRON_TAIL|RETURN|DIG|DOUBLE_TEAM|SWAGGER|SLEEP_TALK|FIRE_BLAST|SWIFT|REST|ATTRACT|FLAMETHROWER,60,2616598c66180002,pokecrystal/data/pokemon/base_stats/vulpix.asm
38,ninetales,NINETALES,1,73,76,75,100,81,100,FIRE,FIRE,9,9,75,178,BURNT_BERRY,BURNT_BERRY,79,79,GENDER_F75,191,20,70,BASE_HAPPINESS,GROWTH_MEDIUM_FAST,0,EGG_GROUND,EGG_GROUND,5,5,HEADBUTT|CURSE|ROAR|TOXIC|HIDDEN_POWER|SUNNY_DAY|SNORE|HYPER_BEAM|PROTECT|ENDURE|FRUSTRATION|IRON_TAIL|RETURN|DIG|DOUBLE_TEAM|SWAGGER|SLEEP_TALK|FIRE_BLAST|SWIFT|REST|ATTRACT|FLAMETHROWER,60,3656598c66180002,pokecrystal/data/pokemon/base_stats/ninetales.asm
39,jigglypuff,JIGGLYPUFF,1,115,45,20,20,45,25,NORMAL,NORMAL,0,0,170,76,NO_ITEM,NO_ITEM,0,0,GENDER_F75,191,10,70,BASE_HAPPINESS,GROWTH_FAST,4,EGG_FAIRY,EGG_FAIRY,6,6,DYNAMICPUNCH|HEADBUTT|CURSE|ROLLOUT|TOXIC|ZAP_CANNON|PSYCH_UP|HIDDEN_POWER|SUNNY_DAY|SNORE|BLIZZARD|PROTECT|RAIN_DANCE|ENDURE|FRUSTRATION|SOLARBEAM|THUNDER|RETURN|PSYCHIC_M|SHADOW_BALL|MUD_SLAP|DOUBLE_TEAM|ICE_PUNCH|SWAGGER|SLEEP_TALK|FIRE_BLAST|DEFENSE_CURL|THUNDERPUNCH|DREAM_EATER|DETECT|REST|ATTRACT|FIRE_PUNCH|NIGHTMARE|STRENGTH|FLASH|FLAMETHROWER|THUNDERBOLT|ICE_BEAM,60,6f373bf5a79f620e,pokecrystal/data/pokemon/base_stats/jigglypuff.asm
40,wigglytuff,WIGGLYTUFF,1,140,70,45,45,75,50,NORMAL,NORMAL,0,0,50,109,NO_ITEM,NO_ITEM,0,0,GENDER_F75,191,10,70,BASE_HAPPINESS,GROWTH_FAST,4,EGG_FAIRY,EGG_FAIRY,6,6,DYNAMICPUNCH|HEADBUTT|CURSE|ROLLOUT|TOXIC|ZAP_CANNON|PSYCH_UP|HIDDEN_POWER|SUNNY_DAY|SNORE|BLIZZARD|HYPER_BEAM|PROTECT|RAIN_DANCE|ENDURE|FRUSTRATION|SOLARBEAM|THUNDER|RETURN|PSYCHIC_M|SHADOW_BALL|MUD_SLAP|DOUBLE_TEAM|ICE_PUNCH|SWAGGER|SLEEP_TALK|FIRE_BLAST|DEFENSE_CURL|THUNDERPUNCH|DREAM_EATER|DETECT|REST|ATTRACT|FIRE_PUNCH|NIGHTMARE|STRENGTH|FLASH|FLAMETHROWER|THUNDERBOLT|ICE_BEAM,60,6f773bf5a79f620e,pokecrystal/data/pokemon/base_stats/wigglytuff.asm
41,zubat,ZUBAT,1,40,45,35,55,30,40,POISON,FLYING,3,2,255,54,NO_ITEM,NO_ITEM,0,0,GENDER_F50,127,15,70,BASE_HAPPINESS,GROWTH_MEDIUM_FAST,0,EGG_FLYING,EGG_FLYING,4,4,CURSE|TOXIC|HIDDEN_POWER|SUNNY_DAY|SNORE|PROTECT|GIGA_DRAIN|ENDURE|FRUSTRATION|RETURN|DOUBLE_TEAM|SWAGGER|SLEEP_TALK|SWIFT|DETECT|REST|ATTRACT|THIEF|STEEL_WING,60,24161d84467c0000,pokecrystal/data/pokemon/base_stats/zubat.asm
42,golbat,GOLBAT,1,75,80,70,90,65,75,POISON,FLYING,3,2,90,171,NO_ITEM,NO_ITEM,0,0,GENDER_F50,127,15,70,BASE_HAPPINESS,GROWTH_MEDIUM_FAST,0,EGG_FLYING,EGG_FLYING,4,4,CURSE|TOXIC|HIDDEN_POWER|SUNNY_DAY|SNORE|HYPER_BEAM|PROTECT|GIGA_DRAIN|ENDURE|FRUSTRATION|RETURN|DOUBLE_TEAM|SWAGGER|SLEEP_TALK|SWIFT|DETECT|REST|ATTRACT|THIEF|STEEL_WING,60,24561d84467c0000,pokecrystal/data/pokemon/base_stats/golbat.asm
43,oddish,ODDISH,1,45,50,55,30,75,65,GRASS,POISON,11,3,255,78,NO_ITEM,NO_ITEM,0,0,GENDER_F50,127,20,70,BASE_HAPPINESS,GROWTH_MEDIUM_SLOW,3,EGG_PLANT,EGG_PLANT,7,7,CURSE|TOXIC|HIDDEN_POWER|SUNNY_DAY|SWEET_SCENT|SNORE|PROTECT|GIGA_DRAIN|ENDURE|FRUSTRATION|SOLARBEAM|RETURN|DOUBLE_TEAM|SWAGGER|SLEEP_TALK|SLUDGE_BOMB|REST|ATTRACT|CUT|FLASH,60,241e3d840e184400,pokecrystal/data/pokemon/base_stats/oddish.asm
44,gloom,GLOOM,1,60,65,70,40,85,75,GRASS,POISON,11,3,120,132,NO_ITEM,NO_ITEM,0,0,GENDER_F50,127,20,70,BASE_HAPPINESS,GROWTH_MEDIUM_SLOW,3,EGG_PLANT,EGG_PLANT,7,7,CURSE|TOXIC|HIDDEN_POWER|SUNNY_DAY|SWEET_SCENT|SNORE|PROTECT|GIGA_DRAIN|ENDURE|FRUSTRATION|SOLARBEAM|RETURN|DOUBLE_TEAM|SWAGGER|SLEEP_TALK|SLUDGE_BOMB|REST|ATTRACT|CUT|FLASH,60,241e3d840e184400,pokecrystal/data/pokemon/base_stats/gloom.asm
45,vileplume,VILEPLUME,1,75,80,85,50,100,90,GRASS,POISON,11,3,45,184,NO_ITEM,NO_ITEM,0,0,GENDER_F50,127,20,70,BASE_HAPPINESS,GROWTH_MEDIUM_SLOW,3,EGG_PLANT,EGG_PLANT,7,7,CURSE|TOXIC|HIDDEN_POWER|SUNNY_DAY|SWEET_SCENT|SNORE|HYPER_BEAM|PROTECT|GIGA_DRAIN|ENDURE|FRUSTRATION|SOLARBEAM|RETURN|DOUBLE_TEAM|SWAGGER|SLEEP_TALK|SLUDGE_BOMB|REST|ATTRACT|CUT|FLASH,60,245e3d840e184400,pokecrystal/data/pokemon/base_stats/vileplume.asm
46,paras,PARAS,1,35,70,55,25,45,55,BUG,GRASS,6,11,190,70,TINYMUSHROOM,BIG_MUSHROOM,86,87,GENDER_F50,127,20,70,BASE_HAPPINESS,GROWTH_MEDIUM_FAST,0,EGG_BUG,EGG_PLANT,3,7,CURSE|TOXIC|ROCK_SMASH|HIDDEN_POWER|SUNNY_DAY|SWEET_SCENT|SNORE|PROTECT|GIGA_DRAIN|ENDURE|FRUSTRATION|SOLARBEAM|RETURN|DIG|DOUBLE_TEAM|SWAGGER|SLEEP_TALK|SLUDGE_BOMB|REST|ATTRACT|THIEF|FURY_CUTTER|CUT|FLASH,60,a41e3d8c0e384500,pokecrystal/data/pokemon/base_stats/paras.asm
47,parasect,PARASECT,1,60,95,80,30,60,80,BUG,GRASS,6,11,75,128,TINYMUSHROOM,BIG_MUSHROOM,86,87,GENDER_F50,127,20,70,BASE_HAPPINESS,GROWTH_MEDIUM_FAST,0,EGG_BUG,EGG_PLANT,3,7,CURSE|TOXIC|ROCK_SMASH|HIDDEN_POWER|SUNNY_DAY|SWEET_SCENT|SNORE|HYPER_BEAM|PROTECT|GIGA_DRAIN|ENDURE|FRUSTRATION|SOLARBEAM|RETURN|DIG|DOUBLE_TEAM|SWAGGER|SLEEP_TALK|SLUDGE_BOMB|REST|ATTRACT|THIEF|FURY_CUTTER|CUT|FLASH,60,a45e3d8c0e384500,pokecrystal/data/pokemon/base_stats/parasect.asm
48,venonat,VENONAT,1,60,55,50,45,40,55,BUG,POISON,6,3,190,75,NO_ITEM,NO_ITEM,0,0,GENDER_F50,127,20,70,BASE_HAPPINESS,GROWTH_MEDIUM_FAST,0,EGG_BUG,EGG_BUG,3,3,CURSE|TOXIC|HIDDEN_POWER|SUNNY_DAY|SWEET_SCENT|SNORE|PROTECT|GIGA_DRAIN|ENDURE|FRUSTRATION|SOLARBEAM|RETURN|PSYCHIC_M|DOUBLE_TEAM|SWAGGER|SLEEP_TALK|SLUDGE_BOMB|SWIFT|REST|ATTRACT|THIEF,60,241e3d944e380000,pokecrystal/data/pokemon/base_stats/venonat.asm
49,venomoth,VENOMOTH,1,70,65,60,90,90,75,BUG,POISON,6,3,75,138,NO_ITEM,NO_ITEM,0,0,GENDER_F50,127,20,70,BASE_HAPPINESS,GROWTH_MEDIUM_FAST,0,EGG_BUG,EGG_BUG,3,3,CURSE|TOXIC|HIDDEN_POWER|SUNNY_DAY|SWEET_SCENT|SNORE|HYPER_BEAM|PROTECT|GIGA_DRAIN|ENDURE|FRUSTRATION|SOLARBEAM|RETURN|PSYCHIC_M|DOUBLE_TEAM|SWAGGER|SLEEP_TALK|SLUDGE_BOMB|SWIFT|REST|ATTRACT|THIEF|FLASH,60,245e3d944e384000,pokecrystal/data/pokemon/base_stats/venomoth.asm
50,diglett,DIGLETT,1,10,55,25,95,35,45,GROUND,GROUND,4,4,255,81,NO_ITEM,NO_ITEM,0,0,GENDER_F50,127,20,70,BASE_HAPPINESS,GROWTH_MEDIUM_FAST,0,EGG_GROUND,EGG_GROUND,5,5,CURSE|TOXIC|ROCK_SMASH|HIDDEN_POWER|SUNNY_DAY|SNORE|PROTECT|ENDURE|FRUSTRATION|EARTHQUAKE|RETURN|DIG|MUD_SLAP|DOUBLE_TEAM|SWAGGER|SLEEP_TALK|SLUDGE_BOMB|REST|ATTRACT|THIEF|CUT,60,a41619ce0e380400,pokecrystal/data/pokemon/base_stats/diglett.asm
51,dugtrio,DUGTRIO,1,35,80,50,120,50,70,GROUND,GROUND,4,4,50,153,NO_ITEM,NO_ITEM,0,0,GENDER_F50,127,20,70,BASE_HAPPINESS,GROWTH_MEDIUM_FAST,0,EGG_GROUND,EGG_GROUND,5,5,CURSE|TOXIC|ROCK_SMASH|HIDDEN_POWER|SUNNY_DAY|SNORE|HYPER_BEAM|PROTECT|ENDURE|FRUSTRATION|EARTHQUAKE|RETURN|DIG|MUD_SLAP|DOUBLE_TEAM|SWAGGER|SLEEP_TALK|SLUDGE_BOMB|REST|ATTRACT|THIEF|CUT,60,a45619ce0e380400,pokecrystal/data/pokemon/base_stats/dugtrio.asm
52,meowth,MEOWTH,1,40,45,35,90,40,40,NORMAL,NORMAL,0,0,255,69,NO_ITEM,NO_ITEM,0,0,GENDER_F50,127,20,70,BASE_HAPPINESS,GROWTH_MEDIUM_FAST,0,EGG_GROUND,EGG_GROUND,5,5,HEADBUTT|CURSE|TOXIC|ZAP_CANNON|PSYCH_UP|HIDDEN_POWER|SUNNY_DAY|SNORE|ICY_WIND|PROTECT|ENDURE|FRUSTRATION|IRON_TAIL|THUNDER|RETURN|SHADOW_BALL|MUD_SLAP|DOUBLE_TEAM|SWAGGER|SLEEP_TALK|SWIFT|DEFENSE_CURL|DREAM_EATER|DETECT|REST|ATTRACT|THIEF|NIGHTMARE|THUNDERBOLT,60,669759e5c63e0204,pokecrystal/data/pokemon/base_stats/meowth.asm
53,persian,PERSIAN,1,65,70,60,115,65,65,NORMAL,NORMAL,0,0,90,148,NO_ITEM,NO_ITEM,0,0,GENDER_F50,127,20,70,BASE_HAPPINESS,GROWTH_MEDIUM_FAST,0,EGG_GROUND,EGG_GROUND,5,5,HEADBUTT|CURSE|ROAR|TOXIC|ZAP_CANNON|PSYCH_UP|HIDDEN_POWER|SUNNY_DAY|SNORE|HYPER_BEAM|ICY_WIND|PROTECT|ENDURE|FRUSTRATION|IRON_TAIL|THUNDER|RETURN|SHADOW_BALL|MUD_SLAP|DOUBLE_TEAM|SWAGGER|SLEEP_TALK|SWIFT|DEFENSE_CURL|DREAM_EATER|DETECT|REST|ATTRACT|THIEF|NIGHTMARE|THUNDERBOLT,60,76d759e5c63e0204,pokecrystal/data/pokemon/base_stats/persian.asm
54,psyduck,PSYDUCK,1,50,52,48,55,65,50,WATER,WATER,10,10,190,80,NO_ITEM,NO_ITEM,0,0,GENDER_F50,127,20,70,BASE_HAPPINESS,GROWTH_MEDIUM_FAST,0,EGG_WATER_1,EGG_GROUND,2,5,DYNAMICPUNCH|HEADBUTT|CURSE|TOXIC|ROCK_SMASH|PSYCH_UP|HIDDEN_POWER|SNORE|BLIZZARD|ICY_WIND|PROTECT|RAIN_DANCE|ENDURE|FRUSTRATION|IRON_TAIL|RETURN|DIG|MUD_SLAP|DOUBLE_TEAM|ICE_PUNCH|SWAGGER|SLEEP_TALK|SWIFT|REST|ATTRACT|SURF|STRENGTH|FLASH|WHIRLPOOL|WATERFALL|ICE_BEAM,60,a7b35bcc4718f009,pokecrystal/data/pokemon/base_stats/psyduck.asm
55,golduck,GOLDUCK,1,80,82,78,85,95,80,WATER,WATER,10,10,75,174,NO_ITEM,NO_ITEM,0,0,GENDER_F50,127,20,70,BASE_HAPPINESS,GROWTH_MEDIUM_FAST,0,EGG_WATER_1,EGG_GROUND,2,5,DYNAMICPUNCH|HEADBUTT|CURSE|TOXIC|ROCK_SMASH|PSYCH_UP|HIDDEN_POWER|SNORE|BLIZZARD|HYPER_BEAM|ICY_WIND|PROTECT|RAIN_DANCE|ENDURE|FRUSTRATION|IRON_TAIL|RETURN|DIG|MUD_SLAP|DOUBLE_TEAM|ICE_PUNCH|SWAGGER|SLEEP_TALK|SWIFT|REST|ATTRACT|FURY_CUTTER|SURF|STRENGTH|FLASH|WHIRLPOOL|WATERFALL|ICE_BEAM,60,a7f35bcc4718f109,pokecrystal/data/pokemon/base_stats/golduck.asm
56,mankey,MANKEY,1,40,80,35,70,35,45,FIGHTING,FIGHTING,1,1,190,74,NO_ITEM,NO_ITEM,0,0,GENDER_F50,127,20,70,BASE_HAPPINESS,GROWTH_MEDIUM_FAST,0,EGG_GROUND,EGG_GROUND,5,5,DYNAMICPUNCH|HEADBUTT|CURSE|TOXIC|ROCK_SMASH|PSYCH_UP|HIDDEN_POWER|SUNNY_DAY|SNORE|PROTECT|ENDURE|FRUSTRATION|IRON_TAIL|THUNDER|RETURN|DIG|MUD_SLAP|DOUBLE_TEAM|ICE_PUNCH|SWAGGER|SLEEP_TALK|SWIFT|DEFENSE_CURL|THUNDERPUNCH|DETECT|REST|ATTRACT|THIEF|FIRE_PUNCH|STRENGTH|THUNDERBOLT,60,a71759cdc7bd2004,pokecrystal/data/pokemon/base_stats/mankey.asm
57,primeape,PRIMEAPE,1,65,105,60,95,60,70,FIGHTING,FIGHTING,1,1,75,149,NO_ITEM,NO_ITEM,0,0,GENDER_F50,127,20,70,BASE_HAPPINESS,GROWTH_MEDIUM_FAST,0,EGG_GROUND,EGG_GROUND,5,5,DYNAMICPUNCH|HEADBUTT|CURSE|TOXIC|ROCK_SMASH|PSYCH_UP|HIDDEN_POWER|SUNNY_DAY|SNORE|HYPER_BEAM|PROTECT|ENDURE|FRUSTRATION|IRON_TAIL|THUNDER|RETURN|DIG|MUD_SLAP|DOUBLE_TEAM|ICE_PUNCH|SWAGGER|SLEEP_TALK|SWIFT|DEFENSE_CURL|THUNDERPUNCH|DETECT|REST|ATTRACT|THIEF|FIRE_PUNCH|STRENGTH|THUNDERBOLT,60,a75759cdc7bd2004,pokecrystal/data/pokemon/base_stats/primeape.asm
58,growlithe,GROWLITHE,1,55,70,45,60,70,50,FIRE,FIRE,9,9,190,91,BURNT_BERRY,BURNT_BERRY,79,79,GENDER_F25,63,20,70,BASE_HAPPINESS,GROWTH_SLOW,5,EGG_GROUND,EGG_GROUND,5,5,HEADBUTT|CURSE|ROAR|TOXIC|ROCK_SMASH|HIDDEN_POWER|SUNNY_DAY|SNORE|PROTECT|ENDURE|FRUSTRATION|IRON_TAIL|DRAGONBREATH|RETURN|DIG|DOUBLE_TEAM|SWAGGER|SLEEP_TALK|FIRE_BLAST|SWIFT|REST|ATTRACT|FLAMETHROWER,60,b616d98c66180002,pokecrystal/data/pokemon/base_stats/growlithe.asm
59,arcanine,ARCANINE,1,90,110,80,95,100,80,FIRE,FIRE,9,9,75,213,BURNT_BERRY,BURNT_BERRY,79,79,GENDER_F25,63,20,70,BASE_HAPPINESS,GROWTH_SLOW,5,EGG_GROUND,EGG_GROUND,5,5,HEADBUTT|CURSE|ROAR|TOXIC|ROCK_SMASH|HIDDEN_POWER|SUNNY_DAY|SNORE|HYPER_BEAM|PROTECT|ENDURE|FRUSTRATION|IRON_TAIL|DRAGONBREATH|RETURN|DIG|DOUBLE_TEAM|SWAGGER|SLEEP_TALK|FIRE_BLAST|SWIFT|REST|ATTRACT|FLAMETHROWER,60,b656d98c66180002,pokecrystal/data/pokemon/base_stats/arcanine.asm
60,poliwag,POLIWAG,1,40,50,40,90,40,40,WATER,WATER,10,10,255,77,NO_ITEM,NO_ITEM,0,0,GENDER_F50,127,20,70,BASE_HAPPINESS,GROWTH_MEDIUM_SLOW,3,EGG_WATER_1,EGG_WATER_1,2,2,HEADBUTT|CURSE|TOXIC|HIDDEN_POWER|SNORE|BLIZZARD|ICY_WIND|PROTECT|RAIN_DANCE|ENDURE|FRUSTRATION|RETURN|PSYCHIC_M|DOUBLE_TEAM|SWAGGER|SLEEP_TALK|DEFENSE_CURL|REST|ATTRACT|THIEF|SURF|WHIRLPOOL|WATERFALL|ICE_BEAM,60,26b21b9486389009,pokecrystal/data/pokemon/base_stats/poliwag.asm
61,poliwhirl,POLIWHIRL,1,65,65,65,90,50,50,WATER,WATER,10,10,120,131,NO_ITEM,KINGS_ROCK,0,82,GENDER_F50,127,20,70,BASE_HAPPINESS,GROWTH_MEDIUM_SLOW,3,EGG_WATER_1,EGG_WATER_1,2,2,HEADBUTT|CURSE|TOXIC|ROCK_SMASH|HIDDEN_POWER|SNORE|BLIZZARD|ICY_WIND|PROTECT|RAIN_DANCE|ENDURE|FRUSTRATION|EARTHQUAKE|RETURN|PSYCHIC_M|MUD_SLAP|DOUBLE_TEAM|ICE_PUNCH|SWAGGER|SLEEP_TALK|DEFENSE_CURL|DETECT|REST|ATTRACT|THIEF|SURF|STRENGTH|WHIRLPOOL|WATERFALL|ICE_BEAM,60,a6b21bd6873cb009,pokecrystal/data/pokemon/base_stats/poliwhirl.asm
62,poliwrath,POLIWRATH,1,90,85,95,70,70,90,WATER,FIGHTING,10,1,45,185,NO_ITEM,KINGS_ROCK,0,82,GENDER_F50,127,20,70,BASE_HAPPINESS,GROWTH_MEDIUM_SLOW,3,EGG_WATER_1,EGG_WATER_1,2,2,DYNAMICPUNCH|HEADBUTT|CURSE|TOXIC|ROCK_SMASH|HIDDEN_POWER|SNORE|BLIZZARD|HYPER_BEAM|ICY_WIND|PROTECT|RAIN_DANCE|ENDURE|FRUSTRATION|EARTHQUAKE|RETURN|PSYCHIC_M|MUD_SLAP|DOUBLE_TEAM|ICE_PUNCH|SWAGGER|SLEEP_TALK|DEFENSE_CURL|DETECT|REST|ATTRACT|THIEF|SURF|STRENGTH|WHIRLPOOL|WATERFALL|ICE_BEAM,60,a7f21bd6873cb009,pokecrystal/data/pokemon/base_stats/poliwrath.asm
63,abra,ABRA,1,25,20,15,90,105,55,PSYCHIC_TYPE,PSYCHIC_TYPE,13,13,200,73,NO_ITEM,NO_ITEM,0,0,GENDER_F25,63,20,70,BASE_HAPPINESS,GROWTH_MEDIUM_SLOW,3,EGG_HUMANSHAPE,EGG_HUMANSHAPE,8,8,DYNAMICPUNCH|HEADBUTT|CURSE|TOXIC|ZAP_CANNON|PSYCH_UP|HIDDEN_POWER|SUNNY_DAY|SNORE|PROTECT|RAIN_DANCE|ENDURE|FRUSTRATION|RETURN|PSYCHIC_M|SHADOW_BALL|DOUBLE_TEAM|ICE_PUNCH|SWAGGER|SLEEP_TALK|THUNDERPUNCH|DREAM_EATER|REST|ATTRACT|THIEF|FIRE_PUNCH|NIGHTMARE|FLASH,60,67171bb407bb4200,pokecrystal/data/pokemon/base_stats/abra.asm
64,kadabra,KADABRA,1,40,35,30,105,120,70,PSYCHIC_TYPE,PSYCHIC_TYPE,13,13,100,145,NO_ITEM,NO_ITEM,0,0,GENDER_F25,63,20,70,BASE_HAPPINESS,GROWTH_MEDIUM_SLOW,3,EGG_HUMANSHAPE,EGG_HUMANSHAPE,8,8,DYNAMICPUNCH|HEADBUTT|CURSE|TOXIC|ZAP_CANNON|PSYCH_UP|HIDDEN_POWER|SUNNY_DAY|SNORE|PROTECT|RAIN_DANCE|ENDURE|FRUSTRATION|RETURN|DIG|PSYCHIC_M|SHADOW_BALL|DOUBLE_TEAM|ICE_PUNCH|SWAGGER|SLEEP_TALK|THUNDERPUNCH|DREAM_EATER|REST|ATTRACT|THIEF|FIRE_PUNCH|NIGHTMARE|FLASH,60,67171bbc07bb4200,pokecrystal/data/pokemon/base_stats/kadabra.asm
65,alakazam,ALAKAZAM,1,55,50,45,120,135,85,PSYCHIC_TYPE,PSYCHIC_TYPE,13,13,50,186,NO_ITEM,NO_ITEM,0,0,GENDER_F25,63,20,70,BASE_HAPPINESS,GROWTH_MEDIUM_SLOW,3,EGG_HUMANSHAPE,EGG_HUMANSHAPE,8,8,DYNAMICPUNCH|HEADBUTT|CURSE|TOXIC|ZAP_CANNON|PSYCH_UP|HIDDEN_POWER|SUNNY_DAY|SNORE|HYPER_BEAM|PROTECT|RAIN_DANCE|ENDURE|FRUSTRATION|RETURN|DIG|PSYCHIC_M|SHADOW_BALL|DOUBLE_TEAM|ICE_PUNCH|SWAGGER|SLEEP_TALK|THUNDERPUNCH|DREAM_EATER|REST|ATTRACT|THIEF|FIRE_PUNCH|NIGHTMARE|FLASH,60,67571bbc07bb4200,pokecrystal/data/pokemon/base_stats/alakazam.asm
66,machop,MACHOP,1,70,80,50,35,35,35,FIGHTING,FIGHTING,1,1,180,88,NO_ITEM,NO_ITEM,0,0,GENDER_F25,63,20,70,BASE_HAPPINESS,GROWTH_MEDIUM_SLOW,3,EGG_HUMANSHAPE,EGG_HUMANSHAPE,8,8,DYNAMICPUNCH|HEADBUTT|CURSE|TOXIC|ROCK_SMASH|HIDDEN_POWER|SUNNY_DAY|SNORE|PROTECT|ENDURE|FRUSTRATION|EARTHQUAKE|RETURN|DIG|MUD_SLAP|DOUBLE_TEAM|ICE_PUNCH|SWAGGER|SLEEP_TALK|FIRE_BLAST|THUNDERPUNCH|DETECT|REST|ATTRACT|THIEF|FIRE_PUNCH|STRENGTH|FLAMETHROWER,60,a71619ce27bd2002,pokecrystal/data/pokemon/base_stats/machop.asm
67,machoke,MACHOKE,1,80,100,70,45,50,60,FIGHTING,FIGHTING,1,1,90,146,NO_ITEM,NO_ITEM,0,0,GENDER_F25,63,20,70,BASE_HAPPINESS,GROWTH_MEDIUM_SLOW,3,EGG_HUMANSHAPE,EGG_HUMANSHAPE,8,8,DYNAMICPUNCH|HEADBUTT|CURSE|TOXIC|ROCK_SMASH|HIDDEN_POWER|SUNNY_DAY|SNORE|PROTECT|ENDURE|FRUSTRATION|EARTHQUAKE|RETURN|DIG|MUD_SLAP|DOUBLE_TEAM|ICE_PUNCH|SWAGGER|SLEEP_TALK|FIRE_BLAST|THUNDERPUNCH|DETECT|REST|ATTRACT|THIEF|FIRE_PUNCH|STRENGTH|FLAMETHROWER,60,a71619ce27bd2002,pokecrystal/data/pokemon/base_stats/machoke.asm
68,machamp,MACHAMP,1,90,130,80,55,65,85,FIGHTING,FIGHTING,1,1,45,193,NO_ITEM,NO_ITEM,0,0,GENDER_F25,63,20,70,BASE_HAPPINESS,GROWTH_MEDIUM_SLOW,3,EGG_HUMANSHAPE,EGG_HUMANSHAPE,8,8,DYNAMICPUNCH|HEADBUTT|CURSE|TOXIC|ROCK_SMASH|HIDDEN_POWER|SUNNY_DAY|SNORE|HYPER_BEAM|PROTECT|ENDURE|FRUSTRATION|EARTHQUAKE|RETURN|DIG|MUD_SLAP|DOUBLE_TEAM|ICE_PUNCH|SWAGGER|SLEEP_TALK|FIRE_BLAST|THUNDERPUNCH|DETECT|REST|ATTRACT|THIEF|FIRE_PUNCH|STRENGTH|FLAMETHROWER,60,a75619ce27bd2002,pokecrystal/data/pokemon/base_stats/machamp.asm
69,bellsprout,BELLSPROUT,1,50,75,35,40,70,30,GRASS,POISON,11,3,255,84,NO_ITEM,NO_ITEM,0,0,GENDER_F50,127,20,70,BASE_HAPPINESS,GROWTH_MEDIUM_SLOW,3,EGG_PLANT,EGG_PLANT,7,7,CURSE|TOXIC|HIDDEN_POWER|SUNNY_DAY|SWEET_SCENT|SNORE|PROTECT|GIGA_DRAIN|ENDURE|FRUSTRATION|SOLARBEAM|RETURN|DOUBLE_TEAM|SWAGGER|SLEEP_TALK|SLUDGE_BOMB|REST|ATTRACT|CUT|FLASH,60,241e3d840e184400,pokecrystal/data/pokemon/base_stats/bellsprout.asm
70,weepinbell,WEEPINBELL,1,65,90,50,55,85,45,GRASS,POISON,11,3,120,151,NO_ITEM,NO_ITEM,0,0,GENDER_F50,127,20,70,BASE_HAPPINESS,GROWTH_MEDIUM_SLOW,3,EGG_PLANT,EGG_PLANT,7,7,CURSE|TOXIC|HIDDEN_POWER|SUNNY_DAY|SWEET_SCENT|SNORE|PROTECT|GIGA_DRAIN|ENDURE|FRUSTRATION|SOLARBEAM|RETURN|DOUBLE_TEAM|SWAGGER|SLEEP_TALK|SLUDGE_BOMB|REST|ATTRACT|CUT|FLASH,60,241e3d840e184400,pokecrystal/data/pokemon/base_stats/weepinbell.asm
71,victreebel,VICTREEBEL,1,80,105,65,70,100,60,GRASS,POISON,11,3,45,191,NO_ITEM,NO_ITEM,0,0,GENDER_F50,127,20,70,BASE_HAPPINESS,GROWTH_MEDIUM_SLOW,3,EGG_PLANT,EGG_PLANT,7,7,CURSE|TOXIC|HIDDEN_POWER|SUNNY_DAY|SWEET_SCENT|SNORE|HYPER_BEAM|PROTECT|GIGA_DRAIN|ENDURE|FRUSTRATION|SOLARBEAM|RETURN|DOUBLE_TEAM|SWAGGER|SLEEP_TALK|SLUDGE_BOMB|REST|ATTRACT|CUT|FLASH,60,245e3d840e184400,pokecrystal/data/pokemon/base_stats/victreebel.asm
72,tentacool,TENTACOOL,1,40,40,35,70,50,100,WATER,POISON,10,3,190,105,NO_ITEM,NO_ITEM,0,0,GENDER_F50,127,20,70,BASE_HAPPINESS,GROWTH_SLOW,5,EGG_WATER_3,EGG_WATER_3,9,9,CURSE|TOXIC|HIDDEN_POWER|SNORE|BLIZZARD|ICY_WIND|PROTECT|RAIN_DANCE|GIGA_DRAIN|ENDURE|FRUSTRATION|RETURN|DOUBLE_TEAM|SWAGGER|SLEEP_TALK|SLUDGE_BOMB|REST|ATTRACT|CUT|SURF|WHIRLPOOL|ICE_BEAM,60,24b21f840e189408,pokecrystal/data/pokemon/base_stats/tentacool.asm
73,tentacruel,TENTACRUEL,1,80,70,65,100,80,120,WATER,POISON,10,3,60,205,NO_ITEM,NO_ITEM,0,0,GENDER_F50,127,20,70,BASE_HAPPINESS,GROWTH_SLOW,5,EGG_WATER_3,EGG_WATER_3,9,9,CURSE|TOXIC|HIDDEN_POWER|SNORE|BLIZZARD|HYPER_BEAM|ICY_WIND|PROTECT|RAIN_DANCE|GIGA_DRAIN|ENDURE|FRUSTRATION|RETURN|DOUBLE_TEAM|SWAGGER|SLEEP_TALK|SLUDGE_BOMB|REST|ATTRACT|CUT|SURF|WHIRLPOOL|ICE_BEAM,60,24f21f840e189408,pokecrystal/data/pokemon/base_stats/tentacruel.asm
74,geodude,GEODUDE,1,40,80,100,20,30,30,ROCK,GROUND,5,4,255,86,NO_ITEM,EVERSTONE,0,112,GENDER_F50,127,15,70,BASE_HAPPINESS,GROWTH_MEDIUM_SLOW,3,EGG_MINERAL,EGG_MINERAL,10,10,DYNAMICPUNCH|HEADBUTT|CURSE|ROLLOUT|TOXIC|ROCK_SMASH|HIDDEN_POWER|SUNNY_DAY|SNORE|PROTECT|ENDURE|FRUSTRATION|EARTHQUAKE|RETURN|DIG|MUD_SLAP|DOUBLE_TEAM|SWAGGER|SLEEP_TALK|SANDSTORM|FIRE_BLAST|DEFENSE_CURL|REST|ATTRACT|FIRE_PUNCH|STRENGTH|FLAMETHROWER,60,af1619ceb6982002,pokecrystal/data/pokemon/base_stats/geodude.asm
75,graveler,GRAVELER,1,55,95,115,35,45,45,ROCK,GROUND,5,4,120,134,NO_ITEM,EVERSTONE,0,112,GENDER_F50,127,15,70,BASE_HAPPINESS,GROWTH_MEDIUM_SLOW,3,EGG_MINERAL,EGG_MINERAL,10,10,DYNAMICPUNCH|HEADBUTT|CURSE|ROLLOUT|TOXIC|ROCK_SMASH|HIDDEN_POWER|SUNNY_DAY|SNORE|PROTECT|ENDURE|FRUSTRATION|EARTHQUAKE|RETURN|DIG|MUD_SLAP|DOUBLE_TEAM|SWAGGER|SLEEP_TALK|SANDSTORM|FIRE_BLAST|DEFENSE_CURL|REST|ATTRACT|FIRE_PUNCH|STRENGTH|FLAMETHROWER,60,af1619ceb6982002,pokecrystal/data/pokemon/base_stats/graveler.asm
76,golem,GOLEM,1,80,110,130,45,55,65,ROCK,GROUND,5,4,45,177,NO_ITEM,EVERSTONE,0,112,GENDER_F50,127,15,70,BASE_HAPPINESS,GROWTH_MEDIUM_SLOW,3,EGG_MINERAL,EGG_MINERAL,10,10,DYNAMICPUNCH|HEADBUTT|CURSE|ROLLOUT|ROAR|TOXIC|ROCK_SMASH|HIDDEN_POWER|SUNNY_DAY|SNORE|HYPER_BEAM|PROTECT|ENDURE|FRUSTRATION|EARTHQUAKE|RETURN|DIG|MUD_SLAP|DOUBLE_TEAM|SWAGGER|SLEEP_TALK|SANDSTORM|FIRE_BLAST|DEFENSE_CURL|REST|ATTRACT|FIRE_PUNCH|FURY_CUTTER|STRENGTH|FLAMETHROWER,60,bf5619ceb6982102,pokecrystal/data/pokemon/base_stats/golem.asm
77,ponyta,PONYTA,1,50,85,55,90,65,65,FIRE,FIRE,9,9,190,152,NO_ITEM,NO_ITEM,0,0,GENDER_F50,127,20,70,BASE_HAPPINESS,GROWTH_MEDIUM_FAST,0,EGG_GROUND,EGG_GROUND,5,5,HEADBUTT|CURSE|TOXIC|HIDDEN_POWER|SUNNY_DAY|SNORE|PROTECT|ENDURE|FRUSTRATION|IRON_TAIL|RETURN|DOUBLE_TEAM|SWAGGER|SLEEP_TALK|FIRE_BLAST|SWIFT|REST|ATTRACT|FLAMETHROWER,60,2616598466180002,pokecrystal/data/pokemon/base_stats/ponyta.asm
78,rapidash,RAPIDASH,1,65,100,70,105,80,80,FIRE,FIRE,9,9,60,192,NO_ITEM,NO_ITEM,0,0,GENDER_F50,127,20,70,BASE_HAPPINESS,GROWTH_MEDIUM_FAST,0,EGG_GROUND,EGG_GROUND,5,5,HEADBUTT|CURSE|TOXIC|HIDDEN_POWER|SUNNY_DAY|SNORE|HYPER_BEAM|PROTECT|ENDURE|FRUSTRATION|IRON_TAIL|RETURN|DOUBLE_TEAM|SWAGGER|SLEEP_TALK|FIRE_BLAST|SWIFT|REST|ATTRACT|FLAMETHROWER,60,2656598466180002,pokecrystal/data/pokemon/base_stats/rapidash.asm
79,slowpoke,SLOWPOKE,1,90,65,65,15,40,40,WATER,PSYCHIC_TYPE,10,13,190,99,NO_ITEM,KINGS_ROCK,0,82,GENDER_F50,127,20,70,BASE_HAPPINESS,GROWTH_MEDIUM_FAST,0,EGG_MONSTER,EGG_WATER_1,1,2,HEADBUTT|CURSE|TOXIC|ZAP_CANNON|PSYCH_UP|HIDDEN_POWER|SUNNY_DAY|SNORE|BLIZZARD|ICY_WIND|PROTECT|RAIN_DANCE|ENDURE|FRUSTRATION|IRON_TAIL|EARTHQUAKE|RETURN|DIG|PSYCHIC_M|SHADOW_BALL|MUD_SLAP|DOUBLE_TEAM|SWAGGER|SLEEP_TALK|FIRE_BLAST|SWIFT|DREAM_EATER|REST|ATTRACT|NIGHTMARE|SURF|STRENGTH|FLASH|FLAMETHROWER|ICE_BEAM,60,66b75bfe661a720a,pokecrystal/data/pokemon/base_stats/slowpoke.asm
80,slowbro,SLOWBRO,1,95,75,110,30,100,80,WATER,PSYCHIC_TYPE,10,13,75,164,NO_ITEM,KINGS_ROCK,0,82,GENDER_F50,127,20,70,BASE_HAPPINESS,GROWTH_MEDIUM_FAST,0,EGG_MONSTER,EGG_WATER_1,1,2,DYNAMICPUNCH|HEADBUTT|CURSE|TOXIC|ZAP_CANNON|ROCK_SMASH|PSYCH_UP|HIDDEN_POWER|SUNNY_DAY|SNORE|BLIZZARD|HYPER_BEAM|ICY_WIND|PROTECT|RAIN_DANCE|ENDURE|FRUSTRATION|IRON_TAIL|EARTHQUAKE|RETURN|DIG|PSYCHIC_M|SHADOW_BALL|MUD_SLAP|DOUBLE_TEAM|ICE_PUNCH|SWAGGER|SLEEP_TALK|FIRE_BLAST|SWIFT|DREAM_EATER|REST|ATTRACT|FURY_CUTTER|NIGHTMARE|SURF|STRENGTH|FLASH|FLAMETHROWER|ICE_BEAM,60,e7f75bfe671a730a,pokecrystal/data/pokemon/base_stats/slowbro.asm
81,magnemite,MAGNEMITE,1,25,35,70,45,95,55,ELECTRIC,STEEL,12,8,190,89,NO_ITEM,METAL_COAT,0,143,GENDER_UNKNOWN,255,20,70,BASE_HAPPINESS,GROWTH_MEDIUM_FAST,0,EGG_MINERAL,EGG_MINERAL,10,10,CURSE|ROLLOUT|TOXIC|ZAP_CANNON|HIDDEN_POWER|SNORE|PROTECT|RAIN_DANCE|ENDURE|FRUSTRATION|THUNDER|RETURN|DOUBLE_TEAM|SWAGGER|SLEEP_TALK|SWIFT|REST|FLASH|THUNDERBOLT,60,6c121b8546084004,pokecrystal/data/pokemon/base_stats/magnemite.asm
82,magneton,MAGNETON,1,50,60,95,70,120,70,ELECTRIC,STEEL,12,8,60,161,NO_ITEM,METAL_COAT,0,143,GENDER_UNKNOWN,255,20,70,BASE_HAPPINESS,GROWTH_MEDIUM_FAST,0,EGG_MINERAL,EGG_MINERAL,10,10,CURSE|ROLLOUT|TOXIC|ZAP_CANNON|HIDDEN_POWER|SNORE|HYPER_BEAM|PROTECT|RAIN_DANCE|ENDURE|FRUSTRATION|THUNDER|RETURN|DOUBLE_TEAM|SWAGGER|SLEEP_TALK|SWIFT|REST|FLASH|THUNDERBOLT,60,6c521b8546084004,pokecrystal/data/pokemon/base_stats/magneton.asm
83,farfetch_d,FARFETCH_D,1,52,65,55,60,58,62,NORMAL,FLYING,0,2,45,94,NO_ITEM,STICK,0,105,GENDER_F50,127,20,70,BASE_HAPPINESS,GROWTH_MEDIUM_FAST,0,EGG_FLYING,EGG_GROUND,4,5,HEADBUTT|CURSE|TOXIC|PSYCH_UP|HIDDEN_POWER|SUNNY_DAY|SNORE|PROTECT|ENDURE|FRUSTRATION|IRON_TAIL|RETURN|MUD_SLAP|DOUBLE_TEAM|SWAGGER|SLEEP_TALK|SWIFT|DETECT|REST|ATTRACT|THIEF|STEEL_WING|CUT|FLY,60,261759c4467c0c00,pokecrystal/data/pokemon/base_stats/farfetch_d.asm
84,doduo,DODUO,1,35,85,45,75,35,35,NORMAL,FLYING,0,2,190,96,NO_ITEM,NO_ITEM,0,0,GENDER_F50,127,20,70,BASE_HAPPINESS,GROWTH_MEDIUM_FAST,0,EGG_FLYING,EGG_FLYING,4,4,CURSE|TOXIC|HIDDEN_POWER|SUNNY_DAY|SNORE|PROTECT|ENDURE|FRUSTRATION|RETURN|MUD_SLAP|DOUBLE_TEAM|SWAGGER|SLEEP_TALK|SWIFT|REST|ATTRACT|THIEF|STEEL_WING|FLY,60,241619c446780800,pokecrystal/data/pokemon/base_stats/doduo.asm
85,dodrio,DODRIO,1,60,110,70,100,60,60,NORMAL,FLYING,0,2,45,158,NO_ITEM,SHARP_BEAK,0,77,GENDER_F50,127,20,70,BASE_HAPPINESS,GROWTH_MEDIUM_FAST,0,EGG_FLYING,EGG_FLYING,4,4,CURSE|TOXIC|HIDDEN_POWER|SUNNY_DAY|SNORE|HYPER_BEAM|PROTECT|ENDURE|FRUSTRATION|RETURN|MUD_SLAP|DOUBLE_TEAM|SWAGGER|SLEEP_TALK|SWIFT|REST|ATTRACT|THIEF|STEEL_WING|FLY,60,245619c446780800,pokecrystal/data/pokemon/base_stats/dodrio.asm
86,seel,SEEL,1,65,45,55,45,45,70,WATER,WATER,10,10,190,100,NO_ITEM,NO_ITEM,0,0,GENDER_F50,127,20,70,BASE_HAPPINESS,GROWTH_MEDIUM_FAST,0,EGG_WATER_1,EGG_GROUND,2,5,HEADBUTT|CURSE|TOXIC|HIDDEN_POWER|SNORE|BLIZZARD|ICY_WIND|PROTECT|RAIN_DANCE|ENDURE|FRUSTRATION|RETURN|DOUBLE_TEAM|SWAGGER|SLEEP_TALK|REST|ATTRACT|SURF|WHIRLPOOL|WATERFALL|ICE_BEAM,60,26b21b8406189009,pokecrystal/data/pokemon/base_stats/seel.asm
87,dewgong,DEWGONG,1,90,70,80,70,70,95,WATER,ICE,10,14,75,176,NO_ITEM,NO_ITEM,0,0,GENDER_F50,127,20,70,BASE_HAPPINESS,GROWTH_MEDIUM_FAST,0,EGG_WATER_1,EGG_GROUND,2,5,HEADBUTT|CURSE|TOXIC|HIDDEN_POWER|SNORE|BLIZZARD|HYPER_BEAM|ICY_WIND|PROTECT|RAIN_DANCE|ENDURE|FRUSTRATION|RETURN|DOUBLE_TEAM|SWAGGER|SLEEP_TALK|REST|ATTRACT|SURF|WHIRLPOOL|WATERFALL|ICE_BEAM,60,26f21b8406189009,pokecrystal/data/pokemon/base_stats/dewgong.asm
88,grimer,GRIMER,1,80,80,50,25,40,50,POISON,POISON,3,3,190,90,NO_ITEM,NUGGET,0,36,GENDER_F50,127,20,70,BASE_HAPPINESS,GROWTH_MEDIUM_FAST,0,EGG_INDETERMINATE,EGG_INDETERMINATE,11,11,DYNAMICPUNCH|CURSE|TOXIC|ZAP_CANNON|HIDDEN_POWER|SUNNY_DAY|SNORE|PROTECT|GIGA_DRAIN|ENDURE|FRUSTRATION|THUNDER|RETURN|MUD_SLAP|DOUBLE_TEAM|ICE_PUNCH|SWAGGER|SLEEP_TALK|SLUDGE_BOMB|FIRE_BLAST|THUNDERPUNCH|REST|ATTRACT|THIEF|FIRE_PUNCH|FLAMETHROWER|THUNDERBOLT,60,65161dc52fb90006,pokecrystal/data/pokemon/base_stats/grimer.asm
89,muk,MUK,1,105,105,75,50,65,100,POISON,POISON,3,3,75,157,NO_ITEM,NUGGET,0,36,GENDER_F50,127,20,70,BASE_HAPPINESS,GROWTH_MEDIUM_FAST,0,EGG_INDETERMINATE,EGG_INDETERMINATE,11,11,DYNAMICPUNCH|CURSE|TOXIC|ZAP_CANNON|HIDDEN_POWER|SUNNY_DAY|SNORE|HYPER_BEAM|PROTECT|GIGA_DRAIN|ENDURE|FRUSTRATION|THUNDER|RETURN|MUD_SLAP|DOUBLE_TEAM|ICE_PUNCH|SWAGGER|SLEEP_TALK|SLUDGE_BOMB|FIRE_BLAST|THUNDERPUNCH|REST|ATTRACT|THIEF|FIRE_PUNCH|FLAMETHROWER|THUNDERBOLT,60,65561dc52fb90006,pokecrystal/data/pokemon/base_stats/muk.asm
90,shellder,SHELLDER,1,30,65,100,40,45,25,WATER,WATER,10,10,190,97,PEARL,BIG_PEARL,110,111,GENDER_F50,127,20,70,BASE_HAPPINESS,GROWTH_SLOW,5,EGG_WATER_3,EGG_WATER_3,9,9,CURSE|TOXIC|HIDDEN_POWER|SNORE|BLIZZARD|ICY_WIND|PROTECT|RAIN_DANCE|ENDURE|FRUSTRATION|RETURN|DOUBLE_TEAM|SWAGGER|SLEEP_TALK|SWIFT|REST|ATTRACT|SURF|WHIRLPOOL|ICE_BEAM,60,24b21b8446189008,pokecrystal/data/pokemon/base_stats/shellder.asm
91,cloyster,CLOYSTER,1,50,95,180,70,85,45,WATER,ICE,10,14,60,203,PEARL,BIG_PEARL,110,111,GENDER_F50,127,20,70,BASE_HAPPINESS,GROWTH_SLOW,5,EGG_WATER_3,EGG_WATER_3,9,9,CURSE|TOXIC|HIDDEN_POWER|SNORE|BLIZZARD|HYPER_BEAM|ICY_WIND|PROTECT|RAIN_DANCE|ENDURE|FRUSTRATION|RETURN|DOUBLE_TEAM|SWAGGER|SLEEP_TALK|SWIFT|REST|ATTRACT|SURF|WHIRLPOOL|ICE_BEAM,60,24f21b8446189008,pokecrystal/data/pokemon/base_stats/cloyster.asm
92,gastly,GASTLY,1,30,35,30,80,100,35,GHOST,POISON,7,3,190,95,NO_ITEM,NO_ITEM,0,0,GENDER_F50,127,20,70,BASE_HAPPINESS,GROWTH_MEDIUM_SLOW,3,EGG_INDETERMINATE,EGG_INDETERMINATE,11,11,CURSE|TOXIC|ZAP_CANNON|PSYCH_UP|HIDDEN_POWER|SUNNY_DAY|SNORE|PROTECT|RAIN_DANCE|GIGA_DRAIN|ENDURE|FRUSTRATION|THUNDER|RETURN|PSYCHIC_M|SHADOW_BALL|DOUBLE_TEAM|SWAGGER|SLEEP_TALK|DREAM_EATER|REST|ATTRACT|THIEF|NIGHTMARE|THUNDERBOLT,60,64171fb5063a0204,pokecrystal/data/pokemon/base_stats/gastly.asm
93,haunter,HAUNTER,1,45,50,45,95,115,55,GHOST,POISON,7,3,90,126,NO_ITEM,NO_ITEM,0,0,GENDER_F50,127,20,70,BASE_HAPPINESS,GROWTH_MEDIUM_SLOW,3,EGG_INDETERMINATE,EGG_INDETERMINATE,11,11,CURSE|TOXIC|ZAP_CANNON|PSYCH_UP|HIDDEN_POWER|SUNNY_DAY|SNORE|PROTECT|RAIN_DANCE|GIGA_DRAIN|ENDURE|FRUSTRATION|THUNDER|RETURN|PSYCHIC_M|SHADOW_BALL|DOUBLE_TEAM|SWAGGER|SLEEP_TALK|DREAM_EATER|REST|ATTRACT|THIEF|NIGHTMARE|THUNDERBOLT,60,64171fb5063a0204,pokecrystal/data/pokemon/base_stats/haunter.asm
94,gengar,GENGAR,1,60,65,60,110,130,75,GHOST,POISON,7,3,45,190,NO_ITEM,NO_ITEM,0,0,GENDER_F50,127,20,70,BASE_HAPPINESS,GROWTH_MEDIUM_SLOW,3,EGG_INDETERMINATE,EGG_INDETERMINATE,11,11,DYNAMICPUNCH|HEADBUTT|CURSE|TOXIC|ZAP_CANNON|ROCK_SMASH|PSYCH_UP|HIDDEN_POWER|SUNNY_DAY|SNORE|HYPER_BEAM|PROTECT|RAIN_DANCE|GIGA_DRAIN|ENDURE|FRUSTRATION|THUNDER|RETURN|PSYCHIC_M|SHADOW_BALL|DOUBLE_TEAM|ICE_PUNCH|SWAGGER|SLEEP_TALK|THUNDERPUNCH|DREAM_EATER|REST|ATTRACT|THIEF|FIRE_PUNCH|NIGHTMARE|STRENGTH|THUNDERBOLT,60,e7571fb507bb2204,pokecrystal/data/pokemon/base_stats/gengar.asm
95,onix,ONIX,1,35,45,160,70,30,45,ROCK,GROUND,5,4,45,108,NO_ITEM,NO_ITEM,0,0,GENDER_F50,127,25,70,BASE_HAPPINESS,GROWTH_MEDIUM_FAST,0,EGG_MINERAL,EGG_MINERAL,10,10,HEADBUTT|CURSE|ROAR|TOXIC|ROCK_SMASH|HIDDEN_POWER|SUNNY_DAY|SNORE|PROTECT|ENDURE|FRUSTRATION|IRON_TAIL|EARTHQUAKE|RETURN|DIG|MUD_SLAP|DOUBLE_TEAM|SWAGGER|SLEEP_TALK|SANDSTORM|REST|ATTRACT|STRENGTH,60,b61659ce16182000,pokecrystal/data/pokemon/base_stats/onix.asm
96,drowzee,DROWZEE,1,60,48,45,42,43,90,PSYCHIC_TYPE,PSYCHIC_TYPE,13,13,190,102,NO_ITEM,NO_ITEM,0,0,GENDER_F50,127,20,70,BASE_HAPPINESS,GROWTH_MEDIUM_FAST,0,EGG_HUMANSHAPE,EGG_HUMANSHAPE,8,8,DYNAMICPUNCH|HEADBUTT|CURSE|TOXIC|ZAP_CANNON|PSYCH_UP|HIDDEN_POWER|SUNNY_DAY|SNORE|PROTECT|RAIN_DANCE|ENDURE|FRUSTRATION|RETURN|PSYCHIC_M|SHADOW_BALL|DOUBLE_TEAM|ICE_PUNCH|SWAGGER|SLEEP_TALK|THUNDERPUNCH|DREAM_EATER|REST|ATTRACT|FIRE_PUNCH|NIGHTMARE|FLASH,60,67171bb4079b4200,pokecrystal/data/pokemon/base_stats/drowzee.asm
97,hypno,HYPNO,1,85,73,70,67,73,115,PSYCHIC_TYPE,PSYCHIC_TYPE,13,13,75,165,NO_ITEM,NO_ITEM,0,0,GENDER_F50,127,20,70,BASE_HAPPINESS,GROWTH_MEDIUM_FAST,0,EGG_HUMANSHAPE,EGG_HUMANSHAPE,8,8,DYNAMICPUNCH|HEADBUTT|CURSE|TOXIC|ZAP_CANNON|PSYCH_UP|HIDDEN_POWER|SUNNY_DAY|SNORE|HYPER_BEAM|PROTECT|RAIN_DANCE|ENDURE|FRUSTRATION|RETURN|PSYCHIC_M|SHADOW_BALL|DOUBLE_TEAM|ICE_PUNCH|SWAGGER|SLEEP_TALK|THUNDERPUNCH|DREAM_EATER|REST|ATTRACT|FIRE_PUNCH|NIGHTMARE|FLASH,60,67571bb4079b4200,pokecrystal/data/pokemon/base_stats/hypno.asm
98,krabby,KRABBY,1,30,105,90,50,25,25,WATER,WATER,10,10,225,115,NO_ITEM,NO_ITEM,0,0,GENDER_F50,127,20,70,BASE_HAPPINESS,GROWTH_MEDIUM_FAST,0,EGG_WATER_3,EGG_WATER_3,9,9,CURSE|TOXIC|ROCK_SMASH|HIDDEN_POWER|SNORE|BLIZZARD|ICY_WIND|PROTECT|RAIN_DANCE|ENDURE|FRUSTRATION|RETURN|MUD_SLAP|DOUBLE_TEAM|SWAGGER|SLEEP_TALK|REST|ATTRACT|THIEF|FURY_CUTTER|CUT|SURF|STRENGTH|WHIRLPOOL|ICE_BEAM,60,a4b21bc40638b508,pokecrystal/data/pokemon/base_stats/krabby.asm
99,kingler,KINGLER,1,55,130,115,75,50,50,WATER,WATER,10,10,60,206,NO_ITEM,NO_ITEM,0,0,GENDER_F50,127,20,70,BASE_HAPPINESS,GROWTH_MEDIUM_FAST,0,EGG_WATER_3,EGG_WATER_3,9,9,CURSE|TOXIC|ROCK_SMASH|HIDDEN_POWER|SNORE|BLIZZARD|HYPER_BEAM|ICY_WIND|PROTECT|RAIN_DANCE|ENDURE|FRUSTRATION|RETURN|MUD_SLAP|DOUBLE_TEAM|SWAGGER|SLEEP_TALK|REST|ATTRACT|THIEF|FURY_CUTTER|CUT|SURF|STRENGTH|WHIRLPOOL|ICE_BEAM,60,a4f21bc40638b508,pokecrystal/data/pokemon/base_stats/kingler.asm
100,voltorb,VOLTORB,1,40,30,50,100,55,55,ELECTRIC,ELECTRIC,12,12,190,103,NO_ITEM,NO_ITEM,0,0,GENDER_UNKNOWN,255,20,70,BASE_HAPPINESS,GROWTH_MEDIUM_FAST,0,EGG_MINERAL,EGG_MINERAL,10,10,HEADBUTT|CURSE|ROLLOUT|TOXIC|ZAP_CANNON|HIDDEN_POWER|SNORE|PROTECT|RAIN_DANCE|ENDURE|FRUSTRATION|THUNDER|RETURN|DOUBLE_TEAM|SWAGGER|SLEEP_TALK|SWIFT|REST|FLASH|THUNDERBOLT,60,6e121b8546084004,pokecrystal/data/pokemon/base_stats/voltorb.asm
101,electrode,ELECTRODE,1,60,50,70,140,80,80,ELECTRIC,ELECTRIC,12,12,60,150,NO_ITEM,NO_ITEM,0,0,GENDER_UNKNOWN,255,20,70,BASE_HAPPINESS,GROWTH_MEDIUM_FAST,0,EGG_MINERAL,EGG_MINERAL,10,10,HEADBUTT|CURSE|ROLLOUT|TOXIC|ZAP_CANNON|HIDDEN_POWER|SNORE|HYPER_BEAM|PROTECT|RAIN_DANCE|ENDURE|FRUSTRATION|THUNDER|RETURN|DOUBLE_TEAM|SWAGGER|SLEEP_TALK|SWIFT|REST|FLASH|THUNDERBOLT,60,6e521b8546084004,pokecrystal/data/pokemon/base_stats/electrode.asm
102,exeggcute,EXEGGCUTE,1,60,40,80,40,60,45,GRASS,PSYCHIC_TYPE,11,13,90,98,NO_ITEM,NO_ITEM,0,0,GENDER_F50,127,20,70,BASE_HAPPINESS,GROWTH_SLOW,5,EGG_PLANT,EGG_PLANT,7,7,CURSE|ROLLOUT|TOXIC|PSYCH_UP|HIDDEN_POWER|SUNNY_DAY|SNORE|PROTECT|GIGA_DRAIN|ENDURE|FRUSTRATION|SOLARBEAM|RETURN|PSYCHIC_M|DOUBLE_TEAM|SWAGGER|SLEEP_TALK|SLUDGE_BOMB|DREAM_EATER|REST|ATTRACT|THIEF|NIGHTMARE|STRENGTH|FLASH,60,2c173d940e3a6200,pokecrystal/data/pokemon/base_stats/exeggcute.asm
103,exeggutor,EXEGGUTOR,1,95,95,85,55,125,65,GRASS,PSYCHIC_TYPE,11,13,45,212,NO_ITEM,NO_ITEM,0,0,GENDER_F50,127,20,70,BASE_HAPPINESS,GROWTH_SLOW,5,EGG_PLANT,EGG_PLANT,7,7,HEADBUTT|CURSE|ROLLOUT|TOXIC|PSYCH_UP|HIDDEN_POWER|SUNNY_DAY|SNORE|HYPER_BEAM|PROTECT|GIGA_DRAIN|ENDURE|FRUSTRATION|SOLARBEAM|RETURN|PSYCHIC_M|DOUBLE_TEAM|SWAGGER|SLEEP_TALK|SLUDGE_BOMB|DREAM_EATER|REST|ATTRACT|THIEF|NIGHTMARE|STRENGTH|FLASH,60,2e573d940e3a6200,pokecrystal/data/pokemon/base_stats/exeggutor.asm
104,cubone,CUBONE,1,50,50,95,35,40,50,GROUND,GROUND,4,4,190,87,NO_ITEM,THICK_CLUB,0,118,GENDER_F50,127,20,70,BASE_HAPPINESS,GROWTH_MEDIUM_FAST,0,EGG_MONSTER,EGG_MONSTER,1,1,DYNAMICPUNCH|HEADBUTT|CURSE|TOXIC|ROCK_SMASH|HIDDEN_POWER|SUNNY_DAY|SNORE|BLIZZARD|ICY_WIND|PROTECT|ENDURE|FRUSTRATION|IRON_TAIL|EARTHQUAKE|RETURN|DIG|MUD_SLAP|DOUBLE_TEAM|SWAGGER|SLEEP_TALK|SANDSTORM|FIRE_BLAST|THUNDERPUNCH|DETECT|REST|ATTRACT|THIEF|FIRE_PUNCH|STRENGTH|FLAMETHROWER|ICE_BEAM,60,a7b659ce36bd200a,pokecrystal/data/pokemon/base_stats/cubone.asm
105,marowak,MAROWAK,1,60,80,110,45,50,80,GROUND,GROUND,4,4,75,124,NO_ITEM,THICK_CLUB,0,118,GENDER_F50,127,20,70,BASE_HAPPINESS,GROWTH_MEDIUM_FAST,0,EGG_MONSTER,EGG_MONSTER,1,1,DYNAMICPUNCH|HEADBUTT|CURSE|TOXIC|ROCK_SMASH|HIDDEN_POWER|SUNNY_DAY|SNORE|BLIZZARD|HYPER_BEAM|ICY_WIND|PROTECT|ENDURE|FRUSTRATION|IRON_TAIL|EARTHQUAKE|RETURN|DIG|MUD_SLAP|DOUBLE_TEAM|SWAGGER|SLEEP_TALK|SANDSTORM|FIRE_BLAST|THUNDERPUNCH|DETECT|REST|ATTRACT|THIEF|FIRE_PUNCH|STRENGTH|FLAMETHROWER|ICE_BEAM,60,a7f659ce36bd200a,pokecrystal/data/pokemon/base_stats/marowak.asm
106,hitmonlee,HITMONLEE,1,50,120,53,87,35,110,FIGHTING,FIGHTING,1,1,45,139,NO_ITEM,NO_ITEM,0,0,GENDER_F0,0,25,70,BASE_HAPPINESS,GROWTH_MEDIUM_FAST,0,EGG_HUMANSHAPE,EGG_HUMANSHAPE,8,8,DYNAMICPUNCH|HEADBUTT|CURSE|TOXIC|ROCK_SMASH|HIDDEN_POWER|SUNNY_DAY|SNORE|PROTECT|ENDURE|FRUSTRATION|RETURN|MUD_SLAP|DOUBLE_TEAM|SWAGGER|SLEEP_TALK|SWIFT|DETECT|REST|ATTRACT|THIEF|STRENGTH,60,a71619c4463c2000,pokecrystal/data/pokemon/base_stats/hitmonlee.asm
107,hitmonchan,HITMONCHAN,1,50,105,79,76,35,110,FIGHTING,FIGHTING,1,1,45,140,NO_ITEM,NO_ITEM,0,0,GENDER_F0,0,25,70,BASE_HAPPINESS,GROWTH_MEDIUM_FAST,0,EGG_HUMANSHAPE,EGG_HUMANSHAPE,8,8,DYNAMICPUNCH|HEADBUTT|CURSE|TOXIC|ROCK_SMASH|HIDDEN_POWER|SUNNY_DAY|SNORE|PROTECT|ENDURE|FRUSTRATION|RETURN|MUD_SLAP|DOUBLE_TEAM|ICE_PUNCH|SWAGGER|SLEEP_TALK|SWIFT|THUNDERPUNCH|DETECT|REST|ATTRACT|THIEF|FIRE_PUNCH|STRENGTH,60,a71619c447bd2000,pokecrystal/data/pokemon/base_stats/hitmonchan.asm
108,lickitung,LICKITUNG,1,90,55,75,30,60,75,NORMAL,NORMAL,0,0,45,127,NO_ITEM,NO_ITEM,0,0,GENDER_F50,127,20,70,BASE_HAPPINESS,GROWTH_MEDIUM_FAST,0,EGG_MONSTER,EGG_MONSTER,1,1,DYNAMICPUNCH|HEADBUTT|CURSE|ROLLOUT|TOXIC|ROCK_SMASH|PSYCH_UP|HIDDEN_POWER|SUNNY_DAY|SNORE|BLIZZARD|HYPER_BEAM|ICY_WIND|PROTECT|RAIN_DANCE|ENDURE|FRUSTRATION|IRON_TAIL|THUNDER|EARTHQUAKE|RETURN|SHADOW_BALL|MUD_SLAP|DOUBLE_TEAM|ICE_PUNCH|SWAGGER|SLEEP_TALK|SANDSTORM|FIRE_BLAST|DEFENSE_CURL|THUNDERPUNCH|DREAM_EATER|REST|ATTRACT|THIEF|FIRE_PUNCH|NIGHTMARE|CUT|SURF|STRENGTH|FLAMETHROWER|THUNDERBOLT|ICE_BEAM,60,aff75be7b7bb360e,pokecrystal/data/pokemon/base_stats/lickitung.asm
109,koffing,KOFFING,1,40,65,95,35,60,45,POISON,POISON,3,3,190,114,NO_ITEM,NO_ITEM,0,0,GENDER_F50,127,20,70,BASE_HAPPINESS,GROWTH_MEDIUM_FAST,0,EGG_INDETERMINATE,EGG_INDETERMINATE,11,11,CURSE|ROLLOUT|TOXIC|ZAP_CANNON|HIDDEN_POWER|SUNNY_DAY|SNORE|PROTECT|ENDURE|FRUSTRATION|THUNDER|RETURN|DOUBLE_TEAM|SWAGGER|SLEEP_TALK|SLUDGE_BOMB|FIRE_BLAST|REST|ATTRACT|THIEF|FLAMETHROWER|THUNDERBOLT,60,6c1619852e380006,pokecrystal/data/pokemon/base_stats/koffing.asm
110,weezing,WEEZING,1,65,90,120,60,85,70,POISON,POISON,3,3,60,173,NO_ITEM,NO_ITEM,0,0,GENDER_F50,127,20,70,BASE_HAPPINESS,GROWTH_MEDIUM_FAST,0,EGG_INDETERMINATE,EGG_INDETERMINATE,11,11,CURSE|ROLLOUT|TOXIC|ZAP_CANNON|HIDDEN_POWER|SUNNY_DAY|SNORE|HYPER_BEAM|PROTECT|ENDURE|FRUSTRATION|THUNDER|RETURN|DOUBLE_TEAM|SWAGGER|SLEEP_TALK|SLUDGE_BOMB|FIRE_BLAST|REST|ATTRACT|THIEF|FLAMETHROWER|THUNDERBOLT,60,6c5619852e380006,pokecrystal/data/pokemon/base_stats/weezing.asm
111,rhyhorn,RHYHORN,1,80,85,95,25,30,30,GROUND,ROCK,4,5,120,135,NO_ITEM,NO_ITEM,0,0,GENDER_F50,127,20,70,BASE_HAPPINESS,GROWTH_SLOW,5,EGG_MONSTER,EGG_GROUND,1,5,HEADBUTT|CURSE|ROLLOUT|ROAR|TOXIC|ZAP_CANNON|ROCK_SMASH|HIDDEN_POWER|SUNNY_DAY|SNORE|BLIZZARD|ICY_WIND|PROTECT|ENDURE|FRUSTRATION|IRON_TAIL|THUNDER|EARTHQUAKE|RETURN|DIG|MUD_SLAP|DOUBLE_TEAM|SWAGGER|SLEEP_TALK|SANDSTORM|FIRE_BLAST|REST|ATTRACT|STRENGTH|FLAMETHROWER|THUNDERBOLT|ICE_BEAM,60,feb659cf3618200e,pokecrystal/data/pokemon/base_stats/rhyhorn.asm
112,rhydon,RHYDON,1,105,130,120,40,45,45,GROUND,ROCK,4,5,60,204,NO_ITEM,NO_ITEM,0,0,GENDER_F50,127,20,70,BASE_HAPPINESS,GROWTH_SLOW,5,EGG_MONSTER,EGG_GROUND,1,5,DYNAMICPUNCH|HEADBUTT|CURSE|ROLLOUT|ROAR|TOXIC|ZAP_CANNON|ROCK_SMASH|HIDDEN_POWER|SUNNY_DAY|SNORE|BLIZZARD|HYPER_BEAM|ICY_WIND|PROTECT|ENDURE|FRUSTRATION|IRON_TAIL|THUNDER|EARTHQUAKE|RETURN|DIG|MUD_SLAP|DOUBLE_TEAM|SWAGGER|SLEEP_TALK|SANDSTORM|FIRE_BLAST|THUNDERPUNCH|REST|ATTRACT|FIRE_PUNCH|FURY_CUTTER|SURF|STRENGTH|FLAMETHROWER|THUNDERBOLT|ICE_BEAM,60,fff659cf3699310e,pokecrystal/data/pokemon/base_stats/rhydon.asm
113,chansey,CHANSEY,1,250,5,5,50,35,105,NORMAL,NORMAL,0,0,30,255,NO_ITEM,LUCKY_EGG,0,126,GENDER_F100,254,40,70,BASE_HAPPINESS,GROWTH_FAST,4,EGG_FAIRY,EGG_FAIRY,6,6,DYNAMICPUNCH|HEADBUTT|CURSE|ROLLOUT|TOXIC|ZAP_CANNON|ROCK_SMASH|PSYCH_UP|HIDDEN_POWER|SUNNY_DAY|SNORE|BLIZZARD|HYPER_BEAM|ICY_WIND|PROTECT|RAIN_DANCE|ENDURE|FRUSTRATION|SOLARBEAM|IRON_TAIL|THUNDER|RETURN|PSYCHIC_M|SHADOW_BALL|MUD_SLAP|DOUBLE_TEAM|SWAGGER|SLEEP_TALK|SANDSTORM|FIRE_BLAST|DEFENSE_CURL|DREAM_EATER|REST|ATTRACT|STRENGTH|FLASH|FLAMETHROWER|THUNDERBOLT|ICE_BEAM,60,eff77bf5b61a600e,pokecrystal/data/pokemon/base_stats/chansey.asm
114,tangela,TANGELA,1,65,55,115,60,100,40,GRASS,GRASS,11,11,45,166,NO_ITEM,NO_ITEM,0,0,GENDER_F50,127,20,70,BASE_HAPPINESS,GROWTH_MEDIUM_FAST,0,EGG_PLANT,EGG_PLANT,7,7,HEADBUTT|CURSE|TOXIC|PSYCH_UP|HIDDEN_POWER|SUNNY_DAY|SWEET_SCENT|SNORE|HYPER_BEAM|PROTECT|GIGA_DRAIN|ENDURE|FRUSTRATION|SOLARBEAM|RETURN|DOUBLE_TEAM|SWAGGER|SLEEP_TALK|SLUDGE_BOMB|REST|ATTRACT|THIEF|CUT|FLASH,60,265f3d840e384400,pokecrystal/data/pokemon/base_stats/tangela.asm
115,kangaskhan,KANGASKHAN,1,105,95,80,90,40,80,NORMAL,NORMAL,0,0,45,175,NO_ITEM,NO_ITEM,0,0,GENDER_F100,254,20,70,BASE_HAPPINESS,GROWTH_MEDIUM_FAST,0,EGG_MONSTER,EGG_MONSTER,1,1,DYNAMICPUNCH|HEADBUTT|CURSE|ROAR|TOXIC|ZAP_CANNON|ROCK_SMASH|HIDDEN_POWER|SUNNY_DAY|SNORE|BLIZZARD|HYPER_BEAM|ICY_WIND|PROTECT|RAIN_DANCE|ENDURE|FRUSTRATION|IRON_TAIL|THUNDER|EARTHQUAKE|RETURN|SHADOW_BALL|MUD_SLAP|DOUBLE_TEAM|ICE_PUNCH|SWAGGER|SLEEP_TALK|SANDSTORM|FIRE_BLAST|THUNDERPUNCH|REST|ATTRACT|FIRE_PUNCH|FURY_CUTTER|SURF|STRENGTH|FLAMETHROWER|THUNDERBOLT|ICE_BEAM,60,f7f65be73799310e,pokecrystal/data/pokemon/base_stats/kangaskhan.asm
116,horsea,HORSEA,1,30,40,70,60,70,25,WATER,WATER,10,10,225,83,NO_ITEM,DRAGON_SCALE,0,151,GENDER_F50,127,20,70,BASE_HAPPINESS,GROWTH_MEDIUM_FAST,0,EGG_WATER_1,EGG_DRAGON,2,14,HEADBUTT|CURSE|TOXIC|HIDDEN_POWER|SNORE|BLIZZARD|ICY_WIND|PROTECT|RAIN_DANCE|ENDURE|FRUSTRATION|DRAGONBREATH|RETURN|DOUBLE_TEAM|SWAGGER|SLEEP_TALK|SWIFT|REST|ATTRACT|SURF|WHIRLPOOL|WATERFALL|ICE_BEAM,60,26b29b8446189009,pokecrystal/data/pokemon/base_stats/horsea.asm
117,seadra,SEADRA,1,55,65,95,85,95,45,WATER,WATER,10,10,75,155,NO_ITEM,DRAGON_SCALE,0,151,GENDER_F50,127,20,70,BASE_HAPPINESS,GROWTH_MEDIUM_FAST,0,EGG_WATER_1,EGG_DRAGON,2,14,HEADBUTT|CURSE|TOXIC|HIDDEN_POWER|SNORE|BLIZZARD|HYPER_BEAM|ICY_WIND|PROTECT|RAIN_DANCE|ENDURE|FRUSTRATION|DRAGONBREATH|RETURN|DOUBLE_TEAM|SWAGGER|SLEEP_TALK|SWIFT|REST|ATTRACT|SURF|WHIRLPOOL|WATERFALL|ICE_BEAM,60,26f29b8446189009,pokecrystal/data/pokemon/base_stats/seadra.asm
118,goldeen,GOLDEEN,1,45,67,60,63,35,50,WATER,WATER,10,10,225,111,NO_ITEM,NO_ITEM,0,0,GENDER_F50,127,20,70,BASE_HAPPINESS,GROWTH_MEDIUM_FAST,0,EGG_WATER_2,EGG_WATER_2,12,12,CURSE|TOXIC|HIDDEN_POWER|SNORE|BLIZZARD|ICY_WIND|PROTECT|RAIN_DANCE|ENDURE|FRUSTRATION|RETURN|DOUBLE_TEAM|SWAGGER|SLEEP_TALK|SWIFT|REST|ATTRACT|SURF|WATERFALL|ICE_BEAM,60,24b21b8446181009,pokecrystal/data/pokemon/base_stats/goldeen.asm
119,seaking,SEAKING,1,80,92,65,68,65,80,WATER,WATER,10,10,60,170,NO_ITEM,NO_ITEM,0,0,GENDER_F50,127,20,70,BASE_HAPPINESS,GROWTH_MEDIUM_FAST,0,EGG_WATER_2,EGG_WATER_2,12,12,CURSE|TOXIC|HIDDEN_POWER|SNORE|BLIZZARD|HYPER_BEAM|ICY_WIND|PROTECT|RAIN_DANCE|ENDURE|FRUSTRATION|RETURN|DOUBLE_TEAM|SWAGGER|SLEEP_TALK|SWIFT|REST|ATTRACT|SURF|WATERFALL|ICE_BEAM,60,24f21b8446181009,pokecrystal/data/pokemon/base_stats/seaking.asm
120,staryu,STARYU,1,30,45,55,85,70,55,WATER,WATER,10,10,225,106,STARDUST,STAR_PIECE,131,132,GENDER_UNKNOWN,255,20,70,BASE_HAPPINESS,GROWTH_SLOW,5,EGG_WATER_3,EGG_WATER_3,9,9,CURSE|TOXIC|ZAP_CANNON|PSYCH_UP|HIDDEN_POWER|SNORE|BLIZZARD|ICY_WIND|PROTECT|RAIN_DANCE|ENDURE|FRUSTRATION|THUNDER|RETURN|PSYCHIC_M|DOUBLE_TEAM|SWAGGER|SLEEP_TALK|SWIFT|REST|ATTRACT|SURF|FLASH|WHIRLPOOL|WATERFALL|THUNDERBOLT|ICE_BEAM,60,64b31b954618d00d,pokecrystal/data/pokemon/base_stats/staryu.asm
121,starmie,STARMIE,1,60,75,85,115,100,85,WATER,PSYCHIC_TYPE,10,13,60,207,STARDUST,STAR_PIECE,131,132,GENDER_UNKNOWN,255,20,70,BASE_HAPPINESS,GROWTH_SLOW,5,EGG_WATER_3,EGG_WATER_3,9,9,CURSE|TOXIC|ZAP_CANNON|PSYCH_UP|HIDDEN_POWER|SNORE|BLIZZARD|HYPER_BEAM|ICY_WIND|PROTECT|RAIN_DANCE|ENDURE|FRUSTRATION|THUNDER|RETURN|PSYCHIC_M|DOUBLE_TEAM|SWAGGER|SLEEP_TALK|SWIFT|DREAM_EATER|REST|ATTRACT|NIGHTMARE|SURF|FLASH|WHIRLPOOL|WATERFALL|THUNDERBOLT|ICE_BEAM,60,64f31b95461ad20d,pokecrystal/data/pokemon/base_stats/starmie.asm
122,mr__mime,MR__MIME,1,40,45,65,90,100,120,PSYCHIC_TYPE,PSYCHIC_TYPE,13,13,45,136,NO_ITEM,MYSTERYBERRY,0,150,GENDER_F50,127,25,70,BASE_HAPPINESS,GROWTH_MEDIUM_FAST,0,EGG_HUMANSHAPE,EGG_HUMANSHAPE,8,8,DYNAMICPUNCH|HEADBUTT|CURSE|TOXIC|ZAP_CANNON|PSYCH_UP|HIDDEN_POWER|SUNNY_DAY|SNORE|HYPER_BEAM|PROTECT|ENDURE|FRUSTRATION|SOLARBEAM|THUNDER|RETURN|PSYCHIC_M|SHADOW_BALL|MUD_SLAP|DOUBLE_TEAM|ICE_PUNCH|SWAGGER|SLEEP_TALK|THUNDERPUNCH|DREAM_EATER|REST|ATTRACT|THIEF|FIRE_PUNCH|NIGHTMARE|FLASH|THUNDERBOLT,60,675739f507bb4204,pokecrystal/data/pokemon/base_stats/mr__mime.asm
123,scyther,SCYTHER,1,70,110,80,105,55,80,BUG,FLYING,6,2,45,187,NO_ITEM,NO_ITEM,0,0,GENDER_F50,127,25,70,BASE_HAPPINESS,GROWTH_MEDIUM_FAST,0,EGG_BUG,EGG_BUG,3,3,HEADBUTT|CURSE|TOXIC|ROCK_SMASH|HIDDEN_POWER|SUNNY_DAY|SNORE|HYPER_BEAM|PROTECT|ENDURE|FRUSTRATION|RETURN|DOUBLE_TEAM|SWAGGER|SLEEP_TALK|SWIFT|DETECT|REST|ATTRACT|THIEF|STEEL_WING|FURY_CUTTER|CUT,60,a6561984467c0500,pokecrystal/data/pokemon/base_stats/scyther.asm
124,jynx,JYNX,1,65,50,35,95,115,95,ICE,PSYCHIC_TYPE,14,13,45,137,ICE_BERRY,ICE_BERRY,80,80,GENDER_F100,254,25,70,BASE_HAPPINESS,GROWTH_MEDIUM_FAST,0,EGG_HUMANSHAPE,EGG_HUMANSHAPE,8,8,DYNAMICPUNCH|HEADBUTT|CURSE|TOXIC|PSYCH_UP|HIDDEN_POWER|SWEET_SCENT|SNORE|BLIZZARD|HYPER_BEAM|ICY_WIND|PROTECT|RAIN_DANCE|ENDURE|FRUSTRATION|RETURN|PSYCHIC_M|SHADOW_BALL|MUD_SLAP|DOUBLE_TEAM|ICE_PUNCH|SWAGGER|SLEEP_TALK|DREAM_EATER|REST|ATTRACT|THIEF|NIGHTMARE|ICE_BEAM,60,27fb1bf4073a0208,pokecrystal/data/pokemon/base_stats/jynx.asm
125,electabuzz,ELECTABUZZ,1,65,83,57,105,95,85,ELECTRIC,ELECTRIC,12,12,45,156,NO_ITEM,NO_ITEM,0,0,GENDER_F25,63,25,70,BASE_HAPPINESS,GROWTH_MEDIUM_FAST,0,EGG_HUMANSHAPE,EGG_HUMANSHAPE,8,8,DYNAMICPUNCH|HEADBUTT|CURSE|TOXIC|ZAP_CANNON|ROCK_SMASH|HIDDEN_POWER|SNORE|HYPER_BEAM|PROTECT|RAIN_DANCE|ENDURE|FRUSTRATION|IRON_TAIL|THUNDER|RETURN|PSYCHIC_M|MUD_SLAP|DOUBLE_TEAM|ICE_PUNCH|SWAGGER|SLEEP_TALK|SWIFT|THUNDERPUNCH|DETECT|REST|ATTRACT|THIEF|FIRE_PUNCH|STRENGTH|FLASH|THUNDERBOLT,60,e7525bd547bd6004,pokecrystal/data/pokemon/base_stats/electabuzz.asm
126,magmar,MAGMAR,1,65,95,57,93,100,85,FIRE,FIRE,9,9,45,167,BURNT_BERRY,BURNT_BERRY,79,79,GENDER_F25,63,25,70,BASE_HAPPINESS,GROWTH_MEDIUM_FAST,0,EGG_HUMANSHAPE,EGG_HUMANSHAPE,8,8,DYNAMICPUNCH|HEADBUTT|CURSE|TOXIC|ROCK_SMASH|HIDDEN_POWER|SUNNY_DAY|SNORE|HYPER_BEAM|PROTECT|ENDURE|FRUSTRATION|IRON_TAIL|RETURN|PSYCHIC_M|MUD_SLAP|DOUBLE_TEAM|SWAGGER|SLEEP_TALK|FIRE_BLAST|THUNDERPUNCH|DETECT|REST|ATTRACT|THIEF|FIRE_PUNCH|STRENGTH|FLAMETHROWER,60,a75659d426bd2002,pokecrystal/data/pokemon/base_stats/magmar.asm
127,pinsir,PINSIR,1,65,125,100,85,55,70,BUG,BUG,6,6,45,200,NO_ITEM,NO_ITEM,0,0,GENDER_F50,127,25,70,BASE_HAPPINESS,GROWTH_SLOW,5,EGG_BUG,EGG_BUG,3,3,HEADBUTT|CURSE|TOXIC|ROCK_SMASH|HIDDEN_POWER|SUNNY_DAY|SNORE|HYPER_BEAM|PROTECT|ENDURE|FRUSTRATION|RETURN|DOUBLE_TEAM|SWAGGER|SLEEP_TALK|REST|ATTRACT|THIEF|FURY_CUTTER|CUT|STRENGTH,60,a656198406382500,pokecrystal/data/pokemon/base_stats/pinsir.asm
128,tauros,TAUROS,1,75,100,95,110,40,70,NORMAL,NORMAL,0,0,45,211,NO_ITEM,NO_ITEM,0,0,GENDER_F0,0,20,70,BASE_HAPPINESS,GROWTH_SLOW,5,EGG_GROUND,EGG_GROUND,5,5,HEADBUTT|CURSE|TOXIC|ZAP_CANNON|ROCK_SMASH|HIDDEN_POWER|SUNNY_DAY|SNORE|BLIZZARD|HYPER_BEAM|ICY_WIND|PROTECT|ENDURE|FRUSTRATION|IRON_TAIL|THUNDER|EARTHQUAKE|RETURN|DOUBLE_TEAM|SWAGGER|SLEEP_TALK|FIRE_BLAST|REST|ATTRACT|SURF|STRENGTH|FLAMETHROWER|THUNDERBOLT|ICE_BEAM,60,e6f659872618300e,pokecrystal/data/pokemon/base_stats/tauros.asm
129,magikarp,MAGIKARP,1,20,10,55,80,15,20,WATER,WATER,10,10,255,20,NO_ITEM,NO_ITEM,0,0,GENDER_F50,127,5,70,BASE_HAPPINESS,GROWTH_SLOW,5,EGG_WATER_2,EGG_DRAGON,12,14,,60,0000000000000000,pokecrystal/data/pokemon/base_stats/magikarp.asm
130,gyarados,GYARADOS,1,95,125,79,81,60,100,WATER,FLYING,10,2,45,214,NO_ITEM,NO_ITEM,0,0,GENDER_F50,127,5,70,BASE_HAPPINESS,GROWTH_SLOW,5,EGG_WATER_2,EGG_DRAGON,12,14,HEADBUTT|CURSE|ROAR|TOXIC|ZAP_CANNON|ROCK_SMASH|HIDDEN_POWER|SNORE|BLIZZARD|HYPER_BEAM|ICY_WIND|PROTECT|RAIN_DANCE|ENDURE|FRUSTRATION|DRAGONBREATH|THUNDER|RETURN|DOUBLE_TEAM|SWAGGER|SLEEP_TALK|SANDSTORM|FIRE_BLAST|REST|ATTRACT|SURF|STRENGTH|WHIRLPOOL|WATERFALL|FLAMETHROWER|THUNDERBOLT|ICE_BEAM,60,f6f29b853618b00f,pokecrystal/data/pokemon/base_stats/gyarados.asm
131,lapras,LAPRAS,1,130,85,80,60,85,95,WATER,ICE,10,14,45,219,NO_ITEM,NO_ITEM,0,0,GENDER_F50,127,40,70,BASE_HAPPINESS,GROWTH_SLOW,5,EGG_MONSTER,EGG_WATER_1,1,2,HEADBUTT|CURSE|TOXIC|ZAP_CANNON|ROCK_SMASH|HIDDEN_POWER|SNORE|BLIZZARD|HYPER_BEAM|ICY_WIND|PROTECT|RAIN_DANCE|ENDURE|FRUSTRATION|IRON_TAIL|DRAGONBREATH|THUNDER|RETURN|PSYCHIC_M|DOUBLE_TEAM|SWAGGER|SLEEP_TALK|DREAM_EATER|REST|ATTRACT|NIGHTMARE|SURF|STRENGTH|WHIRLPOOL|THUNDERBOLT|ICE_BEAM,60,e6f2db95061ab20c,pokecrystal/data/pokemon/base_stats/lapras.asm
132,ditto,DITTO,1,48,48,48,48,48,48,NORMAL,NORMAL,0,0,35,61,NO_ITEM,NO_ITEM,0,0,GENDER_UNKNOWN,255,20,70,BASE_HAPPINESS,GROWTH_MEDIUM_FAST,0,EGG_DITTO,EGG_DITTO,13,13,,60,0000000000000000,pokecrystal/data/pokemon/base_stats/ditto.asm
133,eevee,EEVEE,1,55,55,50,55,45,65,NORMAL,NORMAL,0,0,45,92,NO_ITEM,NO_ITEM,0,0,GENDER_F12_5,31,35,70,BASE_HAPPINESS,GROWTH_MEDIUM_FAST,0,EGG_GROUND,EGG_GROUND,5,5,HEADBUTT|CURSE|TOXIC|HIDDEN_POWER|SUNNY_DAY|SNORE|PROTECT|RAIN_DANCE|ENDURE|FRUSTRATION|IRON_TAIL|RETURN|SHADOW_BALL|MUD_SLAP|DOUBLE_TEAM|SWAGGER|SLEEP_TALK|SWIFT|DETECT|REST|ATTRACT,60,26165be4461c0000,pokecrystal/data/pokemon/base_stats/eevee.asm
134,vaporeon,VAPOREON,1,130,65,60,65,110,95,WATER,WATER,10,10,45,196,NO_ITEM,NO_ITEM,0,0,GENDER_F12_5,31,35,70,BASE_HAPPINESS,GROWTH_MEDIUM_FAST,0,EGG_GROUND,EGG_GROUND,5,5,HEADBUTT|CURSE|ROAR|TOXIC|HIDDEN_POWER|SUNNY_DAY|SNORE|BLIZZARD|HYPER_BEAM|ICY_WIND|PROTECT|RAIN_DANCE|ENDURE|FRUSTRATION|IRON_TAIL|RETURN|SHADOW_BALL|MUD_SLAP|DOUBLE_TEAM|SWAGGER|SLEEP_TALK|SWIFT|DETECT|REST|ATTRACT|SURF|WHIRLPOOL|WATERFALL|ICE_BEAM,60,36f65be4461c9009,pokecrystal/data/pokemon/base_stats/vaporeon.asm
135,jolteon,JOLTEON,1,65,65,60,130,110,95,ELECTRIC,ELECTRIC,12,12,45,197,NO_ITEM,NO_ITEM,0,0,GENDER_F12_5,31,35,70,BASE_HAPPINESS,GROWTH_MEDIUM_FAST,0,EGG_GROUND,EGG_GROUND,5,5,HEADBUTT|CURSE|ROAR|TOXIC|ZAP_CANNON|HIDDEN_POWER|SUNNY_DAY|SNORE|HYPER_BEAM|PROTECT|RAIN_DANCE|ENDURE|FRUSTRATION|IRON_TAIL|THUNDER|RETURN|SHADOW_BALL|MUD_SLAP|DOUBLE_TEAM|SWAGGER|SLEEP_TALK|SWIFT|DETECT|REST|ATTRACT|FLASH|THUNDERBOLT,60,76565be5461c4004,pokecrystal/data/pokemon/base_stats/jolteon.asm
136,flareon,FLAREON,1,65,130,60,65,95,110,FIRE,FIRE,9,9,45,198,NO_ITEM,NO_ITEM,0,0,GENDER_F12_5,31,35,70,BASE_HAPPINESS,GROWTH_MEDIUM_FAST,0,EGG_GROUND,EGG_GROUND,5,5,HEADBUTT|CURSE|ROAR|TOXIC|ZAP_CANNON|HIDDEN_POWER|SUNNY_DAY|SNORE|HYPER_BEAM|PROTECT|RAIN_DANCE|ENDURE|FRUSTRATION|IRON_TAIL|RETURN|SHADOW_BALL|MUD_SLAP|DOUBLE_TEAM|SWAGGER|SLEEP_TALK|FIRE_BLAST|SWIFT|DETECT|REST|ATTRACT|FLAMETHROWER,60,76565be4661c0002,pokecrystal/data/pokemon/base_stats/flareon.asm
137,porygon,PORYGON,1,65,60,70,40,85,75,NORMAL,NORMAL,0,0,45,130,NO_ITEM,NO_ITEM,0,0,GENDER_UNKNOWN,255,20,70,BASE_HAPPINESS,GROWTH_MEDIUM_FAST,0,EGG_MINERAL,EGG_MINERAL,10,10,CURSE|TOXIC|ZAP_CANNON|PSYCH_UP|HIDDEN_POWER|SUNNY_DAY|SNORE|BLIZZARD|HYPER_BEAM|ICY_WIND|PROTECT|RAIN_DANCE|ENDURE|FRUSTRATION|IRON_TAIL|THUNDER|RETURN|PSYCHIC_M|DOUBLE_TEAM|SWAGGER|SLEEP_TALK|SWIFT|DREAM_EATER|REST|THIEF|NIGHTMARE|FLASH|THUNDERBOLT|ICE_BEAM,60,64f75b95462a420c,pokecrystal/data/pokemon/base_stats/porygon.asm
138,omanyte,OMANYTE,1,35,40,100,35,90,55,ROCK,WATER,5,10,45,120,NO_ITEM,NO_ITEM,0,0,GENDER_F12_5,31,30,70,BASE_HAPPINESS,GROWTH_MEDIUM_FAST,0,EGG_WATER_1,EGG_WATER_3,2,9,HEADBUTT|CURSE|ROLLOUT|TOXIC|ROCK_SMASH|HIDDEN_POWER|SNORE|BLIZZARD|ICY_WIND|PROTECT|RAIN_DANCE|ENDURE|FRUSTRATION|RETURN|DOUBLE_TEAM|SWAGGER|SLEEP_TALK|SANDSTORM|REST|ATTRACT|THIEF|SURF|WHIRLPOOL|ICE_BEAM,60,aeb21b8416389008,pokecrystal/data/pokemon/base_stats/omanyte.asm
139,omastar,OMASTAR,1,70,60,125,55,115,70,ROCK,WATER,5,10,45,199,NO_ITEM,NO_ITEM,0,0,GENDER_F12_5,31,30,70,BASE_HAPPINESS,GROWTH_MEDIUM_FAST,0,EGG_WATER_1,EGG_WATER_3,2,9,HEADBUTT|CURSE|ROLLOUT|TOXIC|ROCK_SMASH|HIDDEN_POWER|SNORE|BLIZZARD|HYPER_BEAM|ICY_WIND|PROTECT|RAIN_DANCE|ENDURE|FRUSTRATION|RETURN|DOUBLE_TEAM|SWAGGER|SLEEP_TALK|SANDSTORM|REST|ATTRACT|THIEF|SURF|WHIRLPOOL|ICE_BEAM,60,aef21b8416389008,pokecrystal/data/pokemon/base_stats/omastar.asm
140,kabuto,KABUTO,1,30,80,90,55,55,45,ROCK,WATER,5,10,45,119,NO_ITEM,NO_ITEM,0,0,GENDER_F12_5,31,30,70,BASE_HAPPINESS,GROWTH_MEDIUM_FAST,0,EGG_WATER_1,EGG_WATER_3,2,9,CURSE|ROLLOUT|TOXIC|ROCK_SMASH|HIDDEN_POWER|SNORE|BLIZZARD|ICY_WIND|PROTECT|RAIN_DANCE|GIGA_DRAIN|ENDURE|FRUSTRATION|RETURN|DOUBLE_TEAM|SWAGGER|SLEEP_TALK|SANDSTORM|REST|ATTRACT|THIEF|ICE_BEAM,60,acb21f8416380008,pokecrystal/data/pokemon/base_stats/kabuto.asm
141,kabutops,KABUTOPS,1,60,115,105,80,65,70,ROCK,WATER,5,10,45,201,NO_ITEM,NO_ITEM,0,0,GENDER_F12_5,31,30,70,BASE_HAPPINESS,GROWTH_MEDIUM_FAST,0,EGG_WATER_1,EGG_WATER_3,2,9,HEADBUTT|CURSE|ROLLOUT|TOXIC|ROCK_SMASH|HIDDEN_POWER|SNORE|BLIZZARD|HYPER_BEAM|ICY_WIND|PROTECT|RAIN_DANCE|GIGA_DRAIN|ENDURE|FRUSTRATION|RETURN|DOUBLE_TEAM|SWAGGER|SLEEP_TALK|SANDSTORM|REST|ATTRACT|THIEF|FURY_CUTTER|CUT|SURF|WHIRLPOOL|ICE_BEAM,60,aef21f8416389508,pokecrystal/data/pokemon/base_stats/kabutops.asm
142,aerodactyl,AERODACTYL,1,80,105,65,130,60,75,ROCK,FLYING,5,2,45,202,NO_ITEM,NO_ITEM,0,0,GENDER_F12_5,31,35,70,BASE_HAPPINESS,GROWTH_SLOW,5,EGG_FLYING,EGG_FLYING,4,4,HEADBUTT|CURSE|ROAR|TOXIC|ROCK_SMASH|HIDDEN_POWER|SNORE|HYPER_BEAM|PROTECT|RAIN_DANCE|ENDURE|FRUSTRATION|IRON_TAIL|DRAGONBREATH|EARTHQUAKE|RETURN|DOUBLE_TEAM|SWAGGER|SLEEP_TALK|SANDSTORM|FIRE_BLAST|SWIFT|DETECT|REST|ATTRACT|STEEL_WING|FLY|FLAMETHROWER,60,b652db86765c0802,pokecrystal/data/pokemon/base_stats/aerodactyl.asm
143,snorlax,SNORLAX,1,160,110,65,30,65,110,NORMAL,NORMAL,0,0,25,154,LEFTOVERS,LEFTOVERS,146,146,GENDER_F12_5,31,40,70,BASE_HAPPINESS,GROWTH_SLOW,5,EGG_MONSTER,EGG_MONSTER,1,1,DYNAMICPUNCH|HEADBUTT|CURSE|ROLLOUT|TOXIC|ZAP_CANNON|ROCK_SMASH|PSYCH_UP|HIDDEN_POWER|SUNNY_DAY|SNORE|BLIZZARD|HYPER_BEAM|ICY_WIND|PROTECT|RAIN_DANCE|ENDURE|FRUSTRATION|SOLARBEAM|THUNDER|EARTHQUAKE|RETURN|PSYCHIC_M|SHADOW_BALL|MUD_SLAP|DOUBLE_TEAM|ICE_PUNCH|SWAGGER|SLEEP_TALK|SANDSTORM|FIRE_BLAST|DEFENSE_CURL|THUNDERPUNCH|REST|ATTRACT|FIRE_PUNCH|SURF|STRENGTH|FLAMETHROWER|THUNDERBOLT|ICE_BEAM,60,eff73bf7b799300e,pokecrystal/data/pokemon/base_stats/snorlax.asm
144,articuno,ARTICUNO,1,90,85,100,85,95,125,ICE,FLYING,14,2,3,215,NO_ITEM,NO_ITEM,0,0,GENDER_UNKNOWN,255,80,70,BASE_HAPPINESS,GROWTH_SLOW,5,EGG_NONE,EGG_NONE,15,15,CURSE|ROAR|TOXIC|ROCK_SMASH|HIDDEN_POWER|SUNNY_DAY|SNORE|BLIZZARD|HYPER_BEAM|ICY_WIND|PROTECT|RAIN_DANCE|ENDURE|FRUSTRATION|RETURN|MUD_SLAP|DOUBLE_TEAM|SWAGGER|SLEEP_TALK|SANDSTORM|SWIFT|DETECT|REST|STEEL_WING|FLY|ICE_BEAM,60,b4f61bc4564c0808,pokecrystal/data/pokemon/base_stats/articuno.asm
145,zapdos,ZAPDOS,1,90,90,85,100,125,90,ELECTRIC,FLYING,12,2,3,216,NO_ITEM,NO_ITEM,0,0,GENDER_UNKNOWN,255,80,70,BASE_HAPPINESS,GROWTH_SLOW,5,EGG_NONE,EGG_NONE,15,15,CURSE|ROAR|TOXIC|ZAP_CANNON|ROCK_SMASH|HIDDEN_POWER|SUNNY_DAY|SNORE|HYPER_BEAM|PROTECT|RAIN_DANCE|ENDURE|FRUSTRATION|THUNDER|RETURN|MUD_SLAP|DOUBLE_TEAM|SWAGGER|SLEEP_TALK|SANDSTORM|SWIFT|DETECT|REST|STEEL_WING|FLY|FLASH|THUNDERBOLT,60,f4561bc5564c4804,pokecrystal/data/pokemon/base_stats/zapdos.asm
146,moltres,MOLTRES,1,90,100,90,90,125,85,FIRE,FLYING,9,2,3,217,NO_ITEM,NO_ITEM,0,0,GENDER_UNKNOWN,255,80,70,BASE_HAPPINESS,GROWTH_SLOW,5,EGG_NONE,EGG_NONE,15,15,CURSE|ROAR|TOXIC|ROCK_SMASH|HIDDEN_POWER|SUNNY_DAY|SNORE|HYPER_BEAM|PROTECT|RAIN_DANCE|ENDURE|FRUSTRATION|RETURN|MUD_SLAP|DOUBLE_TEAM|SWAGGER|SLEEP_TALK|SANDSTORM|FIRE_BLAST|SWIFT|DETECT|REST|STEEL_WING|FLY|FLAMETHROWER,60,b4561bc4764c0802,pokecrystal/data/pokemon/base_stats/moltres.asm
147,dratini,DRATINI,1,41,64,45,50,50,50,DRAGON,DRAGON,15,15,45,67,NO_ITEM,DRAGON_SCALE,0,151,GENDER_F50,127,40,70,BASE_HAPPINESS,GROWTH_SLOW,5,EGG_WATER_1,EGG_DRAGON,2,14,HEADBUTT|CURSE|TOXIC|ZAP_CANNON|HIDDEN_POWER|SNORE|BLIZZARD|ICY_WIND|PROTECT|RAIN_DANCE|ENDURE|FRUSTRATION|IRON_TAIL|DRAGONBREATH|THUNDER|RETURN|DOUBLE_TEAM|SWAGGER|SLEEP_TALK|FIRE_BLAST|SWIFT|DETECT|REST|ATTRACT|SURF|WATERFALL|FLAMETHROWER|THUNDERBOLT|ICE_BEAM,60,66b2db85661c100f,pokecrystal/data/pokemon/base_stats/dratini.asm
148,dragonair,DRAGONAIR,1,61,84,65,70,70,70,DRAGON,DRAGON,15,15,45,144,NO_ITEM,DRAGON_SCALE,0,151,GENDER_F50,127,40,70,BASE_HAPPINESS,GROWTH_SLOW,5,EGG_WATER_1,EGG_DRAGON,2,14,HEADBUTT|CURSE|TOXIC|ZAP_CANNON|HIDDEN_POWER|SNORE|BLIZZARD|ICY_WIND|PROTECT|RAIN_DANCE|ENDURE|FRUSTRATION|IRON_TAIL|DRAGONBREATH|THUNDER|RETURN|DOUBLE_TEAM|SWAGGER|SLEEP_TALK|FIRE_BLAST|SWIFT|DETECT|REST|ATTRACT|SURF|WATERFALL|FLAMETHROWER|THUNDERBOLT|ICE_BEAM,60,66b2db85661c100f,pokecrystal/data/pokemon/base_stats/dragonair.asm
149,dragonite,DRAGONITE,1,91,134,95,80,100,100,DRAGON,FLYING,15,2,45,218,NO_ITEM,DRAGON_SCALE,0,151,GENDER_F50,127,40,70,BASE_HAPPINESS,GROWTH_SLOW,5,EGG_WATER_1,EGG_DRAGON,2,14,DYNAMICPUNCH|HEADBUTT|CURSE|TOXIC|ZAP_CANNON|ROCK_SMASH|HIDDEN_POWER|SNORE|BLIZZARD|HYPER_BEAM|ICY_WIND|PROTECT|RAIN_DANCE|ENDURE|FRUSTRATION|IRON_TAIL|DRAGONBREATH|THUNDER|RETURN|MUD_SLAP|DOUBLE_TEAM|ICE_PUNCH|SWAGGER|SLEEP_TALK|SANDSTORM|FIRE_BLAST|SWIFT|THUNDERPUNCH|DETECT|REST|ATTRACT|STEEL_WING|FIRE_PUNCH|FURY_CUTTER|FLY|SURF|STRENGTH|WHIRLPOOL|WATERFALL|FLAMETHROWER|THUNDERBOLT|ICE_BEAM,60,e7f2dbc577ddb90f,pokecrystal/data/pokemon/base_stats/dragonite.asm
150,mewtwo,MEWTWO,1,106,110,90,130,154,90,PSYCHIC_TYPE,PSYCHIC_TYPE,13,13,3,220,NO_ITEM,BERSERK_GENE,0,152,GENDER_UNKNOWN,255,120,70,BASE_HAPPINESS,GROWTH_SLOW,5,EGG_NONE,EGG_NONE,15,15,DYNAMICPUNCH|HEADBUTT|CURSE|TOXIC|ZAP_CANNON|ROCK_SMASH|PSYCH_UP|HIDDEN_POWER|SUNNY_DAY|SNORE|BLIZZARD|HYPER_BEAM|ICY_WIND|PROTECT|RAIN_DANCE|ENDURE|FRUSTRATION|SOLARBEAM|IRON_TAIL|THUNDER|RETURN|PSYCHIC_M|SHADOW_BALL|MUD_SLAP|DOUBLE_TEAM|ICE_PUNCH|SWAGGER|SLEEP_TALK|FIRE_BLAST|SWIFT|THUNDERPUNCH|DREAM_EATER|DETECT|REST|FIRE_PUNCH|NIGHTMARE|STRENGTH|FLASH|FLAMETHROWER|THUNDERBOLT|ICE_BEAM,60,e7f77bf5678f620e,pokecrystal/data/pokemon/base_stats/mewtwo.asm
151,mew,MEW,1,100,100,100,100,100,100,PSYCHIC_TYPE,PSYCHIC_TYPE,13,13,45,64,NO_ITEM,MIRACLEBERRY,0,109,GENDER_UNKNOWN,255,120,70,BASE_HAPPINESS,GROWTH_MEDIUM_SLOW,3,EGG_NONE,EGG_NONE,15,15,DYNAMICPUNCH|HEADBUTT|CURSE|ROLLOUT|ROAR|TOXIC|ZAP_CANNON|ROCK_SMASH|PSYCH_UP|HIDDEN_POWER|SUNNY_DAY|SWEET_SCENT|SNORE|BLIZZARD|HYPER_BEAM|ICY_WIND|PROTECT|RAIN_DANCE|GIGA_DRAIN|ENDURE|FRUSTRATION|SOLARBEAM|IRON_TAIL|DRAGONBREATH|THUNDER|EARTHQUAKE|RETURN|DIG|PSYCHIC_M|SHADOW_BALL|MUD_SLAP|DOUBLE_TEAM|ICE_PUNCH|SWAGGER|SLEEP_TALK|SLUDGE_BOMB|SANDSTORM|FIRE_BLAST|SWIFT|DEFENSE_CURL|THUNDERPUNCH|DREAM_EATER|DETECT|REST|ATTRACT|THIEF|STEEL_WING|FIRE_PUNCH|FURY_CUTTER|NIGHTMARE|CUT|FLY|SURF|STRENGTH|FLASH|WHIRLPOOL|WATERFALL|FLAMETHROWER|THUNDERBOLT|ICE_BEAM,60,ffffffffffffff0f,pokecrystal/data/pokemon/base_stats/mew.asm
152,chikorita,CHIKORITA,2,45,49,65,45,49,65,GRASS,GRASS,11,11,45,64,NO_ITEM,NO_ITEM,0,0,GENDER_F12_5,31,20,70,BASE_HAPPINESS,GROWTH_MEDIUM_SLOW,3,EGG_MONSTER,EGG_PLANT,1,7,HEADBUTT|CURSE|TOXIC|HIDDEN_POWER|SUNNY_DAY|SWEET_SCENT|SNORE|PROTECT|GIGA_DRAIN|ENDURE|FRUSTRATION|SOLARBEAM|IRON_TAIL|RETURN|MUD_SLAP|DOUBLE_TEAM|SWAGGER|SLEEP_TALK|DETECT|REST|ATTRACT|CUT|FLASH,60,261e7dc4061c4400,pokecrystal/data/pokemon/base_stats/chikorita.asm
153,bayleef,BAYLEEF,2,60,62,80,60,63,80,GRASS,GRASS,11,11,45,141,NO_ITEM,NO_ITEM,0,0,GENDER_F12_5,31,20,70,BASE_HAPPINESS,GROWTH_MEDIUM_SLOW,3,EGG_MONSTER,EGG_PLANT,1,7,HEADBUTT|CURSE|TOXIC|ROCK_SMASH|HIDDEN_POWER|SUNNY_DAY|SWEET_SCENT|SNORE|PROTECT|GIGA_DRAIN|ENDURE|FRUSTRATION|SOLARBEAM|IRON_TAIL|RETURN|MUD_SLAP|DOUBLE_TEAM|SWAGGER|SLEEP_TALK|DETECT|REST|ATTRACT|FURY_CUTTER|CUT|STRENGTH|FLASH,60,a61e7dc4061c6500,pokecrystal/data/pokemon/base_stats/bayleef.asm
154,meganium,MEGANIUM,2,80,82,100,80,83,100,GRASS,GRASS,11,11,45,208,NO_ITEM,NO_ITEM,0,0,GENDER_F12_5,31,20,70,BASE_HAPPINESS,GROWTH_MEDIUM_SLOW,3,EGG_MONSTER,EGG_PLANT,1,7,HEADBUTT|CURSE|TOXIC|ROCK_SMASH|HIDDEN_POWER|SUNNY_DAY|SWEET_SCENT|SNORE|HYPER_BEAM|PROTECT|GIGA_DRAIN|ENDURE|FRUSTRATION|SOLARBEAM|IRON_TAIL|EARTHQUAKE|RETURN|MUD_SLAP|DOUBLE_TEAM|SWAGGER|SLEEP_TALK|DETECT|REST|ATTRACT|FURY_CUTTER|CUT|STRENGTH|FLASH,60,a65e7dc6061c6500,pokecrystal/data/pokemon/base_stats/meganium.asm
155,cyndaquil,CYNDAQUIL,2,39,52,43,65,60,50,FIRE,FIRE,9,9,45,65,NO_ITEM,NO_ITEM,0,0,GENDER_F12_5,31,20,70,BASE_HAPPINESS,GROWTH_MEDIUM_SLOW,3,EGG_GROUND,EGG_GROUND,5,5,HEADBUTT|CURSE|ROLLOUT|TOXIC|HIDDEN_POWER|SUNNY_DAY|SNORE|PROTECT|ENDURE|FRUSTRATION|IRON_TAIL|RETURN|DIG|MUD_SLAP|DOUBLE_TEAM|SWAGGER|SLEEP_TALK|FIRE_BLAST|SWIFT|DEFENSE_CURL|DETECT|REST|ATTRACT|CUT|FLAMETHROWER,60,2e1659cce61c0402,pokecrystal/data/pokemon/base_stats/cyndaquil.asm
156,quilava,QUILAVA,2,58,64,58,80,80,65,FIRE,FIRE,9,9,45,142,NO_ITEM,NO_ITEM,0,0,GENDER_F12_5,31,20,70,BASE_HAPPINESS,GROWTH_MEDIUM_SLOW,3,EGG_GROUND,EGG_GROUND,5,5,HEADBUTT|CURSE|ROLLOUT|ROAR|TOXIC|ROCK_SMASH|HIDDEN_POWER|SUNNY_DAY|SNORE|PROTECT|ENDURE|FRUSTRATION|IRON_TAIL|RETURN|DIG|MUD_SLAP|DOUBLE_TEAM|SWAGGER|SLEEP_TALK|FIRE_BLAST|SWIFT|DEFENSE_CURL|DETECT|REST|ATTRACT|FURY_CUTTER|CUT|STRENGTH|FLAMETHROWER,60,be1659cce61c2502,pokecrystal/data/pokemon/base_stats/quilava.asm
157,typhlosion,TYPHLOSION,2,78,84,78,100,109,85,FIRE,FIRE,9,9,45,209,NO_ITEM,NO_ITEM,0,0,GENDER_F12_5,31,20,70,BASE_HAPPINESS,GROWTH_MEDIUM_SLOW,3,EGG_GROUND,EGG_GROUND,5,5,DYNAMICPUNCH|HEADBUTT|CURSE|ROLLOUT|ROAR|TOXIC|ROCK_SMASH|HIDDEN_POWER|SUNNY_DAY|SNORE|HYPER_BEAM|PROTECT|ENDURE|FRUSTRATION|IRON_TAIL|EARTHQUAKE|RETURN|DIG|MUD_SLAP|DOUBLE_TEAM|SWAGGER|SLEEP_TALK|FIRE_BLAST|SWIFT|DEFENSE_CURL|THUNDERPUNCH|DETECT|REST|ATTRACT|FIRE_PUNCH|FURY_CUTTER|CUT|STRENGTH|FLAMETHROWER,60,bf5659cee69d2502,pokecrystal/data/pokemon/base_stats/typhlosion.asm
158,totodile,TOTODILE,2,50,65,64,43,44,48,WATER,WATER,10,10,45,66,NO_ITEM,NO_ITEM,0,0,GENDER_F12_5,31,20,70,BASE_HAPPINESS,GROWTH_MEDIUM_SLOW,3,EGG_MONSTER,EGG_WATER_1,1,2,DYNAMICPUNCH|HEADBUTT|CURSE|TOXIC|HIDDEN_POWER|SNORE|BLIZZARD|ICY_WIND|PROTECT|RAIN_DANCE|ENDURE|FRUSTRATION|IRON_TAIL|RETURN|DIG|MUD_SLAP|DOUBLE_TEAM|ICE_PUNCH|SWAGGER|SLEEP_TALK|DETECT|REST|ATTRACT|CUT|SURF|WHIRLPOOL|ICE_BEAM,60,27b25bcc071c9408,pokecrystal/data/pokemon/base_stats/totodile.asm
159,croconaw,CROCONAW,2,65,80,80,58,59,63,WATER,WATER,10,10,45,143,NO_ITEM,NO_ITEM,0,0,GENDER_F12_5,31,20,70,BASE_HAPPINESS,GROWTH_MEDIUM_SLOW,3,EGG_MONSTER,EGG_WATER_1,1,2,DYNAMICPUNCH|HEADBUTT|CURSE|ROAR|TOXIC|ROCK_SMASH|HIDDEN_POWER|SNORE|BLIZZARD|ICY_WIND|PROTECT|RAIN_DANCE|ENDURE|FRUSTRATION|IRON_TAIL|RETURN|DIG|MUD_SLAP|DOUBLE_TEAM|ICE_PUNCH|SWAGGER|SLEEP_TALK|DETECT|REST|ATTRACT|FURY_CUTTER|CUT|SURF|STRENGTH|WHIRLPOOL|ICE_BEAM,60,b7b25bcc071cb508,pokecrystal/data/pokemon/base_stats/croconaw.asm
160,feraligatr,FERALIGATR,2,85,105,100,78,79,83,WATER,WATER,10,10,45,210,NO_ITEM,NO_ITEM,0,0,GENDER_F12_5,31,20,70,BASE_HAPPINESS,GROWTH_MEDIUM_SLOW,3,EGG_MONSTER,EGG_WATER_1,1,2,DYNAMICPUNCH|HEADBUTT|CURSE|ROAR|TOXIC|ROCK_SMASH|HIDDEN_POWER|SNORE|BLIZZARD|HYPER_BEAM|ICY_WIND|PROTECT|RAIN_DANCE|ENDURE|FRUSTRATION|IRON_TAIL|EARTHQUAKE|RETURN|DIG|MUD_SLAP|DOUBLE_TEAM|ICE_PUNCH|SWAGGER|SLEEP_TALK|DETECT|REST|ATTRACT|FURY_CUTTER|CUT|SURF|STRENGTH|WHIRLPOOL|ICE_BEAM,60,b7f25bce071cb508,pokecrystal/data/pokemon/base_stats/feraligatr.asm
161,sentret,SENTRET,2,35,46,34,20,35,45,NORMAL,NORMAL,0,0,255,57,NO_ITEM,BERRY,0,173,GENDER_F50,127,15,70,BASE_HAPPINESS,GROWTH_MEDIUM_FAST,0,EGG_GROUND,EGG_GROUND,5,5,DYNAMICPUNCH|HEADBUTT|CURSE|ROLLOUT|TOXIC|HIDDEN_POWER|SUNNY_DAY|SNORE|PROTECT|ENDURE|FRUSTRATION|IRON_TAIL|RETURN|DIG|SHADOW_BALL|MUD_SLAP|DOUBLE_TEAM|ICE_PUNCH|SWAGGER|SLEEP_TALK|SWIFT|DEFENSE_CURL|THUNDERPUNCH|DETECT|REST|ATTRACT|THIEF|FIRE_PUNCH|FURY_CUTTER|CUT|SURF,60,2f1659ecc7bd1500,pokecrystal/data/pokemon/base_stats/sentret.asm
162,furret,FURRET,2,85,76,64,90,45,55,NORMAL,NORMAL,0,0,90,116,BERRY,GOLD_BERRY,173,174,GENDER_F50,127,15,70,BASE_HAPPINESS,GROWTH_MEDIUM_FAST,0,EGG_GROUND,EGG_GROUND,5,5,DYNAMICPUNCH|HEADBUTT|CURSE|ROLLOUT|TOXIC|HIDDEN_POWER|SUNNY_DAY|SNORE|HYPER_BEAM|PROTECT|ENDURE|FRUSTRATION|IRON_TAIL|RETURN|DIG|SHADOW_BALL|MUD_SLAP|DOUBLE_TEAM|ICE_PUNCH|SWAGGER|SLEEP_TALK|SWIFT|DEFENSE_CURL|THUNDERPUNCH|DETECT|REST|ATTRACT|THIEF|FIRE_PUNCH|FURY_CUTTER|CUT|SURF|STRENGTH,60,2f5659ecc7bd3500,pokecrystal/data/pokemon/base_stats/furret.asm
163,hoothoot,HOOTHOOT,2,60,30,30,50,36,56,NORMAL,FLYING,0,2,255,58,NO_ITEM,NO_ITEM,0,0,GENDER_F50,127,15,70,BASE_HAPPINESS,GROWTH_MEDIUM_FAST,0,EGG_FLYING,EGG_FLYING,4,4,CURSE|TOXIC|HIDDEN_POWER|SUNNY_DAY|SNORE|PROTECT|ENDURE|FRUSTRATION|RETURN|MUD_SLAP|DOUBLE_TEAM|SWAGGER|SLEEP_TALK|SWIFT|DREAM_EATER|DETECT|REST|ATTRACT|THIEF|STEEL_WING|NIGHTMARE|FLY|FLASH,60,241619c4467e4a00,pokecrystal/data/pokemon/base_stats/hoothoot.asm
164,noctowl,NOCTOWL,2,100,50,50,70,76,96,NORMAL,FLYING,0,2,90,162,NO_ITEM,NO_ITEM,0,0,GENDER_F50,127,15,70,BASE_HAPPINESS,GROWTH_MEDIUM_FAST,0,EGG_FLYING,EGG_FLYING,4,4,CURSE|TOXIC|HIDDEN_POWER|SUNNY_DAY|SNORE|HYPER_BEAM|PROTECT|ENDURE|FRUSTRATION|RETURN|MUD_SLAP|DOUBLE_TEAM|SWAGGER|SLEEP_TALK|SWIFT|DREAM_EATER|DETECT|REST|ATTRACT|THIEF|STEEL_WING|NIGHTMARE|FLY|FLASH,60,245619c4467e4a00,pokecrystal/data/pokemon/base_stats/noctowl.asm
165,ledyba,LEDYBA,2,40,20,30,55,40,80,BUG,FLYING,6,2,255,54,NO_ITEM,NO_ITEM,0,0,GENDER_F50,127,15,70,BASE_HAPPINESS,GROWTH_FAST,4,EGG_BUG,EGG_BUG,3,3,DYNAMICPUNCH|HEADBUTT|CURSE|ROLLOUT|TOXIC|HIDDEN_POWER|SUNNY_DAY|SWEET_SCENT|SNORE|PROTECT|GIGA_DRAIN|ENDURE|FRUSTRATION|SOLARBEAM|RETURN|DIG|DOUBLE_TEAM|ICE_PUNCH|SWAGGER|SLEEP_TALK|SWIFT|THUNDERPUNCH|REST|ATTRACT|THIEF|FLASH,60,2f1e3d8c47394000,pokecrystal/data/pokemon/base_stats/ledyba.asm
166,ledian,LEDIAN,2,55,35,50,85,55,110,BUG,FLYING,6,2,90,134,NO_ITEM,NO_ITEM,0,0,GENDER_F50,127,15,70,BASE_HAPPINESS,GROWTH_FAST,4,EGG_BUG,EGG_BUG,3,3,DYNAMICPUNCH|HEADBUTT|CURSE|ROLLOUT|TOXIC|HIDDEN_POWER|SUNNY_DAY|SWEET_SCENT|SNORE|HYPER_BEAM|PROTECT|GIGA_DRAIN|ENDURE|FRUSTRATION|SOLARBEAM|RETURN|DIG|DOUBLE_TEAM|ICE_PUNCH|SWAGGER|SLEEP_TALK|SWIFT|THUNDERPUNCH|REST|ATTRACT|THIEF|FLASH,60,2f5e3d8c47394000,pokecrystal/data/pokemon/base_stats/ledian.asm
167,spinarak,SPINARAK,2,40,60,40,30,40,40,BUG,POISON,6,3,255,54,NO_ITEM,NO_ITEM,0,0,GENDER_F50,127,15,70,BASE_HAPPINESS,GROWTH_FAST,4,EGG_BUG,EGG_BUG,3,3,CURSE|TOXIC|HIDDEN_POWER|SUNNY_DAY|SNORE|PROTECT|GIGA_DRAIN|ENDURE|FRUSTRATION|SOLARBEAM|RETURN|DIG|PSYCHIC_M|DOUBLE_TEAM|SWAGGER|SLEEP_TALK|SLUDGE_BOMB|REST|ATTRACT|THIEF|FLASH,60,24163d9c0e384000,pokecrystal/data/pokemon/base_stats/spinarak.asm
168,ariados,ARIADOS,2,70,90,70,40,60,60,BUG,POISON,6,3,90,134,NO_ITEM,NO_ITEM,0,0,GENDER_F50,127,15,70,BASE_HAPPINESS,GROWTH_FAST,4,EGG_BUG,EGG_BUG,3,3,CURSE|TOXIC|HIDDEN_POWER|SUNNY_DAY|SNORE|HYPER_BEAM|PROTECT|GIGA_DRAIN|ENDURE|FRUSTRATION|SOLARBEAM|RETURN|DIG|PSYCHIC_M|DOUBLE_TEAM|SWAGGER|SLEEP_TALK|SLUDGE_BOMB|REST|ATTRACT|THIEF|FLASH,60,24563d9c0e384000,pokecrystal/data/pokemon/base_stats/ariados.asm
169,crobat,CROBAT,2,85,90,80,130,70,80,POISON,FLYING,3,2,90,204,NO_ITEM,NO_ITEM,0,0,GENDER_F50,127,15,70,BASE_HAPPINESS,GROWTH_MEDIUM_FAST,0,EGG_FLYING,EGG_FLYING,4,4,CURSE|TOXIC|HIDDEN_POWER|SUNNY_DAY|SNORE|HYPER_BEAM|PROTECT|GIGA_DRAIN|ENDURE|FRUSTRATION|RETURN|DOUBLE_TEAM|SWAGGER|SLEEP_TALK|SWIFT|DETECT|REST|ATTRACT|THIEF|STEEL_WING|FLY,60,24561d84467c0800,pokecrystal/data/pokemon/base_stats/crobat.asm
170,chinchou,CHINCHOU,2,75,38,38,67,56,56,WATER,ELECTRIC,10,12,190,90,NO_ITEM,NO_ITEM,0,0,GENDER_F50,127,20,70,BASE_HAPPINESS,GROWTH_SLOW,5,EGG_WATER_2,EGG_WATER_2,12,12,CURSE|TOXIC|ZAP_CANNON|HIDDEN_POWER|SNORE|PROTECT|RAIN_DANCE|ENDURE|FRUSTRATION|THUNDER|RETURN|DOUBLE_TEAM|SWAGGER|SLEEP_TALK|REST|ATTRACT|SURF|FLASH|WHIRLPOOL|WATERFALL|THUNDERBOLT|ICE_BEAM,60,64121b850618d00d,pokecrystal/data/pokemon/base_stats/chinchou.asm
171,lanturn,LANTURN,2,125,58,58,67,76,76,WATER,ELECTRIC,10,12,75,156,NO_ITEM,NO_ITEM,0,0,GENDER_F50,127,20,70,BASE_HAPPINESS,GROWTH_SLOW,5,EGG_WATER_2,EGG_WATER_2,12,12,CURSE|TOXIC|ZAP_CANNON|HIDDEN_POWER|SNORE|HYPER_BEAM|PROTECT|RAIN_DANCE|ENDURE|FRUSTRATION|THUNDER|RETURN|DOUBLE_TEAM|SWAGGER|SLEEP_TALK|REST|ATTRACT|SURF|FLASH|WHIRLPOOL|WATERFALL|THUNDERBOLT|ICE_BEAM,60,64521b850618d00d,pokecrystal/data/pokemon/base_stats/lanturn.asm
172,pichu,PICHU,2,20,40,15,60,35,35,ELECTRIC,ELECTRIC,12,12,190,42,NO_ITEM,BERRY,0,173,GENDER_F50,127,10,70,BASE_HAPPINESS,GROWTH_MEDIUM_FAST,0,EGG_NONE,EGG_NONE,15,15,HEADBUTT|CURSE|ROLLOUT|TOXIC|ZAP_CANNON|HIDDEN_POWER|SNORE|PROTECT|RAIN_DANCE|ENDURE|FRUSTRATION|IRON_TAIL|THUNDER|RETURN|MUD_SLAP|DOUBLE_TEAM|SWAGGER|SLEEP_TALK|SWIFT|DEFENSE_CURL|DETECT|REST|ATTRACT|FLASH|THUNDERBOLT,60,6e125bc5c61c4004,pokecrystal/data/pokemon/base_stats/pichu.asm
173,cleffa,CLEFFA,2,50,25,28,15,45,55,NORMAL,NORMAL,0,0,150,37,MYSTERYBERRY,MOON_STONE,150,8,GENDER_F75,191,10,70,BASE_HAPPINESS,GROWTH_FAST,4,EGG_NONE,EGG_NONE,15,15,HEADBUTT|CURSE|ROLLOUT|TOXIC|ZAP_CANNON|PSYCH_UP|HIDDEN_POWER|SUNNY_DAY|SNORE|ICY_WIND|PROTECT|RAIN_DANCE|ENDURE|FRUSTRATION|SOLARBEAM|IRON_TAIL|RETURN|PSYCHIC_M|SHADOW_BALL|MUD_SLAP|DOUBLE_TEAM|SWAGGER|SLEEP_TALK|FIRE_BLAST|DEFENSE_CURL|DREAM_EATER|DETECT|REST|ATTRACT|NIGHTMARE|FLASH|FLAMETHROWER,60,6e977bf4a61e4202,pokecrystal/data/pokemon/base_stats/cleffa.asm
174,igglybuff,IGGLYBUFF,2,90,30,15,15,40,20,NORMAL,NORMAL,0,0,170,39,NO_ITEM,NO_ITEM,0,0,GENDER_F75,191,10,70,BASE_HAPPINESS,GROWTH_FAST,4,EGG_NONE,EGG_NONE,15,15,HEADBUTT|CURSE|ROLLOUT|TOXIC|ZAP_CANNON|PSYCH_UP|HIDDEN_POWER|SUNNY_DAY|SNORE|ICY_WIND|PROTECT|RAIN_DANCE|ENDURE|FRUSTRATION|SOLARBEAM|RETURN|PSYCHIC_M|SHADOW_BALL|MUD_SLAP|DOUBLE_TEAM|SWAGGER|SLEEP_TALK|FIRE_BLAST|DEFENSE_CURL|DREAM_EATER|DETECT|REST|ATTRACT|NIGHTMARE|FLASH|FLAMETHROWER,60,6e973bf4a61e4202,pokecrystal/data/pokemon/base_stats/igglybuff.asm
175,togepi,TOGEPI,2,35,20,65,20,40,65,NORMAL,NORMAL,0,0,190,74,NO_ITEM,NO_ITEM,0,0,GENDER_F12_5,31,10,70,BASE_HAPPINESS,GROWTH_FAST,4,EGG_NONE,EGG_NONE,15,15,HEADBUTT|CURSE|ROLLOUT|TOXIC|ZAP_CANNON|ROCK_SMASH|PSYCH_UP|HIDDEN_POWER|SUNNY_DAY|SNORE|PROTECT|RAIN_DANCE|ENDURE|FRUSTRATION|SOLARBEAM|RETURN|PSYCHIC_M|SHADOW_BALL|MUD_SLAP|DOUBLE_TEAM|SWAGGER|SLEEP_TALK|FIRE_BLAST|SWIFT|DEFENSE_CURL|DREAM_EATER|DETECT|REST|ATTRACT|FLASH|FLAMETHROWER,60,ee173bf4e61e4002,pokecrystal/data/pokemon/base_stats/togepi.asm
176,togetic,TOGETIC,2,55,40,85,40,80,105,NORMAL,FLYING,0,2,75,114,NO_ITEM,NO_ITEM,0,0,GENDER_F12_5,31,10,70,BASE_HAPPINESS,GROWTH_FAST,4,EGG_FLYING,EGG_FAIRY,4,6,HEADBUTT|CURSE|ROLLOUT|TOXIC|ZAP_CANNON|ROCK_SMASH|PSYCH_UP|HIDDEN_POWER|SUNNY_DAY|SNORE|HYPER_BEAM|PROTECT|RAIN_DANCE|ENDURE|FRUSTRATION|SOLARBEAM|RETURN|PSYCHIC_M|SHADOW_BALL|MUD_SLAP|DOUBLE_TEAM|SWAGGER|SLEEP_TALK|FIRE_BLAST|SWIFT|DEFENSE_CURL|DREAM_EATER|DETECT|REST|ATTRACT|STEEL_WING|FLY|FLASH|FLAMETHROWER,60,ee573bf4e65e4802,pokecrystal/data/pokemon/base_stats/togetic.asm
177,natu,NATU,2,40,50,45,70,70,45,PSYCHIC_TYPE,FLYING,13,2,190,73,NO_ITEM,NO_ITEM,0,0,GENDER_F50,127,20,70,BASE_HAPPINESS,GROWTH_MEDIUM_FAST,0,EGG_FLYING,EGG_FLYING,4,4,CURSE|TOXIC|PSYCH_UP|HIDDEN_POWER|SUNNY_DAY|SNORE|PROTECT|GIGA_DRAIN|ENDURE|FRUSTRATION|SOLARBEAM|RETURN|PSYCHIC_M|DOUBLE_TEAM|SWAGGER|SLEEP_TALK|SWIFT|DREAM_EATER|DETECT|REST|ATTRACT|THIEF|NIGHTMARE|FLASH,60,24173d94463e4200,pokecrystal/data/pokemon/base_stats/natu.asm
178,xatu,XATU,2,65,75,70,95,95,70,PSYCHIC_TYPE,FLYING,13,2,75,171,NO_ITEM,NO_ITEM,0,0,GENDER_F50,127,20,70,BASE_HAPPINESS,GROWTH_MEDIUM_FAST,0,EGG_FLYING,EGG_FLYING,4,4,CURSE|TOXIC|PSYCH_UP|HIDDEN_POWER|SUNNY_DAY|SNORE|HYPER_BEAM|PROTECT|GIGA_DRAIN|ENDURE|FRUSTRATION|SOLARBEAM|RETURN|PSYCHIC_M|DOUBLE_TEAM|SWAGGER|SLEEP_TALK|SWIFT|DREAM_EATER|DETECT|REST|ATTRACT|THIEF|NIGHTMARE|FLY|FLASH,60,24573d94463e4a00,pokecrystal/data/pokemon/base_stats/xatu.asm
179,mareep,MAREEP,2,55,40,40,35,65,45,ELECTRIC,ELECTRIC,12,12,235,59,NO_ITEM,NO_ITEM,0,0,GENDER_F50,127,20,70,BASE_HAPPINESS,GROWTH_MEDIUM_SLOW,3,EGG_MONSTER,EGG_GROUND,1,5,HEADBUTT|CURSE|TOXIC|ZAP_CANNON|HIDDEN_POWER|SNORE|PROTECT|RAIN_DANCE|ENDURE|FRUSTRATION|IRON_TAIL|THUNDER|RETURN|DOUBLE_TEAM|SWAGGER|SLEEP_TALK|SWIFT|DEFENSE_CURL|REST|ATTRACT|FLASH|THUNDERBOLT,60,66125b85c6184004,pokecrystal/data/pokemon/base_stats/mareep.asm
180,flaaffy,FLAAFFY,2,70,55,55,45,80,60,ELECTRIC,ELECTRIC,12,12,120,117,NO_ITEM,NO_ITEM,0,0,GENDER_F50,127,20,70,BASE_HAPPINESS,GROWTH_MEDIUM_SLOW,3,EGG_MONSTER,EGG_GROUND,1,5,DYNAMICPUNCH|HEADBUTT|CURSE|TOXIC|ZAP_CANNON|ROCK_SMASH|HIDDEN_POWER|SNORE|PROTECT|RAIN_DANCE|ENDURE|FRUSTRATION|IRON_TAIL|THUNDER|RETURN|DOUBLE_TEAM|SWAGGER|SLEEP_TALK|SWIFT|DEFENSE_CURL|THUNDERPUNCH|REST|ATTRACT|FIRE_PUNCH|STRENGTH|FLASH|THUNDERBOLT,60,e7125b85c6996004,pokecrystal/data/pokemon/base_stats/flaaffy.asm
181,ampharos,AMPHAROS,2,90,75,75,55,115,90,ELECTRIC,ELECTRIC,12,12,45,194,NO_ITEM,NO_ITEM,0,0,GENDER_F50,127,20,70,BASE_HAPPINESS,GROWTH_MEDIUM_SLOW,3,EGG_MONSTER,EGG_GROUND,1,5,DYNAMICPUNCH|HEADBUTT|CURSE|TOXIC|ZAP_CANNON|ROCK_SMASH|HIDDEN_POWER|SNORE|HYPER_BEAM|PROTECT|RAIN_DANCE|ENDURE|FRUSTRATION|IRON_TAIL|THUNDER|RETURN|DOUBLE_TEAM|SWAGGER|SLEEP_TALK|SWIFT|DEFENSE_CURL|THUNDERPUNCH|REST|ATTRACT|FIRE_PUNCH|STRENGTH|FLASH|THUNDERBOLT,60,e7525b85c6996004,pokecrystal/data/pokemon/base_stats/ampharos.asm
182,bellossom,BELLOSSOM,2,75,80,85,50,90,100,GRASS,GRASS,11,11,45,184,NO_ITEM,NO_ITEM,0,0,GENDER_F50,127,20,70,BASE_HAPPINESS,GROWTH_MEDIUM_SLOW,3,EGG_PLANT,EGG_PLANT,7,7,CURSE|TOXIC|HIDDEN_POWER|SUNNY_DAY|SWEET_SCENT|SNORE|HYPER_BEAM|PROTECT|GIGA_DRAIN|ENDURE|FRUSTRATION|SOLARBEAM|RETURN|DOUBLE_TEAM|SWAGGER|SLEEP_TALK|REST|ATTRACT|CUT|FLASH,60,245e3d8406184400,pokecrystal/data/pokemon/base_stats/bellossom.asm
183,marill,MARILL,2,70,20,50,40,20,50,WATER,WATER,10,10,190,58,NO_ITEM,NO_ITEM,0,0,GENDER_F50,127,20,70,BASE_HAPPINESS,GROWTH_FAST,4,EGG_WATER_1,EGG_FAIRY,2,6,DYNAMICPUNCH|HEADBUTT|CURSE|ROLLOUT|TOXIC|HIDDEN_POWER|SNORE|BLIZZARD|ICY_WIND|PROTECT|RAIN_DANCE|ENDURE|FRUSTRATION|IRON_TAIL|RETURN|MUD_SLAP|DOUBLE_TEAM|ICE_PUNCH|SWAGGER|SLEEP_TALK|SWIFT|DEFENSE_CURL|REST|ATTRACT|SURF|WHIRLPOOL|WATERFALL|ICE_BEAM,60,2fb25bc4c7189009,pokecrystal/data/pokemon/base_stats/marill.asm
184,azumarill,AZUMARILL,2,100,50,80,50,50,80,WATER,WATER,10,10,75,153,NO_ITEM,NO_ITEM,0,0,GENDER_F50,127,20,70,BASE_HAPPINESS,GROWTH_FAST,4,EGG_WATER_1,EGG_FAIRY,2,6,DYNAMICPUNCH|HEADBUTT|CURSE|ROLLOUT|TOXIC|ROCK_SMASH|HIDDEN_POWER|SNORE|BLIZZARD|HYPER_BEAM|ICY_WIND|PROTECT|RAIN_DANCE|ENDURE|FRUSTRATION|IRON_TAIL|RETURN|MUD_SLAP|DOUBLE_TEAM|ICE_PUNCH|SWAGGER|SLEEP_TALK|SWIFT|DEFENSE_CURL|REST|ATTRACT|SURF|STRENGTH|WHIRLPOOL|WATERFALL|ICE_BEAM,60,aff25bc4c718b009,pokecrystal/data/pokemon/base_stats/azumarill.asm
185,sudowoodo,SUDOWOODO,2,70,100,115,30,30,65,ROCK,ROCK,5,5,65,135,NO_ITEM,NO_ITEM,0,0,GENDER_F50,127,20,70,BASE_HAPPINESS,GROWTH_MEDIUM_FAST,0,EGG_MINERAL,EGG_MINERAL,10,10,DYNAMICPUNCH|HEADBUTT|CURSE|ROLLOUT|TOXIC|ROCK_SMASH|PSYCH_UP|HIDDEN_POWER|SUNNY_DAY|SNORE|PROTECT|ENDURE|FRUSTRATION|EARTHQUAKE|RETURN|DIG|MUD_SLAP|DOUBLE_TEAM|ICE_PUNCH|SWAGGER|SLEEP_TALK|SANDSTORM|DEFENSE_CURL|THUNDERPUNCH|REST|ATTRACT|THIEF|FIRE_PUNCH|STRENGTH,60,af1719ce97b92000,pokecrystal/data/pokemon/base_stats/sudowoodo.asm
186,politoed,POLITOED,2,90,75,75,70,90,100,WATER,WATER,10,10,45,185,NO_ITEM,KINGS_ROCK,0,82,GENDER_F50,127,20,70,BASE_HAPPINESS,GROWTH_MEDIUM_SLOW,3,EGG_WATER_1,EGG_WATER_1,2,2,DYNAMICPUNCH|HEADBUTT|CURSE|TOXIC|ROCK_SMASH|HIDDEN_POWER|SNORE|BLIZZARD|HYPER_BEAM|ICY_WIND|PROTECT|RAIN_DANCE|ENDURE|FRUSTRATION|EARTHQUAKE|RETURN|PSYCHIC_M|MUD_SLAP|DOUBLE_TEAM|ICE_PUNCH|SWAGGER|SLEEP_TALK|DEFENSE_CURL|DETECT|REST|ATTRACT|THIEF|SURF|STRENGTH|WHIRLPOOL|WATERFALL|ICE_BEAM,60,a7f21bd6873cb009,pokecrystal/data/pokemon/base_stats/politoed.asm
187,hoppip,HOPPIP,2,35,35,40,50,35,55,GRASS,FLYING,11,2,255,74,NO_ITEM,NO_ITEM,0,0,GENDER_F50,127,20,70,BASE_HAPPINESS,GROWTH_MEDIUM_SLOW,3,EGG_FAIRY,EGG_PLANT,6,7,HEADBUTT|CURSE|TOXIC|HIDDEN_POWER|SUNNY_DAY|SWEET_SCENT|SNORE|PROTECT|GIGA_DRAIN|ENDURE|FRUSTRATION|SOLARBEAM|RETURN|DOUBLE_TEAM|SWAGGER|SLEEP_TALK|DEFENSE_CURL|REST|ATTRACT|FLASH,60,261e3d8486184000,pokecrystal/data/pokemon/base_stats/hoppip.asm
188,skiploom,SKIPLOOM,2,55,45,50,80,45,65,GRASS,FLYING,11,2,120,136,NO_ITEM,NO_ITEM,0,0,GENDER_F50,127,20,70,BASE_HAPPINESS,GROWTH_MEDIUM_SLOW,3,EGG_FAIRY,EGG_PLANT,6,7,HEADBUTT|CURSE|TOXIC|HIDDEN_POWER|SUNNY_DAY|SWEET_SCENT|SNORE|PROTECT|GIGA_DRAIN|ENDURE|FRUSTRATION|SOLARBEAM|RETURN|DOUBLE_TEAM|SWAGGER|SLEEP_TALK|DEFENSE_CURL|REST|ATTRACT|FLASH,60,261e3d8486184000,pokecrystal/data/pokemon/base_stats/skiploom.asm
189,jumpluff,JUMPLUFF,2,75,55,70,110,55,85,GRASS,FLYING,11,2,45,176,NO_ITEM,NO_ITEM,0,0,GENDER_F50,127,20,70,BASE_HAPPINESS,GROWTH_MEDIUM_SLOW,3,EGG_FAIRY,EGG_PLANT,6,7,HEADBUTT|CURSE|TOXIC|HIDDEN_POWER|SUNNY_DAY|SWEET_SCENT|SNORE|HYPER_BEAM|PROTECT|GIGA_DRAIN|ENDURE|FRUSTRATION|SOLARBEAM|RETURN|DOUBLE_TEAM|SWAGGER|SLEEP_TALK|DEFENSE_CURL|REST|ATTRACT|FLASH,60,265e3d8486184000,pokecrystal/data/pokemon/base_stats/jumpluff.asm
190,aipom,AIPOM,2,55,70,55,85,40,55,NORMAL,NORMAL,0,0,45,94,NO_ITEM,NO_ITEM,0,0,GENDER_F50,127,20,70,BASE_HAPPINESS,GROWTH_FAST,4,EGG_GROUND,EGG_GROUND,5,5,DYNAMICPUNCH|HEADBUTT|CURSE|TOXIC|ZAP_CANNON|ROCK_SMASH|HIDDEN_POWER|SUNNY_DAY|SNORE|PROTECT|ENDURE|FRUSTRATION|IRON_TAIL|THUNDER|RETURN|SHADOW_BALL|MUD_SLAP|DOUBLE_TEAM|ICE_PUNCH|SWAGGER|SLEEP_TALK|SWIFT|DEFENSE_CURL|THUNDERPUNCH|DREAM_EATER|DETECT|REST|ATTRACT|THIEF|FIRE_PUNCH|FURY_CUTTER|NIGHTMARE|CUT|STRENGTH|THUNDERBOLT,60,e71659e5c7bf2704,pokecrystal/data/pokemon/base_stats/aipom.asm
191,sunkern,SUNKERN,2,30,30,30,30,30,30,GRASS,GRASS,11,11,235,52,NO_ITEM,NO_ITEM,0,0,GENDER_F50,127,20,70,BASE_HAPPINESS,GROWTH_MEDIUM_SLOW,3,EGG_PLANT,EGG_PLANT,7,7,CURSE|TOXIC|HIDDEN_POWER|SUNNY_DAY|SWEET_SCENT|SNORE|PROTECT|GIGA_DRAIN|ENDURE|FRUSTRATION|SOLARBEAM|RETURN|DOUBLE_TEAM|SWAGGER|SLEEP_TALK|SLUDGE_BOMB|REST|ATTRACT|CUT|FLASH,60,241e3d840e184400,pokecrystal/data/pokemon/base_stats/sunkern.asm
192,sunflora,SUNFLORA,2,75,75,55,30,105,85,GRASS,GRASS,11,11,120,146,NO_ITEM,NO_ITEM,0,0,GENDER_F50,127,20,70,BASE_HAPPINESS,GROWTH_MEDIUM_SLOW,3,EGG_PLANT,EGG_PLANT,7,7,CURSE|TOXIC|HIDDEN_POWER|SUNNY_DAY|SWEET_SCENT|SNORE|HYPER_BEAM|PROTECT|GIGA_DRAIN|ENDURE|FRUSTRATION|SOLARBEAM|RETURN|DOUBLE_TEAM|SWAGGER|SLEEP_TALK|SLUDGE_BOMB|REST|ATTRACT|CUT|FLASH,60,245e3d840e184400,pokecrystal/data/pokemon/base_stats/sunflora.asm
193,yanma,YANMA,2,65,65,45,95,75,45,BUG,FLYING,6,2,75,147,NO_ITEM,NO_ITEM,0,0,GENDER_F50,127,20,70,BASE_HAPPINESS,GROWTH_MEDIUM_FAST,0,EGG_BUG,EGG_BUG,3,3,HEADBUTT|CURSE|TOXIC|HIDDEN_POWER|SUNNY_DAY|SNORE|PROTECT|GIGA_DRAIN|ENDURE|FRUSTRATION|SOLARBEAM|RETURN|DOUBLE_TEAM|SWAGGER|SLEEP_TALK|SWIFT|DETECT|REST|ATTRACT|THIEF|FLASH,60,26163d84463c4000,pokecrystal/data/pokemon/base_stats/yanma.asm
194,wooper,WOOPER,2,55,45,45,15,25,25,WATER,GROUND,10,4,255,52,NO_ITEM,NO_ITEM,0,0,GENDER_F50,127,20,70,BASE_HAPPINESS,GROWTH_MEDIUM_FAST,0,EGG_WATER_1,EGG_GROUND,2,5,DYNAMICPUNCH|HEADBUTT|CURSE|ROLLOUT|TOXIC|ROCK_SMASH|HIDDEN_POWER|SNORE|PROTECT|RAIN_DANCE|ENDURE|FRUSTRATION|IRON_TAIL|EARTHQUAKE|RETURN|DIG|MUD_SLAP|DOUBLE_TEAM|ICE_PUNCH|SWAGGER|SLEEP_TALK|SLUDGE_BOMB|SANDSTORM|DEFENSE_CURL|REST|ATTRACT|SURF|FLASH|WHIRLPOOL|ICE_BEAM,60,af125bce9f18d008,pokecrystal/data/pokemon/base_stats/wooper.asm
195,quagsire,QUAGSIRE,2,95,85,85,35,65,65,WATER,GROUND,10,4,90,137,NO_ITEM,NO_ITEM,0,0,GENDER_F50,127,20,70,BASE_HAPPINESS,GROWTH_MEDIUM_FAST,0,EGG_WATER_1,EGG_GROUND,2,5,DYNAMICPUNCH|HEADBUTT|CURSE|ROLLOUT|TOXIC|ROCK_SMASH|HIDDEN_POWER|SNORE|HYPER_BEAM|PROTECT|RAIN_DANCE|ENDURE|FRUSTRATION|IRON_TAIL|EARTHQUAKE|RETURN|DIG|MUD_SLAP|DOUBLE_TEAM|ICE_PUNCH|SWAGGER|SLEEP_TALK|SLUDGE_BOMB|SANDSTORM|DEFENSE_CURL|REST|ATTRACT|SURF|STRENGTH|FLASH|WHIRLPOOL|ICE_BEAM,60,af525bce9f18f008,pokecrystal/data/pokemon/base_stats/quagsire.asm
196,espeon,ESPEON,2,65,65,60,110,130,95,PSYCHIC_TYPE,PSYCHIC_TYPE,13,13,45,197,NO_ITEM,NO_ITEM,0,0,GENDER_F12_5,31,35,70,BASE_HAPPINESS,GROWTH_MEDIUM_FAST,0,EGG_GROUND,EGG_GROUND,5,5,HEADBUTT|CURSE|TOXIC|ZAP_CANNON|PSYCH_UP|HIDDEN_POWER|SUNNY_DAY|SNORE|HYPER_BEAM|PROTECT|RAIN_DANCE|ENDURE|FRUSTRATION|IRON_TAIL|RETURN|PSYCHIC_M|SHADOW_BALL|MUD_SLAP|DOUBLE_TEAM|SWAGGER|SLEEP_TALK|SWIFT|DREAM_EATER|DETECT|REST|ATTRACT|NIGHTMARE|CUT|FLASH,60,66575bf4461e4600,pokecrystal/data/pokemon/base_stats/espeon.asm
197,umbreon,UMBREON,2,95,65,110,65,60,130,DARK,DARK,16,16,45,197,NO_ITEM,NO_ITEM,0,0,GENDER_F12_5,31,35,70,BASE_HAPPINESS,GROWTH_MEDIUM_FAST,0,EGG_GROUND,EGG_GROUND,5,5,HEADBUTT|CURSE|TOXIC|ZAP_CANNON|PSYCH_UP|HIDDEN_POWER|SUNNY_DAY|SNORE|HYPER_BEAM|PROTECT|RAIN_DANCE|ENDURE|FRUSTRATION|IRON_TAIL|RETURN|PSYCHIC_M|SHADOW_BALL|MUD_SLAP|DOUBLE_TEAM|SWAGGER|SLEEP_TALK|SWIFT|DREAM_EATER|DETECT|REST|ATTRACT|NIGHTMARE|CUT|FLASH,60,66575bf4461e4600,pokecrystal/data/pokemon/base_stats/umbreon.asm
198,murkrow,MURKROW,2,60,85,42,91,85,42,DARK,FLYING,16,2,30,107,NO_ITEM,NO_ITEM,0,0,GENDER_F50,127,20,70,BASE_HAPPINESS,GROWTH_MEDIUM_SLOW,3,EGG_FLYING,EGG_FLYING,4,4,CURSE|TOXIC|PSYCH_UP|HIDDEN_POWER|SUNNY_DAY|SNORE|ICY_WIND|PROTECT|ENDURE|FRUSTRATION|RETURN|SHADOW_BALL|MUD_SLAP|DOUBLE_TEAM|SWAGGER|SLEEP_TALK|SWIFT|DREAM_EATER|DETECT|REST|ATTRACT|THIEF|STEEL_WING|NIGHTMARE|FLY,60,249719e4467e0a00,pokecrystal/data/pokemon/base_stats/murkrow.asm
199,slowking,SLOWKING,2,95,75,80,30,100,110,WATER,PSYCHIC_TYPE,10,13,70,164,NO_ITEM,KINGS_ROCK,0,82,GENDER_F50,127,20,70,BASE_HAPPINESS,GROWTH_MEDIUM_FAST,0,EGG_MONSTER,EGG_WATER_1,1,2,DYNAMICPUNCH|HEADBUTT|CURSE|TOXIC|ZAP_CANNON|ROCK_SMASH|PSYCH_UP|HIDDEN_POWER|SUNNY_DAY|SNORE|BLIZZARD|HYPER_BEAM|ICY_WIND|PROTECT|RAIN_DANCE|ENDURE|FRUSTRATION|IRON_TAIL|EARTHQUAKE|RETURN|DIG|PSYCHIC_M|SHADOW_BALL|MUD_SLAP|DOUBLE_TEAM|ICE_PUNCH|SWAGGER|SLEEP_TALK|FIRE_BLAST|SWIFT|DREAM_EATER|REST|ATTRACT|FURY_CUTTER|NIGHTMARE|SURF|STRENGTH|FLASH|WHIRLPOOL|FLAMETHROWER|ICE_BEAM,60,e7f75bfe671af30a,pokecrystal/data/pokemon/base_stats/slowking.asm
200,misdreavus,MISDREAVUS,2,60,60,60,85,85,85,GHOST,GHOST,7,7,45,147,NO_ITEM,SPELL_TAG,0,113,GENDER_F50,127,25,70,BASE_HAPPINESS,GROWTH_FAST,4,EGG_INDETERMINATE,EGG_INDETERMINATE,11,11,HEADBUTT|CURSE|TOXIC|ZAP_CANNON|PSYCH_UP|HIDDEN_POWER|SUNNY_DAY|SNORE|PROTECT|RAIN_DANCE|ENDURE|FRUSTRATION|THUNDER|RETURN|PSYCHIC_M|SHADOW_BALL|DOUBLE_TEAM|SWAGGER|SLEEP_TALK|SWIFT|DEFENSE_CURL|DREAM_EATER|REST|ATTRACT|THIEF|NIGHTMARE|FLASH|THUNDERBOLT,60,66171bb5c63a4204,pokecrystal/data/pokemon/base_stats/misdreavus.asm
201,unown,UNOWN,2,48,72,48,48,72,48,PSYCHIC_TYPE,PSYCHIC_TYPE,13,13,225,61,NO_ITEM,NO_ITEM,0,0,GENDER_UNKNOWN,255,40,70,BASE_HAPPINESS,GROWTH_MEDIUM_FAST,0,EGG_NONE,EGG_NONE,15,15,,60,0000000000000000,pokecrystal/data/pokemon/base_stats/unown.asm
202,wobbuffet,WOBBUFFET,2,190,33,58,33,33,58,PSYCHIC_TYPE,PSYCHIC_TYPE,13,13,45,177,NO_ITEM,NO_ITEM,0,0,GENDER_F50,127,20,70,BASE_HAPPINESS,GROWTH_MEDIUM_FAST,0,EGG_INDETERMINATE,EGG_INDETERMINATE,11,11,,60,0000000000000000,pokecrystal/data/pokemon/base_stats/wobbuffet.asm
203,girafarig,GIRAFARIG,2,70,80,65,85,90,65,NORMAL,PSYCHIC_TYPE,0,13,60,149,NO_ITEM,NO_ITEM,0,0,GENDER_F50,127,20,70,BASE_HAPPINESS,GROWTH_MEDIUM_FAST,0,EGG_GROUND,EGG_GROUND,5,5,HEADBUTT|CURSE|TOXIC|ZAP_CANNON|ROCK_SMASH|PSYCH_UP|HIDDEN_POWER|SUNNY_DAY|SNORE|PROTECT|ENDURE|FRUSTRATION|IRON_TAIL|THUNDER|EARTHQUAKE|RETURN|PSYCHIC_M|SHADOW_BALL|MUD_SLAP|DOUBLE_TEAM|SWAGGER|SLEEP_TALK|SWIFT|DREAM_EATER|REST|ATTRACT|THIEF|NIGHTMARE|STRENGTH|THUNDERBOLT,60,e61759f7463a2204,pokecrystal/data/pokemon/base_stats/girafarig.asm
204,pineco,PINECO,2,50,65,90,15,35,35,BUG,BUG,6,6,190,60,NO_ITEM,NO_ITEM,0,0,GENDER_F50,127,20,70,BASE_HAPPINESS,GROWTH_MEDIUM_FAST,0,EGG_BUG,EGG_BUG,3,3,HEADBUTT|CURSE|ROLLOUT|TOXIC|ROCK_SMASH|HIDDEN_POWER|SUNNY_DAY|SWEET_SCENT|SNORE|PROTECT|GIGA_DRAIN|ENDURE|FRUSTRATION|SOLARBEAM|RETURN|DOUBLE_TEAM|SWAGGER|SLEEP_TALK|DEFENSE_CURL|REST|ATTRACT|STRENGTH,60,ae1e3d8486182000,pokecrystal/data/pokemon/base_stats/pineco.asm
205,forretress,FORRETRESS,2,75,90,140,40,60,60,BUG,STEEL,6,8,75,118,NO_ITEM,NO_ITEM,0,0,GENDER_F50,127,20,70,BASE_HAPPINESS,GROWTH_MEDIUM_FAST,0,EGG_BUG,EGG_BUG,3,3,HEADBUTT|CURSE|ROLLOUT|TOXIC|ROCK_SMASH|HIDDEN_POWER|SUNNY_DAY|SWEET_SCENT|SNORE|HYPER_BEAM|PROTECT|GIGA_DRAIN|ENDURE|FRUSTRATION|SOLARBEAM|RETURN|DOUBLE_TEAM|SWAGGER|SLEEP_TALK|SANDSTORM|DEFENSE_CURL|REST|ATTRACT|STRENGTH,60,ae5e3d8496182000,pokecrystal/data/pokemon/base_stats/forretress.asm
206,dunsparce,DUNSPARCE,2,100,70,70,45,65,65,NORMAL,NORMAL,0,0,190,75,NO_ITEM,NO_ITEM,0,0,GENDER_F50,127,20,70,BASE_HAPPINESS,GROWTH_MEDIUM_FAST,0,EGG_GROUND,EGG_GROUND,5,5,HEADBUTT|CURSE|ROLLOUT|TOXIC|ZAP_CANNON|ROCK_SMASH|PSYCH_UP|HIDDEN_POWER|SUNNY_DAY|SNORE|PROTECT|RAIN_DANCE|ENDURE|FRUSTRATION|SOLARBEAM|IRON_TAIL|THUNDER|RETURN|DIG|MUD_SLAP|DOUBLE_TEAM|SWAGGER|SLEEP_TALK|DEFENSE_CURL|DREAM_EATER|REST|ATTRACT|THIEF|NIGHTMARE|STRENGTH|FLAMETHROWER|THUNDERBOLT,60,ee177bcd863a2206,pokecrystal/data/pokemon/base_stats/dunsparce.asm
207,gligar,GLIGAR,2,65,75,105,85,35,65,GROUND,FLYING,4,2,60,108,NO_ITEM,NO_ITEM,0,0,GENDER_F50,127,20,70,BASE_HAPPINESS,GROWTH_MEDIUM_SLOW,3,EGG_BUG,EGG_BUG,3,3,HEADBUTT|CURSE|TOXIC|ROCK_SMASH|HIDDEN_POWER|SUNNY_DAY|SNORE|PROTECT|ENDURE|FRUSTRATION|IRON_TAIL|RETURN|DOUBLE_TEAM|SWAGGER|SLEEP_TALK|SLUDGE_BOMB|SANDSTORM|SWIFT|DETECT|REST|ATTRACT|THIEF|FURY_CUTTER|CUT|STRENGTH,60,a61659845e3c2500,pokecrystal/data/pokemon/base_stats/gligar.asm
208,steelix,STEELIX,2,75,85,200,30,55,65,STEEL,GROUND,8,4,25,196,NO_ITEM,METAL_COAT,0,143,GENDER_F50,127,25,70,BASE_HAPPINESS,GROWTH_MEDIUM_FAST,0,EGG_MINERAL,EGG_MINERAL,10,10,HEADBUTT|CURSE|ROLLOUT|ROAR|TOXIC|ROCK_SMASH|HIDDEN_POWER|SUNNY_DAY|SNORE|HYPER_BEAM|PROTECT|ENDURE|FRUSTRATION|IRON_TAIL|DRAGONBREATH|EARTHQUAKE|RETURN|DIG|MUD_SLAP|DOUBLE_TEAM|SWAGGER|SLEEP_TALK|SANDSTORM|DEFENSE_CURL|REST|ATTRACT|CUT|STRENGTH,60,be56d9ce96182400,pokecrystal/data/pokemon/base_stats/steelix.asm
209,snubbull,SNUBBULL,2,60,80,50,30,40,40,NORMAL,NORMAL,0,0,190,63,NO_ITEM,NO_ITEM,0,0,GENDER_F75,191,20,70,BASE_HAPPINESS,GROWTH_FAST,4,EGG_GROUND,EGG_FAIRY,5,6,DYNAMICPUNCH|HEADBUTT|CURSE|ROAR|TOXIC|ZAP_CANNON|ROCK_SMASH|HIDDEN_POWER|SUNNY_DAY|SNORE|PROTECT|RAIN_DANCE|ENDURE|FRUSTRATION|THUNDER|RETURN|SHADOW_BALL|MUD_SLAP|DOUBLE_TEAM|ICE_PUNCH|SWAGGER|SLEEP_TALK|SLUDGE_BOMB|DEFENSE_CURL|THUNDERPUNCH|DETECT|REST|ATTRACT|THIEF|FIRE_PUNCH|STRENGTH|THUNDERBOLT,60,f7161be58fbd2004,pokecrystal/data/pokemon/base_stats/snubbull.asm
210,granbull,GRANBULL,2,90,120,75,45,60,60,NORMAL,NORMAL,0,0,75,178,NO_ITEM,NO_ITEM,0,0,GENDER_F75,191,20,70,BASE_HAPPINESS,GROWTH_FAST,4,EGG_GROUND,EGG_FAIRY,5,6,DYNAMICPUNCH|HEADBUTT|CURSE|ROAR|TOXIC|ZAP_CANNON|ROCK_SMASH|HIDDEN_POWER|SUNNY_DAY|SNORE|HYPER_BEAM|PROTECT|RAIN_DANCE|ENDURE|FRUSTRATION|THUNDER|RETURN|SHADOW_BALL|MUD_SLAP|DOUBLE_TEAM|ICE_PUNCH|SWAGGER|SLEEP_TALK|SLUDGE_BOMB|DEFENSE_CURL|THUNDERPUNCH|DETECT|REST|ATTRACT|THIEF|FIRE_PUNCH|STRENGTH|THUNDERBOLT,60,f7561be58fbd2004,pokecrystal/data/pokemon/base_stats/granbull.asm
211,qwilfish,QWILFISH,2,65,95,75,85,55,55,WATER,POISON,10,3,45,100,NO_ITEM,NO_ITEM,0,0,GENDER_F50,127,20,70,BASE_HAPPINESS,GROWTH_MEDIUM_FAST,0,EGG_WATER_2,EGG_WATER_2,12,12,HEADBUTT|CURSE|ROLLOUT|TOXIC|HIDDEN_POWER|SNORE|BLIZZARD|ICY_WIND|PROTECT|RAIN_DANCE|ENDURE|FRUSTRATION|RETURN|DOUBLE_TEAM|SWAGGER|SLEEP_TALK|SLUDGE_BOMB|SWIFT|DEFENSE_CURL|REST|ATTRACT|SURF|WHIRLPOOL|WATERFALL|ICE_BEAM,60,2eb21b84ce189009,pokecrystal/data/pokemon/base_stats/qwilfish.asm
212,scizor,SCIZOR,2,70,130,100,65,55,80,BUG,STEEL,6,8,25,200,NO_ITEM,NO_ITEM,0,0,GENDER_F50,127,25,70,BASE_HAPPINESS,GROWTH_MEDIUM_FAST,0,EGG_BUG,EGG_BUG,3,3,HEADBUTT|CURSE|TOXIC|ROCK_SMASH|HIDDEN_POWER|SUNNY_DAY|SNORE|HYPER_BEAM|PROTECT|ENDURE|FRUSTRATION|RETURN|DOUBLE_TEAM|SWAGGER|SLEEP_TALK|SANDSTORM|SWIFT|DETECT|REST|ATTRACT|THIEF|STEEL_WING|FURY_CUTTER|CUT|STRENGTH,60,a6561984567c2500,pokecrystal/data/pokemon/base_stats/scizor.asm
213,shuckle,SHUCKLE,2,20,10,230,5,10,230,BUG,ROCK,6,5,190,80,BERRY,BERRY,173,173,GENDER_F50,127,20,70,BASE_HAPPINESS,GROWTH_MEDIUM_SLOW,3,EGG_BUG,EGG_BUG,3,3,HEADBUTT|CURSE|ROLLOUT|TOXIC|ROCK_SMASH|HIDDEN_POWER|SUNNY_DAY|SNORE|PROTECT|ENDURE|FRUSTRATION|EARTHQUAKE|RETURN|DIG|MUD_SLAP|DOUBLE_TEAM|SWAGGER|SLEEP_TALK|SLUDGE_BOMB|SANDSTORM|DEFENSE_CURL|REST|ATTRACT|STRENGTH|FLASH,60,ae1619ce9e186000,pokecrystal/data/pokemon/base_stats/shuckle.asm
214,heracross,HERACROSS,2,80,125,75,85,40,95,BUG,FIGHTING,6,1,45,200,NO_ITEM,NO_ITEM,0,0,GENDER_F50,127,25,70,BASE_HAPPINESS,GROWTH_SLOW,5,EGG_BUG,EGG_BUG,3,3,HEADBUTT|CURSE|TOXIC|ROCK_SMASH|HIDDEN_POWER|SUNNY_DAY|SNORE|PROTECT|ENDURE|FRUSTRATION|EARTHQUAKE|RETURN|DOUBLE_TEAM|SWAGGER|SLEEP_TALK|DETECT|REST|ATTRACT|THIEF|FURY_CUTTER|CUT|STRENGTH,60,a6161986063c2500,pokecrystal/data/pokemon/base_stats/heracross.asm
215,sneasel,SNEASEL,2,55,95,55,115,35,75,DARK,ICE,16,14,60,132,NO_ITEM,QUICK_CLAW,0,73,GENDER_F50,127,20,70,BASE_HAPPINESS,GROWTH_MEDIUM_SLOW,3,EGG_GROUND,EGG_GROUND,5,5,DYNAMICPUNCH|HEADBUTT|CURSE|TOXIC|ROCK_SMASH|PSYCH_UP|HIDDEN_POWER|SNORE|BLIZZARD|ICY_WIND|PROTECT|RAIN_DANCE|ENDURE|FRUSTRATION|IRON_TAIL|RETURN|DIG|SHADOW_BALL|MUD_SLAP|DOUBLE_TEAM|ICE_PUNCH|SWAGGER|SLEEP_TALK|SWIFT|DEFENSE_CURL|DREAM_EATER|DETECT|REST|ATTRACT|THIEF|FURY_CUTTER|NIGHTMARE|CUT|SURF|STRENGTH|ICE_BEAM,60,a7b35becc73e3708,pokecrystal/data/pokemon/base_stats/sneasel.asm
216,teddiursa,TEDDIURSA,2,60,80,50,40,50,50,NORMAL,NORMAL,0,0,120,124,NO_ITEM,NO_ITEM,0,0,GENDER_F50,127,20,70,BASE_HAPPINESS,GROWTH_MEDIUM_FAST,0,EGG_GROUND,EGG_GROUND,5,5,DYNAMICPUNCH|HEADBUTT|CURSE|ROLLOUT|ROAR|TOXIC|ZAP_CANNON|ROCK_SMASH|HIDDEN_POWER|SUNNY_DAY|SNORE|PROTECT|ENDURE|FRUSTRATION|EARTHQUAKE|RETURN|DIG|MUD_SLAP|DOUBLE_TEAM|ICE_PUNCH|SWAGGER|SLEEP_TALK|SWIFT|DEFENSE_CURL|THUNDERPUNCH|REST|ATTRACT|THIEF|FIRE_PUNCH|FURY_CUTTER|CUT|STRENGTH,60,ff1619cec7b92500,pokecrystal/data/pokemon/base_stats/teddiursa.asm
217,ursaring,URSARING,2,90,130,75,55,75,75,NORMAL,NORMAL,0,0,60,189,NO_ITEM,NO_ITEM,0,0,GENDER_F50,127,20,70,BASE_HAPPINESS,GROWTH_MEDIUM_FAST,0,EGG_GROUND,EGG_GROUND,5,5,DYNAMICPUNCH|HEADBUTT|CURSE|ROLLOUT|ROAR|TOXIC|ZAP_CANNON|ROCK_SMASH|HIDDEN_POWER|SUNNY_DAY|SNORE|HYPER_BEAM|PROTECT|ENDURE|FRUSTRATION|EARTHQUAKE|RETURN|DIG|MUD_SLAP|DOUBLE_TEAM|ICE_PUNCH|SWAGGER|SLEEP_TALK|SWIFT|DEFENSE_CURL|THUNDERPUNCH|REST|ATTRACT|THIEF|FIRE_PUNCH|FURY_CUTTER|CUT|STRENGTH,60,ff5619cec7b92500,pokecrystal/data/pokemon/base_stats/ursaring.asm
218,slugma,SLUGMA,2,40,40,40,20,70,40,FIRE,FIRE,9,9,190,78,NO_ITEM,NO_ITEM,0,0,GENDER_F50,127,20,70,BASE_HAPPINESS,GROWTH_MEDIUM_FAST,0,EGG_INDETERMINATE,EGG_INDETERMINATE,11,11,CURSE|ROLLOUT|TOXIC|ROCK_SMASH|HIDDEN_POWER|SUNNY_DAY|SNORE|PROTECT|ENDURE|FRUSTRATION|RETURN|MUD_SLAP|DOUBLE_TEAM|SWAGGER|SLEEP_TALK|FIRE_BLAST|DEFENSE_CURL|REST|ATTRACT|FLAMETHROWER,60,ac1619c4a6180002,pokecrystal/data/pokemon/base_stats/slugma.asm
219,magcargo,MAGCARGO,2,50,50,120,30,80,80,FIRE,ROCK,9,5,75,154,NO_ITEM,NO_ITEM,0,0,GENDER_F50,127,20,70,BASE_HAPPINESS,GROWTH_MEDIUM_FAST,0,EGG_INDETERMINATE,EGG_INDETERMINATE,11,11,CURSE|ROLLOUT|TOXIC|ROCK_SMASH|HIDDEN_POWER|SUNNY_DAY|SNORE|HYPER_BEAM|PROTECT|ENDURE|FRUSTRATION|EARTHQUAKE|RETURN|MUD_SLAP|DOUBLE_TEAM|SWAGGER|SLEEP_TALK|FIRE_BLAST|DEFENSE_CURL|REST|ATTRACT|STRENGTH|FLAMETHROWER,60,ac5619c6a6182002,pokecrystal/data/pokemon/base_stats/magcargo.asm
220,swinub,SWINUB,2,50,50,40,50,30,30,ICE,GROUND,14,4,225,78,NO_ITEM,NO_ITEM,0,0,GENDER_F50,127,20,70,BASE_HAPPINESS,GROWTH_SLOW,5,EGG_GROUND,EGG_GROUND,5,5,HEADBUTT|CURSE|ROAR|TOXIC|ROCK_SMASH|HIDDEN_POWER|SNORE|BLIZZARD|ICY_WIND|PROTECT|RAIN_DANCE|ENDURE|FRUSTRATION|EARTHQUAKE|RETURN|MUD_SLAP|DOUBLE_TEAM|SWAGGER|SLEEP_TALK|DEFENSE_CURL|DETECT|REST|ATTRACT|STRENGTH|ICE_BEAM,60,b6b21bc6861c2008,pokecrystal/data/pokemon/base_stats/swinub.asm
221,piloswine,PILOSWINE,2,100,100,80,50,60,60,ICE,GROUND,14,4,75,160,NO_ITEM,NO_ITEM,0,0,GENDER_F50,127,20,70,BASE_HAPPINESS,GROWTH_SLOW,5,EGG_GROUND,EGG_GROUND,5,5,HEADBUTT|CURSE|ROAR|TOXIC|ROCK_SMASH|HIDDEN_POWER|SNORE|BLIZZARD|HYPER_BEAM|ICY_WIND|PROTECT|RAIN_DANCE|ENDURE|FRUSTRATION|EARTHQUAKE|RETURN|MUD_SLAP|DOUBLE_TEAM|SWAGGER|SLEEP_TALK|DEFENSE_CURL|DETECT|REST|ATTRACT|STRENGTH|ICE_BEAM,60,b6f21bc6861c2008,pokecrystal/data/pokemon/base_stats/piloswine.asm
222,corsola,CORSOLA,2,55,55,85,35,65,85,WATER,ROCK,10,5,60,113,NO_ITEM,NO_ITEM,0,0,GENDER_F75,191,20,70,BASE_HAPPINESS,GROWTH_FAST,4,EGG_WATER_1,EGG_WATER_3,2,9,HEADBUTT|CURSE|ROLLOUT|TOXIC|ROCK_SMASH|HIDDEN_POWER|SUNNY_DAY|SNORE|PROTECT|RAIN_DANCE|ENDURE|FRUSTRATION|EARTHQUAKE|RETURN|PSYCHIC_M|MUD_SLAP|DOUBLE_TEAM|SWAGGER|SLEEP_TALK|SANDSTORM|DEFENSE_CURL|REST|ATTRACT|SURF|STRENGTH|WHIRLPOOL|ICE_BEAM,60,ae161bd69618b008,pokecrystal/data/pokemon/base_stats/corsola.asm
223,remoraid,REMORAID,2,35,65,35,65,65,35,WATER,WATER,10,10,190,78,NO_ITEM,NO_ITEM,0,0,GENDER_F50,127,20,70,BASE_HAPPINESS,GROWTH_MEDIUM_FAST,0,EGG_WATER_1,EGG_WATER_2,2,12,CURSE|TOXIC|HIDDEN_POWER|SNORE|HYPER_BEAM|PROTECT|RAIN_DANCE|ENDURE|FRUSTRATION|RETURN|MUD_SLAP|DOUBLE_TEAM|SWAGGER|SLEEP_TALK|SWIFT|DEFENSE_CURL|REST|ATTRACT|THIEF|SURF|WHIRLPOOL|FLAMETHROWER|ICE_BEAM,60,24521bc4c638900a,pokecrystal/data/pokemon/base_stats/remoraid.asm
224,octillery,OCTILLERY,2,75,105,75,45,105,75,WATER,WATER,10,10,75,164,NO_ITEM,NO_ITEM,0,0,GENDER_F50,127,20,70,BASE_HAPPINESS,GROWTH_MEDIUM_FAST,0,EGG_WATER_1,EGG_WATER_2,2,12,CURSE|TOXIC|HIDDEN_POWER|SNORE|HYPER_BEAM|PROTECT|RAIN_DANCE|ENDURE|FRUSTRATION|RETURN|MUD_SLAP|DOUBLE_TEAM|SWAGGER|SLEEP_TALK|SWIFT|DEFENSE_CURL|REST|ATTRACT|THIEF|SURF|WHIRLPOOL|FLAMETHROWER|ICE_BEAM,60,24521bc4c638900a,pokecrystal/data/pokemon/base_stats/octillery.asm
225,delibird,DELIBIRD,2,45,55,45,75,65,45,ICE,FLYING,14,2,45,183,NO_ITEM,NO_ITEM,0,0,GENDER_F50,127,20,70,BASE_HAPPINESS,GROWTH_FAST,4,EGG_WATER_1,EGG_GROUND,2,5,HEADBUTT|CURSE|TOXIC|HIDDEN_POWER|SNORE|BLIZZARD|ICY_WIND|PROTECT|RAIN_DANCE|ENDURE|FRUSTRATION|RETURN|MUD_SLAP|DOUBLE_TEAM|SWAGGER|SLEEP_TALK|SWIFT|DETECT|REST|ATTRACT|THIEF|FLY|ICE_BEAM,60,26b21bc4463c0808,pokecrystal/data/pokemon/base_stats/delibird.asm
226,mantine,MANTINE,2,65,40,70,70,80,140,WATER,FLYING,10,2,25,168,NO_ITEM,NO_ITEM,0,0,GENDER_F50,127,25,70,BASE_HAPPINESS,GROWTH_SLOW,5,EGG_WATER_1,EGG_WATER_1,2,2,HEADBUTT|CURSE|TOXIC|HIDDEN_POWER|SNORE|BLIZZARD|ICY_WIND|PROTECT|RAIN_DANCE|ENDURE|FRUSTRATION|RETURN|MUD_SLAP|DOUBLE_TEAM|SWAGGER|SLEEP_TALK|SWIFT|REST|ATTRACT|SURF|WHIRLPOOL|WATERFALL|ICE_BEAM,60,26b21bc446189009,pokecrystal/data/pokemon/base_stats/mantine.asm
227,skarmory,SKARMORY,2,65,80,140,70,40,70,STEEL,FLYING,8,2,25,168,NO_ITEM,NO_ITEM,0,0,GENDER_F50,127,25,70,BASE_HAPPINESS,GROWTH_SLOW,5,EGG_FLYING,EGG_FLYING,4,4,CURSE|TOXIC|HIDDEN_POWER|SUNNY_DAY|SNORE|PROTECT|ENDURE|FRUSTRATION|RETURN|MUD_SLAP|DOUBLE_TEAM|SWAGGER|SLEEP_TALK|SANDSTORM|SWIFT|DETECT|REST|ATTRACT|THIEF|STEEL_WING|CUT|FLY,60,241619c4567c0c00,pokecrystal/data/pokemon/base_stats/skarmory.asm
228,houndour,HOUNDOUR,2,45,60,30,65,80,50,DARK,FIRE,16,9,120,114,NO_ITEM,NO_ITEM,0,0,GENDER_F50,127,20,70,BASE_HAPPINESS,GROWTH_SLOW,5,EGG_GROUND,EGG_GROUND,5,5,HEADBUTT|CURSE|ROAR|TOXIC|ROCK_SMASH|HIDDEN_POWER|SUNNY_DAY|SNORE|PROTECT|ENDURE|FRUSTRATION|SOLARBEAM|IRON_TAIL|RETURN|SHADOW_BALL|MUD_SLAP|DOUBLE_TEAM|SWAGGER|SLEEP_TALK|SLUDGE_BOMB|FIRE_BLAST|SWIFT|DREAM_EATER|DETECT|REST|ATTRACT|THIEF|NIGHTMARE|FLAMETHROWER,60,b61679e46e3e0202,pokecrystal/data/pokemon/base_stats/houndour.asm
229,houndoom,HOUNDOOM,2,75,90,50,95,110,80,DARK,FIRE,16,9,45,204,NO_ITEM,NO_ITEM,0,0,GENDER_F50,127,20,70,BASE_HAPPINESS,GROWTH_SLOW,5,EGG_GROUND,EGG_GROUND,5,5,HEADBUTT|CURSE|ROAR|TOXIC|ROCK_SMASH|HIDDEN_POWER|SUNNY_DAY|SNORE|HYPER_BEAM|PROTECT|ENDURE|FRUSTRATION|SOLARBEAM|IRON_TAIL|RETURN|SHADOW_BALL|MUD_SLAP|DOUBLE_TEAM|SWAGGER|SLEEP_TALK|SLUDGE_BOMB|FIRE_BLAST|SWIFT|DREAM_EATER|DETECT|REST|ATTRACT|THIEF|NIGHTMARE|STRENGTH|FLAMETHROWER,60,b65679e46e3e2202,pokecrystal/data/pokemon/base_stats/houndoom.asm
230,kingdra,KINGDRA,2,75,95,95,85,95,95,WATER,DRAGON,10,15,45,207,NO_ITEM,DRAGON_SCALE,0,151,GENDER_F50,127,20,70,BASE_HAPPINESS,GROWTH_MEDIUM_FAST,0,EGG_WATER_1,EGG_DRAGON,2,14,HEADBUTT|CURSE|TOXIC|HIDDEN_POWER|SNORE|BLIZZARD|HYPER_BEAM|ICY_WIND|PROTECT|RAIN_DANCE|ENDURE|FRUSTRATION|DRAGONBREATH|RETURN|DOUBLE_TEAM|SWAGGER|SLEEP_TALK|SWIFT|REST|ATTRACT|SURF|WHIRLPOOL|WATERFALL|ICE_BEAM,60,26f29b8446189009,pokecrystal/data/pokemon/base_stats/kingdra.asm
231,phanpy,PHANPY,2,90,60,60,40,40,40,GROUND,GROUND,4,4,120,124,NO_ITEM,NO_ITEM,0,0,GENDER_F50,127,20,70,BASE_HAPPINESS,GROWTH_MEDIUM_FAST,0,EGG_GROUND,EGG_GROUND,5,5,HEADBUTT|CURSE|ROLLOUT|ROAR|TOXIC|ROCK_SMASH|HIDDEN_POWER|SUNNY_DAY|SNORE|PROTECT|ENDURE|FRUSTRATION|EARTHQUAKE|RETURN|MUD_SLAP|DOUBLE_TEAM|SWAGGER|SLEEP_TALK|SANDSTORM|DEFENSE_CURL|REST|ATTRACT|STRENGTH,60,be1619c696182000,pokecrystal/data/pokemon/base_stats/phanpy.asm
232,donphan,DONPHAN,2,90,120,120,50,60,60,GROUND,GROUND,4,4,60,189,NO_ITEM,NO_ITEM,0,0,GENDER_F50,127,20,70,BASE_HAPPINESS,GROWTH_MEDIUM_FAST,0,EGG_GROUND,EGG_GROUND,5,5,HEADBUTT|CURSE|ROLLOUT|ROAR|TOXIC|ROCK_SMASH|HIDDEN_POWER|SUNNY_DAY|SNORE|HYPER_BEAM|PROTECT|ENDURE|FRUSTRATION|EARTHQUAKE|RETURN|MUD_SLAP|DOUBLE_TEAM|SWAGGER|SLEEP_TALK|SANDSTORM|DEFENSE_CURL|REST|ATTRACT|STRENGTH,60,be5619c696182000,pokecrystal/data/pokemon/base_stats/donphan.asm
233,porygon2,PORYGON2,2,85,80,90,60,105,95,NORMAL,NORMAL,0,0,45,180,NO_ITEM,NO_ITEM,0,0,GENDER_UNKNOWN,255,20,70,BASE_HAPPINESS,GROWTH_MEDIUM_FAST,0,EGG_MINERAL,EGG_MINERAL,10,10,CURSE|TOXIC|ZAP_CANNON|PSYCH_UP|HIDDEN_POWER|SUNNY_DAY|SNORE|BLIZZARD|HYPER_BEAM|ICY_WIND|PROTECT|RAIN_DANCE|ENDURE|FRUSTRATION|IRON_TAIL|THUNDER|RETURN|PSYCHIC_M|DOUBLE_TEAM|SWAGGER|SLEEP_TALK|SWIFT|DEFENSE_CURL|DREAM_EATER|REST|THIEF|NIGHTMARE|FLASH|THUNDERBOLT|ICE_BEAM,60,64f75b95c62a420c,pokecrystal/data/pokemon/base_stats/porygon2.asm
234,stantler,STANTLER,2,73,95,62,85,85,65,NORMAL,NORMAL,0,0,45,165,NO_ITEM,NO_ITEM,0,0,GENDER_F50,127,20,70,BASE_HAPPINESS,GROWTH_SLOW,5,EGG_GROUND,EGG_GROUND,5,5,HEADBUTT|CURSE|ROAR|TOXIC|PSYCH_UP|HIDDEN_POWER|SUNNY_DAY|SNORE|PROTECT|RAIN_DANCE|ENDURE|FRUSTRATION|EARTHQUAKE|RETURN|PSYCHIC_M|MUD_SLAP|DOUBLE_TEAM|SWAGGER|SLEEP_TALK|SWIFT|DREAM_EATER|DETECT|REST|ATTRACT|THIEF|NIGHTMARE|FLASH,60,36171bd6463e4200,pokecrystal/data/pokemon/base_stats/stantler.asm
235,smeargle,SMEARGLE,2,55,20,35,75,20,45,NORMAL,NORMAL,0,0,45,106,NO_ITEM,NO_ITEM,0,0,GENDER_F50,127,20,70,BASE_HAPPINESS,GROWTH_FAST,4,EGG_GROUND,EGG_GROUND,5,5,,60,0000000000000000,pokecrystal/data/pokemon/base_stats/smeargle.asm
236,tyrogue,TYROGUE,2,35,35,35,35,35,35,FIGHTING,FIGHTING,1,1,75,91,NO_ITEM,NO_ITEM,0,0,GENDER_F0,0,25,70,BASE_HAPPINESS,GROWTH_MEDIUM_FAST,0,EGG_NONE,EGG_NONE,15,15,HEADBUTT|CURSE|TOXIC|ROCK_SMASH|HIDDEN_POWER|SUNNY_DAY|SNORE|PROTECT|ENDURE|FRUSTRATION|RETURN|MUD_SLAP|DOUBLE_TEAM|SWAGGER|SLEEP_TALK|SWIFT|DETECT|REST|ATTRACT|THIEF|STRENGTH,60,a61619c4463c2000,pokecrystal/data/pokemon/base_stats/tyrogue.asm
237,hitmontop,HITMONTOP,2,50,95,95,70,35,110,FIGHTING,FIGHTING,1,1,45,138,NO_ITEM,NO_ITEM,0,0,GENDER_F0,0,25,70,BASE_HAPPINESS,GROWTH_MEDIUM_FAST,0,EGG_HUMANSHAPE,EGG_HUMANSHAPE,8,8,HEADBUTT|CURSE|TOXIC|ROCK_SMASH|HIDDEN_POWER|SUNNY_DAY|SNORE|PROTECT|ENDURE|FRUSTRATION|RETURN|DIG|MUD_SLAP|DOUBLE_TEAM|SWAGGER|SLEEP_TALK|SWIFT|DETECT|REST|ATTRACT|THIEF|STRENGTH,60,a61619cc463c2000,pokecrystal/data/pokemon/base_stats/hitmontop.asm
238,smoochum,SMOOCHUM,2,45,30,15,65,85,65,ICE,PSYCHIC_TYPE,14,13,45,87,ICE_BERRY,ICE_BERRY,80,80,GENDER_F100,254,25,70,BASE_HAPPINESS,GROWTH_MEDIUM_FAST,0,EGG_NONE,EGG_NONE,15,15,DYNAMICPUNCH|CURSE|TOXIC|PSYCH_UP|HIDDEN_POWER|SWEET_SCENT|SNORE|BLIZZARD|ICY_WIND|PROTECT|RAIN_DANCE|ENDURE|FRUSTRATION|RETURN|PSYCHIC_M|SHADOW_BALL|MUD_SLAP|DOUBLE_TEAM|ICE_PUNCH|SWAGGER|SLEEP_TALK|DREAM_EATER|REST|ATTRACT|THIEF|NIGHTMARE|ICE_BEAM,60,25bb1bf4073a0208,pokecrystal/data/pokemon/base_stats/smoochum.asm
239,elekid,ELEKID,2,45,63,37,95,65,55,ELECTRIC,ELECTRIC,12,12,45,106,NO_ITEM,NO_ITEM,0,0,GENDER_F25,63,25,70,BASE_HAPPINESS,GROWTH_MEDIUM_FAST,0,EGG_NONE,EGG_NONE,15,15,DYNAMICPUNCH|HEADBUTT|CURSE|TOXIC|ZAP_CANNON|HIDDEN_POWER|SNORE|PROTECT|RAIN_DANCE|ENDURE|FRUSTRATION|THUNDER|RETURN|PSYCHIC_M|MUD_SLAP|DOUBLE_TEAM|ICE_PUNCH|SWAGGER|SLEEP_TALK|SWIFT|THUNDERPUNCH|DETECT|REST|ATTRACT|THIEF|FIRE_PUNCH|FLASH|THUNDERBOLT,60,67121bd547bd4004,pokecrystal/data/pokemon/base_stats/elekid.asm
240,magby,MAGBY,2,45,75,37,83,70,55,FIRE,FIRE,9,9,45,117,BURNT_BERRY,BURNT_BERRY,79,79,GENDER_F25,63,25,70,BASE_HAPPINESS,GROWTH_MEDIUM_FAST,0,EGG_NONE,EGG_NONE,15,15,DYNAMICPUNCH|HEADBUTT|CURSE|TOXIC|HIDDEN_POWER|SUNNY_DAY|SNORE|PROTECT|ENDURE|FRUSTRATION|IRON_TAIL|RETURN|PSYCHIC_M|MUD_SLAP|DOUBLE_TEAM|SWAGGER|SLEEP_TALK|FIRE_BLAST|THUNDERPUNCH|DETECT|REST|ATTRACT|THIEF|FIRE_PUNCH|FLAMETHROWER,60,271659d426bd0002,pokecrystal/data/pokemon/base_stats/magby.asm
241,miltank,MILTANK,2,95,80,105,100,40,70,NORMAL,NORMAL,0,0,45,200,MOOMOO_MILK,MOOMOO_MILK,72,72,GENDER_F100,254,20,70,BASE_HAPPINESS,GROWTH_SLOW,5,EGG_GROUND,EGG_GROUND,5,5,DYNAMICPUNCH|HEADBUTT|CURSE|ROLLOUT|TOXIC|ZAP_CANNON|ROCK_SMASH|PSYCH_UP|HIDDEN_POWER|SUNNY_DAY|SWEET_SCENT|SNORE|BLIZZARD|HYPER_BEAM|ICY_WIND|PROTECT|RAIN_DANCE|ENDURE|FRUSTRATION|IRON_TAIL|THUNDER|EARTHQUAKE|RETURN|SHADOW_BALL|MUD_SLAP|DOUBLE_TEAM|ICE_PUNCH|SWAGGER|SLEEP_TALK|SANDSTORM|DEFENSE_CURL|THUNDERPUNCH|REST|ATTRACT|FIRE_PUNCH|SURF|STRENGTH|THUNDERBOLT|ICE_BEAM,60,efff5be79799300c,pokecrystal/data/pokemon/base_stats/miltank.asm
242,blissey,BLISSEY,2,255,10,10,55,75,135,NORMAL,NORMAL,0,0,30,255,NO_ITEM,LUCKY_EGG,0,126,GENDER_F100,254,40,70,BASE_HAPPINESS,GROWTH_FAST,4,EGG_FAIRY,EGG_FAIRY,6,6,DYNAMICPUNCH|HEADBUTT|CURSE|ROLLOUT|TOXIC|ZAP_CANNON|ROCK_SMASH|HIDDEN_POWER|SUNNY_DAY|SNORE|BLIZZARD|HYPER_BEAM|ICY_WIND|PROTECT|RAIN_DANCE|ENDURE|FRUSTRATION|SOLARBEAM|THUNDER|RETURN|PSYCHIC_M|SHADOW_BALL|MUD_SLAP|DOUBLE_TEAM|SWAGGER|SLEEP_TALK|SANDSTORM|FIRE_BLAST|DEFENSE_CURL|DREAM_EATER|REST|ATTRACT|STRENGTH|FLASH|FLAMETHROWER|THUNDERBOLT|ICE_BEAM,60,eff63bf5b61a600e,pokecrystal/data/pokemon/base_stats/blissey.asm
243,raikou,RAIKOU,2,90,85,75,115,115,100,ELECTRIC,ELECTRIC,12,12,3,216,NO_ITEM,NO_ITEM,0,0,GENDER_UNKNOWN,255,80,70,BASE_HAPPINESS,GROWTH_SLOW,5,EGG_NONE,EGG_NONE,15,15,HEADBUTT|CURSE|ROAR|TOXIC|ZAP_CANNON|ROCK_SMASH|PSYCH_UP|HIDDEN_POWER|SUNNY_DAY|SNORE|HYPER_BEAM|PROTECT|RAIN_DANCE|ENDURE|FRUSTRATION|IRON_TAIL|THUNDER|RETURN|DIG|MUD_SLAP|DOUBLE_TEAM|SWAGGER|SLEEP_TALK|SANDSTORM|SWIFT|DETECT|REST|CUT|STRENGTH|FLASH|THUNDERBOLT,60,f6575bcd560c6404,pokecrystal/data/pokemon/base_stats/raikou.asm
244,entei,ENTEI,2,115,115,85,100,90,75,FIRE,FIRE,9,9,3,217,NO_ITEM,NO_ITEM,0,0,GENDER_UNKNOWN,255,80,70,BASE_HAPPINESS,GROWTH_SLOW,5,EGG_NONE,EGG_NONE,15,15,HEADBUTT|CURSE|ROAR|TOXIC|ROCK_SMASH|PSYCH_UP|HIDDEN_POWER|SUNNY_DAY|SNORE|HYPER_BEAM|PROTECT|RAIN_DANCE|ENDURE|FRUSTRATION|SOLARBEAM|IRON_TAIL|RETURN|DIG|MUD_SLAP|DOUBLE_TEAM|SWAGGER|SLEEP_TALK|SANDSTORM|FIRE_BLAST|SWIFT|DETECT|REST|CUT|STRENGTH|FLASH|FLAMETHROWER,60,b6577bcc760c6402,pokecrystal/data/pokemon/base_stats/entei.asm
245,suicune,SUICUNE,2,100,75,115,85,90,115,WATER,WATER,10,10,3,215,NO_ITEM,NO_ITEM,0,0,GENDER_UNKNOWN,255,80,70,BASE_HAPPINESS,GROWTH_SLOW,5,EGG_NONE,EGG_NONE,15,15,HEADBUTT|CURSE|ROAR|TOXIC|ROCK_SMASH|PSYCH_UP|HIDDEN_POWER|SUNNY_DAY|SNORE|BLIZZARD|HYPER_BEAM|ICY_WIND|PROTECT|RAIN_DANCE|ENDURE|FRUSTRATION|IRON_TAIL|RETURN|DIG|MUD_SLAP|DOUBLE_TEAM|SWAGGER|SLEEP_TALK|SANDSTORM|SWIFT|DETECT|REST|CUT|SURF|WHIRLPOOL|WATERFALL|ICE_BEAM,60,b6f75bcc560c9409,pokecrystal/data/pokemon/base_stats/suicune.asm
246,larvitar,LARVITAR,2,50,64,50,41,45,50,ROCK,GROUND,5,4,45,67,NO_ITEM,NO_ITEM,0,0,GENDER_F50,127,40,70,BASE_HAPPINESS,GROWTH_SLOW,5,EGG_MONSTER,EGG_MONSTER,1,1,HEADBUTT|CURSE|TOXIC|HIDDEN_POWER|SUNNY_DAY|SNORE|HYPER_BEAM|PROTECT|RAIN_DANCE|ENDURE|FRUSTRATION|EARTHQUAKE|RETURN|DIG|MUD_SLAP|DOUBLE_TEAM|SWAGGER|SLEEP_TALK|SANDSTORM|DETECT|REST|ATTRACT,60,26561bce161c0000,pokecrystal/data/pokemon/base_stats/larvitar.asm
247,pupitar,PUPITAR,2,70,84,70,51,65,70,ROCK,GROUND,5,4,45,144,NO_ITEM,NO_ITEM,0,0,GENDER_F50,127,40,70,BASE_HAPPINESS,GROWTH_SLOW,5,EGG_MONSTER,EGG_MONSTER,1,1,HEADBUTT|CURSE|TOXIC|HIDDEN_POWER|SUNNY_DAY|SNORE|HYPER_BEAM|PROTECT|RAIN_DANCE|ENDURE|FRUSTRATION|EARTHQUAKE|RETURN|DIG|MUD_SLAP|DOUBLE_TEAM|SWAGGER|SLEEP_TALK|SANDSTORM|DETECT|REST|ATTRACT,60,26561bce161c0000,pokecrystal/data/pokemon/base_stats/pupitar.asm
248,tyranitar,TYRANITAR,2,100,134,110,61,95,100,ROCK,DARK,5,16,45,218,NO_ITEM,NO_ITEM,0,0,GENDER_F50,127,40,70,BASE_HAPPINESS,GROWTH_SLOW,5,EGG_MONSTER,EGG_MONSTER,1,1,DYNAMICPUNCH|HEADBUTT|CURSE|ROAR|TOXIC|ROCK_SMASH|HIDDEN_POWER|SUNNY_DAY|SNORE|HYPER_BEAM|PROTECT|RAIN_DANCE|ENDURE|FRUSTRATION|IRON_TAIL|DRAGONBREATH|EARTHQUAKE|RETURN|DIG|MUD_SLAP|DOUBLE_TEAM|SWAGGER|SLEEP_TALK|SANDSTORM|FIRE_BLAST|DETECT|REST|ATTRACT|FIRE_PUNCH|FURY_CUTTER|NIGHTMARE|CUT|SURF|STRENGTH|FLAMETHROWER|THUNDERBOLT|ICE_BEAM,60,b756dbce369c370e,pokecrystal/data/pokemon/base_stats/tyranitar.asm
249,lugia,LUGIA,2,106,90,130,110,90,154,PSYCHIC_TYPE,FLYING,13,2,3,220,NO_ITEM,NO_ITEM,0,0,GENDER_UNKNOWN,255,120,70,BASE_HAPPINESS,GROWTH_SLOW,5,EGG_NONE,EGG_NONE,15,15,HEADBUTT|CURSE|ROAR|TOXIC|ZAP_CANNON|ROCK_SMASH|PSYCH_UP|HIDDEN_POWER|SUNNY_DAY|SNORE|BLIZZARD|HYPER_BEAM|ICY_WIND|PROTECT|RAIN_DANCE|GIGA_DRAIN|ENDURE|FRUSTRATION|IRON_TAIL|DRAGONBREATH|THUNDER|EARTHQUAKE|RETURN|PSYCHIC_M|SHADOW_BALL|MUD_SLAP|DOUBLE_TEAM|SWAGGER|SLEEP_TALK|SANDSTORM|SWIFT|DREAM_EATER|DETECT|REST|STEEL_WING|NIGHTMARE|FLY|SURF|STRENGTH|WHIRLPOOL|WATERFALL|THUNDERBOLT|ICE_BEAM,60,f6f7dff7564eba0d,pokecrystal/data/pokemon/base_stats/lugia.asm
250,ho_oh,HO_OH,2,106,130,90,90,110,154,FIRE,FLYING,9,2,3,220,SACRED_ASH,SACRED_ASH,156,156,GENDER_UNKNOWN,255,120,70,BASE_HAPPINESS,GROWTH_SLOW,5,EGG_NONE,EGG_NONE,15,15,CURSE|ROAR|TOXIC|ZAP_CANNON|ROCK_SMASH|PSYCH_UP|HIDDEN_POWER|SUNNY_DAY|SNORE|HYPER_BEAM|PROTECT|RAIN_DANCE|GIGA_DRAIN|ENDURE|FRUSTRATION|SOLARBEAM|DRAGONBREATH|THUNDER|EARTHQUAKE|RETURN|PSYCHIC_M|SHADOW_BALL|MUD_SLAP|DOUBLE_TEAM|SWAGGER|SLEEP_TALK|SANDSTORM|FIRE_BLAST|SWIFT|DREAM_EATER|DETECT|REST|STEEL_WING|NIGHTMARE|FLY|STRENGTH|FLASH|FLAMETHROWER|THUNDERBOLT,60,f457bff7764e6a06,pokecrystal/data/pokemon/base_stats/ho_oh.asm
251,celebi,CELEBI,2,100,100,100,100,100,100,PSYCHIC_TYPE,GRASS,13,11,45,64,NO_ITEM,MIRACLEBERRY,0,109,GENDER_UNKNOWN,255,120,70,BASE_HAPPINESS,GROWTH_MEDIUM_SLOW,3,EGG_NONE,EGG_NONE,15,15,CURSE|TOXIC|PSYCH_UP|HIDDEN_POWER|SUNNY_DAY|SWEET_SCENT|SNORE|HYPER_BEAM|PROTECT|RAIN_DANCE|GIGA_DRAIN|ENDURE|FRUSTRATION|SOLARBEAM|RETURN|PSYCHIC_M|SHADOW_BALL|MUD_SLAP|DOUBLE_TEAM|SWAGGER|SLEEP_TALK|SANDSTORM|SWIFT|DEFENSE_CURL|DREAM_EATER|DETECT|REST|NIGHTMARE|FLASH,60,245f3ff4d60e4200,pokecrystal/data/pokemon/base_stats/celebi.asm
