national_dex,identifier,source_species_token,introduced_generation,hp,attack,defense,speed,sp_attack,sp_defense,type1_token,type2_token,type1_id,type2_id,catch_rate,base_exp,ev_hp,ev_attack,ev_defense,ev_speed,ev_sp_attack,ev_sp_defense,held_item_common,held_item_rare,gender_token,gender_threshold,hatch_cycles,friendship,growth_token,growth_id,egg_group1_token,egg_group2_token,egg_group1_id,egg_group2_id,ability1_token,ability2_token,ability1_id,ability2_id,safari_flee_rate,body_color_token,no_flip_token,source_path
1,bulbasaur,SPECIES_BULBASAUR,1,45,49,49,45,65,65,TYPE_GRASS,TYPE_POISON,11,3,45,64,0,0,0,0,1,0,ITEM_NONE,ITEM_NONE,PERCENT_FEMALE(12.5),31,20,70,GROWTH_MEDIUM_SLOW,3,EGG_GROUP_MONSTER,EGG_GROUP_GRASS,1,7,ABILITY_OVERGROW,ABILITY_NONE,65,0,0,BODY_COLOR_GREEN,FALSE,pokeemerald/src/data/pokemon/species_info.h
2,ivysaur,SPECIES_IVYSAUR,1,60,62,63,60,80,80,TYPE_GRASS,TYPE_POISON,11,3,45,141,0,0,0,0,1,1,ITEM_NONE,ITEM_NONE,PERCENT_FEMALE(12.5),31,20,70,GROWTH_MEDIUM_SLOW,3,EGG_GROUP_MONSTER,EGG_GROUP_GRASS,1,7,ABILITY_OVERGROW,ABILITY_NONE,65,0,0,BODY_COLOR_GREEN,FALSE,pokeemerald/src/data/pokemon/species_info.h
3,venusaur,SPECIES_VENUSAUR,1,80,82,83,80,100,100,TYPE_GRASS,TYPE_POISON,11,3,45,208,0,0,0,0,2,1,ITEM_NONE,ITEM_NONE,PERCENT_FEMALE(12.5),31,20,70,GROWTH_MEDIUM_SLOW,3,EGG_GROUP_MONSTER,EGG_GROUP_GRASS,1,7,ABILITY_OVERGROW,ABILITY_NONE,65,0,0,BODY_COLOR_GREEN,FALSE,pokeemerald/src/data/pokemon/species_info.h
4,charmander,SPECIES_CHARMANDER,1,39,52,43,65,60,50,TYPE_FIRE,TYPE_FIRE,9,9,45,65,0,0,0,1,0,0,ITEM_NONE,ITEM_NONE,PERCENT_FEMALE(12.5),31,20,70,GROWTH_MEDIUM_SLOW,3,EGG_GROUP_MONSTER,EGG_GROUP_DRAGON,1,14,ABILITY_BLAZE,ABILITY_NONE,66,0,0,BODY_COLOR_RED,FALSE,pokeemerald/src/data/pokemon/species_info.h
5,charmeleon,SPECIES_CHARMELEON,1,58,64,58,80,80,65,TYPE_FIRE,TYPE_FIRE,9,9,45,142,0,0,0,1,1,0,ITEM_NONE,ITEM_NONE,PERCENT_FEMALE(12.5),31,20,70,GROWTH_MEDIUM_SLOW,3,EGG_GROUP_MONSTER,EGG_GROUP_DRAGON,1,14,ABILITY_BLAZE,ABILITY_NONE,66,0,0,BODY_COLOR_RED,FALSE,pokeemerald/src/data/pokemon/species_info.h
6,charizard,SPECIES_CHARIZARD,1,78,84,78,100,109,85,TYPE_FIRE,TYPE_FLYING,9,2,45,209,0,0,0,0,3,0,ITEM_NONE,ITEM_NONE,PERCENT_FEMALE(12.5),31,20,70,GROWTH_MEDIUM_SLOW,3,EGG_GROUP_MONSTER,EGG_GROUP_DRAGON,1,14,ABILITY_BLAZE,ABILITY_NONE,66,0,0,BODY_COLOR_RED,FALSE,pokeemerald/src/data/pokemon/species_info.h
7,squirtle,SPECIES_SQUIRTLE,1,44,48,65,43,50,64,TYPE_WATER,TYPE_WATER,10,10,45,66,0,0,1,0,0,0,ITEM_NONE,ITEM_NONE,PERCENT_FEMALE(12.5),31,20,70,GROWTH_MEDIUM_SLOW,3,EGG_GROUP_MONSTER,EGG_GROUP_WATER_1,1,2,ABILITY_TORRENT,ABILITY_NONE,67,0,0,BODY_COLOR_BLUE,FALSE,pokeemerald/src/data/pokemon/species_info.h
8,wartortle,SPECIES_WARTORTLE,1,59,63,80,58,65,80,TYPE_WATER,TYPE_WATER,10,10,45,143,0,0,1,0,0,1,ITEM_NONE,ITEM_NONE,PERCENT_FEMALE(12.5),31,20,70,GROWTH_MEDIUM_SLOW,3,EGG_GROUP_MONSTER,EGG_GROUP_WATER_1,1,2,ABILITY_TORRENT,ABILITY_NONE,67,0,0,BODY_COLOR_BLUE,FALSE,pokeemerald/src/data/pokemon/species_info.h
9,blastoise,SPECIES_BLASTOISE,1,79,83,100,78,85,105,TYPE_WATER,TYPE_WATER,10,10,45,210,0,0,0,0,0,3,ITEM_NONE,ITEM_NONE,PERCENT_FEMALE(12.5),31,20,70,GROWTH_MEDIUM_SLOW,3,EGG_GROUP_MONSTER,EGG_GROUP_WATER_1,1,2,ABILITY_TORRENT,ABILITY_NONE,67,0,0,BODY_COLOR_BLUE,FALSE,pokeemerald/src/data/pokemon/species_info.h
10,caterpie,SPECIES_CATERPIE,1,45,30,35,45,20,20,TYPE_BUG,TYPE_BUG,6,6,255,53,1,0,0,0,0,0,ITEM_NONE,ITEM_NONE,PERCENT_FEMALE(50),127,15,70,GROWTH_MEDIUM_FAST,0,EGG_GROUP_BUG,EGG_GROUP_BUG,3,3,ABILITY_SHIELD_DUST,ABILITY_NONE,19,0,0,BODY_COLOR_GREEN,FALSE,pokeemerald/src/data/pokemon/species_info.h
11,metapod,SPECIES_METAPOD,1,50,20,55,30,25,25,TYPE_BUG,TYPE_BUG,6,6,120,72,0,0,2,0,0,0,ITEM_NONE,ITEM_NONE,PERCENT_FEMALE(50),127,15,70,GROWTH_MEDIUM_FAST,0,EGG_GROUP_BUG,EGG_GROUP_BUG,3,3,ABILITY_SHED_SKIN,ABILITY_NONE,61,0,0,BODY_COLOR_GREEN,FALSE,pokeemerald/src/data/pokemon/species_info.h
12,butterfree,SPECIES_BUTTERFREE,1,60,45,50,70,80,80,TYPE_BUG,TYPE_FLYING,6,2,45,160,0,0,0,0,2,1,ITEM_NONE,ITEM_SILVER_POWDER,PERCENT_FEMALE(50),127,15,70,GROWTH_MEDIUM_FAST,0,EGG_GROUP_BUG,EGG_GROUP_BUG,3,3,ABILITY_COMPOUND_EYES,ABILITY_NONE,14,0,0,BODY_COLOR_WHITE,FALSE,pokeemerald/src/data/pokemon/species_info.h
13,weedle,SPECIES_WEEDLE,1,40,35,30,50,20,20,TYPE_BUG,TYPE_POISON,6,3,255,52,0,0,0,1,0,0,ITEM_NONE,ITEM_NONE,PERCENT_FEMALE(50),127,15,70,GROWTH_MEDIUM_FAST,0,EGG_GROUP_BUG,EGG_GROUP_BUG,3,3,ABILITY_SHIELD_DUST,ABILITY_NONE,19,0,0,BODY_COLOR_BROWN,FALSE,pokeemerald/src/data/pokemon/species_info.h
14,kakuna,SPECIES_KAKUNA,1,45,25,50,35,25,25,TYPE_BUG,TYPE_POISON,6,3,120,71,0,0,2,0,0,0,ITEM_NONE,ITEM_NONE,PERCENT_FEMALE(50),127,15,70,GROWTH_MEDIUM_FAST,0,EGG_GROUP_BUG,EGG_GROUP_BUG,3,3,ABILITY_SHED_SKIN,ABILITY_NONE,61,0,0,BODY_COLOR_YELLOW,FALSE,pokeemerald/src/data/pokemon/species_info.h
15,beedrill,SPECIES_BEEDRILL,1,65,80,40,75,45,80,TYPE_BUG,TYPE_POISON,6,3,45,159,0,2,0,0,0,1,ITEM_NONE,ITEM_POISON_BARB,PERCENT_FEMALE(50),127,15,70,GROWTH_MEDIUM_FAST,0,EGG_GROUP_BUG,EGG_GROUP_BUG,3,3,ABILITY_SWARM,ABILITY_NONE,68,0,0,BODY_COLOR_YELLOW,FALSE,pokeemerald/src/data/pokemon/species_info.h
16,pidgey,SPECIES_PIDGEY,1,40,45,40,56,35,35,TYPE_NORMAL,TYPE_FLYING,0,2,255,55,0,0,0,1,0,0,ITEM_NONE,ITEM_NONE,PERCENT_FEMALE(50),127,15,70,GROWTH_MEDIUM_SLOW,3,EGG_GROUP_FLYING,EGG_GROUP_FLYING,4,4,ABILITY_KEEN_EYE,ABILITY_NONE,51,0,0,BODY_COLOR_BROWN,FALSE,pokeemerald/src/data/pokemon/species_info.h
17,pidgeotto,SPECIES_PIDGEOTTO,1,63,60,55,71,50,50,TYPE_NORMAL,TYPE_FLYING,0,2,120,113,0,0,0,2,0,0,ITEM_NONE,ITEM_NONE,PERCENT_FEMALE(50),127,15,70,GROWTH_MEDIUM_SLOW,3,EGG_GROUP_FLYING,EGG_GROUP_FLYING,4,4,ABILITY_KEEN_EYE,ABILITY_NONE,51,0,0,BODY_COLOR_BROWN,FALSE,pokeemerald/src/data/pokemon/species_info.h
18,pidgeot,SPECIES_PIDGEOT,1,83,80,75,91,70,70,TYPE_NORMAL,TYPE_FLYING,0,2,45,172,0,0,0,3,0,0,ITEM_NONE,ITEM_NONE,PERCENT_FEMALE(50),127,15,70,GROWTH_MEDIUM_SLOW,3,EGG_GROUP_FLYING,EGG_GROUP_FLYING,4,4,ABILITY_KEEN_EYE,ABILITY_NONE,51,0,0,BODY_COLOR_BROWN,FALSE,pokeemerald/src/data/pokemon/species_info.h
19,rattata,SPECIES_RATTATA,1,30,56,35,72,25,35,TYPE_NORMAL,TYPE_NORMAL,0,0,255,57,0,0,0,1,0,0,ITEM_NONE,ITEM_NONE,PERCENT_FEMALE(50),127,15,70,GROWTH_MEDIUM_FAST,0,EGG_GROUP_FIELD,EGG_GROUP_FIELD,5,5,ABILITY_RUN_AWAY,ABILITY_GUTS,50,62,0,BODY_COLOR_PURPLE,FALSE,pokeemerald/src/data/pokemon/species_info.h
20,raticate,SPECIES_RATICATE,1,55,81,60,97,50,70,TYPE_NORMAL,TYPE_NORMAL,0,0,127,116,0,0,0,2,0,0,ITEM_NONE,ITEM_NONE,PERCENT_FEMALE(50),127,15,70,GROWTH_MEDIUM_FAST,0,EGG_GROUP_FIELD,EGG_GROUP_FIELD,5,5,ABILITY_RUN_AWAY,ABILITY_GUTS,50,62,0,BODY_COLOR_BROWN,FALSE,pokeemerald/src/data/pokemon/species_info.h
21,spearow,SPECIES_SPEAROW,1,40,60,30,70,31,31,TYPE_NORMAL,TYPE_FLYING,0,2,255,58,0,0,0,1,0,0,ITEM_NONE,ITEM_NONE,PERCENT_FEMALE(50),127,15,70,GROWTH_MEDIUM_FAST,0,EGG_GROUP_FLYING,EGG_GROUP_FLYING,4,4,ABILITY_KEEN_EYE,ABILITY_NONE,51,0,0,BODY_COLOR_BROWN,FALSE,pokeemerald/src/data/pokemon/species_info.h
22,fearow,SPECIES_FEAROW,1,65,90,65,100,61,61,TYPE_NORMAL,TYPE_FLYING,0,2,90,162,0,0,0,2,0,0,ITEM_NONE,ITEM_SHARP_BEAK,PERCENT_FEMALE(50),127,15,70,GROWTH_MEDIUM_FAST,0,EGG_GROUP_FLYING,EGG_GROUP_FLYING,4,4,ABILITY_KEEN_EYE,ABILITY_NONE,51,0,0,BODY_COLOR_BROWN,FALSE,pokeemerald/src/data/pokemon/species_info.h
23,ekans,SPECIES_EKANS,1,35,60,44,55,40,54,TYPE_POISON,TYPE_POISON,3,3,255,62,0,1,0,0,0,0,ITEM_NONE,ITEM_NONE,PERCENT_FEMALE(50),127,20,70,GROWTH_MEDIUM_FAST,0,EGG_GROUP_FIELD,EGG_GROUP_DRAGON,5,14,ABILITY_INTIMIDATE,ABILITY_SHED_SKIN,22,61,0,BODY_COLOR_PURPLE,FALSE,pokeemerald/src/data/pokemon/species_info.h
24,arbok,SPECIES_ARBOK,1,60,85,69,80,65,79,TYPE_POISON,TYPE_POISON,3,3,90,147,0,2,0,0,0,0,ITEM_NONE,ITEM_NONE,PERCENT_FEMALE(50),127,20,70,GROWTH_MEDIUM_FAST,0,EGG_GROUP_FIELD,EGG_GROUP_DRAGON,5,14,ABILITY_INTIMIDATE,ABILITY_SHED_SKIN,22,61,0,BODY_COLOR_PURPLE,FALSE,pokeemerald/src/data/pokemon/species_info.h
25,pikachu,SPECIES_PIKACHU,1,35,55,30,90,50,40,TYPE_ELECTRIC,TYPE_ELECTRIC,12,12,190,82,0,0,0,2,0,0,ITEM_ORAN_BERRY,ITEM_LIGHT_BALL,PERCENT_FEMALE(50),127,10,70,GROWTH_MEDIUM_FAST,0,EGG_GROUP_FIELD,EGG_GROUP_FAIRY,5,6,ABILITY_STATIC,ABILITY_NONE,9,0,6,BODY_COLOR_YELLOW,FALSE,pokeemerald/src/data/pokemon/species_info.h
26,raichu,SPECIES_RAICHU,1,60,90,55,100,90,80,TYPE_ELECTRIC,TYPE_ELECTRIC,12,12,75,122,0,0,0,3,0,0,ITEM_NONE,ITEM_ORAN_BERRY,PERCENT_FEMALE(50),127,10,70,GROWTH_MEDIUM_FAST,0,EGG_GROUP_FIELD,EGG_GROUP_FAIRY,5,6,ABILITY_STATIC,ABILITY_NONE,9,0,0,BODY_COLOR_YELLOW,FALSE,pokeemerald/src/data/pokemon/species_info.h
27,sandshrew,SPECIES_SANDSHREW,1,50,75,85,40,20,30,TYPE_GROUND,TYPE_GROUND,4,4,255,93,0,0,1,0,0,0,ITEM_NONE,ITEM_QUICK_CLAW,PERCENT_FEMALE(50),127,20,70,GROWTH_MEDIUM_FAST,0,EGG_GROUP_FIELD,EGG_GROUP_FIELD,5,5,ABILITY_SAND_VEIL,ABILITY_NONE,8,0,0,BODY_COLOR_YELLOW,FALSE,pokeemerald/src/data/pokemon/species_info.h
28,sandslash,SPECIES_SANDSLASH,1,75,100,110,65,45,55,TYPE_GROUND,TYPE_GROUND,4,4,90,163,0,0,2,0,0,0,ITEM_NONE,ITEM_QUICK_CLAW,PERCENT_FEMALE(50),127,20,70,GROWTH_MEDIUM_FAST,0,EGG_GROUP_FIELD,EGG_GROUP_FIELD,5,5,ABILITY_SAND_VEIL,ABILITY_NONE,8,0,0,BODY_COLOR_YELLOW,FALSE,pokeemerald/src/data/pokemon/species_info.h
29,nidoran_f,SPECIES_NIDORAN_F,1,55,47,52,41,40,40,TYPE_POISON,TYPE_POISON,3,3,235,59,1,0,0,0,0,0,ITEM_NONE,ITEM_NONE,MON_FEMALE,254,20,70,GROWTH_MEDIUM_SLOW,3,EGG_GROUP_MONSTER,EGG_GROUP_FIELD,1,5,ABILITY_POISON_POINT,ABILITY_NONE,38,0,0,BODY_COLOR_BLUE,FALSE,pokeemerald/src/data/pokemon/species_info.h
30,nidorina,SPECIES_NIDORINA,1,70,62,67,56,55,55,TYPE_POISON,TYPE_POISON,3,3,120,117,2,0,0,0,0,0,ITEM_NONE,ITEM_NONE,MON_FEMALE,254,20,70,GROWTH_MEDIUM_SLOW,3,EGG_GROUP_NO_EGGS_DISCOVERED,EGG_GROUP_NO_EGGS_DISCOVERED,15,15,ABILITY_POISON_POINT,ABILITY_NONE,38,0,0,BODY_COLOR_BLUE,FALSE,pokeemerald/src/data/pokemon/species_info.h
31,nidoqueen,SPECIES_NIDOQUEEN,1,90,82,87,76,75,85,TYPE_POISON,TYPE_GROUND,3,4,45,194,3,0,0,0,0,0,ITEM_NONE,ITEM_NONE,MON_FEMALE,254,20,70,GROWTH_MEDIUM_SLOW,3,EGG_GROUP_NO_EGGS_DISCOVERED,EGG_GROUP_NO_EGGS_DISCOVERED,15,15,ABILITY_POISON_POINT,ABILITY_NONE,38,0,0,BODY_COLOR_BLUE,FALSE,pokeemerald/src/data/pokemon/species_info.h
32,nidoran_m,SPECIES_NIDORAN_M,1,46,57,40,50,40,40,TYPE_POISON,TYPE_POISON,3,3,235,60,0,1,0,0,0,0,ITEM_NONE,ITEM_NONE,MON_MALE,0,20,70,GROWTH_MEDIUM_SLOW,3,EGG_GROUP_MONSTER,EGG_GROUP_FIELD,1,5,ABILITY_POISON_POINT,ABILITY_NONE,38,0,0,BODY_COLOR_PURPLE,FALSE,pokeemerald/src/data/pokemon/species_info.h
33,nidorino,SPECIES_NIDORINO,1,61,72,57,65,55,55,TYPE_POISON,TYPE_POISON,3,3,120,118,0,2,0,0,0,0,ITEM_NONE,ITEM_NONE,MON_MALE,0,20,70,GROWTH_MEDIUM_SLOW,3,EGG_GROUP_MONSTER,EGG_GROUP_FIELD,1,5,ABILITY_POISON_POINT,ABILITY_NONE,38,0,0,BODY_COLOR_PURPLE,FALSE,pokeemerald/src/data/pokemon/species_info.h
34,nidoking,SPECIES_NIDOKING,1,81,92,77,85,85,75,TYPE_POISON,TYPE_GROUND,3,4,45,195,0,3,0,0,0,0,ITEM_NONE,ITEM_NONE,MON_MALE,0,20,70,GROWTH_MEDIUM_SLOW,3,EGG_GROUP_MONSTER,EGG_GROUP_FIELD,1,5,ABILITY_POISON_POINT,ABILITY_NONE,38,0,0,BODY_COLOR_PURPLE,FALSE,pokeemerald/src/data/pokemon/species_info.h
35,clefairy,SPECIES_CLEFAIRY,1,70,45,48,35,60,65,TYPE_NORMAL,TYPE_NORMAL,0,0,150,68,2,0,0,0,0,0,ITEM_LEPPA_BERRY,ITEM_MOON_STONE,PERCENT_FEMALE(75),191,10,140,GROWTH_FAST,4,EGG_GROUP_FAIRY,EGG_GROUP_FAIRY,6,6,ABILITY_CUTE_CHARM,ABILITY_NONE,56,0,0,BODY_COLOR_PINK,FALSE,pokeemerald/src/data/pokemon/species_info.h
36,clefable,SPECIES_CLEFABLE,1,95,70,73,60,85,90,TYPE_NORMAL,TYPE_NORMAL,0,0,25,129,3,0,0,0,0,0,ITEM_LEPPA_BERRY,ITEM_MOON_STONE,PERCENT_FEMALE(75),191,10,140,GROWTH_FAST,4,EGG_GROUP_FAIRY,EGG_GROUP_FAIRY,6,6,ABILITY_CUTE_CHARM,ABILITY_NONE,56,0,0,BODY_COLOR_PINK,FALSE,pokeemerald/src/data/pokemon/species_info.h
37,vulpix,SPECIES_VULPIX,1,38,41,40,65,50,65,TYPE_FIRE,TYPE_FIRE,9,9,190,63,0,0,0,1,0,0,ITEM_RAWST_BERRY,ITEM_RAWST_BERRY,PERCENT_FEMALE(75),191,20,70,GROWTH_MEDIUM_FAST,0,EGG_GROUP_FIELD,EGG_GROUP_FIELD,5,5,ABILITY_FLASH_FIRE,ABILITY_NONE,18,0,0,BODY_COLOR_BROWN,FALSE,pokeemerald/src/data/pokemon/species_info.h
38,ninetales,SPECIES_NINETALES,1,73,76,75,100,81,100,TYPE_FIRE,TYPE_FIRE,9,9,75,178,0,0,0,1,0,1,ITEM_RAWST_BERRY,ITEM_RAWST_BERRY,PERCENT_FEMALE(75),191,20,70,GROWTH_MEDIUM_FAST,0,EGG_GROUP_FIELD,EGG_GROUP_FIELD,5,5,ABILITY_FLASH_FIRE,ABILITY_NONE,18,0,0,BODY_COLOR_YELLOW,FALSE,pokeemerald/src/data/pokemon/species_info.h
39,jigglypuff,SPECIES_JIGGLYPUFF,1,115,45,20,20,45,25,TYPE_NORMAL,TYPE_NORMAL,0,0,170,76,2,0,0,0,0,0,ITEM_NONE,ITEM_NONE,PERCENT_FEMALE(75),191,10,70,GROWTH_FAST,4,EGG_GROUP_FAIRY,EGG_GROUP_FAIRY,6,6,ABILITY_CUTE_CHARM,ABILITY_NONE,56,0,0,BODY_COLOR_PINK,FALSE,pokeemerald/src/data/pokemon/species_info.h
40,wigglytuff,SPECIES_WIGGLYTUFF,1,140,70,45,45,75,50,TYPE_NORMAL,TYPE_NORMAL,0,0,50,109,3,0,0,0,0,0,ITEM_NONE,ITEM_NONE,PERCENT_FEMALE(75),191,10,70,GROWTH_FAST,4,EGG_GROUP_FAIRY,EGG_GROUP_FAIRY,6,6,ABILITY_CUTE_CHARM,ABILITY_NONE,56,0,0,BODY_COLOR_PINK,FALSE,pokeemerald/src/data/pokemon/species_info.h
41,zubat,SPECIES_ZUBAT,1,40,45,35,55,30,40,TYPE_POISON,TYPE_FLYING,3,2,255,54,0,0,0,1,0,0,ITEM_NONE,ITEM_NONE,PERCENT_FEMALE(50),127,15,70,GROWTH_MEDIUM_FAST,0,EGG_GROUP_FLYING,EGG_GROUP_FLYING,4,4,ABILITY_INNER_FOCUS,ABILITY_NONE,39,0,0,BODY_COLOR_PURPLE,FALSE,pokeemerald/src/data/pokemon/species_info.h
42,golbat,SPECIES_GOLBAT,1,75,80,70,90,65,75,TYPE_POISON,TYPE_FLYING,3,2,90,171,0,0,0,2,0,0,ITEM_NONE,ITEM_NONE,PERCENT_FEMALE(50),127,15,70,GROWTH_MEDIUM_FAST,0,EGG_GROUP_FLYING,EGG_GROUP_FLYING,4,4,ABILITY_INNER_FOCUS,ABILITY_NONE,39,0,0,BODY_COLOR_PURPLE,FALSE,pokeemerald/src/data/pokemon/species_info.h
43,oddish,SPECIES_ODDISH,1,45,50,55,30,75,65,TYPE_GRASS,TYPE_POISON,11,3,255,78,0,0,0,0,1,0,ITEM_NONE,ITEM_NONE,PERCENT_FEMALE(50),127,20,70,GROWTH_MEDIUM_SLOW,3,EGG_GROUP_GRASS,EGG_GROUP_GRASS,7,7,ABILITY_CHLOROPHYLL,ABILITY_NONE,34,0,4,BODY_COLOR_BLUE,FALSE,pokeemerald/src/data/pokemon/species_info.h
44,gloom,SPECIES_GLOOM,1,60,65,70,40,85,75,TYPE_GRASS,TYPE_POISON,11,3,120,132,0,0,0,0,2,0,ITEM_NONE,ITEM_NONE,PERCENT_FEMALE(50),127,20,70,GROWTH_MEDIUM_SLOW,3,EGG_GROUP_GRASS,EGG_GROUP_GRASS,7,7,ABILITY_CHLOROPHYLL,ABILITY_NONE,34,0,6,BODY_COLOR_BLUE,FALSE,pokeemerald/src/data/pokemon/species_info.h
45,vileplume,SPECIES_VILEPLUME,1,75,80,85,50,100,90,TYPE_GRASS,TYPE_POISON,11,3,45,184,0,0,0,0,3,0,ITEM_NONE,ITEM_NONE,PERCENT_FEMALE(50),127,20,70,GROWTH_MEDIUM_SLOW,3,EGG_GROUP_GRASS,EGG_GROUP_GRASS,7,7,ABILITY_CHLOROPHYLL,ABILITY_NONE,34,0,0,BODY_COLOR_RED,FALSE,pokeemerald/src/data/pokemon/species_info.h
46,paras,SPECIES_PARAS,1,35,70,55,25,45,55,TYPE_BUG,TYPE_GRASS,6,11,190,70,0,1,0,0,0,0,ITEM_TINY_MUSHROOM,ITEM_BIG_MUSHROOM,PERCENT_FEMALE(50),127,20,70,GROWTH_MEDIUM_FAST,0,EGG_GROUP_BUG,EGG_GROUP_GRASS,3,7,ABILITY_EFFECT_SPORE,ABILITY_NONE,27,0,0,BODY_COLOR_RED,FALSE,pokeemerald/src/data/pokemon/species_info.h
47,parasect,SPECIES_PARASECT,1,60,95,80,30,60,80,TYPE_BUG,TYPE_GRASS,6,11,75,128,0,2,1,0,0,0,ITEM_TINY_MUSHROOM,ITEM_BIG_MUSHROOM,PERCENT_FEMALE(50),127,20,70,GROWTH_MEDIUM_FAST,0,EGG_GROUP_BUG,EGG_GROUP_GRASS,3,7,ABILITY_EFFECT_SPORE,ABILITY_NONE,27,0,0,BODY_COLOR_RED,FALSE,pokeemerald/src/data/pokemon/species_info.h
48,venonat,SPECIES_VENONAT,1,60,55,50,45,40,55,TYPE_BUG,TYPE_POISON,6,3,190,75,0,0,0,0,0,1,ITEM_NONE,ITEM_NONE,PERCENT_FEMALE(50),127,20,70,GROWTH_MEDIUM_FAST,0,EGG_GROUP_BUG,EGG_GROUP_BUG,3,3,ABILITY_COMPOUND_EYES,ABILITY_NONE,14,0,0,BODY_COLOR_PURPLE,FALSE,pokeemerald/src/data/pokemon/species_info.h
49,venomoth,SPECIES_VENOMOTH,1,70,65,60,90,90,75,TYPE_BUG,TYPE_POISON,6,3,75,138,0,0,0,1,1,0,ITEM_NONE,ITEM_NONE,PERCENT_FEMALE(50),127,20,70,GROWTH_MEDIUM_FAST,0,EGG_GROUP_BUG,EGG_GROUP_BUG,3,3,ABILITY_SHIELD_DUST,ABILITY_NONE,19,0,0,BODY_COLOR_PURPLE,FALSE,pokeemerald/src/data/pokemon/species_info.h
50,diglett,SPECIES_DIGLETT,1,10,55,25,95,35,45,TYPE_GROUND,TYPE_GROUND,4,4,255,81,0,0,0,1,0,0,ITEM_NONE,ITEM_NONE,PERCENT_FEMALE(50),127,20,70,GROWTH_MEDIUM_FAST,0,EGG_GROUP_FIELD,EGG_GROUP_FIELD,5,5,ABILITY_SAND_VEIL,ABILITY_ARENA_TRAP,8,71,0,BODY_COLOR_BROWN,FALSE,pokeemerald/src/data/pokemon/species_info.h
51,dugtrio,SPECIES_DUGTRIO,1,35,80,50,120,50,70,TYPE_GROUND,TYPE_GROUND,4,4,50,153,0,0,0,2,0,0,ITEM_NONE,ITEM_NONE,PERCENT_FEMALE(50),127,20,70,GROWTH_MEDIUM_FAST,0,EGG_GROUP_FIELD,EGG_GROUP_FIELD,5,5,ABILITY_SAND_VEIL,ABILITY_ARENA_TRAP,8,71,0,BODY_COLOR_BROWN,FALSE,pokeemerald/src/data/pokemon/species_info.h
52,meowth,SPECIES_MEOWTH,1,40,45,35,90,40,40,TYPE_NORMAL,TYPE_NORMAL,0,0,255,69,0,0,0,1,0,0,ITEM_NONE,ITEM_NONE,PERCENT_FEMALE(50),127,20,70,GROWTH_MEDIUM_FAST,0,EGG_GROUP_FIELD,EGG_GROUP_FIELD,5,5,ABILITY_PICKUP,ABILITY_NONE,53,0,0,BODY_COLOR_YELLOW,FALSE,pokeemerald/src/data/pokemon/species_info.h
53,persian,SPECIES_PERSIAN,1,65,70,60,115,65,65,TYPE_NORMAL,TYPE_NORMAL,0,0,90,148,0,0,0,2,0,0,ITEM_NONE,ITEM_NONE,PERCENT_FEMALE(50),127,20,70,GROWTH_MEDIUM_FAST,0,EGG_GROUP_FIELD,EGG_GROUP_FIELD,5,5,ABILITY_LIMBER,ABILITY_NONE,7,0,0,BODY_COLOR_YELLOW,FALSE,pokeemerald/src/data/pokemon/species_info.h
54,psyduck,SPECIES_PSYDUCK,1,50,52,48,55,65,50,TYPE_WATER,TYPE_WATER,10,10,190,80,0,0,0,0,1,0,ITEM_NONE,ITEM_NONE,PERCENT_FEMALE(50),127,20,70,GROWTH_MEDIUM_FAST,0,EGG_GROUP_WATER_1,EGG_GROUP_FIELD,2,5,ABILITY_DAMP,ABILITY_CLOUD_NINE,6,13,6,BODY_COLOR_YELLOW,FALSE,pokeemerald/src/data/pokemon/species_info.h
55,golduck,SPECIES_GOLDUCK,1,80,82,78,85,95,80,TYPE_WATER,TYPE_WATER,10,10,75,174,0,0,0,0,2,0,ITEM_NONE,ITEM_NONE,PERCENT_FEMALE(50),127,20,70,GROWTH_MEDIUM_FAST,0,EGG_GROUP_WATER_1,EGG_GROUP_FIELD,2,5,ABILITY_DAMP,ABILITY_CLOUD_NINE,6,13,8,BODY_COLOR_BLUE,FALSE,pokeemerald/src/data/pokemon/species_info.h
56,mankey,SPECIES_MANKEY,1,40,80,35,70,35,45,TYPE_FIGHTING,TYPE_FIGHTING,1,1,190,74,0,1,0,0,0,0,ITEM_NONE,ITEM_NONE,PERCENT_FEMALE(50),127,20,70,GROWTH_MEDIUM_FAST,0,EGG_GROUP_FIELD,EGG_GROUP_FIELD,5,5,ABILITY_VITAL_SPIRIT,ABILITY_NONE,72,0,0,BODY_COLOR_BROWN,FALSE,pokeemerald/src/data/pokemon/species_info.h
57,primeape,SPECIES_PRIMEAPE,1,65,105,60,95,60,70,TYPE_FIGHTING,TYPE_FIGHTING,1,1,75,149,0,2,0,0,0,0,ITEM_NONE,ITEM_NONE,PERCENT_FEMALE(50),127,20,70,GROWTH_MEDIUM_FAST,0,EGG_GROUP_FIELD,EGG_GROUP_FIELD,5,5,ABILITY_VITAL_SPIRIT,ABILITY_NONE,72,0,0,BODY_COLOR_BROWN,FALSE,pokeemerald/src/data/pokemon/species_info.h
58,growlithe,SPECIES_GROWLITHE,1,55,70,45,60,70,50,TYPE_FIRE,TYPE_FIRE,9,9,190,91,0,1,0,0,0,0,ITEM_RAWST_BERRY,ITEM_RAWST_BERRY,PERCENT_FEMALE(25),63,20,70,GROWTH_SLOW,5,EGG_GROUP_FIELD,EGG_GROUP_FIELD,5,5,ABILITY_INTIMIDATE,ABILITY_FLASH_FIRE,22,18,0,BODY_COLOR_BROWN,FALSE,pokeemerald/src/data/pokemon/species_info.h
59,arcanine,SPECIES_ARCANINE,1,90,110,80,95,100,80,TYPE_FIRE,TYPE_FIRE,9,9,75,213,0,2,0,0,0,0,ITEM_RAWST_BERRY,ITEM_RAWST_BERRY,PERCENT_FEMALE(25),63,20,70,GROWTH_SLOW,5,EGG_GROUP_FIELD,EGG_GROUP_FIELD,5,5,ABILITY_INTIMIDATE,ABILITY_FLASH_FIRE,22,18,0,BODY_COLOR_BROWN,FALSE,pokeemerald/src/data/pokemon/species_info.h
60,poliwag,SPECIES_POLIWAG,1,40,50,40,90,40,40,TYPE_WATER,TYPE_WATER,10,10,255,77,0,0,0,1,0,0,ITEM_NONE,ITEM_NONE,PERCENT_FEMALE(50),127,20,70,GROWTH_MEDIUM_SLOW,3,EGG_GROUP_WATER_1,EGG_GROUP_WATER_1,2,2,ABILITY_WATER_ABSORB,ABILITY_DAMP,11,6,0,BODY_COLOR_BLUE,TRUE,pokeemerald/src/data/pokemon/species_info.h
61,poliwhirl,SPECIES_POLIWHIRL,1,65,65,65,90,50,50,TYPE_WATER,TYPE_WATER,10,10,120,131,0,0,0,2,0,0,ITEM_NONE,ITEM_KINGS_ROCK,PERCENT_FEMALE(50),127,20,70,GROWTH_MEDIUM_SLOW,3,EGG_GROUP_WATER_1,EGG_GROUP_WATER_1,2,2,ABILITY_WATER_ABSORB,ABILITY_DAMP,11,6,0,BODY_COLOR_BLUE,TRUE,pokeemerald/src/data/pokemon/species_info.h
62,poliwrath,SPECIES_POLIWRATH,1,90,85,95,70,70,90,TYPE_WATER,TYPE_FIGHTING,10,1,45,185,0,0,3,0,0,0,ITEM_NONE,ITEM_KINGS_ROCK,PERCENT_FEMALE(50),127,20,70,GROWTH_MEDIUM_SLOW,3,EGG_GROUP_WATER_1,EGG_GROUP_WATER_1,2,2,ABILITY_WATER_ABSORB,ABILITY_DAMP,11,6,0,BODY_COLOR_BLUE,TRUE,pokeemerald/src/data/pokemon/species_info.h
63,abra,SPECIES_ABRA,1,25,20,15,90,105,55,TYPE_PSYCHIC,TYPE_PSYCHIC,13,13,200,73,0,0,0,0,1,0,ITEM_NONE,ITEM_TWISTED_SPOON,PERCENT_FEMALE(25),63,20,70,GROWTH_MEDIUM_SLOW,3,EGG_GROUP_HUMAN_LIKE,EGG_GROUP_HUMAN_LIKE,8,8,ABILITY_SYNCHRONIZE,ABILITY_INNER_FOCUS,28,39,0,BODY_COLOR_BROWN,FALSE,pokeemerald/src/data/pokemon/species_info.h
64,kadabra,SPECIES_KADABRA,1,40,35,30,105,120,70,TYPE_PSYCHIC,TYPE_PSYCHIC,13,13,100,145,0,0,0,0,2,0,ITEM_NONE,ITEM_TWISTED_SPOON,PERCENT_FEMALE(25),63,20,70,GROWTH_MEDIUM_SLOW,3,EGG_GROUP_HUMAN_LIKE,EGG_GROUP_HUMAN_LIKE,8,8,ABILITY_SYNCHRONIZE,ABILITY_INNER_FOCUS,28,39,0,BODY_COLOR_BROWN,FALSE,pokeemerald/src/data/pokemon/species_info.h
65,alakazam,SPECIES_ALAKAZAM,1,55,50,45,120,135,85,TYPE_PSYCHIC,TYPE_PSYCHIC,13,13,50,186,0,0,0,0,3,0,ITEM_NONE,ITEM_TWISTED_SPOON,PERCENT_FEMALE(25),63,20,70,GROWTH_MEDIUM_SLOW,3,EGG_GROUP_HUMAN_LIKE,EGG_GROUP_HUMAN_LIKE,8,8,ABILITY_SYNCHRONIZE,ABILITY_INNER_FOCUS,28,39,0,BODY_COLOR_BROWN,FALSE,pokeemerald/src/data/pokemon/species_info.h
66,machop,SPECIES_MACHOP,1,70,80,50,35,35,35,TYPE_FIGHTING,TYPE_FIGHTING,1,1,180,88,0,1,0,0,0,0,ITEM_NONE,ITEM_NONE,PERCENT_FEMALE(25),63,20,70,GROWTH_MEDIUM_SLOW,3,EGG_GROUP_HUMAN_LIKE,EGG_GROUP_HUMAN_LIKE,8,8,ABILITY_GUTS,ABILITY_NONE,62,0,0,BODY_COLOR_GRAY,FALSE,pokeemerald/src/data/pokemon/species_info.h
67,machoke,SPECIES_MACHOKE,1,80,100,70,45,50,60,TYPE_FIGHTING,TYPE_FIGHTING,1,1,90,146,0,2,0,0,0,0,ITEM_NONE,ITEM_NONE,PERCENT_FEMALE(25),63,20,70,GROWTH_MEDIUM_SLOW,3,EGG_GROUP_HUMAN_LIKE,EGG_GROUP_HUMAN_LIKE,8,8,ABILITY_GUTS,ABILITY_NONE,62,0,0,BODY_COLOR_GRAY,FALSE,pokeemerald/src/data/pokemon/species_info.h
68,machamp,SPECIES_MACHAMP,1,90,130,80,55,65,85,TYPE_FIGHTING,TYPE_FIGHTING,1,1,45,193,0,3,0,0,0,0,ITEM_NONE,ITEM_NONE,PERCENT_FEMALE(25),63,20,70,GROWTH_MEDIUM_SLOW,3,EGG_GROUP_HUMAN_LIKE,EGG_GROUP_HUMAN_LIKE,8,8,ABILITY_GUTS,ABILITY_NONE,62,0,0,BODY_COLOR_GRAY,FALSE,pokeemerald/src/data/pokemon/species_info.h
69,bellsprout,SPECIES_BELLSPROUT,1,50,75,35,40,70,30,TYPE_GRASS,TYPE_POISON,11,3,255,84,0,1,0,0,0,0,ITEM_NONE,ITEM_NONE,PERCENT_FEMALE(50),127,20,70,GROWTH_MEDIUM_SLOW,3,EGG_GROUP_GRASS,EGG_GROUP_GRASS,7,7,ABILITY_CHLOROPHYLL,ABILITY_NONE,34,0,0,BODY_COLOR_GREEN,FALSE,pokeemerald/src/data/pokemon/species_info.h
70,weepinbell,SPECIES_WEEPINBELL,1,65,90,50,55,85,45,TYPE_GRASS,TYPE_POISON,11,3,120,151,0,2,0,0,0,0,ITEM_NONE,ITEM_NONE,PERCENT_FEMALE(50),127,20,70,GROWTH_MEDIUM_SLOW,3,EGG_GROUP_GRASS,EGG_GROUP_GRASS,7,7,ABILITY_CHLOROPHYLL,ABILITY_NONE,34,0,0,BODY_COLOR_GREEN,FALSE,pokeemerald/src/data/pokemon/species_info.h
71,victreebel,SPECIES_VICTREEBEL,1,80,105,65,70,100,60,TYPE_GRASS,TYPE_POISON,11,3,45,191,0,3,0,0,0,0,ITEM_NONE,ITEM_NONE,PERCENT_FEMALE(50),127,20,70,GROWTH_MEDIUM_SLOW,3,EGG_GROUP_GRASS,EGG_GROUP_GRASS,7,7,ABILITY_CHLOROPHYLL,ABILITY_NONE,34,0,0,BODY_COLOR_GREEN,FALSE,pokeemerald/src/data/pokemon/species_info.h
72,tentacool,SPECIES_TENTACOOL,1,40,40,35,70,50,100,TYPE_WATER,TYPE_POISON,10,3,190,105,0,0,0,0,0,1,ITEM_NONE,ITEM_NONE,PERCENT_FEMALE(50),127,20,70,GROWTH_SLOW,5,EGG_GROUP_WATER_3,EGG_GROUP_WATER_3,9,9,ABILITY_CLEAR_BODY,ABILITY_LIQUID_OOZE,29,64,0,BODY_COLOR_BLUE,FALSE,pokeemerald/src/data/pokemon/species_info.h
73,tentacruel,SPECIES_TENTACRUEL,1,80,70,65,100,80,120,TYPE_WATER,TYPE_POISON,10,3,60,205,0,0,0,0,0,2,ITEM_NONE,ITEM_NONE,PERCENT_FEMALE(50),127,20,70,GROWTH_SLOW,5,EGG_GROUP_WATER_3,EGG_GROUP_WATER_3,9,9,ABILITY_CLEAR_BODY,ABILITY_LIQUID_OOZE,29,64,0,BODY_COLOR_BLUE,FALSE,pokeemerald/src/data/pokemon/species_info.h
74,geodude,SPECIES_GEODUDE,1,40,80,100,20,30,30,TYPE_ROCK,TYPE_GROUND,5,4,255,86,0,0,1,0,0,0,ITEM_NONE,ITEM_EVERSTONE,PERCENT_FEMALE(50),127,15,70,GROWTH_MEDIUM_SLOW,3,EGG_GROUP_MINERAL,EGG_GROUP_MINERAL,10,10,ABILITY_ROCK_HEAD,ABILITY_STURDY,69,5,4,BODY_COLOR_BROWN,FALSE,pokeemerald/src/data/pokemon/species_info.h
75,graveler,SPECIES_GRAVELER,1,55,95,115,35,45,45,TYPE_ROCK,TYPE_GROUND,5,4,120,134,0,0,2,0,0,0,ITEM_NONE,ITEM_EVERSTONE,PERCENT_FEMALE(50),127,15,70,GROWTH_MEDIUM_SLOW,3,EGG_GROUP_MINERAL,EGG_GROUP_MINERAL,10,10,ABILITY_ROCK_HEAD,ABILITY_STURDY,69,5,0,BODY_COLOR_BROWN,FALSE,pokeemerald/src/data/pokemon/species_info.h
76,golem,SPECIES_GOLEM,1,80,110,130,45,55,65,TYPE_ROCK,TYPE_GROUND,5,4,45,177,0,0,3,0,0,0,ITEM_NONE,ITEM_EVERSTONE,PERCENT_FEMALE(50),127,15,70,GROWTH_MEDIUM_SLOW,3,EGG_GROUP_MINERAL,EGG_GROUP_MINERAL,10,10,ABILITY_ROCK_HEAD,ABILITY_STURDY,69,5,0,BODY_COLOR_BROWN,FALSE,pokeemerald/src/data/pokemon/species_info.h
77,ponyta,SPECIES_PONYTA,1,50,85,55,90,65,65,TYPE_FIRE,TYPE_FIRE,9,9,190,152,0,0,0,1,0,0,ITEM_NONE,ITEM_NONE,PERCENT_FEMALE(50),127,20,70,GROWTH_MEDIUM_FAST,0,EGG_GROUP_FIELD,EGG_GROUP_FIELD,5,5,ABILITY_RUN_AWAY,ABILITY_FLASH_FIRE,50,18,0,BODY_COLOR_YELLOW,FALSE,pokeemerald/src/data/pokemon/species_info.h
78,rapidash,SPECIES_RAPIDASH,1,65,100,70,105,80,80,TYPE_FIRE,TYPE_FIRE,9,9,60,192,0,0,0,2,0,0,ITEM_NONE,ITEM_NONE,PERCENT_FEMALE(50),127,20,70,GROWTH_MEDIUM_FAST,0,EGG_GROUP_FIELD,EGG_GROUP_FIELD,5,5,ABILITY_RUN_AWAY,ABILITY_FLASH_FIRE,50,18,0,BODY_COLOR_YELLOW,FALSE,pokeemerald/src/data/pokemon/species_info.h
79,slowpoke,SPECIES_SLOWPOKE,1,90,65,65,15,40,40,TYPE_WATER,TYPE_PSYCHIC,10,13,190,99,1,0,0,0,0,0,ITEM_NONE,ITEM_KINGS_ROCK,PERCENT_FEMALE(50),127,20,70,GROWTH_MEDIUM_FAST,0,EGG_GROUP_MONSTER,EGG_GROUP_WATER_1,1,2,ABILITY_OBLIVIOUS,ABILITY_OWN_TEMPO,12,20,0,BODY_COLOR_PINK,FALSE,pokeemerald/src/data/pokemon/species_info.h
80,slowbro,SPECIES_SLOWBRO,1,95,75,110,30,100,80,TYPE_WATER,TYPE_PSYCHIC,10,13,75,164,0,0,2,0,0,0,ITEM_NONE,ITEM_KINGS_ROCK,PERCENT_FEMALE(50),127,20,70,GROWTH_MEDIUM_FAST,0,EGG_GROUP_MONSTER,EGG_GROUP_WATER_1,1,2,ABILITY_OBLIVIOUS,ABILITY_OWN_TEMPO,12,20,0,BODY_COLOR_PINK,FALSE,pokeemerald/src/data/pokemon/species_info.h
81,magnemite,SPECIES_MAGNEMITE,1,25,35,70,45,95,55,TYPE_ELECTRIC,TYPE_STEEL,12,8,190,89,0,0,0,0,1,0,ITEM_NONE,ITEM_METAL_COAT,MON_GENDERLESS,255,20,70,GROWTH_MEDIUM_FAST,0,EGG_GROUP_MINERAL,EGG_GROUP_MINERAL,10,10,ABILITY_MAGNET_PULL,ABILITY_STURDY,42,5,0,BODY_COLOR_GRAY,FALSE,pokeemerald/src/data/pokemon/species_info.h
82,magneton,SPECIES_MAGNETON,1,50,60,95,70,120,70,TYPE_ELECTRIC,TYPE_STEEL,12,8,60,161,0,0,0,0,2,0,ITEM_NONE,ITEM_METAL_COAT,MON_GENDERLESS,255,20,70,GROWTH_MEDIUM_FAST,0,EGG_GROUP_MINERAL,EGG_GROUP_MINERAL,10,10,ABILITY_MAGNET_PULL,ABILITY_STURDY,42,5,0,BODY_COLOR_GRAY,FALSE,pokeemerald/src/data/pokemon/species_info.h
83,farfetchd,SPECIES_FARFETCHD,1,52,65,55,60,58,62,TYPE_NORMAL,TYPE_FLYING,0,2,45,94,0,1,0,0,0,0,ITEM_NONE,ITEM_STICK,PERCENT_FEMALE(50),127,20,70,GROWTH_MEDIUM_FAST,0,EGG_GROUP_FLYING,EGG_GROUP_FIELD,4,5,ABILITY_KEEN_EYE,ABILITY_INNER_FOCUS,51,39,0,BODY_COLOR_BROWN,FALSE,pokeemerald/src/data/pokemon/species_info.h
84,doduo,SPECIES_DODUO,1,35,85,45,75,35,35,TYPE_NORMAL,TYPE_FLYING,0,2,190,96,0,1,0,0,0,0,ITEM_NONE,ITEM_SHARP_BEAK,PERCENT_FEMALE(50),127,20,70,GROWTH_MEDIUM_FAST,0,EGG_GROUP_FLYING,EGG_GROUP_FLYING,4,4,ABILITY_RUN_AWAY,ABILITY_EARLY_BIRD,50,48,8,BODY_COLOR_BROWN,FALSE,pokeemerald/src/data/pokemon/species_info.h
85,dodrio,SPECIES_DODRIO,1,60,110,70,100,60,60,TYPE_NORMAL,TYPE_FLYING,0,2,45,158,0,2,0,0,0,0,ITEM_NONE,ITEM_SHARP_BEAK,PERCENT_FEMALE(50),127,20,70,GROWTH_MEDIUM_FAST,0,EGG_GROUP_FLYING,EGG_GROUP_FLYING,4,4,ABILITY_RUN_AWAY,ABILITY_EARLY_BIRD,50,48,10,BODY_COLOR_BROWN,FALSE,pokeemerald/src/data/pokemon/species_info.h
86,seel,SPECIES_SEEL,1,65,45,55,45,45,70,TYPE_WATER,TYPE_WATER,10,10,190,100,0,0,0,0,0,1,ITEM_NONE,ITEM_NONE,PERCENT_FEMALE(50),127,20,70,GROWTH_MEDIUM_FAST,0,EGG_GROUP_WATER_1,EGG_GROUP_FIELD,2,5,ABILITY_THICK_FAT,ABILITY_NONE,47,0,0,BODY_COLOR_WHITE,FALSE,pokeemerald/src/data/pokemon/species_info.h
87,dewgong,SPECIES_DEWGONG,1,90,70,80,70,70,95,TYPE_WATER,TYPE_ICE,10,14,75,176,0,0,0,0,0,2,ITEM_NONE,ITEM_NONE,PERCENT_FEMALE(50),127,20,70,GROWTH_MEDIUM_FAST,0,EGG_GROUP_WATER_1,EGG_GROUP_FIELD,2,5,ABILITY_THICK_FAT,ABILITY_NONE,47,0,0,BODY_COLOR_WHITE,FALSE,pokeemerald/src/data/pokemon/species_info.h
88,grimer,SPECIES_GRIMER,1,80,80,50,25,40,50,TYPE_POISON,TYPE_POISON,3,3,190,90,1,0,0,0,0,0,ITEM_NONE,ITEM_NUGGET,PERCENT_FEMALE(50),127,20,70,GROWTH_MEDIUM_FAST,0,EGG_GROUP_AMORPHOUS,EGG_GROUP_AMORPHOUS,11,11,ABILITY_STENCH,ABILITY_STICKY_HOLD,1,60,0,BODY_COLOR_PURPLE,FALSE,pokeemerald/src/data/pokemon/species_info.h
89,muk,SPECIES_MUK,1,105,105,75,50,65,100,TYPE_POISON,TYPE_POISON,3,3,75,157,1,1,0,0,0,0,ITEM_NONE,ITEM_NUGGET,PERCENT_FEMALE(50),127,20,70,GROWTH_MEDIUM_FAST,0,EGG_GROUP_AMORPHOUS,EGG_GROUP_AMORPHOUS,11,11,ABILITY_STENCH,ABILITY_STICKY_HOLD,1,60,0,BODY_COLOR_PURPLE,FALSE,pokeemerald/src/data/pokemon/species_info.h
90,shellder,SPECIES_SHELLDER,1,30,65,100,40,45,25,TYPE_WATER,TYPE_WATER,10,10,190,97,0,0,1,0,0,0,ITEM_PEARL,ITEM_BIG_PEARL,PERCENT_FEMALE(50),127,20,70,GROWTH_SLOW,5,EGG_GROUP_WATER_3,EGG_GROUP_WATER_3,9,9,ABILITY_SHELL_ARMOR,ABILITY_NONE,75,0,0,BODY_COLOR_PURPLE,FALSE,pokeemerald/src/data/pokemon/species_info.h
91,cloyster,SPECIES_CLOYSTER,1,50,95,180,70,85,45,TYPE_WATER,TYPE_ICE,10,14,60,203,0,0,2,0,0,0,ITEM_PEARL,ITEM_BIG_PEARL,PERCENT_FEMALE(50),127,20,70,GROWTH_SLOW,5,EGG_GROUP_WATER_3,EGG_GROUP_WATER_3,9,9,ABILITY_SHELL_ARMOR,ABILITY_NONE,75,0,0,BODY_COLOR_PURPLE,FALSE,pokeemerald/src/data/pokemon/species_info.h
92,gastly,SPECIES_GASTLY,1,30,35,30,80,100,35,TYPE_GHOST,TYPE_POISON,7,3,190,95,0,0,0,0,1,0,ITEM_NONE,ITEM_NONE,PERCENT_FEMALE(50),127,20,70,GROWTH_MEDIUM_SLOW,3,EGG_GROUP_AMORPHOUS,EGG_GROUP_AMORPHOUS,11,11,ABILITY_LEVITATE,ABILITY_NONE,26,0,0,BODY_COLOR_PURPLE,FALSE,pokeemerald/src/data/pokemon/species_info.h
93,haunter,SPECIES_HAUNTER,1,45,50,45,95,115,55,TYPE_GHOST,TYPE_POISON,7,3,90,126,0,0,0,0,2,0,ITEM_NONE,ITEM_NONE,PERCENT_FEMALE(50),127,20,70,GROWTH_MEDIUM_SLOW,3,EGG_GROUP_AMORPHOUS,EGG_GROUP_AMORPHOUS,11,11,ABILITY_LEVITATE,ABILITY_NONE,26,0,0,BODY_COLOR_PURPLE,FALSE,pokeemerald/src/data/pokemon/species_info.h
94,gengar,SPECIES_GENGAR,1,60,65,60,110,130,75,TYPE_GHOST,TYPE_POISON,7,3,45,190,0,0,0,0,3,0,ITEM_NONE,ITEM_NONE,PERCENT_FEMALE(50),127,20,70,GROWTH_MEDIUM_SLOW,3,EGG_GROUP_AMORPHOUS,EGG_GROUP_AMORPHOUS,11,11,ABILITY_LEVITATE,ABILITY_NONE,26,0,0,BODY_COLOR_PURPLE,FALSE,pokeemerald/src/data/pokemon/species_info.h
95,onix,SPECIES_ONIX,1,35,45,160,70,30,45,TYPE_ROCK,TYPE_GROUND,5,4,45,108,0,0,1,0,0,0,ITEM_NONE,ITEM_NONE,PERCENT_FEMALE(50),127,25,70,GROWTH_MEDIUM_FAST,0,EGG_GROUP_MINERAL,EGG_GROUP_MINERAL,10,10,ABILITY_ROCK_HEAD,ABILITY_STURDY,69,5,0,BODY_COLOR_GRAY,FALSE,pokeemerald/src/data/pokemon/species_info.h
96,drowzee,SPECIES_DROWZEE,1,60,48,45,42,43,90,TYPE_PSYCHIC,TYPE_PSYCHIC,13,13,190,102,0,0,0,0,0,1,ITEM_NONE,ITEM_NONE,PERCENT_FEMALE(50),127,20,70,GROWTH_MEDIUM_FAST,0,EGG_GROUP_HUMAN_LIKE,EGG_GROUP_HUMAN_LIKE,8,8,ABILITY_INSOMNIA,ABILITY_NONE,15,0,0,BODY_COLOR_YELLOW,FALSE,pokeemerald/src/data/pokemon/species_info.h
97,hypno,SPECIES_HYPNO,1,85,73,70,67,73,115,TYPE_PSYCHIC,TYPE_PSYCHIC,13,13,75,165,0,0,0,0,0,2,ITEM_NONE,ITEM_NONE,PERCENT_FEMALE(50),127,20,70,GROWTH_MEDIUM_FAST,0,EGG_GROUP_HUMAN_LIKE,EGG_GROUP_HUMAN_LIKE,8,8,ABILITY_INSOMNIA,ABILITY_NONE,15,0,0,BODY_COLOR_YELLOW,FALSE,pokeemerald/src/data/pokemon/species_info.h
98,krabby,SPECIES_KRABBY,1,30,105,90,50,25,25,TYPE_WATER,TYPE_WATER,10,10,225,115,0,1,0,0,0,0,ITEM_NONE,ITEM_NONE,PERCENT_FEMALE(50),127,20,70,GROWTH_MEDIUM_FAST,0,EGG_GROUP_WATER_3,EGG_GROUP_WATER_3,9,9,ABILITY_HYPER_CUTTER,ABILITY_SHELL_ARMOR,52,75,0,BODY_COLOR_RED,FALSE,pokeemerald/src/data/pokemon/species_info.h
99,kingler,SPECIES_KINGLER,1,55,130,115,75,50,50,TYPE_WATER,TYPE_WATER,10,10,60,206,0,2,0,0,0,0,ITEM_NONE,ITEM_NONE,PERCENT_FEMALE(50),127,20,70,GROWTH_MEDIUM_FAST,0,EGG_GROUP_WATER_3,EGG_GROUP_WATER_3,9,9,ABILITY_HYPER_CUTTER,ABILITY_SHELL_ARMOR,52,75,0,BODY_COLOR_RED,TRUE,pokeemerald/src/data/pokemon/species_info.h
100,voltorb,SPECIES_VOLTORB,1,40,30,50,100,55,55,TYPE_ELECTRIC,TYPE_ELECTRIC,12,12,190,103,0,0,0,1,0,0,ITEM_NONE,ITEM_NONE,MON_GENDERLESS,255,20,70,GROWTH_MEDIUM_FAST,0,EGG_GROUP_MINERAL,EGG_GROUP_MINERAL,10,10,ABILITY_SOUNDPROOF,ABILITY_STATIC,43,9,0,BODY_COLOR_RED,FALSE,pokeemerald/src/data/pokemon/species_info.h
101,electrode,SPECIES_ELECTRODE,1,60,50,70,140,80,80,TYPE_ELECTRIC,TYPE_ELECTRIC,12,12,60,150,0,0,0,2,0,0,ITEM_NONE,ITEM_NONE,MON_GENDERLESS,255,20,70,GROWTH_MEDIUM_FAST,0,EGG_GROUP_MINERAL,EGG_GROUP_MINERAL,10,10,ABILITY_SOUNDPROOF,ABILITY_STATIC,43,9,0,BODY_COLOR_RED,FALSE,pokeemerald/src/data/pokemon/species_info.h
102,exeggcute,SPECIES_EXEGGCUTE,1,60,40,80,40,60,45,TYPE_GRASS,TYPE_PSYCHIC,11,13,90,98,0,0,1,0,0,0,ITEM_NONE,ITEM_NONE,PERCENT_FEMALE(50),127,20,70,GROWTH_SLOW,5,EGG_GROUP_GRASS,EGG_GROUP_GRASS,7,7,ABILITY_CHLOROPHYLL,ABILITY_NONE,34,0,0,BODY_COLOR_PINK,FALSE,pokeemerald/src/data/pokemon/species_info.h
103,exeggutor,SPECIES_EXEGGUTOR,1,95,95,85,55,125,65,TYPE_GRASS,TYPE_PSYCHIC,11,13,45,212,0,0,0,0,2,0,ITEM_NONE,ITEM_NONE,PERCENT_FEMALE(50),127,20,70,GROWTH_SLOW,5,EGG_GROUP_GRASS,EGG_GROUP_GRASS,7,7,ABILITY_CHLOROPHYLL,ABILITY_NONE,34,0,0,BODY_COLOR_YELLOW,FALSE,pokeemerald/src/data/pokemon/species_info.h
104,cubone,SPECIES_CUBONE,1,50,50,95,35,40,50,TYPE_GROUND,TYPE_GROUND,4,4,190,87,0,0,1,0,0,0,ITEM_NONE,ITEM_THICK_CLUB,PERCENT_FEMALE(50),127,20,70,GROWTH_MEDIUM_FAST,0,EGG_GROUP_MONSTER,EGG_GROUP_MONSTER,1,1,ABILITY_ROCK_HEAD,ABILITY_LIGHTNING_ROD,69,31,0,BODY_COLOR_BROWN,FALSE,pokeemerald/src/data/pokemon/species_info.h
105,marowak,SPECIES_MAROWAK,1,60,80,110,45,50,80,TYPE_GROUND,TYPE_GROUND,4,4,75,124,0,0,2,0,0,0,ITEM_NONE,ITEM_THICK_CLUB,PERCENT_FEMALE(50),127,20,70,GROWTH_MEDIUM_FAST,0,EGG_GROUP_MONSTER,EGG_GROUP_MONSTER,1,1,ABILITY_ROCK_HEAD,ABILITY_LIGHTNING_ROD,69,31,0,BODY_COLOR_BROWN,FALSE,pokeemerald/src/data/pokemon/species_info.h
106,hitmonlee,SPECIES_HITMONLEE,1,50,120,53,87,35,110,TYPE_FIGHTING,TYPE_FIGHTING,1,1,45,139,0,2,0,0,0,0,ITEM_NONE,ITEM_NONE,MON_MALE,0,25,70,GROWTH_MEDIUM_FAST,0,EGG_GROUP_HUMAN_LIKE,EGG_GROUP_HUMAN_LIKE,8,8,ABILITY_LIMBER,ABILITY_NONE,7,0,0,BODY_COLOR_BROWN,FALSE,pokeemerald/src/data/pokemon/species_info.h
107,hitmonchan,SPECIES_HITMONCHAN,1,50,105,79,76,35,110,TYPE_FIGHTING,TYPE_FIGHTING,1,1,45,140,0,0,0,0,0,2,ITEM_NONE,ITEM_NONE,MON_MALE,0,25,70,GROWTH_MEDIUM_FAST,0,EGG_GROUP_HUMAN_LIKE,EGG_GROUP_HUMAN_LIKE,8,8,ABILITY_KEEN_EYE,ABILITY_NONE,51,0,0,BODY_COLOR_BROWN,FALSE,pokeemerald/src/data/pokemon/species_info.h
108,lickitung,SPECIES_LICKITUNG,1,90,55,75,30,60,75,TYPE_NORMAL,TYPE_NORMAL,0,0,45,127,2,0,0,0,0,0,ITEM_NONE,ITEM_NONE,PERCENT_FEMALE(50),127,20,70,GROWTH_MEDIUM_FAST,0,EGG_GROUP_MONSTER,EGG_GROUP_MONSTER,1,1,ABILITY_OWN_TEMPO,ABILITY_OBLIVIOUS,20,12,0,BODY_COLOR_PINK,FALSE,pokeemerald/src/data/pokemon/species_info.h
109,koffing,SPECIES_KOFFING,1,40,65,95,35,60,45,TYPE_POISON,TYPE_POISON,3,3,190,114,0,0,1,0,0,0,ITEM_NONE,ITEM_SMOKE_BALL,PERCENT_FEMALE(50),127,20,70,GROWTH_MEDIUM_FAST,0,EGG_GROUP_AMORPHOUS,EGG_GROUP_AMORPHOUS,11,11,ABILITY_LEVITATE,ABILITY_NONE,26,0,0,BODY_COLOR_PURPLE,FALSE,pokeemerald/src/data/pokemon/species_info.h
110,weezing,SPECIES_WEEZING,1,65,90,120,60,85,70,TYPE_POISON,TYPE_POISON,3,3,60,173,0,0,2,0,0,0,ITEM_NONE,ITEM_SMOKE_BALL,PERCENT_FEMALE(50),127,20,70,GROWTH_MEDIUM_FAST,0,EGG_GROUP_AMORPHOUS,EGG_GROUP_AMORPHOUS,11,11,ABILITY_LEVITATE,ABILITY_NONE,26,0,0,BODY_COLOR_PURPLE,FALSE,pokeemerald/src/data/pokemon/species_info.h
111,rhyhorn,SPECIES_RHYHORN,1,80,85,95,25,30,30,TYPE_GROUND,TYPE_ROCK,4,5,120,135,0,0,1,0,0,0,ITEM_NONE,ITEM_NONE,PERCENT_FEMALE(50),127,20,70,GROWTH_SLOW,5,EGG_GROUP_MONSTER,EGG_GROUP_FIELD,1,5,ABILITY_LIGHTNING_ROD,ABILITY_ROCK_HEAD,31,69,4,BODY_COLOR_GRAY,FALSE,pokeemerald/src/data/pokemon/species_info.h
112,rhydon,SPECIES_RHYDON,1,105,130,120,40,45,45,TYPE_GROUND,TYPE_ROCK,4,5,60,204,0,2,0,0,0,0,ITEM_NONE,ITEM_NONE,PERCENT_FEMALE(50),127,20,70,GROWTH_SLOW,5,EGG_GROUP_MONSTER,EGG_GROUP_FIELD,1,5,ABILITY_LIGHTNING_ROD,ABILITY_ROCK_HEAD,31,69,0,BODY_COLOR_GRAY,FALSE,pokeemerald/src/data/pokemon/species_info.h
113,chansey,SPECIES_CHANSEY,1,250,5,5,50,35,105,TYPE_NORMAL,TYPE_NORMAL,0,0,30,255,2,0,0,0,0,0,ITEM_NONE,ITEM_LUCKY_EGG,MON_FEMALE,254,40,140,GROWTH_FAST,4,EGG_GROUP_FAIRY,EGG_GROUP_FAIRY,6,6,ABILITY_NATURAL_CURE,ABILITY_SERENE_GRACE,30,32,0,BODY_COLOR_PINK,FALSE,pokeemerald/src/data/pokemon/species_info.h
114,tangela,SPECIES_TANGELA,1,65,55,115,60,100,40,TYPE_GRASS,TYPE_GRASS,11,11,45,166,0,0,1,0,0,0,ITEM_NONE,ITEM_NONE,PERCENT_FEMALE(50),127,20,70,GROWTH_MEDIUM_FAST,0,EGG_GROUP_GRASS,EGG_GROUP_GRASS,7,7,ABILITY_CHLOROPHYLL,ABILITY_NONE,34,0,0,BODY_COLOR_BLUE,FALSE,pokeemerald/src/data/pokemon/species_info.h
115,kangaskhan,SPECIES_KANGASKHAN,1,105,95,80,90,40,80,TYPE_NORMAL,TYPE_NORMAL,0,0,45,175,2,0,0,0,0,0,ITEM_NONE,ITEM_NONE,MON_FEMALE,254,20,70,GROWTH_MEDIUM_FAST,0,EGG_GROUP_MONSTER,EGG_GROUP_MONSTER,1,1,ABILITY_EARLY_BIRD,ABILITY_NONE,48,0,0,BODY_COLOR_BROWN,FALSE,pokeemerald/src/data/pokemon/species_info.h
116,horsea,SPECIES_HORSEA,1,30,40,70,60,70,25,TYPE_WATER,TYPE_WATER,10,10,225,83,0,0,0,0,1,0,ITEM_NONE,ITEM_DRAGON_SCALE,PERCENT_FEMALE(50),127,20,70,GROWTH_MEDIUM_FAST,0,EGG_GROUP_WATER_1,EGG_GROUP_DRAGON,2,14,ABILITY_SWIFT_SWIM,ABILITY_NONE,33,0,0,BODY_COLOR_BLUE,FALSE,pokeemerald/src/data/pokemon/species_info.h
117,seadra,SPECIES_SEADRA,1,55,65,95,85,95,45,TYPE_WATER,TYPE_WATER,10,10,75,155,0,0,1,0,1,0,ITEM_NONE,ITEM_DRAGON_SCALE,PERCENT_FEMALE(50),127,20,70,GROWTH_MEDIUM_FAST,0,EGG_GROUP_WATER_1,EGG_GROUP_DRAGON,2,14,ABILITY_POISON_POINT,ABILITY_NONE,38,0,0,BODY_COLOR_BLUE,FALSE,pokeemerald/src/data/pokemon/species_info.h
118,goldeen,SPECIES_GOLDEEN,1,45,67,60,63,35,50,TYPE_WATER,TYPE_WATER,10,10,225,111,0,1,0,0,0,0,ITEM_NONE,ITEM_NONE,PERCENT_FEMALE(50),127,20,70,GROWTH_MEDIUM_FAST,0,EGG_GROUP_WATER_2,EGG_GROUP_WATER_2,12,12,ABILITY_SWIFT_SWIM,ABILITY_WATER_VEIL,33,41,4,BODY_COLOR_RED,FALSE,pokeemerald/src/data/pokemon/species_info.h
119,seaking,SPECIES_SEAKING,1,80,92,65,68,65,80,TYPE_WATER,TYPE_WATER,10,10,60,170,0,2,0,0,0,0,ITEM_NONE,ITEM_NONE,PERCENT_FEMALE(50),127,20,70,GROWTH_MEDIUM_FAST,0,EGG_GROUP_WATER_2,EGG_GROUP_WATER_2,12,12,ABILITY_SWIFT_SWIM,ABILITY_WATER_VEIL,33,41,6,BODY_COLOR_RED,FALSE,pokeemerald/src/data/pokemon/species_info.h
120,staryu,SPECIES_STARYU,1,30,45,55,85,70,55,TYPE_WATER,TYPE_WATER,10,10,225,106,0,0,0,1,0,0,ITEM_STARDUST,ITEM_STAR_PIECE,MON_GENDERLESS,255,20,70,GROWTH_SLOW,5,EGG_GROUP_WATER_3,EGG_GROUP_WATER_3,9,9,ABILITY_ILLUMINATE,ABILITY_NATURAL_CURE,35,30,0,BODY_COLOR_BROWN,FALSE,pokeemerald/src/data/pokemon/species_info.h
121,starmie,SPECIES_STARMIE,1,60,75,85,115,100,85,TYPE_WATER,TYPE_PSYCHIC,10,13,60,207,0,0,0,2,0,0,ITEM_STARDUST,ITEM_STAR_PIECE,MON_GENDERLESS,255,20,70,GROWTH_SLOW,5,EGG_GROUP_WATER_3,EGG_GROUP_WATER_3,9,9,ABILITY_ILLUMINATE,ABILITY_NATURAL_CURE,35,30,0,BODY_COLOR_PURPLE,FALSE,pokeemerald/src/data/pokemon/species_info.h
122,mr_mime,SPECIES_MR_MIME,1,40,45,65,90,100,120,TYPE_PSYCHIC,TYPE_PSYCHIC,13,13,45,136,0,0,0,0,0,2,ITEM_NONE,ITEM_LEPPA_BERRY,PERCENT_FEMALE(50),127,25,70,GROWTH_MEDIUM_FAST,0,EGG_GROUP_HUMAN_LIKE,EGG_GROUP_HUMAN_LIKE,8,8,ABILITY_SOUNDPROOF,ABILITY_NONE,43,0,0,BODY_COLOR_PINK,FALSE,pokeemerald/src/data/pokemon/species_info.h
123,scyther,SPECIES_SCYTHER,1,70,110,80,105,55,80,TYPE_BUG,TYPE_FLYING,6,2,45,187,0,1,0,0,0,0,ITEM_NONE,ITEM_NONE,PERCENT_FEMALE(50),127,25,70,GROWTH_MEDIUM_FAST,0,EGG_GROUP_BUG,EGG_GROUP_BUG,3,3,ABILITY_SWARM,ABILITY_NONE,68,0,0,BODY_COLOR_GREEN,FALSE,pokeemerald/src/data/pokemon/species_info.h
124,jynx,SPECIES_JYNX,1,65,50,35,95,115,95,TYPE_ICE,TYPE_PSYCHIC,14,13,45,137,0,0,0,0,2,0,ITEM_ASPEAR_BERRY,ITEM_ASPEAR_BERRY,MON_FEMALE,254,25,70,GROWTH_MEDIUM_FAST,0,EGG_GROUP_HUMAN_LIKE,EGG_GROUP_HUMAN_LIKE,8,8,ABILITY_OBLIVIOUS,ABILITY_NONE,12,0,0,BODY_COLOR_RED,FALSE,pokeemerald/src/data/pokemon/species_info.h
125,electabuzz,SPECIES_ELECTABUZZ,1,65,83,57,105,95,85,TYPE_ELECTRIC,TYPE_ELECTRIC,12,12,45,156,0,0,0,2,0,0,ITEM_NONE,ITEM_NONE,PERCENT_FEMALE(25),63,25,70,GROWTH_MEDIUM_FAST,0,EGG_GROUP_HUMAN_LIKE,EGG_GROUP_HUMAN_LIKE,8,8,ABILITY_STATIC,ABILITY_NONE,9,0,0,BODY_COLOR_YELLOW,TRUE,pokeemerald/src/data/pokemon/species_info.h
126,magmar,SPECIES_MAGMAR,1,65,95,57,93,100,85,TYPE_FIRE,TYPE_FIRE,9,9,45,167,0,0,0,0,2,0,ITEM_RAWST_BERRY,ITEM_RAWST_BERRY,PERCENT_FEMALE(25),63,25,70,GROWTH_MEDIUM_FAST,0,EGG_GROUP_HUMAN_LIKE,EGG_GROUP_HUMAN_LIKE,8,8,ABILITY_FLAME_BODY,ABILITY_NONE,49,0,0,BODY_COLOR_RED,FALSE,pokeemerald/src/data/pokemon/species_info.h
127,pinsir,SPECIES_PINSIR,1,65,125,100,85,55,70,TYPE_BUG,TYPE_BUG,6,6,45,200,0,2,0,0,0,0,ITEM_NONE,ITEM_NONE,PERCENT_FEMALE(50),127,25,70,GROWTH_SLOW,5,EGG_GROUP_BUG,EGG_GROUP_BUG,3,3,ABILITY_HYPER_CUTTER,ABILITY_NONE,52,0,8,BODY_COLOR_BROWN,FALSE,pokeemerald/src/data/pokemon/species_info.h
128,tauros,SPECIES_TAUROS,1,75,100,95,110,40,70,TYPE_NORMAL,TYPE_NORMAL,0,0,45,211,0,1,0,1,0,0,ITEM_NONE,ITEM_NONE,MON_MALE,0,20,70,GROWTH_SLOW,5,EGG_GROUP_FIELD,EGG_GROUP_FIELD,5,5,ABILITY_INTIMIDATE,ABILITY_NONE,22,0,0,BODY_COLOR_BROWN,FALSE,pokeemerald/src/data/pokemon/species_info.h
129,magikarp,SPECIES_MAGIKARP,1,20,10,55,80,15,20,TYPE_WATER,TYPE_WATER,10,10,255,20,0,0,0,1,0,0,ITEM_NONE,ITEM_NONE,PERCENT_FEMALE(50),127,5,70,GROWTH_SLOW,5,EGG_GROUP_WATER_2,EGG_GROUP_DRAGON,12,14,ABILITY_SWIFT_SWIM,ABILITY_NONE,33,0,4,BODY_COLOR_RED,FALSE,pokeemerald/src/data/pokemon/species_info.h
130,gyarados,SPECIES_GYARADOS,1,95,125,79,81,60,100,TYPE_WATER,TYPE_FLYING,10,2,45,214,0,2,0,0,0,0,ITEM_NONE,ITEM_NONE,PERCENT_FEMALE(50),127,5,70,GROWTH_SLOW,5,EGG_GROUP_WATER_2,EGG_GROUP_DRAGON,12,14,ABILITY_INTIMIDATE,ABILITY_NONE,22,0,0,BODY_COLOR_BLUE,FALSE,pokeemerald/src/data/pokemon/species_info.h
131,lapras,SPECIES_LAPRAS,1,130,85,80,60,85,95,TYPE_WATER,TYPE_ICE,10,14,45,219,2,0,0,0,0,0,ITEM_NONE,ITEM_NONE,PERCENT_FEMALE(50),127,40,70,GROWTH_SLOW,5,EGG_GROUP_MONSTER,EGG_GROUP_WATER_1,1,2,ABILITY_WATER_ABSORB,ABILITY_SHELL_ARMOR,11,75,0,BODY_COLOR_BLUE,FALSE,pokeemerald/src/data/pokemon/species_info.h
132,ditto,SPECIES_DITTO,1,48,48,48,48,48,48,TYPE_NORMAL,TYPE_NORMAL,0,0,35,61,1,0,0,0,0,0,ITEM_NONE,ITEM_METAL_POWDER,MON_GENDERLESS,255,20,70,GROWTH_MEDIUM_FAST,0,EGG_GROUP_DITTO,EGG_GROUP_DITTO,13,13,ABILITY_LIMBER,ABILITY_NONE,7,0,0,BODY_COLOR_PURPLE,FALSE,pokeemerald/src/data/pokemon/species_info.h
133,eevee,SPECIES_EEVEE,1,55,55,50,55,45,65,TYPE_NORMAL,TYPE_NORMAL,0,0,45,92,0,0,0,0,0,1,ITEM_NONE,ITEM_NONE,PERCENT_FEMALE(12.5),31,35,70,GROWTH_MEDIUM_FAST,0,EGG_GROUP_FIELD,EGG_GROUP_FIELD,5,5,ABILITY_RUN_AWAY,ABILITY_NONE,50,0,0,BODY_COLOR_BROWN,FALSE,pokeemerald/src/data/pokemon/species_info.h
134,vaporeon,SPECIES_VAPOREON,1,130,65,60,65,110,95,TYPE_WATER,TYPE_WATER,10,10,45,196,2,0,0,0,0,0,ITEM_NONE,ITEM_NONE,PERCENT_FEMALE(12.5),31,35,70,GROWTH_MEDIUM_FAST,0,EGG_GROUP_FIELD,EGG_GROUP_FIELD,5,5,ABILITY_WATER_ABSORB,ABILITY_NONE,11,0,0,BODY_COLOR_BLUE,FALSE,pokeemerald/src/data/pokemon/species_info.h
135,jolteon,SPECIES_JOLTEON,1,65,65,60,130,110,95,TYPE_ELECTRIC,TYPE_ELECTRIC,12,12,45,197,0,0,0,2,0,0,ITEM_NONE,ITEM_NONE,PERCENT_FEMALE(12.5),31,35,70,GROWTH_MEDIUM_FAST,0,EGG_GROUP_FIELD,EGG_GROUP_FIELD,5,5,ABILITY_VOLT_ABSORB,ABILITY_NONE,10,0,0,BODY_COLOR_YELLOW,FALSE,pokeemerald/src/data/pokemon/species_info.h
136,flareon,SPECIES_FLAREON,1,65,130,60,65,95,110,TYPE_FIRE,TYPE_FIRE,9,9,45,198,0,2,0,0,0,0,ITEM_NONE,ITEM_NONE,PERCENT_FEMALE(12.5),31,35,70,GROWTH_MEDIUM_FAST,0,EGG_GROUP_FIELD,EGG_GROUP_FIELD,5,5,ABILITY_FLASH_FIRE,ABILITY_NONE,18,0,0,BODY_COLOR_RED,FALSE,pokeemerald/src/data/pokemon/species_info.h
137,porygon,SPECIES_PORYGON,1,65,60,70,40,85,75,TYPE_NORMAL,TYPE_NORMAL,0,0,45,130,0,0,0,0,1,0,ITEM_NONE,ITEM_NONE,MON_GENDERLESS,255,20,70,GROWTH_MEDIUM_FAST,0,EGG_GROUP_MINERAL,EGG_GROUP_MINERAL,10,10,ABILITY_TRACE,ABILITY_NONE,36,0,0,BODY_COLOR_PINK,FALSE,pokeemerald/src/data/pokemon/species_info.h
138,omanyte,SPECIES_OMANYTE,1,35,40,100,35,90,55,TYPE_ROCK,TYPE_WATER,5,10,45,120,0,0,1,0,0,0,ITEM_NONE,ITEM_NONE,PERCENT_FEMALE(12.5),31,30,70,GROWTH_MEDIUM_FAST,0,EGG_GROUP_WATER_1,EGG_GROUP_WATER_3,2,9,ABILITY_SWIFT_SWIM,ABILITY_SHELL_ARMOR,33,75,0,BODY_COLOR_BLUE,FALSE,pokeemerald/src/data/pokemon/species_info.h
139,omastar,SPECIES_OMASTAR,1,70,60,125,55,115,70,TYPE_ROCK,TYPE_WATER,5,10,45,199,0,0,2,0,0,0,ITEM_NONE,ITEM_NONE,PERCENT_FEMALE(12.5),31,30,70,GROWTH_MEDIUM_FAST,0,EGG_GROUP_WATER_1,EGG_GROUP_WATER_3,2,9,ABILITY_SWIFT_SWIM,ABILITY_SHELL_ARMOR,33,75,0,BODY_COLOR_BLUE,FALSE,pokeemerald/src/data/pokemon/species_info.h
140,kabuto,SPECIES_KABUTO,1,30,80,90,55,55,45,TYPE_ROCK,TYPE_WATER,5,10,45,119,0,0,1,0,0,0,ITEM_NONE,ITEM_NONE,PERCENT_FEMALE(12.5),31,30,70,GROWTH_MEDIUM_FAST,0,EGG_GROUP_WATER_1,EGG_GROUP_WATER_3,2,9,ABILITY_SWIFT_SWIM,ABILITY_BATTLE_ARMOR,33,4,0,BODY_COLOR_BROWN,FALSE,pokeemerald/src/data/pokemon/species_info.h
141,kabutops,SPECIES_KABUTOPS,1,60,115,105,80,65,70,TYPE_ROCK,TYPE_WATER,5,10,45,201,0,2,0,0,0,0,ITEM_NONE,ITEM_NONE,PERCENT_FEMALE(12.5),31,30,70,GROWTH_MEDIUM_FAST,0,EGG_GROUP_WATER_1,EGG_GROUP_WATER_3,2,9,ABILITY_SWIFT_SWIM,ABILITY_BATTLE_ARMOR,33,4,0,BODY_COLOR_BROWN,FALSE,pokeemerald/src/data/pokemon/species_info.h
142,aerodactyl,SPECIES_AERODACTYL,1,80,105,65,130,60,75,TYPE_ROCK,TYPE_FLYING,5,2,45,202,0,0,0,2,0,0,ITEM_NONE,ITEM_NONE,PERCENT_FEMALE(12.5),31,35,70,GROWTH_SLOW,5,EGG_GROUP_FLYING,EGG_GROUP_FLYING,4,4,ABILITY_ROCK_HEAD,ABILITY_PRESSURE,69,46,0,BODY_COLOR_PURPLE,FALSE,pokeemerald/src/data/pokemon/species_info.h
143,snorlax,SPECIES_SNORLAX,1,160,110,65,30,65,110,TYPE_NORMAL,TYPE_NORMAL,0,0,25,154,2,0,0,0,0,0,ITEM_LEFTOVERS,ITEM_LEFTOVERS,PERCENT_FEMALE(12.5),31,40,70,GROWTH_SLOW,5,EGG_GROUP_MONSTER,EGG_GROUP_MONSTER,1,1,ABILITY_IMMUNITY,ABILITY_THICK_FAT,17,47,0,BODY_COLOR_BLACK,FALSE,pokeemerald/src/data/pokemon/species_info.h
144,articuno,SPECIES_ARTICUNO,1,90,85,100,85,95,125,TYPE_ICE,TYPE_FLYING,14,2,3,215,0,0,0,0,0,3,ITEM_NONE,ITEM_NONE,MON_GENDERLESS,255,80,35,GROWTH_SLOW,5,EGG_GROUP_NO_EGGS_DISCOVERED,EGG_GROUP_NO_EGGS_DISCOVERED,15,15,ABILITY_PRESSURE,ABILITY_NONE,46,0,0,BODY_COLOR_BLUE,FALSE,pokeemerald/src/data/pokemon/species_info.h
145,zapdos,SPECIES_ZAPDOS,1,90,90,85,100,125,90,TYPE_ELECTRIC,TYPE_FLYING,12,2,3,216,0,0,0,0,3,0,ITEM_NONE,ITEM_NONE,MON_GENDERLESS,255,80,35,GROWTH_SLOW,5,EGG_GROUP_NO_EGGS_DISCOVERED,EGG_GROUP_NO_EGGS_DISCOVERED,15,15,ABILITY_PRESSURE,ABILITY_NONE,46,0,0,BODY_COLOR_YELLOW,FALSE,pokeemerald/src/data/pokemon/species_info.h
146,moltres,SPECIES_MOLTRES,1,90,100,90,90,125,85,TYPE_FIRE,TYPE_FLYING,9,2,3,217,0,0,0,0,3,0,ITEM_NONE,ITEM_NONE,MON_GENDERLESS,255,80,35,GROWTH_SLOW,5,EGG_GROUP_NO_EGGS_DISCOVERED,EGG_GROUP_NO_EGGS_DISCOVERED,15,15,ABILITY_PRESSURE,ABILITY_NONE,46,0,0,BODY_COLOR_YELLOW,FALSE,pokeemerald/src/data/pokemon/species_info.h
147,dratini,SPECIES_DRATINI,1,41,64,45,50,50,50,TYPE_DRAGON,TYPE_DRAGON,15,15,45,67,0,1,0,0,0,0,ITEM_NONE,ITEM_DRAGON_SCALE,PERCENT_FEMALE(50),127,40,35,GROWTH_SLOW,5,EGG_GROUP_WATER_1,EGG_GROUP_DRAGON,2,14,ABILITY_SHED_SKIN,ABILITY_NONE,61,0,0,BODY_COLOR_BLUE,FALSE,pokeemerald/src/data/pokemon/species_info.h
148,dragonair,SPECIES_DRAGONAIR,1,61,84,65,70,70,70,TYPE_DRAGON,TYPE_DRAGON,15,15,45,144,0,2,0,0,0,0,ITEM_NONE,ITEM_DRAGON_SCALE,PERCENT_FEMALE(50),127,40,35,GROWTH_SLOW,5,EGG_GROUP_WATER_1,EGG_GROUP_DRAGON,2,14,ABILITY_SHED_SKIN,ABILITY_NONE,61,0,0,BODY_COLOR_BLUE,FALSE,pokeemerald/src/data/pokemon/species_info.h
149,dragonite,SPECIES_DRAGONITE,1,91,134,95,80,100,100,TYPE_DRAGON,TYPE_FLYING,15,2,45,218,0,3,0,0,0,0,ITEM_NONE,ITEM_DRAGON_SCALE,PERCENT_FEMALE(50),127,40,35,GROWTH_SLOW,5,EGG_GROUP_WATER_1,EGG_GROUP_DRAGON,2,14,ABILITY_INNER_FOCUS,ABILITY_NONE,39,0,0,BODY_COLOR_BROWN,FALSE,pokeemerald/src/data/pokemon/species_info.h
150,mewtwo,SPECIES_MEWTWO,1,106,110,90,130,154,90,TYPE_PSYCHIC,TYPE_PSYCHIC,13,13,3,220,0,0,0,0,3,0,ITEM_NONE,ITEM_NONE,MON_GENDERLESS,255,120,0,GROWTH_SLOW,5,EGG_GROUP_NO_EGGS_DISCOVERED,EGG_GROUP_NO_EGGS_DISCOVERED,15,15,ABILITY_PRESSURE,ABILITY_NONE,46,0,0,BODY_COLOR_PURPLE,FALSE,pokeemerald/src/data/pokemon/species_info.h
151,mew,SPECIES_MEW,1,100,100,100,100,100,100,TYPE_PSYCHIC,TYPE_PSYCHIC,13,13,45,64,3,0,0,0,0,0,ITEM_LUM_BERRY,ITEM_LUM_BERRY,MON_GENDERLESS,255,120,100,GROWTH_MEDIUM_SLOW,3,EGG_GROUP_NO_EGGS_DISCOVERED,EGG_GROUP_NO_EGGS_DISCOVERED,15,15,ABILITY_SYNCHRONIZE,ABILITY_NONE,28,0,0,BODY_COLOR_PINK,FALSE,pokeemerald/src/data/pokemon/species_info.h
152,chikorita,SPECIES_CHIKORITA,2,45,49,65,45,49,65,TYPE_GRASS,TYPE_GRASS,11,11,45,64,0,0,0,0,0,1,ITEM_NONE,ITEM_NONE,PERCENT_FEMALE(12.5),31,20,70,GROWTH_MEDIUM_SLOW,3,EGG_GROUP_MONSTER,EGG_GROUP_GRASS,1,7,ABILITY_OVERGROW,ABILITY_NONE,65,0,0,BODY_COLOR_GREEN,FALSE,pokeemerald/src/data/pokemon/species_info.h
153,bayleef,SPECIES_BAYLEEF,2,60,62,80,60,63,80,TYPE_GRASS,TYPE_GRASS,11,11,45,141,0,0,1,0,0,1,ITEM_NONE,ITEM_NONE,PERCENT_FEMALE(12.5),31,20,70,GROWTH_MEDIUM_SLOW,3,EGG_GROUP_MONSTER,EGG_GROUP_GRASS,1,7,ABILITY_OVERGROW,ABILITY_NONE,65,0,0,BODY_COLOR_GREEN,FALSE,pokeemerald/src/data/pokemon/species_info.h
154,meganium,SPECIES_MEGANIUM,2,80,82,100,80,83,100,TYPE_GRASS,TYPE_GRASS,11,11,45,208,0,0,1,0,0,2,ITEM_NONE,ITEM_NONE,PERCENT_FEMALE(12.5),31,20,70,GROWTH_MEDIUM_SLOW,3,EGG_GROUP_MONSTER,EGG_GROUP_GRASS,1,7,ABILITY_OVERGROW,ABILITY_NONE,65,0,0,BODY_COLOR_GREEN,FALSE,pokeemerald/src/data/pokemon/species_info.h
155,cyndaquil,SPECIES_CYNDAQUIL,2,39,52,43,65,60,50,TYPE_FIRE,TYPE_FIRE,9,9,45,65,0,0,0,1,0,0,ITEM_NONE,ITEM_NONE,PERCENT_FEMALE(12.5),31,20,70,GROWTH_MEDIUM_SLOW,3,EGG_GROUP_FIELD,EGG_GROUP_FIELD,5,5,ABILITY_BLAZE,ABILITY_NONE,66,0,0,BODY_COLOR_YELLOW,FALSE,pokeemerald/src/data/pokemon/species_info.h
156,quilava,SPECIES_QUILAVA,2,58,64,58,80,80,65,TYPE_FIRE,TYPE_FIRE,9,9,45,142,0,0,0,1,1,0,ITEM_NONE,ITEM_NONE,PERCENT_FEMALE(12.5),31,20,70,GROWTH_MEDIUM_SLOW,3,EGG_GROUP_FIELD,EGG_GROUP_FIELD,5,5,ABILITY_BLAZE,ABILITY_NONE,66,0,0,BODY_COLOR_YELLOW,FALSE,pokeemerald/src/data/pokemon/species_info.h
157,typhlosion,SPECIES_TYPHLOSION,2,78,84,78,100,109,85,TYPE_FIRE,TYPE_FIRE,9,9,45,209,0,0,0,0,3,0,ITEM_NONE,ITEM_NONE,PERCENT_FEMALE(12.5),31,20,70,GROWTH_MEDIUM_SLOW,3,EGG_GROUP_FIELD,EGG_GROUP_FIELD,5,5,ABILITY_BLAZE,ABILITY_NONE,66,0,0,BODY_COLOR_YELLOW,FALSE,pokeemerald/src/data/pokemon/species_info.h
158,totodile,SPECIES_TOTODILE,2,50,65,64,43,44,48,TYPE_WATER,TYPE_WATER,10,10,45,66,0,1,0,0,0,0,ITEM_NONE,ITEM_NONE,PERCENT_FEMALE(12.5),31,20,70,GROWTH_MEDIUM_SLOW,3,EGG_GROUP_MONSTER,EGG_GROUP_WATER_1,1,2,ABILITY_TORRENT,ABILITY_NONE,67,0,0,BODY_COLOR_BLUE,FALSE,pokeemerald/src/data/pokemon/species_info.h
159,croconaw,SPECIES_CROCONAW,2,65,80,80,58,59,63,TYPE_WATER,TYPE_WATER,10,10,45,143,0,1,1,0,0,0,ITEM_NONE,ITEM_NONE,PERCENT_FEMALE(12.5),31,20,70,GROWTH_MEDIUM_SLOW,3,EGG_GROUP_MONSTER,EGG_GROUP_WATER_1,1,2,ABILITY_TORRENT,ABILITY_NONE,67,0,0,BODY_COLOR_BLUE,TRUE,pokeemerald/src/data/pokemon/species_info.h
160,feraligatr,SPECIES_FERALIGATR,2,85,105,100,78,79,83,TYPE_WATER,TYPE_WATER,10,10,45,210,0,2,1,0,0,0,ITEM_NONE,ITEM_NONE,PERCENT_FEMALE(12.5),31,20,70,GROWTH_MEDIUM_SLOW,3,EGG_GROUP_MONSTER,EGG_GROUP_WATER_1,1,2,ABILITY_TORRENT,ABILITY_NONE,67,0,0,BODY_COLOR_BLUE,FALSE,pokeemerald/src/data/pokemon/species_info.h
161,sentret,SPECIES_SENTRET,2,35,46,34,20,35,45,TYPE_NORMAL,TYPE_NORMAL,0,0,255,57,0,1,0,0,0,0,ITEM_NONE,ITEM_ORAN_BERRY,PERCENT_FEMALE(50),127,15,70,GROWTH_MEDIUM_FAST,0,EGG_GROUP_FIELD,EGG_GROUP_FIELD,5,5,ABILITY_RUN_AWAY,ABILITY_KEEN_EYE,50,51,0,BODY_COLOR_BROWN,FALSE,pokeemerald/src/data/pokemon/species_info.h
162,furret,SPECIES_FURRET,2,85,76,64,90,45,55,TYPE_NORMAL,TYPE_NORMAL,0,0,90,116,0,0,0,2,0,0,ITEM_ORAN_BERRY,ITEM_SITRUS_BERRY,PERCENT_FEMALE(50),127,15,70,GROWTH_MEDIUM_FAST,0,EGG_GROUP_FIELD,EGG_GROUP_FIELD,5,5,ABILITY_RUN_AWAY,ABILITY_KEEN_EYE,50,51,0,BODY_COLOR_BROWN,FALSE,pokeemerald/src/data/pokemon/species_info.h
163,hoothoot,SPECIES_HOOTHOOT,2,60,30,30,50,36,56,TYPE_NORMAL,TYPE_FLYING,0,2,255,58,1,0,0,0,0,0,ITEM_NONE,ITEM_NONE,PERCENT_FEMALE(50),127,15,70,GROWTH_MEDIUM_FAST,0,EGG_GROUP_FLYING,EGG_GROUP_FLYING,4,4,ABILITY_INSOMNIA,ABILITY_KEEN_EYE,15,51,0,BODY_COLOR_BROWN,FALSE,pokeemerald/src/data/pokemon/species_info.h
164,noctowl,SPECIES_NOCTOWL,2,100,50,50,70,76,96,TYPE_NORMAL,TYPE_FLYING,0,2,90,162,2,0,0,0,0,0,ITEM_NONE,ITEM_NONE,PERCENT_FEMALE(50),127,15,70,GROWTH_MEDIUM_FAST,0,EGG_GROUP_FLYING,EGG_GROUP_FLYING,4,4,ABILITY_INSOMNIA,ABILITY_KEEN_EYE,15,51,0,BODY_COLOR_BROWN,FALSE,pokeemerald/src/data/pokemon/species_info.h
165,ledyba,SPECIES_LEDYBA,2,40,20,30,55,40,80,TYPE_BUG,TYPE_FLYING,6,2,255,54,0,0,0,0,0,1,ITEM_NONE,ITEM_NONE,PERCENT_FEMALE(50),127,15,70,GROWTH_FAST,4,EGG_GROUP_BUG,EGG_GROUP_BUG,3,3,ABILITY_SWARM,ABILITY_EARLY_BIRD,68,48,0,BODY_COLOR_RED,FALSE,pokeemerald/src/data/pokemon/species_info.h
166,ledian,SPECIES_LEDIAN,2,55,35,50,85,55,110,TYPE_BUG,TYPE_FLYING,6,2,90,134,0,0,0,0,0,2,ITEM_NONE,ITEM_NONE,PERCENT_FEMALE(50),127,15,70,GROWTH_FAST,4,EGG_GROUP_BUG,EGG_GROUP_BUG,3,3,ABILITY_SWARM,ABILITY_EARLY_BIRD,68,48,0,BODY_COLOR_RED,FALSE,pokeemerald/src/data/pokemon/species_info.h
167,spinarak,SPECIES_SPINARAK,2,40,60,40,30,40,40,TYPE_BUG,TYPE_POISON,6,3,255,54,0,1,0,0,0,0,ITEM_NONE,ITEM_NONE,PERCENT_FEMALE(50),127,15,70,GROWTH_FAST,4,EGG_GROUP_BUG,EGG_GROUP_BUG,3,3,ABILITY_SWARM,ABILITY_INSOMNIA,68,15,0,BODY_COLOR_GREEN,FALSE,pokeemerald/src/data/pokemon/species_info.h
168,ariados,SPECIES_ARIADOS,2,70,90,70,40,60,60,TYPE_BUG,TYPE_POISON,6,3,90,134,0,2,0,0,0,0,ITEM_NONE,ITEM_NONE,PERCENT_FEMALE(50),127,15,70,GROWTH_FAST,4,EGG_GROUP_BUG,EGG_GROUP_BUG,3,3,ABILITY_SWARM,ABILITY_INSOMNIA,68,15,0,BODY_COLOR_RED,FALSE,pokeemerald/src/data/pokemon/species_info.h
169,crobat,SPECIES_CROBAT,2,85,90,80,130,70,80,TYPE_POISON,TYPE_FLYING,3,2,90,204,0,0,0,3,0,0,ITEM_NONE,ITEM_NONE,PERCENT_FEMALE(50),127,15,70,GROWTH_MEDIUM_FAST,0,EGG_GROUP_FLYING,EGG_GROUP_FLYING,4,4,ABILITY_INNER_FOCUS,ABILITY_NONE,39,0,0,BODY_COLOR_PURPLE,FALSE,pokeemerald/src/data/pokemon/species_info.h
170,chinchou,SPECIES_CHINCHOU,2,75,38,38,67,56,56,TYPE_WATER,TYPE_ELECTRIC,10,12,190,90,1,0,0,0,0,0,ITEM_NONE,ITEM_YELLOW_SHARD,PERCENT_FEMALE(50),127,20,70,GROWTH_SLOW,5,EGG_GROUP_WATER_2,EGG_GROUP_WATER_2,12,12,ABILITY_VOLT_ABSORB,ABILITY_ILLUMINATE,10,35,0,BODY_COLOR_BLUE,FALSE,pokeemerald/src/data/pokemon/species_info.h
171,lanturn,SPECIES_LANTURN,2,125,58,58,67,76,76,TYPE_WATER,TYPE_ELECTRIC,10,12,75,156,2,0,0,0,0,0,ITEM_NONE,ITEM_YELLOW_SHARD,PERCENT_FEMALE(50),127,20,70,GROWTH_SLOW,5,EGG_GROUP_WATER_2,EGG_GROUP_WATER_2,12,12,ABILITY_VOLT_ABSORB,ABILITY_ILLUMINATE,10,35,0,BODY_COLOR_BLUE,FALSE,pokeemerald/src/data/pokemon/species_info.h
172,pichu,SPECIES_PICHU,2,20,40,15,60,35,35,TYPE_ELECTRIC,TYPE_ELECTRIC,12,12,190,42,0,0,0,1,0,0,ITEM_NONE,ITEM_ORAN_BERRY,PERCENT_FEMALE(50),127,10,70,GROWTH_MEDIUM_FAST,0,EGG_GROUP_NO_EGGS_DISCOVERED,EGG_GROUP_NO_EGGS_DISCOVERED,15,15,ABILITY_STATIC,ABILITY_NONE,9,0,0,BODY_COLOR_YELLOW,FALSE,pokeemerald/src/data/pokemon/species_info.h
173,cleffa,SPECIES_CLEFFA,2,50,25,28,15,45,55,TYPE_NORMAL,TYPE_NORMAL,0,0,150,37,0,0,0,0,0,1,ITEM_LEPPA_BERRY,ITEM_MOON_STONE,PERCENT_FEMALE(75),191,10,140,GROWTH_FAST,4,EGG_GROUP_NO_EGGS_DISCOVERED,EGG_GROUP_NO_EGGS_DISCOVERED,15,15,ABILITY_CUTE_CHARM,ABILITY_NONE,56,0,0,BODY_COLOR_PINK,FALSE,pokeemerald/src/data/pokemon/species_info.h
174,igglybuff,SPECIES_IGGLYBUFF,2,90,30,15,15,40,20,TYPE_NORMAL,TYPE_NORMAL,0,0,170,39,1,0,0,0,0,0,ITEM_NONE,ITEM_NONE,PERCENT_FEMALE(75),191,10,70,GROWTH_FAST,4,EGG_GROUP_NO_EGGS_DISCOVERED,EGG_GROUP_NO_EGGS_DISCOVERED,15,15,ABILITY_CUTE_CHARM,ABILITY_NONE,56,0,0,BODY_COLOR_PINK,TRUE,pokeemerald/src/data/pokemon/species_info.h
175,togepi,SPECIES_TOGEPI,2,35,20,65,20,40,65,TYPE_NORMAL,TYPE_NORMAL,0,0,190,74,0,0,0,0,0,1,ITEM_NONE,ITEM_NONE,PERCENT_FEMALE(12.5),31,10,70,GROWTH_FAST,4,EGG_GROUP_NO_EGGS_DISCOVERED,EGG_GROUP_NO_EGGS_DISCOVERED,15,15,ABILITY_HUSTLE,ABILITY_SERENE_GRACE,55,32,0,BODY_COLOR_WHITE,FALSE,pokeemerald/src/data/pokemon/species_info.h
176,togetic,SPECIES_TOGETIC,2,55,40,85,40,80,105,TYPE_NORMAL,TYPE_FLYING,0,2,75,114,0,0,0,0,0,2,ITEM_NONE,ITEM_NONE,PERCENT_FEMALE(12.5),31,10,70,GROWTH_FAST,4,EGG_GROUP_FLYING,EGG_GROUP_FAIRY,4,6,ABILITY_HUSTLE,ABILITY_SERENE_GRACE,55,32,0,BODY_COLOR_WHITE,FALSE,pokeemerald/src/data/pokemon/species_info.h
177,natu,SPECIES_NATU,2,40,50,45,70,70,45,TYPE_PSYCHIC,TYPE_FLYING,13,2,190,73,0,0,0,0,1,0,ITEM_NONE,ITEM_NONE,PERCENT_FEMALE(50),127,20,70,GROWTH_MEDIUM_FAST,0,EGG_GROUP_FLYING,EGG_GROUP_FLYING,4,4,ABILITY_SYNCHRONIZE,ABILITY_EARLY_BIRD,28,48,6,BODY_COLOR_GREEN,FALSE,pokeemerald/src/data/pokemon/species_info.h
178,xatu,SPECIES_XATU,2,65,75,70,95,95,70,TYPE_PSYCHIC,TYPE_FLYING,13,2,75,171,0,0,0,1,1,0,ITEM_NONE,ITEM_NONE,PERCENT_FEMALE(50),127,20,70,GROWTH_MEDIUM_FAST,0,EGG_GROUP_FLYING,EGG_GROUP_FLYING,4,4,ABILITY_SYNCHRONIZE,ABILITY_EARLY_BIRD,28,48,8,BODY_COLOR_GREEN,FALSE,pokeemerald/src/data/pokemon/species_info.h
179,mareep,SPECIES_MAREEP,2,55,40,40,35,65,45,TYPE_ELECTRIC,TYPE_ELECTRIC,12,12,235,59,0,0,0,0,1,0,ITEM_NONE,ITEM_NONE,PERCENT_FEMALE(50),127,20,70,GROWTH_MEDIUM_SLOW,3,EGG_GROUP_MONSTER,EGG_GROUP_FIELD,1,5,ABILITY_STATIC,ABILITY_NONE,9,0,0,BODY_COLOR_WHITE,FALSE,pokeemerald/src/data/pokemon/species_info.h
180,flaaffy,SPECIES_FLAAFFY,2,70,55,55,45,80,60,TYPE_ELECTRIC,TYPE_ELECTRIC,12,12,120,117,0,0,0,0,2,0,ITEM_NONE,ITEM_NONE,PERCENT_FEMALE(50),127,20,70,GROWTH_MEDIUM_SLOW,3,EGG_GROUP_MONSTER,EGG_GROUP_FIELD,1,5,ABILITY_STATIC,ABILITY_NONE,9,0,0,BODY_COLOR_PINK,FALSE,pokeemerald/src/data/pokemon/species_info.h
181,ampharos,SPECIES_AMPHAROS,2,90,75,75,55,115,90,TYPE_ELECTRIC,TYPE_ELECTRIC,12,12,45,194,0,0,0,0,3,0,ITEM_NONE,ITEM_NONE,PERCENT_FEMALE(50),127,20,70,GROWTH_MEDIUM_SLOW,3,EGG_GROUP_MONSTER,EGG_GROUP_FIELD,1,5,ABILITY_STATIC,ABILITY_NONE,9,0,0,BODY_COLOR_YELLOW,FALSE,pokeemerald/src/data/pokemon/species_info.h
182,bellossom,SPECIES_BELLOSSOM,2,75,80,85,50,90,100,TYPE_GRASS,TYPE_GRASS,11,11,45,184,0,0,0,0,0,3,ITEM_NONE,ITEM_NONE,PERCENT_FEMALE(50),127,20,70,GROWTH_MEDIUM_SLOW,3,EGG_GROUP_GRASS,EGG_GROUP_GRASS,7,7,ABILITY_CHLOROPHYLL,ABILITY_NONE,34,0,0,BODY_COLOR_GREEN,FALSE,pokeemerald/src/data/pokemon/species_info.h
183,marill,SPECIES_MARILL,2,70,20,50,40,20,50,TYPE_WATER,TYPE_WATER,10,10,190,58,2,0,0,0,0,0,ITEM_NONE,ITEM_NONE,PERCENT_FEMALE(50),127,10,70,GROWTH_FAST,4,EGG_GROUP_WATER_1,EGG_GROUP_FAIRY,2,6,ABILITY_THICK_FAT,ABILITY_HUGE_POWER,47,37,0,BODY_COLOR_BLUE,FALSE,pokeemerald/src/data/pokemon/species_info.h
184,azumarill,SPECIES_AZUMARILL,2,100,50,80,50,50,80,TYPE_WATER,TYPE_WATER,10,10,75,153,3,0,0,0,0,0,ITEM_NONE,ITEM_NONE,PERCENT_FEMALE(50),127,10,70,GROWTH_FAST,4,EGG_GROUP_WATER_1,EGG_GROUP_FAIRY,2,6,ABILITY_THICK_FAT,ABILITY_HUGE_POWER,47,37,0,BODY_COLOR_BLUE,FALSE,pokeemerald/src/data/pokemon/species_info.h
185,sudowoodo,SPECIES_SUDOWOODO,2,70,100,115,30,30,65,TYPE_ROCK,TYPE_ROCK,5,5,65,135,0,0,2,0,0,0,ITEM_NONE,ITEM_NONE,PERCENT_FEMALE(50),127,20,70,GROWTH_MEDIUM_FAST,0,EGG_GROUP_MINERAL,EGG_GROUP_MINERAL,10,10,ABILITY_STURDY,ABILITY_ROCK_HEAD,5,69,0,BODY_COLOR_BROWN,FALSE,pokeemerald/src/data/pokemon/species_info.h
186,politoed,SPECIES_POLITOED,2,90,75,75,70,90,100,TYPE_WATER,TYPE_WATER,10,10,45,185,0,0,0,0,0,3,ITEM_NONE,ITEM_KINGS_ROCK,PERCENT_FEMALE(50),127,20,70,GROWTH_MEDIUM_SLOW,3,EGG_GROUP_WATER_1,EGG_GROUP_WATER_1,2,2,ABILITY_WATER_ABSORB,ABILITY_DAMP,11,6,0,BODY_COLOR_GREEN,TRUE,pokeemerald/src/data/pokemon/species_info.h
187,hoppip,SPECIES_HOPPIP,2,35,35,40,50,35,55,TYPE_GRASS,TYPE_FLYING,11,2,255,74,0,0,0,0,0,1,ITEM_NONE,ITEM_NONE,PERCENT_FEMALE(50),127,20,70,GROWTH_MEDIUM_SLOW,3,EGG_GROUP_FAIRY,EGG_GROUP_GRASS,6,7,ABILITY_CHLOROPHYLL,ABILITY_NONE,34,0,0,BODY_COLOR_PINK,FALSE,pokeemerald/src/data/pokemon/species_info.h
188,skiploom,SPECIES_SKIPLOOM,2,55,45,50,80,45,65,TYPE_GRASS,TYPE_FLYING,11,2,120,136,0,0,0,2,0,0,ITEM_NONE,ITEM_NONE,PERCENT_FEMALE(50),127,20,70,GROWTH_MEDIUM_SLOW,3,EGG_GROUP_FAIRY,EGG_GROUP_GRASS,6,7,ABILITY_CHLOROPHYLL,ABILITY_NONE,34,0,0,BODY_COLOR_GREEN,FALSE,pokeemerald/src/data/pokemon/species_info.h
189,jumpluff,SPECIES_JUMPLUFF,2,75,55,70,110,55,85,TYPE_GRASS,TYPE_FLYING,11,2,45,176,0,0,0,3,0,0,ITEM_NONE,ITEM_NONE,PERCENT_FEMALE(50),127,20,70,GROWTH_MEDIUM_SLOW,3,EGG_GROUP_FAIRY,EGG_GROUP_GRASS,6,7,ABILITY_CHLOROPHYLL,ABILITY_NONE,34,0,0,BODY_COLOR_BLUE,FALSE,pokeemerald/src/data/pokemon/species_info.h
190,aipom,SPECIES_AIPOM,2,55,70,55,85,40,55,TYPE_NORMAL,TYPE_NORMAL,0,0,45,94,0,0,0,1,0,0,ITEM_NONE,ITEM_NONE,PERCENT_FEMALE(50),127,20,70,GROWTH_FAST,4,EGG_GROUP_FIELD,EGG_GROUP_FIELD,5,5,ABILITY_RUN_AWAY,ABILITY_PICKUP,50,53,0,BODY_COLOR_PURPLE,FALSE,pokeemerald/src/data/pokemon/species_info.h
191,sunkern,SPECIES_SUNKERN,2,30,30,30,30,30,30,TYPE_GRASS,TYPE_GRASS,11,11,235,52,0,0,0,0,1,0,ITEM_NONE,ITEM_NONE,PERCENT_FEMALE(50),127,20,70,GROWTH_MEDIUM_SLOW,3,EGG_GROUP_GRASS,EGG_GROUP_GRASS,7,7,ABILITY_CHLOROPHYLL,ABILITY_NONE,34,0,0,BODY_COLOR_YELLOW,FALSE,pokeemerald/src/data/pokemon/species_info.h
192,sunflora,SPECIES_SUNFLORA,2,75,75,55,30,105,85,TYPE_GRASS,TYPE_GRASS,11,11,120,146,0,0,0,0,2,0,ITEM_NONE,ITEM_NONE,PERCENT_FEMALE(50),127,20,70,GROWTH_MEDIUM_SLOW,3,EGG_GROUP_GRASS,EGG_GROUP_GRASS,7,7,ABILITY_CHLOROPHYLL,ABILITY_NONE,34,0,0,BODY_COLOR_YELLOW,FALSE,pokeemerald/src/data/pokemon/species_info.h
193,yanma,SPECIES_YANMA,2,65,65,45,95,75,45,TYPE_BUG,TYPE_FLYING,6,2,75,147,0,0,0,2,0,0,ITEM_NONE,ITEM_NONE,PERCENT_FEMALE(50),127,20,70,GROWTH_MEDIUM_FAST,0,EGG_GROUP_BUG,EGG_GROUP_BUG,3,3,ABILITY_SPEED_BOOST,ABILITY_COMPOUND_EYES,3,14,0,BODY_COLOR_RED,FALSE,pokeemerald/src/data/pokemon/species_info.h
194,wooper,SPECIES_WOOPER,2,55,45,45,15,25,25,TYPE_WATER,TYPE_GROUND,10,4,255,52,1,0,0,0,0,0,ITEM_NONE,ITEM_NONE,PERCENT_FEMALE(50),127,20,70,GROWTH_MEDIUM_FAST,0,EGG_GROUP_WATER_1,EGG_GROUP_FIELD,2,5,ABILITY_DAMP,ABILITY_WATER_ABSORB,6,11,0,BODY_COLOR_BLUE,FALSE,pokeemerald/src/data/pokemon/species_info.h
195,quagsire,SPECIES_QUAGSIRE,2,95,85,85,35,65,65,TYPE_WATER,TYPE_GROUND,10,4,90,137,2,0,0,0,0,0,ITEM_NONE,ITEM_NONE,PERCENT_FEMALE(50),127,20,70,GROWTH_MEDIUM_FAST,0,EGG_GROUP_WATER_1,EGG_GROUP_FIELD,2,5,ABILITY_DAMP,ABILITY_WATER_ABSORB,6,11,0,BODY_COLOR_BLUE,FALSE,pokeemerald/src/data/pokemon/species_info.h
196,espeon,SPECIES_ESPEON,2,65,65,60,110,130,95,TYPE_PSYCHIC,TYPE_PSYCHIC,13,13,45,197,0,0,0,0,2,0,ITEM_NONE,ITEM_NONE,PERCENT_FEMALE(12.5),31,35,70,GROWTH_MEDIUM_FAST,0,EGG_GROUP_FIELD,EGG_GROUP_FIELD,5,5,ABILITY_SYNCHRONIZE,ABILITY_NONE,28,0,0,BODY_COLOR_PURPLE,FALSE,pokeemerald/src/data/pokemon/species_info.h
197,umbreon,SPECIES_UMBREON,2,95,65,110,65,60,130,TYPE_DARK,TYPE_DARK,16,16,45,197,0,0,0,0,0,2,ITEM_NONE,ITEM_NONE,PERCENT_FEMALE(12.5),31,35,35,GROWTH_MEDIUM_FAST,0,EGG_GROUP_FIELD,EGG_GROUP_FIELD,5,5,ABILITY_SYNCHRONIZE,ABILITY_NONE,28,0,0,BODY_COLOR_BLACK,FALSE,pokeemerald/src/data/pokemon/species_info.h
198,murkrow,SPECIES_MURKROW,2,60,85,42,91,85,42,TYPE_DARK,TYPE_FLYING,16,2,30,107,0,0,0,1,0,0,ITEM_NONE,ITEM_NONE,PERCENT_FEMALE(50),127,20,35,GROWTH_MEDIUM_SLOW,3,EGG_GROUP_FLYING,EGG_GROUP_FLYING,4,4,ABILITY_INSOMNIA,ABILITY_NONE,15,0,0,BODY_COLOR_BLACK,FALSE,pokeemerald/src/data/pokemon/species_info.h
199,slowking,SPECIES_SLOWKING,2,95,75,80,30,100,110,TYPE_WATER,TYPE_PSYCHIC,10,13,70,164,0,0,0,0,0,3,ITEM_NONE,ITEM_KINGS_ROCK,PERCENT_FEMALE(50),127,20,70,GROWTH_MEDIUM_FAST,0,EGG_GROUP_MONSTER,EGG_GROUP_WATER_1,1,2,ABILITY_OBLIVIOUS,ABILITY_OWN_TEMPO,12,20,0,BODY_COLOR_PINK,FALSE,pokeemerald/src/data/pokemon/species_info.h
200,misdreavus,SPECIES_MISDREAVUS,2,60,60,60,85,85,85,TYPE_GHOST,TYPE_GHOST,7,7,45,147,0,0,0,0,1,1,ITEM_NONE,ITEM_SPELL_TAG,PERCENT_FEMALE(50),127,25,35,GROWTH_FAST,4,EGG_GROUP_AMORPHOUS,EGG_GROUP_AMORPHOUS,11,11,ABILITY_LEVITATE,ABILITY_NONE,26,0,0,BODY_COLOR_GRAY,FALSE,pokeemerald/src/data/pokemon/species_info.h
201,unown,SPECIES_UNOWN,2,48,72,48,48,72,48,TYPE_PSYCHIC,TYPE_PSYCHIC,13,13,225,61,0,1,0,0,1,0,ITEM_NONE,ITEM_NONE,MON_GENDERLESS,255,40,70,GROWTH_MEDIUM_FAST,0,EGG_GROUP_NO_EGGS_DISCOVERED,EGG_GROUP_NO_EGGS_DISCOVERED,15,15,ABILITY_LEVITATE,ABILITY_NONE,26,0,0,BODY_COLOR_BLACK,TRUE,pokeemerald/src/data/pokemon/species_info.h
202,wobbuffet,SPECIES_WOBBUFFET,2,190,33,58,33,33,58,TYPE_PSYCHIC,TYPE_PSYCHIC,13,13,45,177,2,0,0,0,0,0,ITEM_NONE,ITEM_NONE,PERCENT_FEMALE(50),127,20,70,GROWTH_MEDIUM_FAST,0,EGG_GROUP_AMORPHOUS,EGG_GROUP_AMORPHOUS,11,11,ABILITY_SHADOW_TAG,ABILITY_NONE,23,0,4,BODY_COLOR_BLUE,FALSE,pokeemerald/src/data/pokemon/species_info.h
203,girafarig,SPECIES_GIRAFARIG,2,70,80,65,85,90,65,TYPE_NORMAL,TYPE_PSYCHIC,0,13,60,149,0,0,0,0,2,0,ITEM_NONE,ITEM_PERSIM_BERRY,PERCENT_FEMALE(50),127,20,70,GROWTH_MEDIUM_FAST,0,EGG_GROUP_FIELD,EGG_GROUP_FIELD,5,5,ABILITY_INNER_FOCUS,ABILITY_EARLY_BIRD,39,48,4,BODY_COLOR_YELLOW,FALSE,pokeemerald/src/data/pokemon/species_info.h
204,pineco,SPECIES_PINECO,2,50,65,90,15,35,35,TYPE_BUG,TYPE_BUG,6,6,190,60,0,0,1,0,0,0,ITEM_NONE,ITEM_NONE,PERCENT_FEMALE(50),127,20,70,GROWTH_MEDIUM_FAST,0,EGG_GROUP_BUG,EGG_GROUP_BUG,3,3,ABILITY_STURDY,ABILITY_NONE,5,0,0,BODY_COLOR_GRAY,FALSE,pokeemerald/src/data/pokemon/species_info.h
205,forretress,SPECIES_FORRETRESS,2,75,90,140,40,60,60,TYPE_BUG,TYPE_STEEL,6,8,75,118,0,0,2,0,0,0,ITEM_NONE,ITEM_NONE,PERCENT_FEMALE(50),127,20,70,GROWTH_MEDIUM_FAST,0,EGG_GROUP_BUG,EGG_GROUP_BUG,3,3,ABILITY_STURDY,ABILITY_NONE,5,0,0,BODY_COLOR_PURPLE,FALSE,pokeemerald/src/data/pokemon/species_info.h
206,dunsparce,SPECIES_DUNSPARCE,2,100,70,70,45,65,65,TYPE_NORMAL,TYPE_NORMAL,0,0,190,75,1,0,0,0,0,0,ITEM_NONE,ITEM_NONE,PERCENT_FEMALE(50),127,20,70,GROWTH_MEDIUM_FAST,0,EGG_GROUP_FIELD,EGG_GROUP_FIELD,5,5,ABILITY_SERENE_GRACE,ABILITY_RUN_AWAY,32,50,0,BODY_COLOR_YELLOW,FALSE,pokeemerald/src/data/pokemon/species_info.h
207,gligar,SPECIES_GLIGAR,2,65,75,105,85,35,65,TYPE_GROUND,TYPE_FLYING,4,2,60,108,0,0,1,0,0,0,ITEM_NONE,ITEM_NONE,PERCENT_FEMALE(50),127,20,70,GROWTH_MEDIUM_SLOW,3,EGG_GROUP_BUG,EGG_GROUP_BUG,3,3,ABILITY_HYPER_CUTTER,ABILITY_SAND_VEIL,52,8,0,BODY_COLOR_PURPLE,FALSE,pokeemerald/src/data/pokemon/species_info.h
208,steelix,SPECIES_STEELIX,2,75,85,200,30,55,65,TYPE_STEEL,TYPE_GROUND,8,4,25,196,0,0,2,0,0,0,ITEM_NONE,ITEM_METAL_COAT,PERCENT_FEMALE(50),127,25,70,GROWTH_MEDIUM_FAST,0,EGG_GROUP_MINERAL,EGG_GROUP_MINERAL,10,10,ABILITY_ROCK_HEAD,ABILITY_STURDY,69,5,0,BODY_COLOR_GRAY,FALSE,pokeemerald/src/data/pokemon/species_info.h
209,snubbull,SPECIES_SNUBBULL,2,60,80,50,30,40,40,TYPE_NORMAL,TYPE_NORMAL,0,0,190,63,0,1,0,0,0,0,ITEM_NONE,ITEM_NONE,PERCENT_FEMALE(75),191,20,70,GROWTH_FAST,4,EGG_GROUP_FIELD,EGG_GROUP_FAIRY,5,6,ABILITY_INTIMIDATE,ABILITY_RUN_AWAY,22,50,0,BODY_COLOR_PINK,FALSE,pokeemerald/src/data/pokemon/species_info.h
210,granbull,SPECIES_GRANBULL,2,90,120,75,45,60,60,TYPE_NORMAL,TYPE_NORMAL,0,0,75,178,0,2,0,0,0,0,ITEM_NONE,ITEM_NONE,PERCENT_FEMALE(75),191,20,70,GROWTH_FAST,4,EGG_GROUP_FIELD,EGG_GROUP_FAIRY,5,6,ABILITY_INTIMIDATE,ABILITY_INTIMIDATE,22,22,0,BODY_COLOR_PURPLE,FALSE,pokeemerald/src/data/pokemon/species_info.h
211,qwilfish,SPECIES_QWILFISH,2,65,95,75,85,55,55,TYPE_WATER,TYPE_POISON,10,3,45,100,0,1,0,0,0,0,ITEM_NONE,ITEM_NONE,PERCENT_FEMALE(50),127,20,70,GROWTH_MEDIUM_FAST,0,EGG_GROUP_WATER_2,EGG_GROUP_WATER_2,12,12,ABILITY_POISON_POINT,ABILITY_SWIFT_SWIM,38,33,0,BODY_COLOR_GRAY,FALSE,pokeemerald/src/data/pokemon/species_info.h
212,scizor,SPECIES_SCIZOR,2,70,130,100,65,55,80,TYPE_BUG,TYPE_STEEL,6,8,25,200,0,2,0,0,0,0,ITEM_NONE,ITEM_NONE,PERCENT_FEMALE(50),127,25,70,GROWTH_MEDIUM_FAST,0,EGG_GROUP_BUG,EGG_GROUP_BUG,3,3,ABILITY_SWARM,ABILITY_NONE,68,0,0,BODY_COLOR_RED,FALSE,pokeemerald/src/data/pokemon/species_info.h
213,shuckle,SPECIES_SHUCKLE,2,20,10,230,5,10,230,TYPE_BUG,TYPE_ROCK,6,5,190,80,0,0,1,0,0,1,ITEM_ORAN_BERRY,ITEM_ORAN_BERRY,PERCENT_FEMALE(50),127,20,70,GROWTH_MEDIUM_SLOW,3,EGG_GROUP_BUG,EGG_GROUP_BUG,3,3,ABILITY_STURDY,ABILITY_NONE,5,0,0,BODY_COLOR_YELLOW,FALSE,pokeemerald/src/data/pokemon/species_info.h
214,heracross,SPECIES_HERACROSS,2,80,125,75,85,40,95,TYPE_BUG,TYPE_FIGHTING,6,1,45,200,0,2,0,0,0,0,ITEM_NONE,ITEM_NONE,PERCENT_FEMALE(50),127,25,70,GROWTH_SLOW,5,EGG_GROUP_BUG,EGG_GROUP_BUG,3,3,ABILITY_SWARM,ABILITY_GUTS,68,62,8,BODY_COLOR_BLUE,FALSE,pokeemerald/src/data/pokemon/species_info.h
215,sneasel,SPECIES_SNEASEL,2,55,95,55,115,35,75,TYPE_DARK,TYPE_ICE,16,14,60,132,0,0,0,1,0,0,ITEM_NONE,ITEM_QUICK_CLAW,PERCENT_FEMALE(50),127,20,35,GROWTH_MEDIUM_SLOW,3,EGG_GROUP_FIELD,EGG_GROUP_FIELD,5,5,ABILITY_INNER_FOCUS,ABILITY_KEEN_EYE,39,51,0,BODY_COLOR_BLACK,TRUE,pokeemerald/src/data/pokemon/species_info.h
216,teddiursa,SPECIES_TEDDIURSA,2,60,80,50,40,50,50,TYPE_NORMAL,TYPE_NORMAL,0,0,120,124,0,1,0,0,0,0,ITEM_NONE,ITEM_NONE,PERCENT_FEMALE(50),127,20,70,GROWTH_MEDIUM_FAST,0,EGG_GROUP_FIELD,EGG_GROUP_FIELD,5,5,ABILITY_PICKUP,ABILITY_NONE,53,0,0,BODY_COLOR_BROWN,TRUE,pokeemerald/src/data/pokemon/species_info.h
217,ursaring,SPECIES_URSARING,2,90,130,75,55,75,75,TYPE_NORMAL,TYPE_NORMAL,0,0,60,189,0,2,0,0,0,0,ITEM_NONE,ITEM_NONE,PERCENT_FEMALE(50),127,20,70,GROWTH_MEDIUM_FAST,0,EGG_GROUP_FIELD,EGG_GROUP_FIELD,5,5,ABILITY_GUTS,ABILITY_NONE,62,0,0,BODY_COLOR_BROWN,FALSE,pokeemerald/src/data/pokemon/species_info.h
218,slugma,SPECIES_SLUGMA,2,40,40,40,20,70,40,TYPE_FIRE,TYPE_FIRE,9,9,190,78,0,0,0,0,1,0,ITEM_NONE,ITEM_NONE,PERCENT_FEMALE(50),127,20,70,GROWTH_MEDIUM_FAST,0,EGG_GROUP_AMORPHOUS,EGG_GROUP_AMORPHOUS,11,11,ABILITY_MAGMA_ARMOR,ABILITY_FLAME_BODY,40,49,0,BODY_COLOR_RED,FALSE,pokeemerald/src/data/pokemon/species_info.h
219,magcargo,SPECIES_MAGCARGO,2,50,50,120,30,80,80,TYPE_FIRE,TYPE_ROCK,9,5,75,154,0,0,2,0,0,0,ITEM_NONE,ITEM_NONE,PERCENT_FEMALE(50),127,20,70,GROWTH_MEDIUM_FAST,0,EGG_GROUP_AMORPHOUS,EGG_GROUP_AMORPHOUS,11,11,ABILITY_MAGMA_ARMOR,ABILITY_FLAME_BODY,40,49,0,BODY_COLOR_RED,FALSE,pokeemerald/src/data/pokemon/species_info.h
220,swinub,SPECIES_SWINUB,2,50,50,40,50,30,30,TYPE_ICE,TYPE_GROUND,14,4,225,78,0,1,0,0,0,0,ITEM_NONE,ITEM_NONE,PERCENT_FEMALE(50),127,20,70,GROWTH_SLOW,5,EGG_GROUP_FIELD,EGG_GROUP_FIELD,5,5,ABILITY_OBLIVIOUS,ABILITY_NONE,12,0,0,BODY_COLOR_BROWN,FALSE,pokeemerald/src/data/pokemon/species_info.h
221,piloswine,SPECIES_PILOSWINE,2,100,100,80,50,60,60,TYPE_ICE,TYPE_GROUND,14,4,75,160,1,1,0,0,0,0,ITEM_NONE,ITEM_NONE,PERCENT_FEMALE(50),127,20,70,GROWTH_SLOW,5,EGG_GROUP_FIELD,EGG_GROUP_FIELD,5,5,ABILITY_OBLIVIOUS,ABILITY_NONE,12,0,0,BODY_COLOR_BROWN,FALSE,pokeemerald/src/data/pokemon/species_info.h
222,corsola,SPECIES_CORSOLA,2,55,55,85,35,65,85,TYPE_WATER,TYPE_ROCK,10,5,60,113,0,0,1,0,0,1,ITEM_NONE,ITEM_RED_SHARD,PERCENT_FEMALE(75),191,20,70,GROWTH_FAST,4,EGG_GROUP_WATER_1,EGG_GROUP_WATER_3,2,9,ABILITY_HUSTLE,ABILITY_NATURAL_CURE,55,30,0,BODY_COLOR_PINK,FALSE,pokeemerald/src/data/pokemon/species_info.h
223,remoraid,SPECIES_REMORAID,2,35,65,35,65,65,35,TYPE_WATER,TYPE_WATER,10,10,190,78,0,0,0,0,1,0,ITEM_NONE,ITEM_NONE,PERCENT_FEMALE(50),127,20,70,GROWTH_MEDIUM_FAST,0,EGG_GROUP_WATER_1,EGG_GROUP_WATER_2,2,12,ABILITY_HUSTLE,ABILITY_NONE,55,0,0,BODY_COLOR_GRAY,FALSE,pokeemerald/src/data/pokemon/species_info.h
224,octillery,SPECIES_OCTILLERY,2,75,105,75,45,105,75,TYPE_WATER,TYPE_WATER,10,10,75,164,0,1,0,0,1,0,ITEM_NONE,ITEM_NONE,PERCENT_FEMALE(50),127,20,70,GROWTH_MEDIUM_FAST,0,EGG_GROUP_WATER_1,EGG_GROUP_WATER_2,2,12,ABILITY_SUCTION_CUPS,ABILITY_NONE,21,0,0,BODY_COLOR_RED,FALSE,pokeemerald/src/data/pokemon/species_info.h
225,delibird,SPECIES_DELIBIRD,2,45,55,45,75,65,45,TYPE_ICE,TYPE_FLYING,14,2,45,183,0,0,0,1,0,0,ITEM_NONE,ITEM_NONE,PERCENT_FEMALE(50),127,20,70,GROWTH_FAST,4,EGG_GROUP_WATER_1,EGG_GROUP_FIELD,2,5,ABILITY_VITAL_SPIRIT,ABILITY_HUSTLE,72,55,0,BODY_COLOR_RED,FALSE,pokeemerald/src/data/pokemon/species_info.h
226,mantine,SPECIES_MANTINE,2,65,40,70,70,80,140,TYPE_WATER,TYPE_FLYING,10,2,25,168,0,0,0,0,0,2,ITEM_NONE,ITEM_NONE,PERCENT_FEMALE(50),127,25,70,GROWTH_SLOW,5,EGG_GROUP_WATER_1,EGG_GROUP_WATER_1,2,2,ABILITY_SWIFT_SWIM,ABILITY_WATER_ABSORB,33,11,0,BODY_COLOR_PURPLE,FALSE,pokeemerald/src/data/pokemon/species_info.h
227,skarmory,SPECIES_SKARMORY,2,65,80,140,70,40,70,TYPE_STEEL,TYPE_FLYING,8,2,25,168,0,0,2,0,0,0,ITEM_NONE,ITEM_NONE,PERCENT_FEMALE(50),127,25,70,GROWTH_SLOW,5,EGG_GROUP_FLYING,EGG_GROUP_FLYING,4,4,ABILITY_KEEN_EYE,ABILITY_STURDY,51,5,0,BODY_COLOR_GRAY,FALSE,pokeemerald/src/data/pokemon/species_info.h
228,houndour,SPECIES_HOUNDOUR,2,45,60,30,65,80,50,TYPE_DARK,TYPE_FIRE,16,9,120,114,0,0,0,0,1,0,ITEM_NONE,ITEM_NONE,PERCENT_FEMALE(50),127,20,35,GROWTH_SLOW,5,EGG_GROUP_FIELD,EGG_GROUP_FIELD,5,5,ABILITY_EARLY_BIRD,ABILITY_FLASH_FIRE,48,18,0,BODY_COLOR_BLACK,FALSE,pokeemerald/src/data/pokemon/species_info.h
229,houndoom,SPECIES_HOUNDOOM,2,75,90,50,95,110,80,TYPE_DARK,TYPE_FIRE,16,9,45,204,0,0,0,0,2,0,ITEM_NONE,ITEM_NONE,PERCENT_FEMALE(50),127,20,35,GROWTH_SLOW,5,EGG_GROUP_FIELD,EGG_GROUP_FIELD,5,5,ABILITY_EARLY_BIRD,ABILITY_FLASH_FIRE,48,18,0,BODY_COLOR_BLACK,FALSE,pokeemerald/src/data/pokemon/species_info.h
230,kingdra,SPECIES_KINGDRA,2,75,95,95,85,95,95,TYPE_WATER,TYPE_DRAGON,10,15,45,207,0,1,0,0,1,1,ITEM_NONE,ITEM_DRAGON_SCALE,PERCENT_FEMALE(50),127,20,70,GROWTH_MEDIUM_FAST,0,EGG_GROUP_WATER_1,EGG_GROUP_DRAGON,2,14,ABILITY_SWIFT_SWIM,ABILITY_NONE,33,0,0,BODY_COLOR_BLUE,FALSE,pokeemerald/src/data/pokemon/species_info.h
231,phanpy,SPECIES_PHANPY,2,90,60,60,40,40,40,TYPE_GROUND,TYPE_GROUND,4,4,120,124,1,0,0,0,0,0,ITEM_NONE,ITEM_NONE,PERCENT_FEMALE(50),127,20,70,GROWTH_MEDIUM_FAST,0,EGG_GROUP_FIELD,EGG_GROUP_FIELD,5,5,ABILITY_PICKUP,ABILITY_NONE,53,0,10,BODY_COLOR_BLUE,FALSE,pokeemerald/src/data/pokemon/species_info.h
232,donphan,SPECIES_DONPHAN,2,90,120,120,50,60,60,TYPE_GROUND,TYPE_GROUND,4,4,60,189,0,1,1,0,0,0,ITEM_NONE,ITEM_NONE,PERCENT_FEMALE(50),127,20,70,GROWTH_MEDIUM_FAST,0,EGG_GROUP_FIELD,EGG_GROUP_FIELD,5,5,ABILITY_STURDY,ABILITY_NONE,5,0,0,BODY_COLOR_GRAY,FALSE,pokeemerald/src/data/pokemon/species_info.h
233,porygon2,SPECIES_PORYGON2,2,85,80,90,60,105,95,TYPE_NORMAL,TYPE_NORMAL,0,0,45,180,0,0,0,0,2,0,ITEM_NONE,ITEM_NONE,MON_GENDERLESS,255,20,70,GROWTH_MEDIUM_FAST,0,EGG_GROUP_MINERAL,EGG_GROUP_MINERAL,10,10,ABILITY_TRACE,ABILITY_NONE,36,0,0,BODY_COLOR_RED,FALSE,pokeemerald/src/data/pokemon/species_info.h
234,stantler,SPECIES_STANTLER,2,73,95,62,85,85,65,TYPE_NORMAL,TYPE_NORMAL,0,0,45,165,0,1,0,0,0,0,ITEM_NONE,ITEM_NONE,PERCENT_FEMALE(50),127,20,70,GROWTH_SLOW,5,EGG_GROUP_FIELD,EGG_GROUP_FIELD,5,5,ABILITY_INTIMIDATE,ABILITY_NONE,22,0,0,BODY_COLOR_BROWN,FALSE,pokeemerald/src/data/pokemon/species_info.h
235,smeargle,SPECIES_SMEARGLE,2,55,20,35,75,20,45,TYPE_NORMAL,TYPE_NORMAL,0,0,45,106,0,0,0,1,0,0,ITEM_NONE,ITEM_NONE,PERCENT_FEMALE(50),127,20,70,GROWTH_FAST,4,EGG_GROUP_FIELD,EGG_GROUP_FIELD,5,5,ABILITY_OWN_TEMPO,ABILITY_NONE,20,0,0,BODY_COLOR_WHITE,FALSE,pokeemerald/src/data/pokemon/species_info.h
236,tyrogue,SPECIES_TYROGUE,2,35,35,35,35,35,35,TYPE_FIGHTING,TYPE_FIGHTING,1,1,75,91,0,1,0,0,0,0,ITEM_NONE,ITEM_NONE,MON_MALE,0,25,70,GROWTH_MEDIUM_FAST,0,EGG_GROUP_NO_EGGS_DISCOVERED,EGG_GROUP_NO_EGGS_DISCOVERED,15,15,ABILITY_GUTS,ABILITY_NONE,62,0,0,BODY_COLOR_PURPLE,FALSE,pokeemerald/src/data/pokemon/species_info.h
237,hitmontop,SPECIES_HITMONTOP,2,50,95,95,70,35,110,TYPE_FIGHTING,TYPE_FIGHTING,1,1,45,138,0,0,0,0,0,2,ITEM_NONE,ITEM_NONE,MON_MALE,0,25,70,GROWTH_MEDIUM_FAST,0,EGG_GROUP_HUMAN_LIKE,EGG_GROUP_HUMAN_LIKE,8,8,ABILITY_INTIMIDATE,ABILITY_NONE,22,0,0,BODY_COLOR_BROWN,FALSE,pokeemerald/src/data/pokemon/species_info.h
238,smoochum,SPECIES_SMOOCHUM,2,45,30,15,65,85,65,TYPE_ICE,TYPE_PSYCHIC,14,13,45,87,0,0,0,0,1,0,ITEM_ASPEAR_BERRY,ITEM_ASPEAR_BERRY,MON_FEMALE,254,25,70,GROWTH_MEDIUM_FAST,0,EGG_GROUP_NO_EGGS_DISCOVERED,EGG_GROUP_NO_EGGS_DISCOVERED,15,15,ABILITY_OBLIVIOUS,ABILITY_NONE,12,0,0,BODY_COLOR_PINK,FALSE,pokeemerald/src/data/pokemon/species_info.h
239,elekid,SPECIES_ELEKID,2,45,63,37,95,65,55,TYPE_ELECTRIC,TYPE_ELECTRIC,12,12,45,106,0,0,0,1,0,0,ITEM_NONE,ITEM_NONE,PERCENT_FEMALE(25),63,25,70,GROWTH_MEDIUM_FAST,0,EGG_GROUP_NO_EGGS_DISCOVERED,EGG_GROUP_NO_EGGS_DISCOVERED,15,15,ABILITY_STATIC,ABILITY_NONE,9,0,0,BODY_COLOR_YELLOW,TRUE,pokeemerald/src/data/pokemon/species_info.h
240,magby,SPECIES_MAGBY,2,45,75,37,83,70,55,TYPE_FIRE,TYPE_FIRE,9,9,45,117,0,0,0,1,0,0,ITEM_RAWST_BERRY,ITEM_RAWST_BERRY,PERCENT_FEMALE(25),63,25,70,GROWTH_MEDIUM_FAST,0,EGG_GROUP_NO_EGGS_DISCOVERED,EGG_GROUP_NO_EGGS_DISCOVERED,15,15,ABILITY_FLAME_BODY,ABILITY_NONE,49,0,0,BODY_COLOR_RED,FALSE,pokeemerald/src/data/pokemon/species_info.h
241,miltank,SPECIES_MILTANK,2,95,80,105,100,40,70,TYPE_NORMAL,TYPE_NORMAL,0,0,45,200,0,0,2,0,0,0,ITEM_MOOMOO_MILK,ITEM_MOOMOO_MILK,MON_FEMALE,254,20,70,GROWTH_SLOW,5,EGG_GROUP_FIELD,EGG_GROUP_FIELD,5,5,ABILITY_THICK_FAT,ABILITY_NONE,47,0,0,BODY_COLOR_PINK,FALSE,pokeemerald/src/data/pokemon/species_info.h
242,blissey,SPECIES_BLISSEY,2,255,10,10,55,75,135,TYPE_NORMAL,TYPE_NORMAL,0,0,30,255,2,0,0,0,0,0,ITEM_NONE,ITEM_LUCKY_EGG,MON_FEMALE,254,40,140,GROWTH_FAST,4,EGG_GROUP_FAIRY,EGG_GROUP_FAIRY,6,6,ABILITY_NATURAL_CURE,ABILITY_SERENE_GRACE,30,32,0,BODY_COLOR_PINK,FALSE,pokeemerald/src/data/pokemon/species_info.h
243,raikou,SPECIES_RAIKOU,2,90,85,75,115,115,100,TYPE_ELECTRIC,TYPE_ELECTRIC,12,12,3,216,0,0,0,2,1,0,ITEM_NONE,ITEM_NONE,MON_GENDERLESS,255,80,35,GROWTH_SLOW,5,EGG_GROUP_NO_EGGS_DISCOVERED,EGG_GROUP_NO_EGGS_DISCOVERED,15,15,ABILITY_PRESSURE,ABILITY_NONE,46,0,0,BODY_COLOR_YELLOW,FALSE,pokeemerald/src/data/pokemon/species_info.h
244,entei,SPECIES_ENTEI,2,115,115,85,100,90,75,TYPE_FIRE,TYPE_FIRE,9,9,3,217,1,2,0,0,0,0,ITEM_NONE,ITEM_NONE,MON_GENDERLESS,255,80,35,GROWTH_SLOW,5,EGG_GROUP_NO_EGGS_DISCOVERED,EGG_GROUP_NO_EGGS_DISCOVERED,15,15,ABILITY_PRESSURE,ABILITY_NONE,46,0,0,BODY_COLOR_BROWN,FALSE,pokeemerald/src/data/pokemon/species_info.h
245,suicune,SPECIES_SUICUNE,2,100,75,115,85,90,115,TYPE_WATER,TYPE_WATER,10,10,3,215,0,0,1,0,0,2,ITEM_NONE,ITEM_NONE,MON_GENDERLESS,255,80,35,GROWTH_SLOW,5,EGG_GROUP_NO_EGGS_DISCOVERED,EGG_GROUP_NO_EGGS_DISCOVERED,15,15,ABILITY_PRESSURE,ABILITY_NONE,46,0,0,BODY_COLOR_BLUE,FALSE,pokeemerald/src/data/pokemon/species_info.h
246,larvitar,SPECIES_LARVITAR,2,50,64,50,41,45,50,TYPE_ROCK,TYPE_GROUND,5,4,45,67,0,1,0,0,0,0,ITEM_NONE,ITEM_NONE,PERCENT_FEMALE(50),127,40,35,GROWTH_SLOW,5,EGG_GROUP_MONSTER,EGG_GROUP_MONSTER,1,1,ABILITY_GUTS,ABILITY_NONE,62,0,0,BODY_COLOR_GREEN,FALSE,pokeemerald/src/data/pokemon/species_info.h
247,pupitar,SPECIES_PUPITAR,2,70,84,70,51,65,70,TYPE_ROCK,TYPE_GROUND,5,4,45,144,0,2,0,0,0,0,ITEM_NONE,ITEM_NONE,PERCENT_FEMALE(50),127,40,35,GROWTH_SLOW,5,EGG_GROUP_MONSTER,EGG_GROUP_MONSTER,1,1,ABILITY_SHED_SKIN,ABILITY_NONE,61,0,0,BODY_COLOR_GRAY,FALSE,pokeemerald/src/data/pokemon/species_info.h
248,tyranitar,SPECIES_TYRANITAR,2,100,134,110,61,95,100,TYPE_ROCK,TYPE_DARK,5,16,45,218,0,3,0,0,0,0,ITEM_NONE,ITEM_NONE,PERCENT_FEMALE(50),127,40,35,GROWTH_SLOW,5,EGG_GROUP_MONSTER,EGG_GROUP_MONSTER,1,1,ABILITY_SAND_STREAM,ABILITY_NONE,45,0,0,BODY_COLOR_GREEN,FALSE,pokeemerald/src/data/pokemon/species_info.h
249,lugia,SPECIES_LUGIA,2,106,90,130,110,90,154,TYPE_PSYCHIC,TYPE_FLYING,13,2,3,220,0,0,0,0,0,3,ITEM_NONE,ITEM_NONE,MON_GENDERLESS,255,120,0,GROWTH_SLOW,5,EGG_GROUP_NO_EGGS_DISCOVERED,EGG_GROUP_NO_EGGS_DISCOVERED,15,15,ABILITY_PRESSURE,ABILITY_NONE,46,0,0,BODY_COLOR_WHITE,FALSE,pokeemerald/src/data/pokemon/species_info.h
250,ho_oh,SPECIES_HO_OH,2,106,130,90,90,110,154,TYPE_FIRE,TYPE_FLYING,9,2,3,220,0,0,0,0,0,3,ITEM_SACRED_ASH,ITEM_SACRED_ASH,MON_GENDERLESS,255,120,0,GROWTH_SLOW,5,EGG_GROUP_NO_EGGS_DISCOVERED,EGG_GROUP_NO_EGGS_DISCOVERED,15,15,ABILITY_PRESSURE,ABILITY_NONE,46,0,0,BODY_COLOR_RED,FALSE,pokeemerald/src/data/pokemon/species_info.h
251,celebi,SPECIES_CELEBI,2,100,100,100,100,100,100,TYPE_PSYCHIC,TYPE_GRASS,13,11,45,64,3,0,0,0,0,0,ITEM_LUM_BERRY,ITEM_LUM_BERRY,MON_GENDERLESS,255,120,100,GROWTH_MEDIUM_SLOW,3,EGG_GROUP_NO_EGGS_DISCOVERED,EGG_GROUP_NO_EGGS_DISCOVERED,15,15,ABILITY_NATURAL_CURE,ABILITY_NONE,30,0,0,BODY_COLOR_GREEN,FALSE,pokeemerald/src/data/pokemon/species_info.h
252,treecko,SPECIES_TREECKO,3,40,45,35,70,65,55,TYPE_GRASS,TYPE_GRASS,11,11,45,65,0,0,0,1,0,0,ITEM_NONE,ITEM_NONE,PERCENT_FEMALE(12.5),31,20,70,GROWTH_MEDIUM_SLOW,3,EGG_GROUP_MONSTER,EGG_GROUP_DRAGON,1,14,ABILITY_OVERGROW,ABILITY_NONE,65,0,0,BODY_COLOR_GREEN,FALSE,pokeemerald/src/data/pokemon/species_info.h
253,grovyle,SPECIES_GROVYLE,3,50,65,45,95,85,65,TYPE_GRASS,TYPE_GRASS,11,11,45,141,0,0,0,2,0,0,ITEM_NONE,ITEM_NONE,PERCENT_FEMALE(12.5),31,20,70,GROWTH_MEDIUM_SLOW,3,EGG_GROUP_MONSTER,EGG_GROUP_DRAGON,1,14,ABILITY_OVERGROW,ABILITY_NONE,65,0,0,BODY_COLOR_GREEN,FALSE,pokeemerald/src/data/pokemon/species_info.h
254,sceptile,SPECIES_SCEPTILE,3,70,85,65,120,105,85,TYPE_GRASS,TYPE_GRASS,11,11,45,208,0,0,0,3,0,0,ITEM_NONE,ITEM_NONE,PERCENT_FEMALE(12.5),31,20,70,GROWTH_MEDIUM_SLOW,3,EGG_GROUP_MONSTER,EGG_GROUP_DRAGON,1,14,ABILITY_OVERGROW,ABILITY_NONE,65,0,0,BODY_COLOR_GREEN,FALSE,pokeemerald/src/data/pokemon/species_info.h
255,torchic,SPECIES_TORCHIC,3,45,60,40,45,70,50,TYPE_FIRE,TYPE_FIRE,9,9,45,65,0,0,0,0,1,0,ITEM_NONE,ITEM_NONE,PERCENT_FEMALE(12.5),31,20,70,GROWTH_MEDIUM_SLOW,3,EGG_GROUP_FIELD,EGG_GROUP_FIELD,5,5,ABILITY_BLAZE,ABILITY_NONE,66,0,0,BODY_COLOR_RED,FALSE,pokeemerald/src/data/pokemon/species_info.h
256,combusken,SPECIES_COMBUSKEN,3,60,85,60,55,85,60,TYPE_FIRE,TYPE_FIGHTING,9,1,45,142,0,1,0,0,1,0,ITEM_NONE,ITEM_NONE,PERCENT_FEMALE(12.5),31,20,70,GROWTH_MEDIUM_SLOW,3,EGG_GROUP_FIELD,EGG_GROUP_FIELD,5,5,ABILITY_BLAZE,ABILITY_NONE,66,0,0,BODY_COLOR_RED,FALSE,pokeemerald/src/data/pokemon/species_info.h
257,blaziken,SPECIES_BLAZIKEN,3,80,120,70,80,110,70,TYPE_FIRE,TYPE_FIGHTING,9,1,45,209,0,3,0,0,0,0,ITEM_NONE,ITEM_NONE,PERCENT_FEMALE(12.5),31,20,70,GROWTH_MEDIUM_SLOW,3,EGG_GROUP_FIELD,EGG_GROUP_FIELD,5,5,ABILITY_BLAZE,ABILITY_NONE,66,0,0,BODY_COLOR_RED,FALSE,pokeemerald/src/data/pokemon/species_info.h
258,mudkip,SPECIES_MUDKIP,3,50,70,50,40,50,50,TYPE_WATER,TYPE_WATER,10,10,45,65,0,1,0,0,0,0,ITEM_NONE,ITEM_NONE,PERCENT_FEMALE(12.5),31,20,70,GROWTH_MEDIUM_SLOW,3,EGG_GROUP_MONSTER,EGG_GROUP_WATER_1,1,2,ABILITY_TORRENT,ABILITY_NONE,67,0,0,BODY_COLOR_BLUE,FALSE,pokeemerald/src/data/pokemon/species_info.h
259,marshtomp,SPECIES_MARSHTOMP,3,70,85,70,50,60,70,TYPE_WATER,TYPE_GROUND,10,4,45,143,0,2,0,0,0,0,ITEM_NONE,ITEM_NONE,PERCENT_FEMALE(12.5),31,20,70,GROWTH_MEDIUM_SLOW,3,EGG_GROUP_MONSTER,EGG_GROUP_WATER_1,1,2,ABILITY_TORRENT,ABILITY_NONE,67,0,0,BODY_COLOR_BLUE,FALSE,pokeemerald/src/data/pokemon/species_info.h
260,swampert,SPECIES_SWAMPERT,3,100,110,90,60,85,90,TYPE_WATER,TYPE_GROUND,10,4,45,210,0,3,0,0,0,0,ITEM_NONE,ITEM_NONE,PERCENT_FEMALE(12.5),31,20,70,GROWTH_MEDIUM_SLOW,3,EGG_GROUP_MONSTER,EGG_GROUP_WATER_1,1,2,ABILITY_TORRENT,ABILITY_NONE,67,0,0,BODY_COLOR_BLUE,FALSE,pokeemerald/src/data/pokemon/species_info.h
261,poochyena,SPECIES_POOCHYENA,3,35,55,35,35,30,30,TYPE_DARK,TYPE_DARK,16,16,255,55,0,1,0,0,0,0,ITEM_NONE,ITEM_PECHA_BERRY,PERCENT_FEMALE(50),127,15,70,GROWTH_MEDIUM_FAST,0,EGG_GROUP_FIELD,EGG_GROUP_FIELD,5,5,ABILITY_RUN_AWAY,ABILITY_NONE,50,0,0,BODY_COLOR_GRAY,FALSE,pokeemerald/src/data/pokemon/species_info.h
262,mightyena,SPECIES_MIGHTYENA,3,70,90,70,70,60,60,TYPE_DARK,TYPE_DARK,16,16,127,128,0,2,0,0,0,0,ITEM_NONE,ITEM_PECHA_BERRY,PERCENT_FEMALE(50),127,15,70,GROWTH_MEDIUM_FAST,0,EGG_GROUP_FIELD,EGG_GROUP_FIELD,5,5,ABILITY_INTIMIDATE,ABILITY_NONE,22,0,0,BODY_COLOR_GRAY,FALSE,pokeemerald/src/data/pokemon/species_info.h
263,zigzagoon,SPECIES_ZIGZAGOON,3,38,30,41,60,30,41,TYPE_NORMAL,TYPE_NORMAL,0,0,255,60,0,0,0,1,0,0,ITEM_NONE,ITEM_ORAN_BERRY,PERCENT_FEMALE(50),127,15,70,GROWTH_MEDIUM_FAST,0,EGG_GROUP_FIELD,EGG_GROUP_FIELD,5,5,ABILITY_PICKUP,ABILITY_NONE,53,0,0,BODY_COLOR_BROWN,FALSE,pokeemerald/src/data/pokemon/species_info.h
264,linoone,SPECIES_LINOONE,3,78,70,61,100,50,61,TYPE_NORMAL,TYPE_NORMAL,0,0,90,128,0,0,0,2,0,0,ITEM_ORAN_BERRY,ITEM_SITRUS_BERRY,PERCENT_FEMALE(50),127,15,70,GROWTH_MEDIUM_FAST,0,EGG_GROUP_FIELD,EGG_GROUP_FIELD,5,5,ABILITY_PICKUP,ABILITY_NONE,53,0,0,BODY_COLOR_WHITE,FALSE,pokeemerald/src/data/pokemon/species_info.h
265,wurmple,SPECIES_WURMPLE,3,45,45,35,20,20,30,TYPE_BUG,TYPE_BUG,6,6,255,54,1,0,0,0,0,0,ITEM_NONE,ITEM_NONE,PERCENT_FEMALE(50),127,15,70,GROWTH_MEDIUM_FAST,0,EGG_GROUP_BUG,EGG_GROUP_BUG,3,3,ABILITY_SHIELD_DUST,ABILITY_NONE,19,0,0,BODY_COLOR_RED,FALSE,pokeemerald/src/data/pokemon/species_info.h
266,silcoon,SPECIES_SILCOON,3,50,35,55,15,25,25,TYPE_BUG,TYPE_BUG,6,6,120,71,0,0,2,0,0,0,ITEM_NONE,ITEM_NONE,PERCENT_FEMALE(50),127,15,70,GROWTH_MEDIUM_FAST,0,EGG_GROUP_BUG,EGG_GROUP_BUG,3,3,ABILITY_SHED_SKIN,ABILITY_NONE,61,0,0,BODY_COLOR_WHITE,FALSE,pokeemerald/src/data/pokemon/species_info.h
267,beautifly,SPECIES_BEAUTIFLY,3,60,70,50,65,90,50,TYPE_BUG,TYPE_FLYING,6,2,45,161,0,0,0,0,3,0,ITEM_NONE,ITEM_SILVER_POWDER,PERCENT_FEMALE(50),127,15,70,GROWTH_MEDIUM_FAST,0,EGG_GROUP_BUG,EGG_GROUP_BUG,3,3,ABILITY_SWARM,ABILITY_NONE,68,0,0,BODY_COLOR_YELLOW,FALSE,pokeemerald/src/data/pokemon/species_info.h
268,cascoon,SPECIES_CASCOON,3,50,35,55,15,25,25,TYPE_BUG,TYPE_BUG,6,6,120,72,0,0,2,0,0,0,ITEM_NONE,ITEM_NONE,PERCENT_FEMALE(50),127,15,70,GROWTH_MEDIUM_FAST,0,EGG_GROUP_BUG,EGG_GROUP_BUG,3,3,ABILITY_SHED_SKIN,ABILITY_NONE,61,0,0,BODY_COLOR_PURPLE,FALSE,pokeemerald/src/data/pokemon/species_info.h
269,dustox,SPECIES_DUSTOX,3,60,50,70,65,50,90,TYPE_BUG,TYPE_POISON,6,3,45,160,0,0,0,0,0,3,ITEM_NONE,ITEM_SILVER_POWDER,PERCENT_FEMALE(50),127,15,70,GROWTH_MEDIUM_FAST,0,EGG_GROUP_BUG,EGG_GROUP_BUG,3,3,ABILITY_SHIELD_DUST,ABILITY_NONE,19,0,0,BODY_COLOR_GREEN,FALSE,pokeemerald/src/data/pokemon/species_info.h
270,lotad,SPECIES_LOTAD,3,40,30,30,30,40,50,TYPE_WATER,TYPE_GRASS,10,11,255,74,0,0,0,0,0,1,ITEM_NONE,ITEM_NONE,PERCENT_FEMALE(50),127,15,70,GROWTH_MEDIUM_SLOW,3,EGG_GROUP_WATER_1,EGG_GROUP_GRASS,2,7,ABILITY_SWIFT_SWIM,ABILITY_RAIN_DISH,33,44,0,BODY_COLOR_GREEN,FALSE,pokeemerald/src/data/pokemon/species_info.h
271,lombre,SPECIES_LOMBRE,3,60,50,50,50,60,70,TYPE_WATER,TYPE_GRASS,10,11,120,141,0,0,0,0,0,2,ITEM_NONE,ITEM_NONE,PERCENT_FEMALE(50),127,15,70,GROWTH_MEDIUM_SLOW,3,EGG_GROUP_WATER_1,EGG_GROUP_GRASS,2,7,ABILITY_SWIFT_SWIM,ABILITY_RAIN_DISH,33,44,0,BODY_COLOR_GREEN,FALSE,pokeemerald/src/data/pokemon/species_info.h
272,ludicolo,SPECIES_LUDICOLO,3,80,70,70,70,90,100,TYPE_WATER,TYPE_GRASS,10,11,45,181,0,0,0,0,0,3,ITEM_NONE,ITEM_NONE,PERCENT_FEMALE(50),127,15,70,GROWTH_MEDIUM_SLOW,3,EGG_GROUP_WATER_1,EGG_GROUP_GRASS,2,7,ABILITY_SWIFT_SWIM,ABILITY_RAIN_DISH,33,44,0,BODY_COLOR_GREEN,FALSE,pokeemerald/src/data/pokemon/species_info.h
273,seedot,SPECIES_SEEDOT,3,40,40,50,30,30,30,TYPE_GRASS,TYPE_GRASS,11,11,255,74,0,0,1,0,0,0,ITEM_NONE,ITEM_NONE,PERCENT_FEMALE(50),127,15,70,GROWTH_MEDIUM_SLOW,3,EGG_GROUP_FIELD,EGG_GROUP_GRASS,5,7,ABILITY_CHLOROPHYLL,ABILITY_EARLY_BIRD,34,48,0,BODY_COLOR_BROWN,FALSE,pokeemerald/src/data/pokemon/species_info.h
274,nuzleaf,SPECIES_NUZLEAF,3,70,70,40,60,60,40,TYPE_GRASS,TYPE_DARK,11,16,120,141,0,2,0,0,0,0,ITEM_NONE,ITEM_NONE,PERCENT_FEMALE(50),127,15,70,GROWTH_MEDIUM_SLOW,3,EGG_GROUP_FIELD,EGG_GROUP_GRASS,5,7,ABILITY_CHLOROPHYLL,ABILITY_EARLY_BIRD,34,48,0,BODY_COLOR_BROWN,FALSE,pokeemerald/src/data/pokemon/species_info.h
275,shiftry,SPECIES_SHIFTRY,3,90,100,60,80,90,60,TYPE_GRASS,TYPE_DARK,11,16,45,181,0,3,0,0,0,0,ITEM_NONE,ITEM_NONE,PERCENT_FEMALE(50),127,15,70,GROWTH_MEDIUM_SLOW,3,EGG_GROUP_FIELD,EGG_GROUP_GRASS,5,7,ABILITY_CHLOROPHYLL,ABILITY_EARLY_BIRD,34,48,0,BODY_COLOR_BROWN,FALSE,pokeemerald/src/data/pokemon/species_info.h
276,taillow,SPECIES_TAILLOW,3,40,55,30,85,30,30,TYPE_NORMAL,TYPE_FLYING,0,2,200,59,0,0,0,1,0,0,ITEM_NONE,ITEM_NONE,PERCENT_FEMALE(50),127,15,70,GROWTH_MEDIUM_SLOW,3,EGG_GROUP_FLYING,EGG_GROUP_FLYING,4,4,ABILITY_GUTS,ABILITY_NONE,62,0,0,BODY_COLOR_BLUE,FALSE,pokeemerald/src/data/pokemon/species_info.h
277,swellow,SPECIES_SWELLOW,3,60,85,60,125,50,50,TYPE_NORMAL,TYPE_FLYING,0,2,45,162,0,0,0,2,0,0,ITEM_NONE,ITEM_NONE,PERCENT_FEMALE(50),127,15,70,GROWTH_MEDIUM_SLOW,3,EGG_GROUP_FLYING,EGG_GROUP_FLYING,4,4,ABILITY_GUTS,ABILITY_NONE,62,0,0,BODY_COLOR_BLUE,FALSE,pokeemerald/src/data/pokemon/species_info.h
278,wingull,SPECIES_WINGULL,3,40,30,30,85,55,30,TYPE_WATER,TYPE_FLYING,10,2,190,64,0,0,0,1,0,0,ITEM_NONE,ITEM_NONE,PERCENT_FEMALE(50),127,20,70,GROWTH_MEDIUM_FAST,0,EGG_GROUP_WATER_1,EGG_GROUP_FLYING,2,4,ABILITY_KEEN_EYE,ABILITY_NONE,51,0,0,BODY_COLOR_WHITE,FALSE,pokeemerald/src/data/pokemon/species_info.h
279,pelipper,SPECIES_PELIPPER,3,60,50,100,65,85,70,TYPE_WATER,TYPE_FLYING,10,2,45,164,0,0,2,0,0,0,ITEM_NONE,ITEM_NONE,PERCENT_FEMALE(50),127,20,70,GROWTH_MEDIUM_FAST,0,EGG_GROUP_WATER_1,EGG_GROUP_FLYING,2,4,ABILITY_KEEN_EYE,ABILITY_NONE,51,0,0,BODY_COLOR_YELLOW,FALSE,pokeemerald/src/data/pokemon/species_info.h
280,ralts,SPECIES_RALTS,3,28,25,25,40,45,35,TYPE_PSYCHIC,TYPE_PSYCHIC,13,13,235,70,0,0,0,0,1,0,ITEM_NONE,ITEM_NONE,PERCENT_FEMALE(50),127,20,35,GROWTH_SLOW,5,EGG_GROUP_AMORPHOUS,EGG_GROUP_AMORPHOUS,11,11,ABILITY_SYNCHRONIZE,ABILITY_TRACE,28,36,0,BODY_COLOR_WHITE,FALSE,pokeemerald/src/data/pokemon/species_info.h
281,kirlia,SPECIES_KIRLIA,3,38,35,35,50,65,55,TYPE_PSYCHIC,TYPE_PSYCHIC,13,13,120,140,0,0,0,0,2,0,ITEM_NONE,ITEM_NONE,PERCENT_FEMALE(50),127,20,35,GROWTH_SLOW,5,EGG_GROUP_AMORPHOUS,EGG_GROUP_AMORPHOUS,11,11,ABILITY_SYNCHRONIZE,ABILITY_TRACE,28,36,0,BODY_COLOR_WHITE,FALSE,pokeemerald/src/data/pokemon/species_info.h
282,gardevoir,SPECIES_GARDEVOIR,3,68,65,65,80,125,115,TYPE_PSYCHIC,TYPE_PSYCHIC,13,13,45,208,0,0,0,0,3,0,ITEM_NONE,ITEM_NONE,PERCENT_FEMALE(50),127,20,35,GROWTH_SLOW,5,EGG_GROUP_AMORPHOUS,EGG_GROUP_AMORPHOUS,11,11,ABILITY_SYNCHRONIZE,ABILITY_TRACE,28,36,0,BODY_COLOR_WHITE,FALSE,pokeemerald/src/data/pokemon/species_info.h
283,surskit,SPECIES_SURSKIT,3,40,30,32,65,50,52,TYPE_BUG,TYPE_WATER,6,10,200,63,0,0,0,1,0,0,ITEM_NONE,ITEM_NONE,PERCENT_FEMALE(50),127,15,70,GROWTH_MEDIUM_FAST,0,EGG_GROUP_WATER_1,EGG_GROUP_BUG,2,3,ABILITY_SWIFT_SWIM,ABILITY_NONE,33,0,0,BODY_COLOR_BLUE,FALSE,pokeemerald/src/data/pokemon/species_info.h
284,masquerain,SPECIES_MASQUERAIN,3,70,60,62,60,80,82,TYPE_BUG,TYPE_FLYING,6,2,75,128,0,0,0,0,1,1,ITEM_NONE,ITEM_SILVER_POWDER,PERCENT_FEMALE(50),127,15,70,GROWTH_MEDIUM_FAST,0,EGG_GROUP_WATER_1,EGG_GROUP_BUG,2,3,ABILITY_INTIMIDATE,ABILITY_NONE,22,0,0,BODY_COLOR_BLUE,FALSE,pokeemerald/src/data/pokemon/species_info.h
285,shroomish,SPECIES_SHROOMISH,3,60,40,60,35,40,60,TYPE_GRASS,TYPE_GRASS,11,11,255,65,1,0,0,0,0,0,ITEM_NONE,ITEM_NONE,PERCENT_FEMALE(50),127,15,70,GROWTH_FLUCTUATING,7,EGG_GROUP_FAIRY,EGG_GROUP_GRASS,6,7,ABILITY_EFFECT_SPORE,ABILITY_NONE,27,0,0,BODY_COLOR_BROWN,FALSE,pokeemerald/src/data/pokemon/species_info.h
286,breloom,SPECIES_BRELOOM,3,60,130,80,70,60,60,TYPE_GRASS,TYPE_FIGHTING,11,1,90,165,0,2,0,0,0,0,ITEM_NONE,ITEM_NONE,PERCENT_FEMALE(50),127,15,70,GROWTH_FLUCTUATING,7,EGG_GROUP_FAIRY,EGG_GROUP_GRASS,6,7,ABILITY_EFFECT_SPORE,ABILITY_NONE,27,0,0,BODY_COLOR_GREEN,FALSE,pokeemerald/src/data/pokemon/species_info.h
287,slakoth,SPECIES_SLAKOTH,3,60,60,60,30,35,35,TYPE_NORMAL,TYPE_NORMAL,0,0,255,83,1,0,0,0,0,0,ITEM_NONE,ITEM_NONE,PERCENT_FEMALE(50),127,15,70,GROWTH_SLOW,5,EGG_GROUP_FIELD,EGG_GROUP_FIELD,5,5,ABILITY_TRUANT,ABILITY_NONE,54,0,0,BODY_COLOR_BROWN,FALSE,pokeemerald/src/data/pokemon/species_info.h
288,vigoroth,SPECIES_VIGOROTH,3,80,80,80,90,55,55,TYPE_NORMAL,TYPE_NORMAL,0,0,120,126,0,0,0,2,0,0,ITEM_NONE,ITEM_NONE,PERCENT_FEMALE(50),127,15,70,GROWTH_SLOW,5,EGG_GROUP_FIELD,EGG_GROUP_FIELD,5,5,ABILITY_VITAL_SPIRIT,ABILITY_NONE,72,0,0,BODY_COLOR_WHITE,FALSE,pokeemerald/src/data/pokemon/species_info.h
289,slaking,SPECIES_SLAKING,3,150,160,100,100,95,65,TYPE_NORMAL,TYPE_NORMAL,0,0,45,210,3,0,0,0,0,0,ITEM_NONE,ITEM_NONE,PERCENT_FEMALE(50),127,15,70,GROWTH_SLOW,5,EGG_GROUP_FIELD,EGG_GROUP_FIELD,5,5,ABILITY_TRUANT,ABILITY_NONE,54,0,0,BODY_COLOR_BROWN,FALSE,pokeemerald/src/data/pokemon/species_info.h
290,nincada,SPECIES_NINCADA,3,31,45,90,40,30,30,TYPE_BUG,TYPE_GROUND,6,4,255,65,0,0,1,0,0,0,ITEM_NONE,ITEM_NONE,PERCENT_FEMALE(50),127,15,70,GROWTH_ERRATIC,6,EGG_GROUP_BUG,EGG_GROUP_BUG,3,3,ABILITY_COMPOUND_EYES,ABILITY_NONE,14,0,0,BODY_COLOR_GRAY,FALSE,pokeemerald/src/data/pokemon/species_info.h
291,ninjask,SPECIES_NINJASK,3,61,90,45,160,50,50,TYPE_BUG,TYPE_FLYING,6,2,120,155,0,0,0,2,0,0,ITEM_NONE,ITEM_NONE,PERCENT_FEMALE(50),127,15,70,GROWTH_ERRATIC,6,EGG_GROUP_BUG,EGG_GROUP_BUG,3,3,ABILITY_SPEED_BOOST,ABILITY_NONE,3,0,0,BODY_COLOR_YELLOW,FALSE,pokeemerald/src/data/pokemon/species_info.h
292,shedinja,SPECIES_SHEDINJA,3,1,90,45,40,30,30,TYPE_BUG,TYPE_GHOST,6,7,45,95,2,0,0,0,0,0,ITEM_NONE,ITEM_NONE,MON_GENDERLESS,255,15,70,GROWTH_ERRATIC,6,EGG_GROUP_MINERAL,EGG_GROUP_MINERAL,10,10,ABILITY_WONDER_GUARD,ABILITY_NONE,25,0,0,BODY_COLOR_BROWN,FALSE,pokeemerald/src/data/pokemon/species_info.h
293,whismur,SPECIES_WHISMUR,3,64,51,23,28,51,23,TYPE_NORMAL,TYPE_NORMAL,0,0,190,68,1,0,0,0,0,0,ITEM_NONE,ITEM_CHESTO_BERRY,PERCENT_FEMALE(50),127,20,70,GROWTH_MEDIUM_SLOW,3,EGG_GROUP_MONSTER,EGG_GROUP_FIELD,1,5,ABILITY_SOUNDPROOF,ABILITY_NONE,43,0,0,BODY_COLOR_PINK,FALSE,pokeemerald/src/data/pokemon/species_info.h
294,loudred,SPECIES_LOUDRED,3,84,71,43,48,71,43,TYPE_NORMAL,TYPE_NORMAL,0,0,120,126,2,0,0,0,0,0,ITEM_NONE,ITEM_CHESTO_BERRY,PERCENT_FEMALE(50),127,20,70,GROWTH_MEDIUM_SLOW,3,EGG_GROUP_MONSTER,EGG_GROUP_FIELD,1,5,ABILITY_SOUNDPROOF,ABILITY_NONE,43,0,0,BODY_COLOR_BLUE,FALSE,pokeemerald/src/data/pokemon/species_info.h
295,exploud,SPECIES_EXPLOUD,3,104,91,63,68,91,63,TYPE_NORMAL,TYPE_NORMAL,0,0,45,184,3,0,0,0,0,0,ITEM_NONE,ITEM_CHESTO_BERRY,PERCENT_FEMALE(50),127,20,70,GROWTH_MEDIUM_SLOW,3,EGG_GROUP_MONSTER,EGG_GROUP_FIELD,1,5,ABILITY_SOUNDPROOF,ABILITY_NONE,43,0,0,BODY_COLOR_BLUE,FALSE,pokeemerald/src/data/pokemon/species_info.h
296,makuhita,SPECIES_MAKUHITA,3,72,60,30,25,20,30,TYPE_FIGHTING,TYPE_FIGHTING,1,1,180,87,1,0,0,0,0,0,ITEM_NONE,ITEM_NONE,PERCENT_FEMALE(25),63,20,70,GROWTH_FLUCTUATING,7,EGG_GROUP_HUMAN_LIKE,EGG_GROUP_HUMAN_LIKE,8,8,ABILITY_THICK_FAT,ABILITY_GUTS,47,62,0,BODY_COLOR_YELLOW,FALSE,pokeemerald/src/data/pokemon/species_info.h
297,hariyama,SPECIES_HARIYAMA,3,144,120,60,50,40,60,TYPE_FIGHTING,TYPE_FIGHTING,1,1,200,184,2,0,0,0,0,0,ITEM_NONE,ITEM_KINGS_ROCK,PERCENT_FEMALE(25),63,20,70,GROWTH_FLUCTUATING,7,EGG_GROUP_HUMAN_LIKE,EGG_GROUP_HUMAN_LIKE,8,8,ABILITY_THICK_FAT,ABILITY_GUTS,47,62,0,BODY_COLOR_BROWN,FALSE,pokeemerald/src/data/pokemon/species_info.h
298,azurill,SPECIES_AZURILL,3,50,20,40,20,20,40,TYPE_NORMAL,TYPE_NORMAL,0,0,150,33,1,0,0,0,0,0,ITEM_NONE,ITEM_NONE,PERCENT_FEMALE(75),191,10,70,GROWTH_FAST,4,EGG_GROUP_NO_EGGS_DISCOVERED,EGG_GROUP_NO_EGGS_DISCOVERED,15,15,ABILITY_THICK_FAT,ABILITY_HUGE_POWER,47,37,0,BODY_COLOR_BLUE,FALSE,pokeemerald/src/data/pokemon/species_info.h
299,nosepass,SPECIES_NOSEPASS,3,30,45,135,30,45,90,TYPE_ROCK,TYPE_ROCK,5,5,255,108,0,0,1,0,0,0,ITEM_NONE,ITEM_NONE,PERCENT_FEMALE(50),127,20,70,GROWTH_MEDIUM_FAST,0,EGG_GROUP_MINERAL,EGG_GROUP_MINERAL,10,10,ABILITY_STURDY,ABILITY_MAGNET_PULL,5,42,0,BODY_COLOR_GRAY,FALSE,pokeemerald/src/data/pokemon/species_info.h
300,skitty,SPECIES_SKITTY,3,50,45,45,50,35,35,TYPE_NORMAL,TYPE_NORMAL,0,0,255,65,0,0,0,1,0,0,ITEM_NONE,ITEM_LEPPA_BERRY,PERCENT_FEMALE(75),191,15,70,GROWTH_FAST,4,EGG_GROUP_FIELD,EGG_GROUP_FAIRY,5,6,ABILITY_CUTE_CHARM,ABILITY_NONE,56,0,0,BODY_COLOR_PINK,FALSE,pokeemerald/src/data/pokemon/species_info.h
301,delcatty,SPECIES_DELCATTY,3,70,65,65,70,55,55,TYPE_NORMAL,TYPE_NORMAL,0,0,60,138,1,0,0,1,0,0,ITEM_NONE,ITEM_LEPPA_BERRY,PERCENT_FEMALE(75),191,15,70,GROWTH_FAST,4,EGG_GROUP_FIELD,EGG_GROUP_FAIRY,5,6,ABILITY_CUTE_CHARM,ABILITY_NONE,56,0,0,BODY_COLOR_PURPLE,FALSE,pokeemerald/src/data/pokemon/species_info.h
302,sableye,SPECIES_SABLEYE,3,50,75,75,50,65,65,TYPE_DARK,TYPE_GHOST,16,7,45,98,0,1,1,0,0,0,ITEM_NONE,ITEM_NONE,PERCENT_FEMALE(50),127,25,35,GROWTH_MEDIUM_SLOW,3,EGG_GROUP_HUMAN_LIKE,EGG_GROUP_HUMAN_LIKE,8,8,ABILITY_KEEN_EYE,ABILITY_NONE,51,0,0,BODY_COLOR_PURPLE,FALSE,pokeemerald/src/data/pokemon/species_info.h
303,mawile,SPECIES_MAWILE,3,50,85,85,50,55,55,TYPE_STEEL,TYPE_STEEL,8,8,45,98,0,1,1,0,0,0,ITEM_NONE,ITEM_NONE,PERCENT_FEMALE(50),127,20,70,GROWTH_FAST,4,EGG_GROUP_FIELD,EGG_GROUP_FAIRY,5,6,ABILITY_HYPER_CUTTER,ABILITY_INTIMIDATE,52,22,0,BODY_COLOR_BLACK,FALSE,pokeemerald/src/data/pokemon/species_info.h
304,aron,SPECIES_ARON,3,50,70,100,30,40,40,TYPE_STEEL,TYPE_ROCK,8,5,180,96,0,0,1,0,0,0,ITEM_NONE,ITEM_HARD_STONE,PERCENT_FEMALE(50),127,35,35,GROWTH_SLOW,5,EGG_GROUP_MONSTER,EGG_GROUP_MONSTER,1,1,ABILITY_STURDY,ABILITY_ROCK_HEAD,5,69,0,BODY_COLOR_GRAY,FALSE,pokeemerald/src/data/pokemon/species_info.h
305,lairon,SPECIES_LAIRON,3,60,90,140,40,50,50,TYPE_STEEL,TYPE_ROCK,8,5,90,152,0,0,2,0,0,0,ITEM_NONE,ITEM_HARD_STONE,PERCENT_FEMALE(50),127,35,35,GROWTH_SLOW,5,EGG_GROUP_MONSTER,EGG_GROUP_MONSTER,1,1,ABILITY_STURDY,ABILITY_ROCK_HEAD,5,69,0,BODY_COLOR_GRAY,FALSE,pokeemerald/src/data/pokemon/species_info.h
306,aggron,SPECIES_AGGRON,3,70,110,180,50,60,60,TYPE_STEEL,TYPE_ROCK,8,5,45,205,0,0,3,0,0,0,ITEM_NONE,ITEM_HARD_STONE,PERCENT_FEMALE(50),127,35,35,GROWTH_SLOW,5,EGG_GROUP_MONSTER,EGG_GROUP_MONSTER,1,1,ABILITY_STURDY,ABILITY_ROCK_HEAD,5,69,0,BODY_COLOR_GRAY,FALSE,pokeemerald/src/data/pokemon/species_info.h
307,meditite,SPECIES_MEDITITE,3,30,40,55,60,40,55,TYPE_FIGHTING,TYPE_PSYCHIC,1,13,180,91,0,0,0,1,0,0,ITEM_NONE,ITEM_NONE,PERCENT_FEMALE(50),127,20,70,GROWTH_MEDIUM_FAST,0,EGG_GROUP_HUMAN_LIKE,EGG_GROUP_HUMAN_LIKE,8,8,ABILITY_PURE_POWER,ABILITY_NONE,74,0,0,BODY_COLOR_BLUE,FALSE,pokeemerald/src/data/pokemon/species_info.h
308,medicham,SPECIES_MEDICHAM,3,60,60,75,80,60,75,TYPE_FIGHTING,TYPE_PSYCHIC,1,13,90,153,0,0,0,2,0,0,ITEM_NONE,ITEM_NONE,PERCENT_FEMALE(50),127,20,70,GROWTH_MEDIUM_FAST,0,EGG_GROUP_HUMAN_LIKE,EGG_GROUP_HUMAN_LIKE,8,8,ABILITY_PURE_POWER,ABILITY_NONE,74,0,0,BODY_COLOR_RED,FALSE,pokeemerald/src/data/pokemon/species_info.h
309,electrike,SPECIES_ELECTRIKE,3,40,45,40,65,65,40,TYPE_ELECTRIC,TYPE_ELECTRIC,12,12,120,104,0,0,0,1,0,0,ITEM_NONE,ITEM_NONE,PERCENT_FEMALE(50),127,20,70,GROWTH_SLOW,5,EGG_GROUP_FIELD,EGG_GROUP_FIELD,5,5,ABILITY_STATIC,ABILITY_LIGHTNING_ROD,9,31,0,BODY_COLOR_GREEN,FALSE,pokeemerald/src/data/pokemon/species_info.h
310,manectric,SPECIES_MANECTRIC,3,70,75,60,105,105,60,TYPE_ELECTRIC,TYPE_ELECTRIC,12,12,45,168,0,0,0,2,0,0,ITEM_NONE,ITEM_NONE,PERCENT_FEMALE(50),127,20,70,GROWTH_SLOW,5,EGG_GROUP_FIELD,EGG_GROUP_FIELD,5,5,ABILITY_STATIC,ABILITY_LIGHTNING_ROD,9,31,0,BODY_COLOR_YELLOW,FALSE,pokeemerald/src/data/pokemon/species_info.h
311,plusle,SPECIES_PLUSLE,3,60,50,40,95,85,75,TYPE_ELECTRIC,TYPE_ELECTRIC,12,12,200,120,0,0,0,1,0,0,ITEM_NONE,ITEM_NONE,PERCENT_FEMALE(50),127,20,70,GROWTH_MEDIUM_FAST,0,EGG_GROUP_FAIRY,EGG_GROUP_FAIRY,6,6,ABILITY_PLUS,ABILITY_NONE,57,0,0,BODY_COLOR_YELLOW,FALSE,pokeemerald/src/data/pokemon/species_info.h
312,minun,SPECIES_MINUN,3,60,40,50,95,75,85,TYPE_ELECTRIC,TYPE_ELECTRIC,12,12,200,120,0,0,0,1,0,0,ITEM_NONE,ITEM_NONE,PERCENT_FEMALE(50),127,20,70,GROWTH_MEDIUM_FAST,0,EGG_GROUP_FAIRY,EGG_GROUP_FAIRY,6,6,ABILITY_MINUS,ABILITY_NONE,58,0,0,BODY_COLOR_YELLOW,FALSE,pokeemerald/src/data/pokemon/species_info.h
313,volbeat,SPECIES_VOLBEAT,3,65,73,55,85,47,75,TYPE_BUG,TYPE_BUG,6,6,150,146,0,0,0,1,0,0,ITEM_NONE,ITEM_NONE,MON_MALE,0,15,70,GROWTH_ERRATIC,6,EGG_GROUP_BUG,EGG_GROUP_HUMAN_LIKE,3,8,ABILITY_ILLUMINATE,ABILITY_SWARM,35,68,0,BODY_COLOR_GRAY,FALSE,pokeemerald/src/data/pokemon/species_info.h
314,illumise,SPECIES_ILLUMISE,3,65,47,55,85,73,75,TYPE_BUG,TYPE_BUG,6,6,150,146,0,0,0,1,0,0,ITEM_NONE,ITEM_NONE,MON_FEMALE,254,15,70,GROWTH_FLUCTUATING,7,EGG_GROUP_BUG,EGG_GROUP_HUMAN_LIKE,3,8,ABILITY_OBLIVIOUS,ABILITY_NONE,12,0,0,BODY_COLOR_PURPLE,FALSE,pokeemerald/src/data/pokemon/species_info.h
315,roselia,SPECIES_ROSELIA,3,50,60,45,65,100,80,TYPE_GRASS,TYPE_POISON,11,3,150,152,0,0,0,0,1,0,ITEM_NONE,ITEM_POISON_BARB,PERCENT_FEMALE(50),127,20,70,GROWTH_MEDIUM_SLOW,3,EGG_GROUP_FAIRY,EGG_GROUP_GRASS,6,7,ABILITY_NATURAL_CURE,ABILITY_POISON_POINT,30,38,0,BODY_COLOR_GREEN,TRUE,pokeemerald/src/data/pokemon/species_info.h
316,gulpin,SPECIES_GULPIN,3,70,43,53,40,43,53,TYPE_POISON,TYPE_POISON,3,3,225,75,1,0,0,0,0,0,ITEM_NONE,ITEM_BIG_PEARL,PERCENT_FEMALE(50),127,20,70,GROWTH_FLUCTUATING,7,EGG_GROUP_AMORPHOUS,EGG_GROUP_AMORPHOUS,11,11,ABILITY_LIQUID_OOZE,ABILITY_STICKY_HOLD,64,60,0,BODY_COLOR_GREEN,FALSE,pokeemerald/src/data/pokemon/species_info.h
317,swalot,SPECIES_SWALOT,3,100,73,83,55,73,83,TYPE_POISON,TYPE_POISON,3,3,75,168,2,0,0,0,0,0,ITEM_NONE,ITEM_BIG_PEARL,PERCENT_FEMALE(50),127,20,70,GROWTH_FLUCTUATING,7,EGG_GROUP_AMORPHOUS,EGG_GROUP_AMORPHOUS,11,11,ABILITY_LIQUID_OOZE,ABILITY_STICKY_HOLD,64,60,0,BODY_COLOR_PURPLE,FALSE,pokeemerald/src/data/pokemon/species_info.h
318,carvanha,SPECIES_CARVANHA,3,45,90,20,65,65,20,TYPE_WATER,TYPE_DARK,10,16,225,88,0,1,0,0,0,0,ITEM_NONE,ITEM_NONE,PERCENT_FEMALE(50),127,20,35,GROWTH_SLOW,5,EGG_GROUP_WATER_2,EGG_GROUP_WATER_2,12,12,ABILITY_ROUGH_SKIN,ABILITY_NONE,24,0,0,BODY_COLOR_RED,FALSE,pokeemerald/src/data/pokemon/species_info.h
319,sharpedo,SPECIES_SHARPEDO,3,70,120,40,95,95,40,TYPE_WATER,TYPE_DARK,10,16,60,175,0,2,0,0,0,0,ITEM_NONE,ITEM_NONE,PERCENT_FEMALE(50),127,20,35,GROWTH_SLOW,5,EGG_GROUP_WATER_2,EGG_GROUP_WATER_2,12,12,ABILITY_ROUGH_SKIN,ABILITY_NONE,24,0,0,BODY_COLOR_BLUE,FALSE,pokeemerald/src/data/pokemon/species_info.h
320,wailmer,SPECIES_WAILMER,3,130,70,35,60,70,35,TYPE_WATER,TYPE_WATER,10,10,125,137,1,0,0,0,0,0,ITEM_NONE,ITEM_NONE,PERCENT_FEMALE(50),127,40,70,GROWTH_FLUCTUATING,7,EGG_GROUP_FIELD,EGG_GROUP_WATER_2,5,12,ABILITY_WATER_VEIL,ABILITY_OBLIVIOUS,41,12,0,BODY_COLOR_BLUE,FALSE,pokeemerald/src/data/pokemon/species_info.h
321,wailord,SPECIES_WAILORD,3,170,90,45,60,90,45,TYPE_WATER,TYPE_WATER,10,10,60,206,2,0,0,0,0,0,ITEM_NONE,ITEM_NONE,PERCENT_FEMALE(50),127,40,70,GROWTH_FLUCTUATING,7,EGG_GROUP_FIELD,EGG_GROUP_WATER_2,5,12,ABILITY_WATER_VEIL,ABILITY_OBLIVIOUS,41,12,0,BODY_COLOR_BLUE,FALSE,pokeemerald/src/data/pokemon/species_info.h
322,numel,SPECIES_NUMEL,3,60,60,40,35,65,45,TYPE_FIRE,TYPE_GROUND,9,4,255,88,0,0,0,0,1,0,ITEM_RAWST_BERRY,ITEM_RAWST_BERRY,PERCENT_FEMALE(50),127,20,70,GROWTH_MEDIUM_FAST,0,EGG_GROUP_FIELD,EGG_GROUP_FIELD,5,5,ABILITY_OBLIVIOUS,ABILITY_NONE,12,0,0,BODY_COLOR_YELLOW,FALSE,pokeemerald/src/data/pokemon/species_info.h
323,camerupt,SPECIES_CAMERUPT,3,70,100,70,40,105,75,TYPE_FIRE,TYPE_GROUND,9,4,150,175,0,1,0,0,1,0,ITEM_RAWST_BERRY,ITEM_RAWST_BERRY,PERCENT_FEMALE(50),127,20,70,GROWTH_MEDIUM_FAST,0,EGG_GROUP_FIELD,EGG_GROUP_FIELD,5,5,ABILITY_MAGMA_ARMOR,ABILITY_NONE,40,0,0,BODY_COLOR_RED,FALSE,pokeemerald/src/data/pokemon/species_info.h
324,torkoal,SPECIES_TORKOAL,3,70,85,140,20,85,70,TYPE_FIRE,TYPE_FIRE,9,9,90,161,0,0,2,0,0,0,ITEM_NONE,ITEM_NONE,PERCENT_FEMALE(50),127,20,70,GROWTH_MEDIUM_FAST,0,EGG_GROUP_FIELD,EGG_GROUP_FIELD,5,5,ABILITY_WHITE_SMOKE,ABILITY_NONE,73,0,0,BODY_COLOR_BROWN,FALSE,pokeemerald/src/data/pokemon/species_info.h
325,spoink,SPECIES_SPOINK,3,60,25,35,60,70,80,TYPE_PSYCHIC,TYPE_PSYCHIC,13,13,255,89,0,0,0,0,0,1,ITEM_NONE,ITEM_NONE,PERCENT_FEMALE(50),127,20,70,GROWTH_FAST,4,EGG_GROUP_FIELD,EGG_GROUP_FIELD,5,5,ABILITY_THICK_FAT,ABILITY_OWN_TEMPO,47,20,0,BODY_COLOR_BLACK,FALSE,pokeemerald/src/data/pokemon/species_info.h
326,grumpig,SPECIES_GRUMPIG,3,80,45,65,80,90,110,TYPE_PSYCHIC,TYPE_PSYCHIC,13,13,60,164,0,0,0,0,0,2,ITEM_NONE,ITEM_NONE,PERCENT_FEMALE(50),127,20,70,GROWTH_FAST,4,EGG_GROUP_FIELD,EGG_GROUP_FIELD,5,5,ABILITY_THICK_FAT,ABILITY_OWN_TEMPO,47,20,0,BODY_COLOR_PURPLE,FALSE,pokeemerald/src/data/pokemon/species_info.h
327,spinda,SPECIES_SPINDA,3,60,60,60,60,60,60,TYPE_NORMAL,TYPE_NORMAL,0,0,255,85,0,0,0,0,1,0,ITEM_NONE,ITEM_CHESTO_BERRY,PERCENT_FEMALE(50),127,15,70,GROWTH_FAST,4,EGG_GROUP_FIELD,EGG_GROUP_HUMAN_LIKE,5,8,ABILITY_OWN_TEMPO,ABILITY_NONE,20,0,0,BODY_COLOR_BROWN,TRUE,pokeemerald/src/data/pokemon/species_info.h
328,trapinch,SPECIES_TRAPINCH,3,45,100,45,10,45,45,TYPE_GROUND,TYPE_GROUND,4,4,255,73,0,1,0,0,0,0,ITEM_NONE,ITEM_SOFT_SAND,PERCENT_FEMALE(50),127,20,70,GROWTH_MEDIUM_SLOW,3,EGG_GROUP_BUG,EGG_GROUP_BUG,3,3,ABILITY_HYPER_CUTTER,ABILITY_ARENA_TRAP,52,71,0,BODY_COLOR_BROWN,FALSE,pokeemerald/src/data/pokemon/species_info.h
329,vibrava,SPECIES_VIBRAVA,3,50,70,50,70,50,50,TYPE_GROUND,TYPE_DRAGON,4,15,120,126,0,1,0,1,0,0,ITEM_NONE,ITEM_NONE,PERCENT_FEMALE(50),127,20,70,GROWTH_MEDIUM_SLOW,3,EGG_GROUP_BUG,EGG_GROUP_BUG,3,3,ABILITY_LEVITATE,ABILITY_LEVITATE,26,26,0,BODY_COLOR_GREEN,FALSE,pokeemerald/src/data/pokemon/species_info.h
330,flygon,SPECIES_FLYGON,3,80,100,80,100,80,80,TYPE_GROUND,TYPE_DRAGON,4,15,45,197,0,1,0,2,0,0,ITEM_NONE,ITEM_NONE,PERCENT_FEMALE(50),127,20,70,GROWTH_MEDIUM_SLOW,3,EGG_GROUP_BUG,EGG_GROUP_BUG,3,3,ABILITY_LEVITATE,ABILITY_LEVITATE,26,26,0,BODY_COLOR_GREEN,FALSE,pokeemerald/src/data/pokemon/species_info.h
331,cacnea,SPECIES_CACNEA,3,50,85,40,35,85,40,TYPE_GRASS,TYPE_GRASS,11,11,190,97,0,0,0,0,1,0,ITEM_NONE,ITEM_POISON_BARB,PERCENT_FEMALE(50),127,20,35,GROWTH_MEDIUM_SLOW,3,EGG_GROUP_GRASS,EGG_GROUP_HUMAN_LIKE,7,8,ABILITY_SAND_VEIL,ABILITY_NONE,8,0,0,BODY_COLOR_GREEN,FALSE,pokeemerald/src/data/pokemon/species_info.h
332,cacturne,SPECIES_CACTURNE,3,70,115,60,55,115,60,TYPE_GRASS,TYPE_DARK,11,16,60,177,0,1,0,0,1,0,ITEM_NONE,ITEM_POISON_BARB,PERCENT_FEMALE(50),127,20,35,GROWTH_MEDIUM_SLOW,3,EGG_GROUP_GRASS,EGG_GROUP_HUMAN_LIKE,7,8,ABILITY_SAND_VEIL,ABILITY_NONE,8,0,0,BODY_COLOR_GREEN,FALSE,pokeemerald/src/data/pokemon/species_info.h
333,swablu,SPECIES_SWABLU,3,45,40,60,50,40,75,TYPE_NORMAL,TYPE_FLYING,0,2,255,74,0,0,0,0,0,1,ITEM_NONE,ITEM_NONE,PERCENT_FEMALE(50),127,20,70,GROWTH_ERRATIC,6,EGG_GROUP_FLYING,EGG_GROUP_DRAGON,4,14,ABILITY_NATURAL_CURE,ABILITY_NONE,30,0,0,BODY_COLOR_BLUE,FALSE,pokeemerald/src/data/pokemon/species_info.h
334,altaria,SPECIES_ALTARIA,3,75,70,90,80,70,105,TYPE_DRAGON,TYPE_FLYING,15,2,45,188,0,0,0,0,0,2,ITEM_NONE,ITEM_NONE,PERCENT_FEMALE(50),127,20,70,GROWTH_ERRATIC,6,EGG_GROUP_FLYING,EGG_GROUP_DRAGON,4,14,ABILITY_NATURAL_CURE,ABILITY_NONE,30,0,0,BODY_COLOR_BLUE,FALSE,pokeemerald/src/data/pokemon/species_info.h
335,zangoose,SPECIES_ZANGOOSE,3,73,115,60,90,60,60,TYPE_NORMAL,TYPE_NORMAL,0,0,90,165,0,2,0,0,0,0,ITEM_NONE,ITEM_NONE,PERCENT_FEMALE(50),127,20,70,GROWTH_ERRATIC,6,EGG_GROUP_FIELD,EGG_GROUP_FIELD,5,5,ABILITY_IMMUNITY,ABILITY_NONE,17,0,0,BODY_COLOR_WHITE,TRUE,pokeemerald/src/data/pokemon/species_info.h
336,seviper,SPECIES_SEVIPER,3,73,100,60,65,100,60,TYPE_POISON,TYPE_POISON,3,3,90,165,0,1,0,0,1,0,ITEM_NONE,ITEM_NONE,PERCENT_FEMALE(50),127,20,70,GROWTH_FLUCTUATING,7,EGG_GROUP_FIELD,EGG_GROUP_DRAGON,5,14,ABILITY_SHED_SKIN,ABILITY_NONE,61,0,0,BODY_COLOR_BLACK,TRUE,pokeemerald/src/data/pokemon/species_info.h
337,lunatone,SPECIES_LUNATONE,3,70,55,65,70,95,85,TYPE_ROCK,TYPE_PSYCHIC,5,13,45,150,0,0,0,0,2,0,ITEM_NONE,ITEM_MOON_STONE,MON_GENDERLESS,255,25,70,GROWTH_FAST,4,EGG_GROUP_MINERAL,EGG_GROUP_MINERAL,10,10,ABILITY_LEVITATE,ABILITY_NONE,26,0,0,BODY_COLOR_YELLOW,FALSE,pokeemerald/src/data/pokemon/species_info.h
338,solrock,SPECIES_SOLROCK,3,70,95,85,70,55,65,TYPE_ROCK,TYPE_PSYCHIC,5,13,45,150,0,2,0,0,0,0,ITEM_NONE,ITEM_SUN_STONE,MON_GENDERLESS,255,25,70,GROWTH_FAST,4,EGG_GROUP_MINERAL,EGG_GROUP_MINERAL,10,10,ABILITY_LEVITATE,ABILITY_NONE,26,0,0,BODY_COLOR_RED,FALSE,pokeemerald/src/data/pokemon/species_info.h
339,barboach,SPECIES_BARBOACH,3,50,48,43,60,46,41,TYPE_WATER,TYPE_GROUND,10,4,190,92,1,0,0,0,0,0,ITEM_NONE,ITEM_NONE,PERCENT_FEMALE(50),127,20,70,GROWTH_MEDIUM_FAST,0,EGG_GROUP_WATER_2,EGG_GROUP_WATER_2,12,12,ABILITY_OBLIVIOUS,ABILITY_NONE,12,0,0,BODY_COLOR_GRAY,FALSE,pokeemerald/src/data/pokemon/species_info.h
340,whiscash,SPECIES_WHISCASH,3,110,78,73,60,76,71,TYPE_WATER,TYPE_GROUND,10,4,75,158,2,0,0,0,0,0,ITEM_NONE,ITEM_NONE,PERCENT_FEMALE(50),127,20,70,GROWTH_MEDIUM_FAST,0,EGG_GROUP_WATER_2,EGG_GROUP_WATER_2,12,12,ABILITY_OBLIVIOUS,ABILITY_NONE,12,0,0,BODY_COLOR_BLUE,FALSE,pokeemerald/src/data/pokemon/species_info.h
341,corphish,SPECIES_CORPHISH,3,43,80,65,35,50,35,TYPE_WATER,TYPE_WATER,10,10,205,111,0,1,0,0,0,0,ITEM_NONE,ITEM_NONE,PERCENT_FEMALE(50),127,15,70,GROWTH_FLUCTUATING,7,EGG_GROUP_WATER_1,EGG_GROUP_WATER_3,2,9,ABILITY_HYPER_CUTTER,ABILITY_SHELL_ARMOR,52,75,0,BODY_COLOR_RED,FALSE,pokeemerald/src/data/pokemon/species_info.h
342,crawdaunt,SPECIES_CRAWDAUNT,3,63,120,85,55,90,55,TYPE_WATER,TYPE_DARK,10,16,155,161,0,2,0,0,0,0,ITEM_NONE,ITEM_NONE,PERCENT_FEMALE(50),127,15,70,GROWTH_FLUCTUATING,7,EGG_GROUP_WATER_1,EGG_GROUP_WATER_3,2,9,ABILITY_HYPER_CUTTER,ABILITY_SHELL_ARMOR,52,75,0,BODY_COLOR_RED,FALSE,pokeemerald/src/data/pokemon/species_info.h
343,baltoy,SPECIES_BALTOY,3,40,40,55,55,40,70,TYPE_GROUND,TYPE_PSYCHIC,4,13,255,58,0,0,0,0,0,1,ITEM_NONE,ITEM_NONE,MON_GENDERLESS,255,20,70,GROWTH_MEDIUM_FAST,0,EGG_GROUP_MINERAL,EGG_GROUP_MINERAL,10,10,ABILITY_LEVITATE,ABILITY_NONE,26,0,0,BODY_COLOR_BROWN,FALSE,pokeemerald/src/data/pokemon/species_info.h
344,claydol,SPECIES_CLAYDOL,3,60,70,105,75,70,120,TYPE_GROUND,TYPE_PSYCHIC,4,13,90,189,0,0,0,0,0,2,ITEM_NONE,ITEM_NONE,MON_GENDERLESS,255,20,70,GROWTH_MEDIUM_FAST,0,EGG_GROUP_MINERAL,EGG_GROUP_MINERAL,10,10,ABILITY_LEVITATE,ABILITY_NONE,26,0,0,BODY_COLOR_BLACK,FALSE,pokeemerald/src/data/pokemon/species_info.h
345,lileep,SPECIES_LILEEP,3,66,41,77,23,61,87,TYPE_ROCK,TYPE_GRASS,5,11,45,121,0,0,0,0,0,1,ITEM_NONE,ITEM_NONE,PERCENT_FEMALE(12.5),31,30,70,GROWTH_ERRATIC,6,EGG_GROUP_WATER_3,EGG_GROUP_WATER_3,9,9,ABILITY_SUCTION_CUPS,ABILITY_NONE,21,0,0,BODY_COLOR_PURPLE,FALSE,pokeemerald/src/data/pokemon/species_info.h
346,cradily,SPECIES_CRADILY,3,86,81,97,43,81,107,TYPE_ROCK,TYPE_GRASS,5,11,45,201,0,0,0,0,0,2,ITEM_NONE,ITEM_NONE,PERCENT_FEMALE(12.5),31,30,70,GROWTH_ERRATIC,6,EGG_GROUP_WATER_3,EGG_GROUP_WATER_3,9,9,ABILITY_SUCTION_CUPS,ABILITY_NONE,21,0,0,BODY_COLOR_GREEN,FALSE,pokeemerald/src/data/pokemon/species_info.h
347,anorith,SPECIES_ANORITH,3,45,95,50,75,40,50,TYPE_ROCK,TYPE_BUG,5,6,45,119,0,1,0,0,0,0,ITEM_NONE,ITEM_NONE,PERCENT_FEMALE(12.5),31,30,70,GROWTH_ERRATIC,6,EGG_GROUP_WATER_3,EGG_GROUP_WATER_3,9,9,ABILITY_BATTLE_ARMOR,ABILITY_NONE,4,0,0,BODY_COLOR_GRAY,FALSE,pokeemerald/src/data/pokemon/species_info.h
348,armaldo,SPECIES_ARMALDO,3,75,125,100,45,70,80,TYPE_ROCK,TYPE_BUG,5,6,45,200,0,2,0,0,0,0,ITEM_NONE,ITEM_NONE,PERCENT_FEMALE(12.5),31,30,70,GROWTH_ERRATIC,6,EGG_GROUP_WATER_3,EGG_GROUP_WATER_3,9,9,ABILITY_BATTLE_ARMOR,ABILITY_NONE,4,0,0,BODY_COLOR_GRAY,FALSE,pokeemerald/src/data/pokemon/species_info.h
349,feebas,SPECIES_FEEBAS,3,20,15,20,80,10,55,TYPE_WATER,TYPE_WATER,10,10,255,61,0,0,0,1,0,0,ITEM_NONE,ITEM_NONE,PERCENT_FEMALE(50),127,20,70,GROWTH_ERRATIC,6,EGG_GROUP_WATER_1,EGG_GROUP_DRAGON,2,14,ABILITY_SWIFT_SWIM,ABILITY_NONE,33,0,0,BODY_COLOR_BROWN,FALSE,pokeemerald/src/data/pokemon/species_info.h
350,milotic,SPECIES_MILOTIC,3,95,60,79,81,100,125,TYPE_WATER,TYPE_WATER,10,10,60,213,0,0,0,0,0,2,ITEM_NONE,ITEM_NONE,PERCENT_FEMALE(50),127,20,70,GROWTH_ERRATIC,6,EGG_GROUP_WATER_1,EGG_GROUP_DRAGON,2,14,ABILITY_MARVEL_SCALE,ABILITY_NONE,63,0,0,BODY_COLOR_PINK,FALSE,pokeemerald/src/data/pokemon/species_info.h
351,castform,SPECIES_CASTFORM,3,70,70,70,70,70,70,TYPE_NORMAL,TYPE_NORMAL,0,0,45,145,1,0,0,0,0,0,ITEM_MYSTIC_WATER,ITEM_MYSTIC_WATER,PERCENT_FEMALE(50),127,25,70,GROWTH_MEDIUM_FAST,0,EGG_GROUP_FAIRY,EGG_GROUP_AMORPHOUS,6,11,ABILITY_FORECAST,ABILITY_NONE,59,0,0,BODY_COLOR_WHITE,FALSE,pokeemerald/src/data/pokemon/species_info.h
352,kecleon,SPECIES_KECLEON,3,60,90,70,40,60,120,TYPE_NORMAL,TYPE_NORMAL,0,0,200,132,0,0,0,0,0,1,ITEM_NONE,ITEM_PERSIM_BERRY,PERCENT_FEMALE(50),127,20,70,GROWTH_MEDIUM_SLOW,3,EGG_GROUP_FIELD,EGG_GROUP_FIELD,5,5,ABILITY_COLOR_CHANGE,ABILITY_NONE,16,0,0,BODY_COLOR_GREEN,FALSE,pokeemerald/src/data/pokemon/species_info.h
353,shuppet,SPECIES_SHUPPET,3,44,75,35,45,63,33,TYPE_GHOST,TYPE_GHOST,7,7,225,97,0,1,0,0,0,0,ITEM_NONE,ITEM_SPELL_TAG,PERCENT_FEMALE(50),127,25,35,GROWTH_FAST,4,EGG_GROUP_AMORPHOUS,EGG_GROUP_AMORPHOUS,11,11,ABILITY_INSOMNIA,ABILITY_NONE,15,0,0,BODY_COLOR_BLACK,FALSE,pokeemerald/src/data/pokemon/species_info.h
354,banette,SPECIES_BANETTE,3,64,115,65,65,83,63,TYPE_GHOST,TYPE_GHOST,7,7,45,179,0,2,0,0,0,0,ITEM_NONE,ITEM_SPELL_TAG,PERCENT_FEMALE(50),127,25,35,GROWTH_FAST,4,EGG_GROUP_AMORPHOUS,EGG_GROUP_AMORPHOUS,11,11,ABILITY_INSOMNIA,ABILITY_NONE,15,0,0,BODY_COLOR_BLACK,FALSE,pokeemerald/src/data/pokemon/species_info.h
355,duskull,SPECIES_DUSKULL,3,20,40,90,25,30,90,TYPE_GHOST,TYPE_GHOST,7,7,190,97,0,0,1,0,0,1,ITEM_NONE,ITEM_SPELL_TAG,PERCENT_FEMALE(50),127,25,35,GROWTH_FAST,4,EGG_GROUP_AMORPHOUS,EGG_GROUP_AMORPHOUS,11,11,ABILITY_LEVITATE,ABILITY_NONE,26,0,0,BODY_COLOR_BLACK,FALSE,pokeemerald/src/data/pokemon/species_info.h
356,dusclops,SPECIES_DUSCLOPS,3,40,70,130,25,60,130,TYPE_GHOST,TYPE_GHOST,7,7,90,179,0,0,1,0,0,2,ITEM_NONE,ITEM_SPELL_TAG,PERCENT_FEMALE(50),127,25,35,GROWTH_FAST,4,EGG_GROUP_AMORPHOUS,EGG_GROUP_AMORPHOUS,11,11,ABILITY_PRESSURE,ABILITY_NONE,46,0,0,BODY_COLOR_BLACK,FALSE,pokeemerald/src/data/pokemon/species_info.h
357,tropius,SPECIES_TROPIUS,3,99,68,83,51,72,87,TYPE_GRASS,TYPE_FLYING,11,2,200,169,2,0,0,0,0,0,ITEM_NONE,ITEM_NONE,PERCENT_FEMALE(50),127,25,70,GROWTH_SLOW,5,EGG_GROUP_MONSTER,EGG_GROUP_GRASS,1,7,ABILITY_CHLOROPHYLL,ABILITY_NONE,34,0,0,BODY_COLOR_GREEN,FALSE,pokeemerald/src/data/pokemon/species_info.h
358,chimecho,SPECIES_CHIMECHO,3,65,50,70,65,95,80,TYPE_PSYCHIC,TYPE_PSYCHIC,13,13,45,147,0,0,0,0,1,1,ITEM_NONE,ITEM_NONE,PERCENT_FEMALE(50),127,25,70,GROWTH_FAST,4,EGG_GROUP_AMORPHOUS,EGG_GROUP_AMORPHOUS,11,11,ABILITY_LEVITATE,ABILITY_NONE,26,0,0,BODY_COLOR_BLUE,FALSE,pokeemerald/src/data/pokemon/species_info.h
359,absol,SPECIES_ABSOL,3,65,130,60,75,75,60,TYPE_DARK,TYPE_DARK,16,16,30,174,0,2,0,0,0,0,ITEM_NONE,ITEM_NONE,PERCENT_FEMALE(50),127,25,35,GROWTH_MEDIUM_SLOW,3,EGG_GROUP_FIELD,EGG_GROUP_FIELD,5,5,ABILITY_PRESSURE,ABILITY_NONE,46,0,0,BODY_COLOR_WHITE,TRUE,pokeemerald/src/data/pokemon/species_info.h
360,wynaut,SPECIES_WYNAUT,3,95,23,48,23,23,48,TYPE_PSYCHIC,TYPE_PSYCHIC,13,13,125,44,1,0,0,0,0,0,ITEM_NONE,ITEM_NONE,PERCENT_FEMALE(50),127,20,70,GROWTH_MEDIUM_FAST,0,EGG_GROUP_NO_EGGS_DISCOVERED,EGG_GROUP_NO_EGGS_DISCOVERED,15,15,ABILITY_SHADOW_TAG,ABILITY_NONE,23,0,0,BODY_COLOR_BLUE,FALSE,pokeemerald/src/data/pokemon/species_info.h
361,snorunt,SPECIES_SNORUNT,3,50,50,50,50,50,50,TYPE_ICE,TYPE_ICE,14,14,190,74,1,0,0,0,0,0,ITEM_NONE,ITEM_NONE,PERCENT_FEMALE(50),127,20,70,GROWTH_MEDIUM_FAST,0,EGG_GROUP_FAIRY,EGG_GROUP_MINERAL,6,10,ABILITY_INNER_FOCUS,ABILITY_NONE,39,0,0,BODY_COLOR_GRAY,FALSE,pokeemerald/src/data/pokemon/species_info.h
362,glalie,SPECIES_GLALIE,3,80,80,80,80,80,80,TYPE_ICE,TYPE_ICE,14,14,75,187,2,0,0,0,0,0,ITEM_NONE,ITEM_NEVER_MELT_ICE,PERCENT_FEMALE(50),127,20,70,GROWTH_MEDIUM_FAST,0,EGG_GROUP_FAIRY,EGG_GROUP_MINERAL,6,10,ABILITY_INNER_FOCUS,ABILITY_NONE,39,0,0,BODY_COLOR_GRAY,FALSE,pokeemerald/src/data/pokemon/species_info.h
363,spheal,SPECIES_SPHEAL,3,70,40,50,25,55,50,TYPE_ICE,TYPE_WATER,14,10,255,75,1,0,0,0,0,0,ITEM_NONE,ITEM_NONE,PERCENT_FEMALE(50),127,20,70,GROWTH_MEDIUM_SLOW,3,EGG_GROUP_WATER_1,EGG_GROUP_FIELD,2,5,ABILITY_THICK_FAT,ABILITY_NONE,47,0,0,BODY_COLOR_BLUE,FALSE,pokeemerald/src/data/pokemon/species_info.h
364,sealeo,SPECIES_SEALEO,3,90,60,70,45,75,70,TYPE_ICE,TYPE_WATER,14,10,120,128,2,0,0,0,0,0,ITEM_NONE,ITEM_NONE,PERCENT_FEMALE(50),127,20,70,GROWTH_MEDIUM_SLOW,3,EGG_GROUP_WATER_1,EGG_GROUP_FIELD,2,5,ABILITY_THICK_FAT,ABILITY_NONE,47,0,0,BODY_COLOR_BLUE,FALSE,pokeemerald/src/data/pokemon/species_info.h
365,walrein,SPECIES_WALREIN,3,110,80,90,65,95,90,TYPE_ICE,TYPE_WATER,14,10,45,192,3,0,0,0,0,0,ITEM_NONE,ITEM_NONE,PERCENT_FEMALE(50),127,20,70,GROWTH_MEDIUM_SLOW,3,EGG_GROUP_WATER_1,EGG_GROUP_FIELD,2,5,ABILITY_THICK_FAT,ABILITY_NONE,47,0,0,BODY_COLOR_BLUE,FALSE,pokeemerald/src/data/pokemon/species_info.h
366,clamperl,SPECIES_CLAMPERL,3,35,64,85,32,74,55,TYPE_WATER,TYPE_WATER,10,10,255,142,0,0,1,0,0,0,ITEM_NONE,ITEM_BLUE_SHARD,PERCENT_FEMALE(50),127,20,70,GROWTH_ERRATIC,6,EGG_GROUP_WATER_1,EGG_GROUP_WATER_1,2,2,ABILITY_SHELL_ARMOR,ABILITY_NONE,75,0,0,BODY_COLOR_BLUE,FALSE,pokeemerald/src/data/pokemon/species_info.h
367,huntail,SPECIES_HUNTAIL,3,55,104,105,52,94,75,TYPE_WATER,TYPE_WATER,10,10,60,178,0,1,1,0,0,0,ITEM_NONE,ITEM_NONE,PERCENT_FEMALE(50),127,20,70,GROWTH_ERRATIC,6,EGG_GROUP_WATER_1,EGG_GROUP_WATER_1,2,2,ABILITY_SWIFT_SWIM,ABILITY_NONE,33,0,0,BODY_COLOR_BLUE,FALSE,pokeemerald/src/data/pokemon/species_info.h
368,gorebyss,SPECIES_GOREBYSS,3,55,84,105,52,114,75,TYPE_WATER,TYPE_WATER,10,10,60,178,0,0,0,0,2,0,ITEM_NONE,ITEM_NONE,PERCENT_FEMALE(50),127,20,70,GROWTH_ERRATIC,6,EGG_GROUP_WATER_1,EGG_GROUP_WATER_1,2,2,ABILITY_SWIFT_SWIM,ABILITY_NONE,33,0,0,BODY_COLOR_PINK,FALSE,pokeemerald/src/data/pokemon/species_info.h
369,relicanth,SPECIES_RELICANTH,3,100,90,130,55,45,65,TYPE_WATER,TYPE_ROCK,10,5,25,198,1,0,1,0,0,0,ITEM_NONE,ITEM_GREEN_SHARD,PERCENT_FEMALE(12.5),31,40,70,GROWTH_SLOW,5,EGG_GROUP_WATER_1,EGG_GROUP_WATER_2,2,12,ABILITY_SWIFT_SWIM,ABILITY_ROCK_HEAD,33,69,0,BODY_COLOR_GRAY,FALSE,pokeemerald/src/data/pokemon/species_info.h
370,luvdisc,SPECIES_LUVDISC,3,43,30,55,97,40,65,TYPE_WATER,TYPE_WATER,10,10,225,110,0,0,0,1,0,0,ITEM_HEART_SCALE,ITEM_NONE,PERCENT_FEMALE(75),191,20,70,GROWTH_FAST,4,EGG_GROUP_WATER_2,EGG_GROUP_WATER_2,12,12,ABILITY_SWIFT_SWIM,ABILITY_NONE,33,0,0,BODY_COLOR_PINK,FALSE,pokeemerald/src/data/pokemon/species_info.h
371,bagon,SPECIES_BAGON,3,45,75,60,50,40,30,TYPE_DRAGON,TYPE_DRAGON,15,15,45,89,0,1,0,0,0,0,ITEM_NONE,ITEM_DRAGON_SCALE,PERCENT_FEMALE(50),127,40,35,GROWTH_SLOW,5,EGG_GROUP_DRAGON,EGG_GROUP_DRAGON,14,14,ABILITY_ROCK_HEAD,ABILITY_NONE,69,0,0,BODY_COLOR_BLUE,FALSE,pokeemerald/src/data/pokemon/species_info.h
372,shelgon,SPECIES_SHELGON,3,65,95,100,50,60,50,TYPE_DRAGON,TYPE_DRAGON,15,15,45,144,0,0,2,0,0,0,ITEM_NONE,ITEM_DRAGON_SCALE,PERCENT_FEMALE(50),127,40,35,GROWTH_SLOW,5,EGG_GROUP_DRAGON,EGG_GROUP_DRAGON,14,14,ABILITY_ROCK_HEAD,ABILITY_NONE,69,0,0,BODY_COLOR_WHITE,FALSE,pokeemerald/src/data/pokemon/species_info.h
373,salamence,SPECIES_SALAMENCE,3,95,135,80,100,110,80,TYPE_DRAGON,TYPE_FLYING,15,2,45,218,0,3,0,0,0,0,ITEM_NONE,ITEM_DRAGON_SCALE,PERCENT_FEMALE(50),127,40,35,GROWTH_SLOW,5,EGG_GROUP_DRAGON,EGG_GROUP_DRAGON,14,14,ABILITY_INTIMIDATE,ABILITY_NONE,22,0,0,BODY_COLOR_BLUE,FALSE,pokeemerald/src/data/pokemon/species_info.h
374,beldum,SPECIES_BELDUM,3,40,55,80,30,35,60,TYPE_STEEL,TYPE_PSYCHIC,8,13,3,103,0,0,1,0,0,0,ITEM_NONE,ITEM_METAL_COAT,MON_GENDERLESS,255,40,35,GROWTH_SLOW,5,EGG_GROUP_MINERAL,EGG_GROUP_MINERAL,10,10,ABILITY_CLEAR_BODY,ABILITY_NONE,29,0,0,BODY_COLOR_BLUE,FALSE,pokeemerald/src/data/pokemon/species_info.h
375,metang,SPECIES_METANG,3,60,75,100,50,55,80,TYPE_STEEL,TYPE_PSYCHIC,8,13,3,153,0,0,2,0,0,0,ITEM_NONE,ITEM_METAL_COAT,MON_GENDERLESS,255,40,35,GROWTH_SLOW,5,EGG_GROUP_MINERAL,EGG_GROUP_MINERAL,10,10,ABILITY_CLEAR_BODY,ABILITY_NONE,29,0,0,BODY_COLOR_BLUE,FALSE,pokeemerald/src/data/pokemon/species_info.h
376,metagross,SPECIES_METAGROSS,3,80,135,130,70,95,90,TYPE_STEEL,TYPE_PSYCHIC,8,13,3,210,0,0,3,0,0,0,ITEM_NONE,ITEM_METAL_COAT,MON_GENDERLESS,255,40,35,GROWTH_SLOW,5,EGG_GROUP_MINERAL,EGG_GROUP_MINERAL,10,10,ABILITY_CLEAR_BODY,ABILITY_NONE,29,0,0,BODY_COLOR_BLUE,FALSE,pokeemerald/src/data/pokemon/species_info.h
377,regirock,SPECIES_REGIROCK,3,80,100,200,50,50,100,TYPE_ROCK,TYPE_ROCK,5,5,3,217,0,0,3,0,0,0,ITEM_NONE,ITEM_NONE,MON_GENDERLESS,255,80,35,GROWTH_SLOW,5,EGG_GROUP_NO_EGGS_DISCOVERED,EGG_GROUP_NO_EGGS_DISCOVERED,15,15,ABILITY_CLEAR_BODY,ABILITY_NONE,29,0,0,BODY_COLOR_BROWN,FALSE,pokeemerald/src/data/pokemon/species_info.h
378,regice,SPECIES_REGICE,3,80,50,100,50,100,200,TYPE_ICE,TYPE_ICE,14,14,3,216,0,0,0,0,0,3,ITEM_NONE,ITEM_NONE,MON_GENDERLESS,255,80,35,GROWTH_SLOW,5,EGG_GROUP_NO_EGGS_DISCOVERED,EGG_GROUP_NO_EGGS_DISCOVERED,15,15,ABILITY_CLEAR_BODY,ABILITY_NONE,29,0,0,BODY_COLOR_BLUE,FALSE,pokeemerald/src/data/pokemon/species_info.h
379,registeel,SPECIES_REGISTEEL,3,80,75,150,50,75,150,TYPE_STEEL,TYPE_STEEL,8,8,3,215,0,0,2,0,0,1,ITEM_NONE,ITEM_NONE,MON_GENDERLESS,255,80,35,GROWTH_SLOW,5,EGG_GROUP_NO_EGGS_DISCOVERED,EGG_GROUP_NO_EGGS_DISCOVERED,15,15,ABILITY_CLEAR_BODY,ABILITY_NONE,29,0,0,BODY_COLOR_GRAY,FALSE,pokeemerald/src/data/pokemon/species_info.h
380,latias,SPECIES_LATIAS,3,80,80,90,110,110,130,TYPE_DRAGON,TYPE_PSYCHIC,15,13,3,211,0,0,0,0,0,3,ITEM_NONE,ITEM_NONE,MON_FEMALE,254,120,90,GROWTH_SLOW,5,EGG_GROUP_NO_EGGS_DISCOVERED,EGG_GROUP_NO_EGGS_DISCOVERED,15,15,ABILITY_LEVITATE,ABILITY_NONE,26,0,0,BODY_COLOR_RED,FALSE,pokeemerald/src/data/pokemon/species_info.h
381,latios,SPECIES_LATIOS,3,80,90,80,110,130,110,TYPE_DRAGON,TYPE_PSYCHIC,15,13,3,211,0,0,0,0,3,0,ITEM_NONE,ITEM_NONE,MON_MALE,0,120,90,GROWTH_SLOW,5,EGG_GROUP_NO_EGGS_DISCOVERED,EGG_GROUP_NO_EGGS_DISCOVERED,15,15,ABILITY_LEVITATE,ABILITY_NONE,26,0,0,BODY_COLOR_BLUE,FALSE,pokeemerald/src/data/pokemon/species_info.h
382,kyogre,SPECIES_KYOGRE,3,100,100,90,90,150,140,TYPE_WATER,TYPE_WATER,10,10,5,218,0,0,0,0,3,0,ITEM_NONE,ITEM_NONE,MON_GENDERLESS,255,120,0,GROWTH_SLOW,5,EGG_GROUP_NO_EGGS_DISCOVERED,EGG_GROUP_NO_EGGS_DISCOVERED,15,15,ABILITY_DRIZZLE,ABILITY_NONE,2,0,0,BODY_COLOR_BLUE,FALSE,pokeemerald/src/data/pokemon/species_info.h
383,groudon,SPECIES_GROUDON,3,100,150,140,90,100,90,TYPE_GROUND,TYPE_GROUND,4,4,5,218,0,3,0,0,0,0,ITEM_NONE,ITEM_NONE,MON_GENDERLESS,255,120,0,GROWTH_SLOW,5,EGG_GROUP_NO_EGGS_DISCOVERED,EGG_GROUP_NO_EGGS_DISCOVERED,15,15,ABILITY_DROUGHT,ABILITY_NONE,70,0,0,BODY_COLOR_RED,FALSE,pokeemerald/src/data/pokemon/species_info.h
384,rayquaza,SPECIES_RAYQUAZA,3,105,150,90,95,150,90,TYPE_DRAGON,TYPE_FLYING,15,2,3,220,0,2,0,0,1,0,ITEM_NONE,ITEM_NONE,MON_GENDERLESS,255,120,0,GROWTH_SLOW,5,EGG_GROUP_NO_EGGS_DISCOVERED,EGG_GROUP_NO_EGGS_DISCOVERED,15,15,ABILITY_AIR_LOCK,ABILITY_NONE,77,0,0,BODY_COLOR_GREEN,FALSE,pokeemerald/src/data/pokemon/species_info.h
385,jirachi,SPECIES_JIRACHI,3,100,100,100,100,100,100,TYPE_STEEL,TYPE_PSYCHIC,8,13,3,215,3,0,0,0,0,0,ITEM_STAR_PIECE,ITEM_STAR_PIECE,MON_GENDERLESS,255,120,100,GROWTH_SLOW,5,EGG_GROUP_NO_EGGS_DISCOVERED,EGG_GROUP_NO_EGGS_DISCOVERED,15,15,ABILITY_SERENE_GRACE,ABILITY_NONE,32,0,0,BODY_COLOR_YELLOW,FALSE,pokeemerald/src/data/pokemon/species_info.h
386,deoxys,SPECIES_DEOXYS,3,50,150,50,150,150,50,TYPE_PSYCHIC,TYPE_PSYCHIC,13,13,3,215,0,1,0,1,1,0,ITEM_NONE,ITEM_NONE,MON_GENDERLESS,255,120,0,GROWTH_SLOW,5,EGG_GROUP_NO_EGGS_DISCOVERED,EGG_GROUP_NO_EGGS_DISCOVERED,15,15,ABILITY_PRESSURE,ABILITY_NONE,46,0,0,BODY_COLOR_RED,TRUE,pokeemerald/src/data/pokemon/species_info.h
